Symbol,minute,events,volume
603993,889,532,443700
600036,865,369,133400
688981,657,303,111545
600809,843,38,4900
688008,597,1134,430765
601857,570,2210,3848106
688256,596,118,20555
601012,597,396,459661
603993,598,616,554400
600809,599,143,19700
600519,599,113,13700
688008,798,151,28053
601127,798,72,34000
601688,798,274,295300
600111,799,57,25000
600809,799,28,4200
600089,799,563,471588
601919,799,308,185400
601398,799,370,288100
600276,800,413,197280
603259,800,267,51400
600809,801,54,7200
603259,801,240,53300
600031,802,108,66700
688981,803,118,29279
603501,803,89,26100
601328,803,62,31700
688111,803,103,35965
688041,571,1231,377149
601088,571,726,218800
601601,571,659,392100
600930,603,72,127300
600309,604,253,87000
688981,605,403,150179
601012,606,273,259200
601166,572,321,514400
600089,572,366,425800
600031,781,84,47500
600406,781,45,16800
601857,782,634,1246400
600036,782,986,487200
600050,782,284,648100
600809,783,58,15400
601628,784,89,15500
600111,784,59,19800
600760,784,28,4891
601398,785,313,191500
601988,785,274,400100
600111,786,61,19900
601328,787,24,54700
600089,573,304,197270
601728,573,226,406200
601888,573,202,67100
601688,574,380,560900
601127,574,486,236400
600519,610,504,54490
601919,611,304,100700
600809,611,286,75200
600089,611,109,121200
601211,611,222,94700
600036,612,284,60600
600887,613,337,211700
601318,815,309,94000
688012,816,92,22492
600050,816,52,112200
600028,817,210,231500
600031,818,62,46900
688041,818,634,193000
601888,819,93,24000
688981,819,469,216771
601658,821,63,101000
601088,821,219,47000
601919,821,445,284700
688008,575,2547,934800
600089,575,394,242900
600036,614,391,134300
603019,614,334,107800
603993,615,601,1180000
600930,615,60,84800
600930,616,65,148200
603019,843,95,17800
601288,844,155,310500
601728,844,62,75700
600111,846,119,38100
601988,846,514,1132200
601318,847,360,79000
600036,847,178,87200
601988,576,1727,2766100
603993,576,941,929412
600111,576,517,234200
600887,576,484,195300
601601,576,1173,613200
600406,620,309,242600
601688,620,308,248564
600028,622,446,449800
601318,622,230,112200
600276,623,954,407626
600036,623,610,158100
601899,883,890,388600
601328,883,251,215600
600036,883,322,112300
603259,883,764,182040
603259,884,575,105000
600519,884,110,11130
600930,884,176,233700
600760,884,138,44500
603259,885,602,118400
688981,885,345,98776
603501,885,170,47800
600809,886,74,11700
688981,886,290,75891
600309,578,888,302000
603993,578,728,679100
688256,578,327,64841
601899,677,621,320400
688008,677,217,55907
600406,678,124,84100
600887,678,155,68200
688012,679,127,32551
600030,680,228,104600
600809,680,35,4700
601166,680,215,149200
601988,680,77,96300
601600,681,814,1144500
601688,681,38,28500
600930,681,63,243900
600930,888,231,470800
600030,888,377,247400
601288,888,202,675800
600031,889,517,382400
600150,889,1058,470509
601328,889,609,643700
603019,580,436,163300
601398,580,1384,1900700
601919,637,413,290500
600276,637,280,83700
601688,638,51,35100
600519,638,80,8200
601728,638,278,242300
600031,640,74,47800
601857,640,185,176600
600036,641,171,55700
688008,642,291,71738
600036,642,226,68800
601166,862,48,65600
688041,863,177,38747
601628,865,317,108500
688111,867,45,8591
601328,648,163,177600
688008,581,1363,381246
600036,581,649,204561
600276,581,770,441940
600809,581,241,46640
688008,582,1101,299042
601600,582,589,1225300
601919,646,157,54900
601398,647,79,102100
600028,647,46,87300
600036,648,308,123100
601012,648,222,158000
603019,649,129,37200
603993,650,577,438700
600031,650,499,440600
601328,650,733,466200
601888,651,109,75200
600900,652,262,104700
603986,583,1510,279000
600900,583,523,252000
603019,584,300,97300
600930,584,237,322000
601857,868,393,418400
600900,868,219,137100
600030,870,400,222400
601328,871,806,655800
600309,585,1056,355800
603259,586,663,178500
688256,653,89,17663
600089,653,183,84100
601318,653,194,56200
601088,653,183,59400
601328,654,37,45900
600030,656,96,38200
601988,657,234,1605300
601211,657,166,164000
600183,587,3850,975300
601888,587,331,127800
603993,832,145,154900
601127,832,149,19000
600406,833,123,60200
601919,834,347,166500
600309,835,349,96700
600887,836,222,69800
600309,836,694,191700
601318,836,301,187100
600276,836,96,32100
600030,836,233,99400
600519,836,69,7000
601166,836,118,70400
601288,837,133,382700
601988,838,380,317100
603259,658,532,113000
601127,658,85,18200
601127,659,74,14500
601888,660,218,90400
601857,662,161,105800
688012,590,266,53439
600309,590,467,150500
603501,590,205,62600
601899,591,1337,645600
688981,591,491,281012
601919,669,66,42000
688256,669,113,23387
601600,670,265,316000
601658,670,363,632500
600309,670,166,35600
688111,670,32,4586
601628,671,337,121600
600028,890,425,296800
601658,891,477,552200
600406,891,332,440500
601328,891,256,239400
603993,892,433,269100
603986,592,1524,375000
600030,592,308,230800
600111,592,443,198900
601919,592,276,218700
600183,594,1432,361792
600276,682,96,53000
601398,682,115,139800
688111,682,11,1817
600089,682,49,25000
601688,683,23,13600
601857,684,168,146900
600809,684,44,9500
603986,684,140,25600
601088,685,139,33700
601988,685,97,189400
688012,685,98,23244
600760,688,85,30780
601127,688,57,9100
688111,688,24,10274
600028,689,216,226800
601988,689,717,658910
601600,595,288,496700
601919,595,653,209000
600028,805,1015,1881900
601688,805,309,260200
601328,806,324,326100
603259,808,174,44300
600900,808,181,112800
600183,808,347,76300
601919,809,167,62200
601012,810,277,298200
601988,600,232,515000
601688,600,394,341300
600760,792,19,4300
601398,792,518,806100
601899,794,495,303200
601688,794,140,120200
601628,794,90,21800
688981,794,106,29448
601658,794,31,36300
688256,796,53,9473
601211,796,101,123900
600519,875,96,10000
600809,875,111,14900
601919,876,420,298000
600309,876,410,92700
600111,876,153,44200
601127,876,133,23400
688981,877,202,54251
601166,878,288,272600
601899,878,673,381900
603259,878,266,45020
601398,879,431,537500
600900,879,146,131100
601899,879,1032,635100
600028,879,1230,1180800
688008,607,562,143882
688256,608,147,34349
600150,811,478,308700
603259,812,253,48900
601166,813,58,33100
600519,814,82,8500
601688,609,276,143393
600031,827,202,120700
688008,827,256,56896
600183,827,473,99000
601328,827,88,106300
601988,828,68,152000
600150,829,512,235868
601088,830,177,53100
601688,830,292,121600
601728,830,141,115400
600519,619,68,7700
600036,619,229,69500
600760,619,43,15100
600050,842,645,2406100
601899,626,504,394400
600089,627,108,80600
601398,628,1108,1057600
601601,628,102,21688
603501,822,98,23900
603259,822,216,33700
688256,822,44,6551
600519,823,47,5300
603993,823,168,160600
600036,823,249,117000
601088,823,151,57900
601012,823,123,142500
688012,823,125,29525
600760,823,32,6800
601166,825,182,134700
688981,825,117,35954
688256,629,74,13804
601668,629,58,115900
600760,630,57,29483
601600,630,165,125900
600406,631,274,211400
688981,631,175,59296
688111,632,50,9455
601919,852,454,592055
600150,852,842,426900
688981,852,115,29420
603993,852,350,509000
601600,853,560,476000
600031,853,483,366600
601328,854,183,151400
601318,856,381,97600
601988,856,215,721600
601668,634,44,98000
600111,634,113,41200
601857,635,218,116900
601658,635,40,88200
600183,636,425,67200
601658,636,664,904300
601899,849,895,487900
600760,849,53,18600
688041,850,248,43986
601328,850,85,122600
601899,643,291,152900
601857,644,130,98800
601318,858,246,74200
601688,858,136,66400
603259,859,225,52500
600050,859,57,126800
601398,859,271,468500
600809,859,66,11700
601658,860,227,164500
601688,860,182,49800
601318,861,389,88400
601688,861,205,93800
601668,861,113,229500
601288,664,616,868700
600930,664,79,139700
600089,664,74,33950
601919,665,243,140130
600519,665,88,9400
600183,665,202,42900
603993,666,325,303500
600050,666,20,52600
600519,667,64,7200
600930,667,70,95300
600050,880,240,916900
601600,880,746,1044000
600036,880,386,358800
600309,880,322,97302
601600,780,1365,3134250
600031,788,254,365200
600028,788,133,220600
600887,789,180,82800
601919,789,581,376900
601398,790,449,405700
600030,791,727,727900
601318,791,228,75100
601899,791,375,288100
688256,872,77,11821
600519,874,79,8400
600406,893,345,233000
601688,893,308,171200
600406,894,295,192500
688008,896,599,157004
600519,787,57,6700
600809,890,123,27327
601328,599,326,187700
601127,599,470,140700
600028,799,181,175800
601328,799,64,79700
688111,799,22,5141
600276,801,268,113700
601088,801,179,44600
601012,801,54,76000
601398,804,154,108900
600900,571,963,951400
600036,603,502,228613
601919,603,287,155000
601857,603,654,513900
600050,605,50,82500
603993,605,1065,960100
688012,605,180,60773
601600,606,273,334300
601628,606,252,104700
601398,606,893,2353100
600887,781,269,144500
600030,572,595,681839
601688,572,360,300200
601988,572,635,1073650
601088,601,315,84400
601127,602,468,110500
600887,602,519,207200
600111,602,554,196700
603501,602,298,82000
600150,782,1521,826600
601211,782,333,166900
601166,783,153,75300
601328,785,127,143300
601318,785,133,43600
688012,786,245,48026
600519,786,47,6420
600030,786,206,90390
601398,573,721,2291900
601600,573,682,1163400
600406,574,342,211500
600900,574,749,906117
688981,574,1081,340856
601166,611,224,308400
601601,612,440,130000
601919,613,319,180500
688008,815,218,56909
603501,815,46,11800
601288,816,114,161000
600809,817,64,12000
603986,818,1677,318400
601127,818,86,19600
600036,819,468,163700
601628,819,146,66900
601211,820,108,34200
601857,575,820,835500
603019,575,351,106700
600028,614,810,616700
688008,615,388,121374
601988,615,690,1051900
600031,617,365,208500
601211,617,394,199400
600900,617,804,510900
601166,617,58,49400
603259,844,216,39300
601988,845,109,298600
600036,845,225,79600
601857,845,285,145500
601012,847,353,245100
601012,848,140,164200
601919,576,979,658600
688041,576,816,179622
688981,576,637,185207
601088,620,352,92000
600036,620,241,66600
600111,621,111,28500
603993,622,475,883000
600183,623,893,191201
601668,623,42,85700
601398,623,199,383500
600900,624,689,305900
600028,624,744,794500
601328,884,377,343200
603986,885,701,116002
601988,885,1529,2534400
600760,885,135,46500
600183,886,635,121844
600809,677,17,3700
600406,578,275,148981
688111,578,125,31782
600930,675,53,131700
603993,676,164,209700
601658,676,105,156900
688008,679,206,36475
601211,679,137,50900
600760,679,53,15100
601857,681,113,123000
600183,887,779,169400
600028,887,180,183800
601166,888,96,69600
600150,579,2248,1283362
600276,579,754,431000
600406,580,422,190300
601688,637,46,14700
688008,638,271,68067
600111,638,67,25700
601728,639,320,289400
603019,639,138,32700
601127,639,122,26300
600900,640,590,194600
601288,640,375,956300
601127,640,201,37300
600900,641,294,165700
600276,641,278,123700
601688,641,50,74300
601628,641,135,34000
600183,642,529,87600
601166,863,128,83500
603986,864,359,50200
600089,865,69,67100
600150,865,1732,805392
601012,865,146,87100
601857,866,113,149900
688008,866,298,72562
600050,867,215,739600
600406,867,231,88200
600089,582,182,167700
688012,582,395,101906
600111,646,217,116600
601658,646,134,144400
601211,646,39,39700
600276,647,229,75200
603019,647,216,98852
600150,649,475,405400
600887,649,152,78300
600406,649,39,16100
688256,650,95,22098
601857,651,135,79300
600031,651,335,229800
603019,651,99,20800
600309,652,303,136400
601601,868,171,39800
601398,868,361,584400
601288,868,158,442700
688041,868,176,35189
600930,868,138,239000
601728,869,169,165400
688111,870,41,5131
601857,871,238,101200
688111,585,428,121228
600519,585,118,13200
601688,586,327,243800
603259,655,334,79000
688981,655,183,94021
601166,832,71,83000
600760,832,33,12900
601318,834,175,90600
600036,835,320,96600
600309,837,210,70700
601088,838,109,25200
600309,838,325,87500
601988,589,745,1304500
601600,589,519,676200
600887,658,248,153000
601398,659,470,415000
688041,659,136,27407
601012,660,66,48500
688256,661,67,12749
688008,661,172,39136
600760,662,69,47200
600276,663,471,148500
601658,590,608,1143400
600028,590,1053,1283400
600276,590,857,477000
601601,590,556,183700
601328,590,574,908800
601668,590,398,2099000
688041,591,455,134999
600028,668,53,80600
600031,668,107,57900
600030,669,205,158500
600030,670,124,41300
603501,670,51,6500
601288,670,650,682800
688012,673,82,14441
688008,671,445,117424
600276,671,303,201500
601601,672,130,33000
600183,673,306,67900
603501,674,41,5600
600031,674,136,85100
600028,891,435,307000
601166,891,132,122800
601166,592,171,168800
601728,592,342,395600
601688,592,266,148400
601601,594,281,160200
603993,682,139,109700
688012,682,67,12771
600028,682,68,74400
601127,684,74,18900
601318,684,197,63500
601012,685,51,18400
600900,685,345,277500
600036,685,146,38000
688256,685,22,3078
600406,686,47,21000
600930,688,40,96100
600031,688,205,124100
601328,689,477,495500
688111,595,84,14044
688041,595,367,100219
600089,805,99,80000
600089,806,177,326741
600930,806,104,174800
601601,806,171,55400
600031,807,165,98200
600150,807,627,239500
600028,808,100,117300
600930,808,49,214500
600309,809,109,26200
688256,809,165,33677
688256,810,120,27987
688111,810,41,15387
688111,600,57,10933
603501,792,91,30200
600089,793,91,45400
600519,795,56,6200
601888,795,65,17900
600031,797,153,140100
600760,797,24,5700
600406,875,217,86500
601988,876,131,242500
601600,876,272,205600
601328,877,248,360700
600900,877,651,391700
600760,877,87,27100
601988,877,359,1353000
601668,878,84,184200
601600,878,774,714700
688008,878,304,64115
688041,878,210,41299
600183,879,698,135607
601012,879,264,192500
600276,608,692,283000
601628,608,417,291200
601127,811,84,16900
603259,811,267,51600
601600,811,725,501500
601857,812,373,194700
601988,812,66,335400
688256,813,86,14369
601728,813,235,139200
600028,813,184,234700
600887,814,236,96500
601688,814,268,163500
600900,814,366,199200
600406,609,300,202000
600276,609,464,169700
601601,609,219,74900
688981,828,143,36815
600031,829,159,96600
603501,830,71,15000
603019,830,137,27200
600887,830,74,29700
688981,831,147,37639
600930,831,64,72900
600050,831,87,98200
600276,618,1079,425400
601658,618,99,120500
600030,619,218,106900
601318,619,230,89100
603501,840,76,13300
601088,840,117,25000
600760,841,88,25300
601988,841,374,270200
601658,841,92,83700
600519,842,49,5500
601658,842,72,132500
600760,842,72,17700
601288,625,217,520900
688041,625,186,51864
601166,625,74,55500
603501,626,58,15000
601658,626,38,77800
603259,627,346,68706
601318,628,525,206500
600050,628,68,177900
601688,822,180,144900
601328,823,101,152600
600050,824,172,354900
600406,824,153,61600
600900,825,225,184300
688041,826,229,45733
600030,630,203,88000
600809,630,97,16400
601318,630,499,452400
688111,630,49,12978
600031,631,301,103800
600900,631,346,157500
603259,632,390,85800
601600,632,150,149000
688008,632,467,115475
688012,852,59,9996
600028,852,88,138400
601166,853,99,142200
601658,853,104,107000
600930,853,134,256600
601899,854,493,403600
601012,854,55,33900
603986,855,225,36300
601888,857,33,16700
600406,857,280,134400
601899,635,494,369100
603501,636,46,8300
688111,636,40,8037
600036,849,439,193100
603259,849,283,108400
600036,851,208,77500
601668,851,72,211900
600028,643,272,147500
600150,643,464,367000
688256,643,105,20140
600089,644,71,49700
601628,645,141,28100
600930,645,69,110500
688256,859,20,3263
601857,860,132,77800
601668,664,782,1373900
601211,667,221,272800
688041,882,308,59659
601988,882,340,585800
688256,780,278,56153
688981,788,93,25076
601728,788,26,46700
688256,788,48,8254
600031,789,90,111700
688008,790,429,115297
603019,790,62,14700
601211,790,829,1567290
600519,790,57,6300
600276,790,272,132952
603993,791,230,124900
600276,791,154,64548
601398,791,210,506200
688981,791,105,25246
600887,791,232,82300
688256,791,46,7643
600111,872,127,49400
600050,873,43,148700
600760,873,78,18900
600809,893,81,14900
600900,894,777,581400
600276,894,399,125700
688012,895,145,36070
600406,895,313,240400
601127,896,362,248300
600809,786,80,16800
600519,800,94,12600
600036,570,2820,2298134
688008,570,4726,1645354
603501,570,733,166200
601919,570,1581,2360500
601899,596,1116,589400
601728,596,465,570400
603019,597,291,66600
601728,598,404,411300
688981,598,229,55158
600089,599,179,201000
688111,599,95,21576
603019,798,94,25400
601398,798,357,425900
600089,800,74,68600
600760,800,45,14300
601658,802,828,1644600
688008,802,203,41337
600406,802,294,126157
600089,803,93,85600
600111,803,99,28500
601288,804,193,293600
600036,804,328,167100
601919,804,132,99800
600930,571,146,512900
600036,571,862,549300
601398,603,1307,1181100
688256,604,93,15021
600309,605,347,98500
600036,606,716,244868
600309,606,313,116800
601919,572,568,432800
601398,601,688,927700
688012,601,308,77307
601668,601,451,1369300
601899,602,975,547900
600050,602,755,1985701
600760,602,66,15600
600406,783,77,34000
603986,785,391,70200
600276,786,161,60100
600309,786,136,34600
603501,787,64,16900
601088,613,177,42000
601658,573,659,3805900
601857,573,669,633500
600276,574,811,479400
600089,610,185,108500
601601,611,106,63900
601328,611,109,241300
688981,611,346,103613
601328,612,689,992800
600309,815,196,47200
603501,816,93,25500
688012,817,59,13244
600089,817,100,57400
603993,818,404,1588800
601601,819,292,98600
600809,819,82,17500
600030,820,361,203300
601919,820,69,32700
600030,575,730,498400
601328,615,401,779500
600111,617,243,92900
601919,617,346,119400
600089,617,130,94800
601398,843,187,370600
600031,845,766,589800
601127,845,339,59100
601600,846,419,224800
601601,846,392,170400
601328,846,299,180400
600809,846,57,11200
600406,846,221,94900
601688,847,53,28500
600089,847,169,131700
601601,847,319,132400
601328,848,176,164500
601888,848,63,26700
688008,576,1805,571938
600150,576,2242,1234146
603019,576,625,242200
601628,576,423,213600
688256,576,331,61939
601127,577,1207,461702
688012,620,87,18662
600089,620,64,49200
601166,620,75,39700
688041,621,196,40527
600111,623,159,90900
688111,623,57,10631
601988,624,276,219100
601658,624,45,69700
601328,624,353,116400
600309,883,384,114100
601899,884,833,609400
600028,885,670,599300
601600,885,820,891100
600028,886,349,167900
603259,886,418,84300
601328,886,135,186000
603993,675,138,121200
600519,675,69,7000
688008,675,278,65393
601888,675,44,13300
600930,676,62,210400
601688,677,51,50600
601888,677,30,12800
601668,678,45,64600
600309,678,114,30300
600030,679,55,29700
688981,679,70,19997
601288,680,249,388500
600036,680,253,199000
600031,681,125,65400
600183,888,1156,241979
601600,888,986,1144100
601668,889,330,656500
600183,889,751,147322
601658,889,261,452800
601919,579,896,502600
601601,580,594,246500
600111,580,355,174000
688256,580,155,30337
688111,637,51,10651
688012,637,126,27643
601628,637,106,29100
600028,638,224,399600
601600,638,259,178500
688981,638,133,34820
600089,638,171,80300
600930,639,220,239200
601012,639,92,64700
603019,640,160,39585
600111,640,172,71087
601688,642,60,27200
601668,642,41,93200
600089,642,100,35800
600406,862,96,42600
600089,862,64,31500
601658,863,294,305800
601628,864,145,48800
603501,864,54,9800
601288,865,316,591200
601658,867,207,304200
688256,867,102,20021
600183,582,1342,308700
601328,582,584,1660700
601688,582,298,307619
601899,646,929,485500
601288,646,867,1018200
601688,646,163,142700
600183,647,333,73800
601888,647,64,26600
600036,649,241,62800
601919,649,109,40500
600276,652,132,52400
688256,652,88,12933
601899,583,1125,991477
601088,583,330,111300
688041,584,348,85644
600089,868,100,62700
603993,868,488,497700
601628,868,122,38100
600050,868,283,264800
601127,868,165,27500
600406,868,187,56300
601857,869,339,253100
603501,869,84,21000
601668,870,147,251700
600031,870,505,469900
600930,871,346,437100
600760,871,271,71200
600406,585,142,123900
688012,585,289,78467
603501,585,256,87500
601600,586,740,1484300
600050,586,63,251100
600809,654,45,5800
600183,656,237,50000
688008,657,241,59054
601688,657,150,92100
600930,835,89,170200
688981,587,405,171748
600111,832,533,243000
600028,832,129,326300
600930,833,84,113400
601288,833,118,188400
600028,834,254,89900
601668,835,65,133900
601328,835,29,73100
601888,836,45,16100
601857,837,137,97300
600031,837,112,86800
603993,589,465,563600
601628,589,195,49800
601318,658,210,51800
600309,659,266,66600
601600,662,1225,1394600
688256,663,163,31327
688981,671,140,41304
603986,590,1258,252200
600030,590,319,192364
600760,590,119,25100
601600,590,521,486000
601318,590,474,187500
688981,668,111,26978
600760,668,76,47800
601688,670,18,12300
603993,670,98,90700
688041,671,410,103776
601658,671,93,96700
600089,671,97,38600
603501,671,67,16100
600309,673,130,30900
600031,673,247,110400
688012,674,94,19055
600036,674,547,888730
601398,890,948,1226000
688256,890,123,20291
600050,592,82,152300
601012,592,497,835000
600309,593,374,203500
601919,593,421,265700
600809,594,263,56000
601288,682,951,1170700
688111,683,7,1460
600089,684,50,28700
601888,684,26,6800
603259,685,221,41700
600183,685,322,61100
600887,686,162,48299
688981,687,75,26831
601288,687,115,511500
601688,687,435,225700
603993,687,133,128300
601728,688,80,64600
600519,689,219,25800
603019,595,412,116300
601688,595,133,177400
600309,806,152,46400
688012,806,108,19772
603986,806,411,56800
600050,806,45,72200
601688,807,78,35100
601728,807,135,93800
601166,808,155,141800
603993,808,214,230200
601601,808,136,47000
601857,809,257,224600
601668,809,161,352300
600900,810,418,332700
601127,600,383,86700
601328,600,710,271200
600809,600,116,32500
600309,792,307,118100
600183,794,270,60700
601288,794,56,163800
600030,795,265,135552
601211,795,208,293295
601398,797,206,184996
601899,876,377,188600
600809,877,162,29800
603019,877,237,62200
600519,877,57,6000
688008,877,275,69412
688256,878,108,17034
601127,879,113,21500
601888,607,163,72800
601211,607,165,64300
600519,607,446,70100
600031,607,411,354300
601899,608,1032,655200
601012,608,432,648795
600276,811,360,93400
601166,812,199,95500
601398,609,437,670800
688256,827,48,7046
600900,827,496,502100
603019,827,99,19400
600900,829,126,78000
600887,829,174,75100
600183,829,397,74800
688041,830,238,55296
688111,830,14,6942
601658,831,141,167500
603993,618,272,272700
600150,618,425,181300
601888,618,134,68038
600276,619,607,240200
600028,619,418,411500
601688,619,41,43600
601919,839,404,316400
600406,839,219,73425
601728,840,102,143700
601888,840,102,21200
600031,625,135,73700
601668,628,505,1547600
601318,822,189,91730
600031,825,471,534500
688041,825,513,131392
600887,825,182,64500
600406,825,148,55500
600031,629,114,54500
600519,631,101,11400
603501,631,80,13500
688041,631,138,62959
601728,632,47,102300
603986,852,153,24743
603501,852,71,16300
600900,852,87,76200
600089,852,186,137560
601012,853,89,58912
601728,854,749,946200
603993,856,149,126400
600276,856,269,106300
688111,856,25,4494
600150,633,664,266600
600183,634,751,163700
600276,634,257,124220
601628,849,142,24300
603019,849,151,38500
601857,850,390,269100
600406,644,117,79800
603986,643,273,38400
601658,643,27,45700
601919,643,274,124700
600760,643,70,18500
601888,644,136,36300
600309,645,243,68700
601318,645,286,86600
603986,858,212,34300
600030,859,255,206500
600089,860,107,53800
601899,860,448,158000
601088,860,229,42900
601658,861,768,794900
601166,861,92,78200
601088,861,176,44000
688041,861,222,48292
600150,667,425,114800
688012,665,48,10664
601668,666,262,564200
601127,666,107,28700
600276,667,325,136500
603501,667,57,11600
601288,880,106,304800
601988,880,170,175900
601127,880,153,27200
600150,881,874,429847
600183,881,621,154000
601888,881,96,46800
688111,882,38,7233
601012,780,443,182500
600150,780,2023,875628
600089,788,97,50100
600030,788,59,36100
601012,788,44,40700
601600,789,471,532800
601658,790,112,129000
601600,790,254,212200
688111,790,20,3659
601668,791,64,197200
600150,791,367,145100
600519,791,45,4300
601728,873,586,483600
601899,893,878,380400
688256,894,249,51349
600309,895,460,168800
601600,895,820,967600
601127,895,338,121600
601398,570,3174,11065600
603993,596,649,466700
601088,596,334,74800
601601,597,403,137100
603019,598,358,91500
601988,599,917,2477600
688256,599,87,15693
600930,599,95,111700
600031,798,136,126700
600900,799,223,231700
600887,800,224,112600
601288,800,1382,5317500
601899,800,605,440500
688256,803,77,15893
600031,803,170,165700
600276,804,134,61500
601888,804,76,26900
603993,571,3089,4432900
688012,603,310,89838
601899,604,907,604900
688111,604,176,53725
600028,604,461,611600
601988,604,2172,3352300
600150,605,1703,1041538
600183,606,536,111605
600930,606,89,400300
688012,606,124,22996
600519,572,166,23300
688008,601,706,171792
688041,601,332,78353
603259,602,906,275000
601658,781,329,169800
688111,781,20,2677
601600,782,1146,2396190
601628,782,95,22800
603986,782,284,50900
601899,783,692,514500
601012,787,52,131400
600809,787,65,12000
601688,573,361,304800
601318,574,924,517745
601728,610,806,861800
600111,611,199,87400
601288,612,389,398500
601012,613,681,584400
601166,613,157,224300
601211,613,257,64000
603259,815,319,64000
601988,815,199,230600
601628,815,113,28900
600760,817,51,25800
600406,817,248,123100
603259,818,204,37600
688111,818,74,33242
601728,819,383,325800
601127,575,531,362157
601166,614,140,177300
600030,845,253,260000
603501,615,101,40800
601288,617,263,628900
688012,617,152,37469
601088,617,227,51100
601318,843,194,70500
601668,843,265,1085040
601628,845,135,27400
600900,845,292,193900
600150,845,578,242700
601728,846,160,142500
600031,847,414,173000
600309,577,1041,387400
603986,620,849,170000
600519,577,260,34320
688111,620,28,7344
600036,621,337,94400
600089,622,301,202600
603501,622,116,23500
600887,623,320,179500
688111,624,27,8263
601318,883,528,289700
601988,883,208,300500
688981,884,232,64681
601601,884,266,75900
600519,885,132,14400
601601,886,550,136000
688981,675,135,34394
600760,675,93,22200
600030,676,80,45100
600309,676,145,34800
600089,676,38,16100
601601,678,234,68000
688041,678,184,36076
600031,679,193,147800
688008,680,210,43211
601988,681,231,754700
601668,887,106,241000
603019,888,820,213000
601919,888,240,143400
601211,579,893,447818
601328,579,659,1651300
601328,580,505,630300
600809,637,82,15400
603993,637,366,370600
600406,638,67,27100
601919,638,185,84100
600028,639,312,305000
600031,639,257,131600
600309,639,199,75100
603501,639,162,51900
601988,640,227,314700
601211,640,49,35700
688111,640,13,1780
600519,642,222,30300
688981,642,136,39443
601318,862,332,100200
601012,862,88,44000
688012,863,136,31838
603501,863,70,17000
601127,863,148,48300
600031,864,416,339300
600183,864,398,66400
600111,864,99,34200
688256,865,132,25792
600111,866,198,103500
600036,867,231,90500
600030,867,610,351400
600887,581,867,568900
600900,581,778,570000
601919,582,709,425384
601899,647,271,112700
601398,648,92,250100
603986,648,217,30400
600111,648,126,60700
600050,649,51,119700
600519,649,77,7900
688981,649,81,33211
603501,649,47,8900
600900,651,349,98700
600031,652,202,132400
601728,583,130,113100
601658,583,172,275616
601988,584,931,1676400
600276,584,1044,612000
601328,584,596,1969200
601668,868,202,311200
600809,870,61,11200
601211,870,568,279200
601012,871,221,192100
600036,586,951,416500
601318,586,551,185400
601728,652,524,292833
601166,653,207,133100
601012,654,89,72800
688008,654,289,80440
601088,655,200,80900
603019,656,201,37700
600050,656,79,98800
601601,656,95,32900
601012,587,536,616400
603019,587,207,58000
600031,587,427,250120
601088,833,82,17300
601857,834,341,204600
688256,834,39,5779
601398,835,100,136700
600760,835,71,28200
688111,836,33,11797
601628,838,106,29900
688008,838,192,48180
600089,838,157,136700
688012,838,54,10312
600036,838,275,84100
688256,588,150,26634
600519,588,121,12659
601888,589,133,74400
600111,659,90,62400
688008,659,197,50900
600930,660,403,1364500
601288,661,411,574900
600150,661,362,98900
600111,661,166,174900
601328,661,42,49500
601601,662,269,74100
601628,663,87,28000
600089,591,278,211600
601628,591,256,115300
601919,668,165,54800
600036,668,246,78900
603019,668,171,36600
601888,669,26,10300
601600,669,98,188600
601328,670,75,78900
601668,671,339,1305900
601688,671,201,203500
600111,671,56,34000
688012,672,79,19789
600050,672,21,36300
600183,674,469,98100
601658,890,153,302900
600309,890,417,143800
688256,892,192,36263
601668,892,325,1125400
601328,892,457,291400
600028,594,123,234300
603259,594,1272,230200
603259,682,246,88200
603019,682,101,20900
601088,683,80,29100
601288,684,93,383100
601658,684,108,138000
601668,685,45,78500
601628,686,92,19500
601088,686,145,34500
601668,686,146,212600
600309,687,138,32800
600030,687,242,225800
600276,687,125,52400
601600,687,80,79000
600111,688,133,45400
601628,688,62,12300
600050,688,37,57900
601628,689,134,49000
600930,595,119,253500
600028,595,895,997900
601398,595,941,1930000
601012,805,63,96800
601318,806,301,109300
600183,806,415,91703
600183,807,347,71200
601601,807,230,103000
600519,807,87,15900
601318,808,264,116500
601668,808,122,506500
600031,808,258,137000
600760,808,22,11200
603993,810,148,227900
601211,792,336,411540
600406,792,174,64600
600276,793,111,41700
601012,794,165,262400
603501,795,73,12300
601668,796,56,200900
601328,796,569,978900
600309,797,121,48000
601288,875,195,467200
601857,875,555,280800
601658,876,77,130800
601899,877,503,353700
601318,877,436,136400
600406,878,175,57000
603993,879,445,554200
601857,607,592,665900
601127,607,219,52000
600760,812,66,24900
688012,814,89,20002
601919,815,392,181600
601127,828,94,18400
601688,829,159,214600
601127,829,68,12300
601166,830,123,49300
600406,619,327,109200
688041,839,189,34768
600930,840,121,82100
600150,841,401,104700
600183,841,430,99600
603993,841,468,597100
688111,841,54,13417
600406,842,209,73600
601088,842,93,21000
601088,625,171,39600
601888,625,192,58300
601728,625,511,498200
600183,627,830,139800
600760,628,51,21100
600036,822,230,78300
600887,824,229,67300
603986,824,221,37000
600930,824,71,69400
600031,824,95,84800
600028,824,206,192500
601899,825,509,299300
601288,826,240,666400
601628,826,348,74500
601166,630,128,119300
601728,631,65,78900
603986,632,348,49200
601318,852,487,183500
600930,852,172,382300
601211,853,210,77400
600309,853,1603,825800
601288,854,272,569800
601857,854,196,100600
601166,854,74,56000
601688,855,263,287300
600309,855,493,137500
600406,855,94,40500
601166,857,127,105000
601398,857,149,158300
688111,857,32,8214
600030,633,215,143300
600036,633,188,62000
600887,634,262,170500
600111,635,112,50400
600028,636,676,2206500
601211,636,206,74700
688981,636,115,32398
688256,636,82,15748
688981,849,94,38734
600030,850,317,213900
603501,850,58,12300
601658,851,80,127600
601600,643,246,256600
601288,644,2344,5664500
601728,645,74,122100
600406,645,207,83000
601328,645,353,334600
601288,858,120,341800
603501,858,59,11400
688041,858,144,28604
600031,859,431,325500
601127,860,142,26900
600309,861,1221,674946
600111,664,99,50600
601398,664,253,349400
600150,664,416,150703
601888,664,59,16300
601888,665,76,14800
601601,665,228,44300
601088,667,65,19400
600031,880,480,388200
600809,881,88,12800
603501,881,153,48400
603986,882,677,124300
600031,882,254,158000
601398,882,338,549400
688981,882,275,84556
600760,780,158,54800
601127,788,59,35798
600183,788,389,72600
603501,788,50,12300
600183,789,283,58800
601668,789,112,206400
601628,789,119,34600
601888,789,141,93600
688256,789,65,12728
601166,789,192,101800
600111,790,89,28100
600809,791,31,4200
601600,791,310,368010
688012,872,116,23067
601328,873,171,196100
600050,893,345,1368400
601857,895,296,237600
688981,895,502,138230
601318,896,592,198400
600887,886,434,135800
600519,596,103,12500
600930,597,63,153000
601601,598,371,140700
600028,598,586,956800
600309,598,248,113700
601012,599,408,411500
688981,798,125,34285
688012,798,69,38977
601211,799,148,140100
601728,799,57,122700
600760,799,81,24200
601288,801,116,233900
600150,801,737,305500
601600,801,232,171500
601601,802,321,164200
601166,802,423,474000
601658,803,42,25200
603986,571,2534,440092
601988,603,682,823100
601601,603,401,105900
601857,604,488,324400
688041,604,346,94245
600809,604,481,124500
600028,605,1420,2796200
600276,606,824,318600
603501,572,435,121300
601728,572,619,937400
600760,572,237,88500
600031,601,327,248300
600809,602,167,50700
688256,602,133,24122
603986,781,241,32300
600276,783,176,54800
600150,784,393,155700
600900,786,115,42500
688981,786,185,61612
688111,787,17,3424
688256,787,115,29811
601601,573,606,375100
601328,574,769,2537000
688008,611,697,212295
688111,611,39,7424
600760,611,441,178800
601600,613,180,125000
600309,613,1421,544500
603501,613,147,34800
601688,816,65,38700
688981,817,100,28280
601728,817,318,302600
600930,818,117,128200
600028,818,745,709400
600930,819,221,255400
600150,820,605,254820
600111,575,529,296100
600887,575,581,217800
603259,614,1852,525647
601688,614,111,84800
601398,615,689,508400
601211,616,179,102100
601601,617,241,78900
601398,844,174,270400
603019,848,273,52400
688012,576,499,110752
601658,576,863,1663900
601899,620,728,371000
601988,620,432,943601
600406,621,274,96310
600276,621,448,144100
600809,621,126,69300
600760,621,81,33100
688041,622,183,36955
603993,623,362,329600
600309,623,524,184700
601012,623,443,511740
688981,623,215,74569
601628,883,114,52400
600030,884,603,406443
600036,885,471,190300
601888,885,146,39600
601318,886,643,376600
601899,578,1114,726856
601328,578,1354,4774300
688256,675,80,13333
601919,678,582,256500
601988,678,797,1008700
600930,678,42,45200
601728,678,59,58000
603993,679,83,108600
600309,679,110,25200
603986,679,181,23400
600930,680,119,181700
600030,681,114,45100
601628,887,193,96500
601888,887,163,63600
600276,888,438,246000
600030,889,247,232500
688041,580,603,153645
601988,637,132,159000
600309,638,413,147900
600406,640,143,44800
601658,641,49,67700
601328,862,137,288700
688008,862,201,56785
600809,863,61,9400
601658,865,607,899100
601211,865,229,92676
688981,865,115,27583
688012,865,141,26081
600276,867,205,99500
688041,867,201,56924
600309,582,584,211600
603986,646,575,95700
600276,646,191,100000
688256,646,107,32828
601688,647,91,41900
600760,647,44,22000
600276,648,277,159280
688008,649,474,123694
601211,649,256,308900
601857,650,273,329000
601127,650,97,36900
688012,650,86,17552
600089,650,549,333089
603986,651,251,44200
601127,651,188,63125
600809,651,60,12200
600930,651,104,182400
600760,583,325,132000
688111,868,35,6305
601919,869,398,182860
601166,869,220,164400
600276,870,306,133900
601288,870,240,442500
601600,871,383,342400
601688,871,308,137800
601658,871,72,175600
600028,585,1056,1883600
600930,586,109,462000
603993,586,1170,789600
603501,586,313,98300
601988,653,442,1212900
600406,654,178,83800
601398,655,203,339200
601318,587,706,292000
600111,587,258,88900
601601,832,301,196900
688008,833,170,42431
603501,834,105,19400
688012,834,100,19872
688008,835,228,64900
600900,835,365,155600
601857,836,96,89600
600900,838,486,294500
601328,588,1030,2846931
688111,658,25,6805
601668,659,819,2176260
600519,660,171,18600
601088,660,78,18700
600887,661,89,39600
603259,662,443,110700
601919,662,33,26900
601127,671,67,24600
601728,590,371,678300
601398,590,1821,2256400
600031,590,566,652280
600150,591,658,342400
601728,668,131,158100
601668,668,30,64600
600887,669,135,47500
601988,669,90,160300
600036,671,393,245500
603259,671,506,119900
601398,671,689,437300
601211,671,246,162200
601658,672,19,29800
600760,672,99,75292
601988,673,490,267300
603986,673,358,52100
601127,890,213,64700
600276,891,760,518840
601668,891,408,1591500
603501,892,174,42000
600028,892,1091,942800
600089,892,286,190994
600900,686,83,57000
601288,592,1050,3257300
688111,592,168,34150
601628,593,192,51500
601601,593,348,127500
688981,594,763,292598
603501,682,42,6000
601899,683,556,354000
600030,683,51,37100
600111,683,93,46800
600276,684,174,75100
603259,684,442,66400
688111,684,11,1567
600183,686,254,53600
601127,686,87,51494
600309,686,124,28600
601166,688,169,124300
601658,688,124,203400
603501,688,31,5600
600406,689,146,64600
601668,689,117,180900
600031,595,320,166600
603993,805,172,199100
688981,806,171,48923
600030,807,198,94200
601211,807,73,89500
600276,807,800,443400
603501,808,80,24200
601899,809,592,418900
601012,809,156,93700
688111,809,40,14177
603986,600,1142,194791
600028,792,244,346400
600309,793,96,28400
601899,793,237,111600
688012,794,51,10122
688008,796,216,53232
603501,796,90,26700
601127,797,132,41300
688256,797,103,52405
601211,797,271,257005
601888,797,172,107300
688012,797,83,18121
601668,875,147,305900
600930,877,354,1067400
601628,879,107,29300
600406,607,298,212400
688012,607,123,28775
600183,608,907,188500
600050,608,207,444300
603993,608,448,363000
601688,811,97,73900
600406,811,129,57000
601899,812,235,123100
688012,812,232,51797
600028,812,72,164200
601127,812,74,14600
688041,813,183,36167
688981,813,171,32388
603993,813,196,258600
601988,813,103,261800
601658,814,52,48900
600089,609,217,269500
601288,828,80,213200
600150,828,450,263700
688008,830,204,59775
600309,831,248,77300
601012,831,481,295900
603259,831,241,44400
600887,831,520,236600
601127,619,185,58600
600760,839,109,35400
600028,840,87,156500
601888,841,66,12500
600150,626,322,168200
600030,627,365,215200
600900,627,323,128100
600036,627,205,58600
600406,627,464,404300
688256,628,66,11413
601127,628,255,63200
603019,824,87,26900
688981,824,85,15714
601888,824,45,9800
601398,826,75,234600
600028,826,216,232900
603259,826,223,51100
600089,826,70,35300
601088,629,118,33900
601211,629,217,60300
601899,630,1243,799100
603259,630,483,119400
601658,630,86,89000
603986,630,502,84600
600183,632,346,67600
600930,632,74,192700
603259,852,190,42600
601088,852,164,44400
688111,853,25,8139
600276,854,245,113100
601288,856,113,376700
600050,856,66,123800
600111,856,97,31600
601668,856,133,301400
688008,857,244,68552
600050,635,38,58200
601012,635,47,55900
601166,635,65,63600
601688,635,442,340600
601919,635,193,96800
600519,635,107,12300
600930,636,35,64000
600050,849,26,96100
600028,849,415,285400
600760,850,42,25800
601288,851,195,293300
601888,851,95,31300
688012,851,102,15886
603993,643,102,141500
601166,643,66,56600
600036,644,263,74800
601088,644,98,29000
688256,644,51,8079
601601,645,261,50000
601658,859,462,543500
601919,859,363,199800
688041,859,142,27302
600028,860,393,203200
600276,664,271,96000
601988,665,1143,2110600
600028,665,160,193300
600036,666,245,107300
688111,666,31,10444
603986,667,275,37615
688256,880,143,27861
603986,880,442,61160
600030,881,138,74515
600760,881,93,23800
600519,881,173,19700
688041,881,275,48472
601600,882,681,828000
601166,882,310,211800
600111,780,1766,873900
688008,789,332,89250
601988,789,612,446000
601601,789,283,92500
603993,790,198,189600
600309,791,100,37800
600183,791,270,62400
600036,872,294,141600
601899,873,557,352500
601688,873,105,67400
600089,874,92,29300
603259,874,246,49500
601601,894,330,176800
601318,894,456,158997
601668,896,286,585500
601398,896,760,1943200
600089,896,330,238300
601857,815,359,233900
600089,850,225,188240
600183,570,4320,947937
601012,570,755,874900
600183,596,1104,227400
601398,596,607,993300
601166,597,123,232000
600031,598,545,507400
601012,598,290,233439
601628,598,194,55500
600089,798,170,82100
600111,798,121,44717
603986,798,204,43800
601012,798,256,285800
600276,798,185,102200
601857,801,545,638000
601899,801,222,118300
600089,802,190,153100
603019,803,103,22900
601127,804,131,43200
603259,804,277,75000
600150,571,1938,1046362
688008,603,1179,358060
603986,603,1772,303125
600050,604,55,112200
601398,605,1014,1198900
601668,606,1404,3999100
688008,572,2299,677549
600406,601,268,166900
688008,602,861,224744
601328,782,403,442900
601899,782,326,160500
688041,784,156,53150
600089,784,112,53500
601328,784,165,118500
600028,784,88,170100
600028,786,94,138800
600036,786,318,84900
600930,787,52,70400
601988,573,980,4235700
601211,610,154,102700
601668,573,298,1263200
600028,574,1501,8773900
688256,574,525,92090
688256,610,232,45266
603993,610,462,317200
600900,610,520,293200
600036,611,441,192100
601601,816,168,57500
600150,817,231,66500
603501,818,107,23300
601318,818,1226,659600
600183,819,1447,309800
601318,819,396,158500
600031,819,213,189700
600111,819,95,45100
688981,820,129,29577
688012,821,85,15246
601328,575,569,1599100
600050,575,174,361800
600930,614,68,90300
601728,614,264,169000
688008,616,436,126077
600036,616,252,86600
601919,616,331,140700
600887,617,248,154600
601601,843,504,344300
601899,844,672,275300
601211,845,218,101900
600930,847,189,387300
688981,847,108,27668
688981,848,160,38803
600089,576,194,137800
600519,576,148,15700
600887,620,270,175600
603019,620,135,39400
600050,620,30,62300
601600,621,480,384900
601127,622,266,43100
600031,622,420,240600
600183,624,1351,364200
601166,624,33,21200
600031,624,136,153300
600089,883,187,119160
601668,885,169,479100
600309,886,462,138100
601888,679,25,11000
600276,578,730,383600
601398,578,1115,2004800
601600,675,348,289400
601288,675,178,422800
601919,675,180,203318
601601,675,230,53900
600150,676,183,59000
601166,676,53,28900
601012,676,85,47200
600887,676,93,31000
600309,677,166,47400
603259,677,291,68600
600887,677,204,72900
601919,677,68,37300
688008,678,230,49329
601012,678,189,146200
603259,678,197,30300
601088,678,196,40900
601600,678,274,238900
601668,679,74,86000
603019,681,238,61900
601012,887,633,363100
600050,888,161,316600
603259,888,551,109600
601628,888,157,34400
603501,889,157,29800
601728,579,307,348300
600887,579,998,976600
601012,579,378,356900
600406,579,207,79919
601688,580,144,116300
600036,637,230,52800
601328,637,29,17000
600150,638,490,235988
601628,638,96,30600
601658,639,95,84000
601318,640,187,62000
600276,640,195,78200
600309,642,427,118200
601166,642,518,414400
601899,862,627,238800
600030,864,581,384700
600150,864,319,125300
601601,864,130,72000
600309,865,489,144200
688111,865,46,10227
601398,865,220,348600
601688,865,172,100100
601328,865,87,132600
600309,866,487,185788
601888,866,101,37900
600406,866,280,99000
601728,581,239,234100
601601,646,151,29300
600900,647,278,126700
600031,647,302,154400
601628,647,166,58000
688981,647,83,50947
600930,648,126,249200
600028,648,161,72500
601728,648,50,95200
603259,648,281,53900
603019,648,216,60900
603986,649,354,65700
601600,649,294,281100
601899,650,456,245700
600028,651,67,108500
600150,652,489,217172
603501,583,294,85600
601398,583,1136,1781700
688008,584,1182,345477
601328,868,204,199400
600309,868,478,118600
600809,868,40,7100
603259,868,201,41300
601127,869,202,53000
601211,869,151,76300
688008,870,348,72587
688041,870,332,78844
600030,871,510,286600
688012,871,101,22087
601728,871,500,541300
600050,871,67,94000
601988,585,584,576800
600183,586,1937,407300
601601,652,102,23400
601857,653,311,209300
601888,653,38,30900
600089,654,51,58100
601601,654,84,16700
600050,654,84,108800
601919,655,123,128200
603993,655,426,311800
603019,655,83,17400
601012,655,244,313360
601127,656,120,42400
601668,657,294,549900
601919,657,322,140700
600900,657,280,151300
601127,657,50,15500
601318,657,155,53700
603993,587,819,677000
600030,587,940,601025
601688,587,464,481300
600760,587,136,58100
688981,832,207,64842
603986,832,207,36800
601012,832,290,187900
601318,833,353,129600
601628,833,58,13100
601668,834,84,268500
601888,834,49,12600
600150,836,229,91307
601628,836,225,79800
603259,836,180,40800
600760,836,234,75100
600760,837,47,9600
601328,837,192,124000
600150,838,597,254381
603259,589,834,216417
600028,659,265,335700
600089,660,61,63000
601601,660,298,101700
601211,660,347,273800
601988,661,74,342500
688008,662,292,68268
600036,663,286,55100
600519,663,90,10210
600309,669,211,82800
601658,591,148,463200
688008,591,1140,387360
600030,591,423,260800
601988,591,1645,5086200
600519,591,105,13300
600809,668,40,5300
600519,668,66,8500
688041,670,679,248381
601728,670,117,94900
600887,671,114,41500
600406,671,131,61900
600030,672,169,125800
603993,672,236,539500
600111,672,99,22600
688008,674,277,61665
688111,674,22,4908
600150,674,291,130000
600183,890,727,165500
601318,890,460,139600
600519,891,96,12200
601328,593,70,143900
600809,593,153,35100
688041,594,462,161652
600406,594,245,157800
688256,682,41,9247
600036,682,229,79800
603986,683,189,40900
688012,683,115,28183
603259,683,152,28900
600050,684,20,116100
600036,684,185,68400
601919,686,98,25300
601899,686,270,176700
688012,686,82,19065
603259,687,216,68300
600036,688,188,79800
603993,595,1072,1318900
601628,595,240,63900
600276,805,181,76200
688012,805,110,43185
603986,805,211,27700
688041,805,93,16808
600900,806,329,228000
600036,806,245,102100
601888,807,78,18400
601600,807,84,78500
603501,807,66,12700
603986,808,231,36200
600150,809,328,140527
600111,809,66,24000
603993,809,560,267200
600089,810,188,111400
601919,810,806,560040
600887,600,391,206000
601166,600,150,206300
601211,793,151,135300
688981,793,176,53468
688008,794,266,49639
603501,794,33,10000
601166,795,140,58600
601398,795,81,246100
688008,797,368,89584
601328,797,171,137900
600111,875,155,54400
600030,875,258,101400
601211,875,523,182900
600036,875,453,184100
600150,876,546,221500
688981,876,136,54475
601688,877,180,79800
601728,878,275,220300
601658,879,252,390000
600050,879,95,394700
600930,608,106,244300
600183,812,513,133800
601668,812,162,406000
600031,812,115,79800
601088,812,195,38900
600183,813,437,153200
600406,813,89,45900
601601,813,245,74800
601318,814,275,77100
601988,814,107,181000
600036,609,454,191800
601328,609,506,1014000
688111,609,84,36340
601318,827,209,59300
601988,827,870,2828510
600406,827,1304,1241956
600028,827,512,604800
601328,828,33,64000
601857,828,136,91700
688256,828,91,17788
600276,830,127,50100
603993,830,150,178900
601919,830,206,102200
601919,831,150,62100
600276,831,216,74200
601899,831,513,254100
600760,831,48,14900
603259,618,594,125300
601728,618,159,159700
601601,618,268,88000
600089,839,60,36900
601211,619,204,62600
600519,839,53,5300
601088,839,81,13700
688012,840,78,19156
603019,842,207,40300
601888,628,77,27800
688008,625,322,75008
601658,625,59,109900
601988,626,104,270700
601211,627,202,90600
600887,628,163,115500
600887,822,178,42300
688012,822,82,27769
601127,822,92,17400
601628,823,142,30100
601919,823,222,123400
603259,824,228,52200
601658,825,1156,1971000
600309,826,110,31600
600760,826,47,11400
688256,632,75,15215
603019,852,67,13300
603501,853,64,13400
600760,853,78,14600
601398,854,104,213100
688012,855,85,17233
601919,855,282,119200
600760,633,193,76400
600406,634,110,42000
601288,635,351,698200
600276,849,229,64200
601728,850,74,65600
688981,851,112,19631
600183,643,334,63500
688981,644,121,42827
600930,858,185,339100
601012,858,137,81400
601988,859,702,923800
601668,860,165,226900
601728,860,96,133200
688111,860,22,7431
601288,861,126,415800
688111,861,27,7623
601728,664,52,41600
600028,664,659,548300
600519,666,121,14300
600309,666,170,53700
600760,667,83,54100
600406,880,147,103100
600031,881,319,238700
603019,881,346,116400
601398,881,175,551700
601688,881,312,279100
601211,882,505,166400
600183,882,475,97000
603986,780,1121,185800
601288,780,1181,2800000
600809,780,245,53400
601166,788,181,159700
600036,789,426,203300
601166,872,195,179400
601688,872,157,53500
601888,874,73,26000
601857,874,256,155800
600406,874,112,58000
601728,874,70,128200
601658,893,396,1248000
688041,893,415,144195
600028,894,583,722600
601668,894,947,2937100
600030,894,346,280600
688008,895,580,144251
600111,896,390,187300
600183,896,1374,262400
600930,849,778,1904300
601288,570,1914,7925708
603993,570,5084,6164900
601688,570,1278,1375800
600809,570,335,63400
603019,596,293,94000
688012,596,313,66795
601166,596,362,457600
603986,597,956,169200
600183,598,2704,612699
600150,598,593,309900
600930,598,81,159900
688041,598,314,86524
600030,599,156,108490
600031,599,276,189000
601600,599,360,320700
601857,798,555,527700
601166,799,27,25300
601857,800,138,133800
600031,800,292,175700
601600,800,1616,2716900
601127,801,53,13100
601628,802,146,66400
688256,802,37,6942
601288,802,245,723400
601012,802,210,229098
600809,804,52,10900
600309,804,260,68700
600183,571,4035,1096500
601328,571,664,1104400
601919,571,724,552400
600406,571,502,282300
600930,605,84,160300
603259,606,549,108100
600089,606,303,288200
601601,601,180,59700
600309,572,556,314199
601211,601,331,173000
603993,601,996,1276800
601398,602,1354,943200
603501,781,491,166100
601288,781,153,240800
601668,782,29,44400
600519,783,61,6500
600276,784,207,70300
601857,784,265,488200
601919,785,227,116000
688041,786,226,61893
603993,787,450,533300
601012,573,459,790720
601668,574,271,802400
601857,610,253,345100
601658,610,517,866900
600406,612,1567,1713539
688111,612,40,9220
600760,613,135,24000
600183,816,730,154200
601888,816,65,19240
600089,816,72,53500
601628,817,85,20800
688041,817,214,38005
688111,819,55,15900
601988,819,693,434800
600309,820,102,32000
600089,820,97,39600
601988,820,68,151300
600028,820,54,112900
603986,821,427,91500
600309,821,156,32900
600887,821,203,104200
600031,821,89,51000
601988,821,262,473900
600809,575,95,18300
600028,575,1359,1934100
600309,614,1073,482900
688012,614,116,25530
600887,614,349,115700
600111,614,263,137600
600089,615,178,154600
688008,617,674,183459
601127,617,310,55900
600519,617,152,17200
601088,843,106,28200
601888,843,48,17800
600183,845,268,50900
600111,845,63,21300
601668,845,43,147000
601288,846,164,320000
600519,846,54,5600
601668,847,56,158600
600887,847,245,100000
688041,847,201,40112
601088,848,171,22900
601601,848,391,133400
601919,577,841,318900
688041,620,209,47506
600309,620,581,260400
601211,621,268,126000
600406,623,319,233990
688012,624,87,19078
688981,883,222,44589
601919,883,472,202900
600183,883,774,176585
601857,883,267,248900
601728,886,121,167100
601318,578,759,277200
600036,675,287,184200
601600,676,466,360800
601601,676,265,67100
601127,677,97,24698
601600,677,183,67400
601888,678,36,12200
600276,679,216,119900
600111,679,130,38400
601088,681,145,26600
601601,681,160,51300
600150,888,871,423568
601600,889,1074,1318600
601088,640,283,75600
600930,579,224,354100
601012,580,355,450800
600900,637,372,134500
601988,638,135,221600
600887,639,264,113800
600030,639,231,314245
601088,639,113,29300
601919,640,307,169700
601600,641,166,196600
600406,641,133,39800
601127,641,41,5400
603259,642,436,80700
603993,642,231,161200
603501,642,152,32909
688012,642,159,41901
601127,862,171,56600
601088,862,95,16600
601012,864,70,51300
600760,864,41,11800
601127,865,346,91700
601919,867,730,428600
601899,582,946,641167
603501,582,204,53512
688256,582,288,52797
603993,647,595,394700
601288,647,838,1175600
601628,649,147,32600
600760,649,30,6000
600900,650,1161,516200
601668,650,62,116700
600519,651,56,6000
688041,652,183,37503
601728,868,137,131900
603986,869,454,150005
601211,871,307,81020
601688,585,631,753681
600887,585,352,214200
600150,586,1232,551629
600030,586,556,566400
688012,652,94,15867
603019,653,414,79600
601628,654,116,36500
601888,656,49,20500
600031,656,216,60300
600111,656,52,28100
601658,656,43,68500
601398,587,1986,5485181
601601,833,159,43200
601688,834,152,170400
600050,834,104,115500
603501,835,74,25900
601601,835,210,92500
688256,835,14,2007
600183,836,263,52600
600111,836,72,23000
603501,836,90,16300
601728,837,146,201700
600036,837,354,122300
600809,838,54,10600
601658,588,746,2146500
600030,588,370,196500
601988,588,839,1706700
600406,589,224,146700
600036,589,447,137600
603019,589,747,151700
600111,589,815,465200
601211,658,46,28100
600036,658,282,67000
688256,658,59,9595
600050,658,59,118700
600089,659,181,159700
688041,660,105,18414
688008,660,264,60455
601127,661,86,29900
600183,661,211,76000
601899,661,251,132100
603986,663,236,29200
600309,663,142,36500
603501,663,66,18500
600089,663,133,92100
600276,668,282,115800
601211,668,120,166500
603259,669,319,67300
601857,670,58,114100
600050,670,46,46600
601600,671,100,69200
601658,673,53,113100
601012,674,78,41400
601728,890,344,381200
601211,890,272,146862
600030,891,537,222400
600111,891,355,218400
600036,891,396,110500
600309,892,290,81700
601899,593,1415,1035000
603501,593,129,32800
600276,594,1339,506800
601166,594,148,211361
600111,682,124,57200
688981,682,47,15378
601857,683,684,623800
601288,683,102,348900
601728,683,148,81800
600887,684,191,82600
601988,684,49,68800
600760,684,29,7100
601628,685,57,12300
601166,686,112,86900
603019,686,63,13300
600900,687,246,112300
601857,689,171,130200
601012,595,352,389800
688111,805,34,11666
688008,806,240,61590
600111,808,69,41700
601211,809,211,160600
601088,809,116,36100
600900,809,209,122700
603986,810,543,101704
688012,600,294,90276
600760,600,69,17600
688981,792,207,75691
601601,794,114,49300
601127,794,73,19200
601211,794,131,110600
600309,795,135,43400
603259,796,241,42100
600406,796,622,930374
600150,875,732,344600
601728,877,270,407200
600276,878,265,83200
601211,879,267,97300
601166,879,56,43800
600036,879,394,299200
600809,811,67,11900
600887,811,242,108000
600089,811,77,51800
600930,811,82,85800
600276,813,181,82600
600760,813,54,48400
601328,814,446,313200
600050,814,46,91900
601728,815,102,111500
688256,815,73,15544
601166,815,53,35900
601012,609,503,474800
688256,609,194,42221
688008,609,648,193405
601288,827,1591,9312000
601628,828,111,45500
603993,829,194,289800
601012,829,392,469600
688256,829,59,10392
600519,830,45,5100
600089,830,121,70700
601857,831,404,270000
600028,831,815,906200
600183,618,1007,208800
601318,618,522,321100
688111,840,38,10488
601211,625,421,152400
603986,626,459,72800
601288,626,433,779600
601888,627,196,121300
688041,627,329,69503
603986,627,525,82900
601601,627,118,30812
688111,628,41,8137
603986,628,311,45300
603019,822,125,43500
601658,822,41,157600
688012,824,45,11050
603986,826,345,44000
600519,629,103,11200
600887,629,237,95300
600183,630,675,160298
603993,630,306,233100
688008,630,297,76309
601988,630,302,375300
600089,631,132,88600
600760,631,64,21000
600089,632,77,57800
601728,852,82,130100
600089,853,104,45600
601899,853,701,354800
600887,853,393,119300
600111,854,100,62100
600031,856,982,544200
600050,857,46,219000
601899,857,727,292400
600031,857,266,377500
603986,633,559,89300
601601,633,102,33700
600900,633,146,83800
601899,633,724,405800
601127,633,117,22900
603019,633,307,69500
600887,636,202,70300
601600,636,731,414700
603993,636,162,83900
600309,850,482,155000
601600,851,610,303300
601012,851,86,52000
600089,851,96,45600
600183,851,447,98700
601088,858,107,24600
601318,859,199,51700
601668,859,201,225200
688008,859,165,35983
600031,861,284,267300
600111,663,113,49700
600900,664,373,169100
688981,664,221,74723
600309,665,169,55800
600036,665,629,330600
601899,665,586,304200
688981,666,60,17941
600809,666,59,13900
600183,667,429,88527
601857,667,78,74600
600276,881,230,73500
600028,881,134,132100
601127,882,131,24700
601318,882,364,126500
600111,882,222,81800
600089,780,353,202000
688111,780,85,16550
601318,788,344,118100
600900,789,234,84200
601398,789,477,340300
600031,790,455,491000
603501,790,80,27600
600050,791,54,81000
600030,872,350,126600
603993,873,348,350800
688012,873,171,38327
600809,874,95,17000
688111,874,26,3477
601166,894,345,314999
600760,894,91,30740
600276,895,662,271800
601658,895,581,801400
603019,895,599,112500
600930,895,1108,1511000
601899,896,1117,457300
688012,785,82,28464
600309,650,376,101493
601988,686,223,425800
601600,857,245,194100
601988,570,2065,9750100
600406,570,1277,1045006
600030,570,2428,2076700
600111,570,1976,1067400
601211,596,339,247400
600406,596,133,94735
601600,597,358,481100
600111,597,534,182000
600030,798,350,322049
601988,798,661,2340200
601211,800,380,219159
601628,801,66,29400
603501,801,71,12500
601857,802,269,188600
601668,802,66,241400
601688,803,86,96500
601166,803,55,37400
600887,803,183,58200
600930,804,50,70900
601600,804,258,278300
603501,571,732,187700
601857,571,944,1033094
601288,571,970,2425600
601012,603,199,154800
603993,603,559,634400
601601,604,435,107800
600089,604,218,211700
600183,605,874,162869
601600,605,640,634000
601988,605,809,1157800
603993,572,1937,2949800
601127,572,928,264800
603019,601,409,111200
600089,601,227,220900
600150,602,778,410099
688111,602,129,32307
601211,781,353,178700
601398,782,230,271100
601688,783,85,62200
601628,783,70,12400
600030,785,125,48210
600930,785,44,48300
600900,785,260,153300
601166,785,139,63200
601166,786,117,55300
601988,786,501,513900
600028,787,265,186400
601628,787,105,25900
601288,787,134,159400
600276,573,728,473800
688008,610,922,345875
601318,610,280,99800
600930,611,51,74200
601888,611,187,74800
601857,612,195,195900
600183,613,1089,245900
600050,613,231,316900
601600,815,63,121700
600036,816,164,63600
600887,816,68,33200
601601,817,139,39800
603259,820,220,45700
600809,821,57,11900
688256,575,227,40621
601899,615,1193,519400
601857,616,313,460200
601318,616,409,198300
601012,616,122,114500
601658,616,92,141100
600760,616,80,16600
688041,843,143,29020
600519,843,57,7200
600089,844,127,99900
600930,845,3011,10995793
601166,847,140,65000
600809,847,76,14700
601919,847,248,184000
688012,847,119,19401
601688,848,185,95800
688008,623,321,76490
600406,576,325,182854
600089,577,181,116200
688041,577,681,165144
600900,620,538,343300
600900,621,640,350700
601688,621,317,206537
601601,621,274,62500
600887,621,147,112100
600183,622,1248,224000
601857,622,98,87800
600150,622,449,164500
603986,624,530,79200
603259,624,436,91000
601012,624,93,81900
600809,883,98,16000
601318,884,840,280000
601688,885,215,126400
600809,885,98,13400
600111,886,484,227000
688256,886,115,32054
603019,675,164,45100
601328,675,162,172600
601857,675,97,142100
688111,675,30,7378
688012,675,134,31716
601668,675,85,119400
600809,675,57,8800
688012,888,196,39066
601211,888,229,97100
601688,888,331,188800
688981,888,455,140953
601688,579,310,229700
600030,637,356,348200
601668,637,40,135300
603986,637,514,120013
601658,638,44,119100
601166,639,195,229700
601328,640,152,113300
601658,640,86,121400
688041,640,149,39958
603019,641,225,100585
600900,642,740,641200
601658,642,306,1245100
600887,862,556,216400
600050,862,104,159900
601658,862,458,743500
601857,863,299,179300
603019,863,158,38700
688256,864,59,9619
600887,865,275,114600
600809,865,80,8900
603986,866,247,33000
601857,867,516,468700
601988,867,150,423800
688012,646,99,21686
603986,647,388,126095
603501,647,46,9200
600887,647,109,71100
688111,649,21,3619
601166,650,144,143100
600760,650,64,21132
601211,651,206,93300
600111,652,75,19300
600183,583,1842,444722
600050,583,438,1569630
601857,583,721,694500
601919,584,667,387900
601318,869,201,74076
601601,869,194,48900
600900,870,726,426800
601012,870,117,86900
600309,871,405,135000
601919,871,698,246600
603019,652,109,28000
688041,653,177,33593
603986,653,418,58100
603993,654,308,211700
600111,655,99,31600
600309,655,258,78200
601899,655,224,150400
688111,655,36,9601
601600,656,131,120000
601899,657,241,176000
688256,657,117,30001
601888,657,29,8300
601127,587,539,206400
603259,835,256,49600
688012,835,108,20538
601728,835,436,492600
601899,835,277,129700
601127,836,107,15500
601658,837,69,171000
688256,837,77,16756
688256,838,34,10235
603986,838,160,27500
603993,838,102,71800
600406,838,154,53700
601398,662,473,305300
601728,588,101,115700
603019,588,474,154600
601398,588,2022,3057200
600111,588,283,143600
601857,588,535,502000
601166,588,443,613800
603986,589,1982,390400
601601,589,540,326008
601166,658,105,68900
601988,660,145,463500
601318,661,151,55200
601658,662,42,50200
600030,663,137,63500
600809,590,230,58400
600309,591,434,109900
688012,591,181,64168
600036,591,560,162500
601600,591,1115,2201500
600809,591,113,22100
601899,668,180,74500
601127,668,215,49245
603259,670,517,112100
601211,670,221,184901
688981,670,114,35750
601318,670,311,118857
688041,672,348,163969
600031,672,251,105200
601328,673,133,205800
603501,673,75,36800
688981,674,176,77600
600276,674,345,168300
601628,890,152,30600
601127,891,288,73400
600519,892,166,18800
601088,592,291,69500
601318,592,578,255500
600760,592,60,12900
601127,593,343,74000
600030,682,58,31000
600031,682,38,24100
601328,683,81,75800
600089,683,78,46400
601919,684,238,85800
601688,684,49,21000
600276,685,117,62900
603986,685,264,35600
688041,685,208,60667
600276,686,211,83400
601658,686,118,191800
688981,686,90,20964
601601,687,247,59000
600809,687,48,5600
601658,689,856,1942500
600089,689,137,92300
603986,595,1342,215900
688256,806,65,10861
603259,806,232,51700
601857,807,380,495300
603259,807,224,41300
601728,808,94,123900
600309,808,132,33400
601288,808,286,626200
601166,809,52,43900
603501,809,79,14900
601398,809,215,319600
600406,810,139,49300
601888,810,69,14200
600150,600,625,401476
600150,792,620,223400
600036,792,440,141100
601127,795,125,37800
603019,796,118,26308
688256,875,58,9860
601600,875,569,559700
600760,875,45,16140
601398,876,234,342600
600519,876,46,4600
600031,876,365,394600
601601,878,334,149100
600030,878,223,91900
601328,607,300,721400
603986,607,879,137349
688256,607,135,35364
603501,607,245,85100
600406,608,659,506800
601658,608,861,2173500
601728,608,128,89400
600760,811,43,11800
601012,811,62,71700
600111,811,125,44100
601688,813,63,59300
601857,813,282,206600
600031,814,211,205500
601600,827,356,241800
688111,827,32,13040
600900,828,335,205100
600036,828,257,94900
600089,829,109,116900
601600,829,92,103600
600900,830,169,65800
688012,830,82,16819
600809,831,54,9700
603019,618,127,41127
603993,619,610,729700
600809,839,56,13500
600809,841,66,10400
601668,842,68,185400
603993,625,314,204700
601628,625,95,22000
601919,625,227,97600
688008,627,375,81878
601166,627,265,181800
601628,628,138,67800
688041,628,137,24776
600760,822,61,12100
601211,822,53,39100
601398,823,175,223500
600111,823,96,33400
600050,823,726,4708000
601688,824,57,67000
688008,824,268,59796
601919,824,276,131300
600519,825,55,5600
601288,825,781,2432500
601668,825,963,3451580
600183,629,347,60300
603259,629,348,68320
601166,629,130,123800
601919,631,443,164700
601328,632,75,19200
600760,852,41,7400
688041,853,191,32577
601888,853,109,35000
601288,853,177,201400
600183,854,353,68800
600183,855,550,159900
688041,856,345,83360
601600,856,387,341000
601628,857,137,37900
601318,633,282,104100
601398,634,363,928200
600089,635,156,67600
600930,635,36,174200
601398,636,131,134100
603986,636,718,118300
600887,849,380,139900
601888,849,94,55400
601919,851,332,258100
600809,851,60,9600
600519,851,41,4200
601601,643,204,60700
688008,643,209,48898
600111,644,65,32700
600900,644,265,78900
601398,644,110,137200
601899,644,358,215200
600809,644,68,11800
600887,645,130,41200
603993,858,232,254000
600111,858,80,34300
601398,860,210,396700
603259,860,263,56500
600276,860,171,66300
601012,860,50,57915
601328,860,228,302500
603259,861,275,59800
600031,664,202,104300
601600,665,236,273000
601601,880,378,110700
601658,881,233,503900
600089,881,240,102600
601628,882,193,50600
688256,882,374,88761
600887,882,331,143100
601857,780,1867,3552300
603259,780,1638,455100
600887,780,946,569200
688111,788,9,1434
601628,791,122,32700
601857,872,179,72000
603259,872,243,44100
600900,873,511,748600
601211,874,193,53000
601668,874,94,206200
688012,874,124,26253
601166,893,126,109100
603259,893,741,148600
600111,894,460,149000
600900,895,641,379100
601601,896,595,170800
601088,668,95,40400
600183,891,822,213480
600276,879,254,120760
600276,570,1735,949560
600028,570,2903,9090200
600760,570,472,151960
603501,802,114,24400
601288,597,750,2546800
688008,598,533,170465
600276,599,490,186000
603019,599,442,124600
600028,599,1191,2143000
601211,798,143,165300
603993,798,210,157600
601857,799,81,81700
688041,799,152,29383
600930,800,58,78000
601398,800,419,410100
600111,804,76,39600
600887,571,503,299400
600887,604,784,792900
601658,605,147,155900
600519,605,264,29700
603019,606,501,158800
600887,606,676,426600
601658,606,538,1940400
688111,606,106,29173
600183,601,951,223800
601600,572,1120,2534600
601088,572,426,125000
688981,602,855,297724
601628,602,286,137900
600519,782,150,22100
600030,782,105,44300
601166,782,315,159700
688041,783,204,51468
601012,783,187,117700
600089,783,60,29600
603259,783,322,58600
601600,784,356,453890
601288,784,282,519000
600519,785,36,5500
688981,785,101,21277
600930,786,57,62900
600887,787,315,201400
601211,787,190,104600
688008,574,1997,596258
601688,610,59,24900
688041,611,277,63590
600050,611,29,130900
600900,611,241,206300
600030,612,274,242000
600089,612,190,125700
688256,613,291,55200
600519,613,151,18400
600111,613,215,100300
601658,816,62,82800
600031,816,165,209000
600406,816,157,78500
600309,817,189,49600
601398,817,101,124700
601668,817,50,208400
600036,818,223,73800
600150,819,384,189302
601127,820,147,29100
603019,821,228,61400
601088,575,535,127907
600150,575,3023,1802519
601688,615,143,70800
600809,615,275,77700
600887,615,299,182800
600276,616,451,140100
603986,843,274,42900
600309,843,194,54700
601211,844,214,127100
600050,844,145,849400
600111,844,53,18300
600930,844,574,1933800
601012,844,54,51600
601658,845,144,162700
600150,847,334,123275
601127,847,68,17800
600760,848,48,12200
600036,576,723,287400
600276,576,673,320100
600887,577,466,232500
601127,621,158,32800
601328,622,337,332400
600309,624,649,333000
603993,624,410,356700
600150,624,571,570800
600930,883,194,236000
600276,884,384,136000
601288,886,250,1082500
601688,886,510,173700
688012,886,149,26959
600030,578,467,296200
601919,676,39,34300
601688,676,207,95900
688111,676,37,8266
688981,676,70,15912
600111,676,43,22400
603986,677,149,20100
688041,677,138,26415
601728,677,48,52600
601899,678,610,225100
601628,680,75,30700
601318,681,260,67300
603993,888,481,516850
601728,889,474,309000
600930,889,343,697700
601398,579,489,559700
603501,580,305,76100
600760,638,118,62100
688008,639,497,117959
601857,639,96,117700
601668,640,153,1084700
688256,640,33,5770
600183,640,469,98400
688012,641,101,18603
600031,642,293,127500
603259,862,272,67300
603019,862,107,22000
601919,862,458,208600
688111,863,22,4674
600900,864,458,233900
688008,864,190,50333
688008,865,409,109918
601088,865,299,49700
601728,867,278,560300
601899,867,350,149200
601012,867,144,115600
600150,581,1280,756064
601088,581,335,79800
601398,581,678,985300
600030,582,624,483964
603259,582,683,187398
601988,646,269,295400
601728,646,126,125600
601658,647,478,434800
601088,648,194,53700
601328,649,100,78800
601988,650,742,404700
688111,650,36,9630
601899,652,218,107900
688111,652,36,12957
601988,583,550,890400
603019,583,449,160400
601328,583,391,550026
601166,583,193,211339
600089,583,287,264000
601888,583,118,48600
688111,583,174,50462
601012,584,1146,1472864
601688,584,174,127300
600900,869,478,331101
600406,869,165,58500
600309,870,474,124800
688256,870,133,21571
601600,585,783,1169300
600089,586,178,97400
600900,586,716,393300
601688,653,396,427800
688981,653,173,45302
600183,655,636,142300
600930,656,102,163400
688012,657,60,13737
603501,657,448,154400
600150,587,1731,775262
600036,832,478,152500
600809,833,59,11700
601988,835,437,296000
601728,836,119,156900
600406,588,164,85800
601288,588,1755,6706300
600150,589,638,368760
600760,658,116,46700
601888,658,53,38400
600050,659,41,85700
601658,661,19,52200
600028,661,106,152400
688041,662,163,69872
600050,662,39,167100
601988,663,303,151900
688008,663,238,50372
601888,663,87,38677
600887,663,122,45800
600036,590,628,194800
600031,591,633,406700
600760,669,328,146900
601166,669,86,52900
601668,670,58,119000
600183,670,467,94300
600031,670,138,58900
601211,672,191,249800
600111,673,62,30700
600887,673,175,82500
688111,673,16,3563
601728,673,38,61900
600900,674,421,221700
601988,890,518,621600
601899,890,574,430901
601211,891,318,108400
600309,891,241,59800
601088,891,233,57700
688981,891,425,150690
600887,891,198,56800
600900,892,711,396300
601398,892,1026,1326169
601899,592,1071,657689
601398,592,766,1962600
688111,593,223,48456
603986,593,1179,203200
601688,593,202,144100
601688,594,304,231400
601857,594,447,398900
601012,682,183,212500
600309,682,112,34800
600519,684,44,4500
601600,685,43,118000
600028,685,53,82300
600760,685,54,30900
600036,686,308,85700
600089,686,81,32500
600276,688,129,62000
601919,688,69,36900
601688,689,184,120100
603986,689,379,54200
600150,595,582,393140
601899,805,402,243200
601088,805,208,48400
601127,805,77,20300
600028,806,107,184200
601088,806,106,29700
601166,807,114,85500
603019,808,181,53200
688008,809,204,48107
600760,809,71,22300
600930,810,100,231600
600809,810,80,13500
600406,600,203,113900
601288,600,210,394900
601211,600,360,156900
603986,792,307,37487
603259,792,201,38400
600089,792,170,79440
601318,792,356,159500
601628,792,120,27800
600030,794,122,58900
600406,794,66,25800
600050,795,38,45100
601728,795,52,84300
601318,795,197,76331
600309,796,134,52700
688111,796,39,7945
603259,797,212,41900
601688,797,161,118400
601166,797,66,95600
601888,875,48,12200
601012,877,245,199800
600150,879,719,270776
601668,879,109,323500
601012,607,961,1264500
601899,607,515,254200
603259,607,670,129100
601600,608,690,551700
688012,811,108,20697
688256,811,69,14137
603501,811,78,15000
600050,811,95,193000
600309,812,132,28500
600809,813,57,13400
600809,814,102,32553
601088,814,155,34500
600036,815,464,129400
601211,815,215,61300
603993,827,87,109700
601166,829,131,82700
600809,829,66,16000
601601,830,147,48100
688256,618,61,12429
688111,618,38,21289
601857,619,398,379400
600930,619,79,173600
601012,839,60,39300
601328,840,76,78100
601628,840,141,31200
688256,840,136,22539
600036,841,510,194300
601688,841,79,46700
600930,842,65,74000
603993,842,212,160700
600089,625,104,111100
601601,625,168,31400
601857,628,133,116400
688041,822,308,72657
688256,823,49,7016
600809,825,36,6600
601899,826,490,295700
600276,826,129,97420
601601,629,158,62600
601288,629,300,527600
600028,631,791,869600
601328,631,750,423800
688111,631,66,14903
603019,854,92,36300
600309,856,1412,610000
600930,856,225,437400
603259,857,171,27700
688256,857,84,16574
601658,633,398,1299600
601919,633,256,112700
601857,633,511,565000
601728,634,65,85400
600036,635,147,32900
600031,635,430,174600
600760,635,23,7500
600031,636,220,99200
601728,849,132,97200
601899,850,456,211400
688008,850,269,60820
601857,851,344,569700
600406,851,126,141700
601888,643,119,47000
603986,644,350,50500
600183,644,318,62573
603501,644,72,16700
600089,645,86,79100
688111,645,37,8256
603501,860,81,17800
600030,861,479,273700
600031,663,196,107000
601658,664,72,86400
601668,667,42,41900
601318,880,473,160800
601899,880,1065,735800
601857,882,743,543100
601899,882,1125,629700
601888,882,80,36500
600030,780,496,264000
601919,780,965,552350
603993,780,1432,1961900
600036,780,758,188700
601601,780,600,242700
600930,788,35,80000
600406,789,70,35800
601012,789,198,106800
601728,789,71,101500
600760,789,70,26900
601857,790,375,668300
600406,790,60,22700
601988,790,238,250800
601166,791,115,49300
600183,872,487,74000
600089,872,188,114000
601888,872,56,20800
600406,873,119,66800
600809,873,73,14400
600930,874,278,243800
600760,874,127,49900
603993,874,206,166000
688012,893,146,28005
600150,893,971,455166
600519,893,144,17700
601919,893,416,158199
603986,894,1156,158400
600050,895,523,1042000
601658,896,559,472600
600809,896,99,16900
600028,663,110,134000
688256,673,41,7203
600900,688,307,249100
600900,570,3155,3048800
600089,597,578,379400
688041,597,454,178032
600900,598,648,485700
600887,798,241,111200
601088,798,151,35300
600309,799,126,35800
601688,800,112,103000
601328,802,624,1346600
601899,803,489,248771
601688,804,97,100500
600309,603,368,140200
601318,603,484,191300
600111,603,345,136300
600519,603,159,19840
600036,604,435,166000
601288,605,2458,5965300
600760,606,65,23300
601628,601,218,76900
688111,601,92,18833
603259,781,615,182700
601899,781,532,271000
601318,781,249,54700
601600,781,863,589300
688041,782,136,30586
601601,782,137,25700
688981,782,103,23376
600111,782,113,36600
601211,783,148,48900
601888,783,40,12700
688981,783,118,34703
603259,784,257,50300
600276,785,99,40400
600031,785,530,493800
600089,785,73,24000
600036,785,272,79573
600760,786,27,9700
600031,613,430,383800
600183,573,2864,622300
601728,574,411,518300
600887,574,335,197400
600050,574,227,526100
600887,610,430,339300
601919,610,367,173700
601398,610,658,624400
601600,610,391,675500
600036,610,326,118000
601600,611,517,349600
601728,612,93,83100
603019,612,325,122200
600111,612,148,42600
601668,613,234,1704620
601658,815,33,56600
600031,815,168,108700
601088,816,133,34600
600030,818,267,114300
601127,819,78,13800
600036,820,147,58300
688981,821,111,31585
603986,575,1748,299859
601919,575,590,389500
601288,614,260,285900
601628,614,146,42000
600760,614,48,10400
600150,615,761,535121
601688,616,116,74400
600309,617,1744,933800
600028,843,39,77500
600028,844,79,98200
600309,844,284,109700
600519,844,40,4400
600028,845,108,135800
600887,845,53,23200
600089,845,73,66900
601688,846,397,230000
600031,846,233,220300
688256,846,72,13504
603501,847,63,10500
600760,847,49,12500
600887,848,329,172900
603986,576,1662,317800
601318,577,612,236400
601088,621,172,27400
601398,883,251,463500
600309,884,377,181902
601899,885,1255,615000
603993,886,577,331300
600183,578,1219,265190
601688,578,213,220300
600406,675,59,27500
603501,675,57,15900
601728,675,61,61400
688008,676,241,95597
600183,677,465,104500
600276,677,325,180460
601211,677,56,20200
600089,677,61,39500
600276,678,238,129500
601919,680,49,22200
600150,681,373,117100
600309,681,379,89600
603259,887,452,93800
688012,887,242,55744
600031,888,3100,2489065
601398,888,446,578400
600887,888,246,82706
600030,579,802,721000
600111,579,398,185000
600887,637,139,65200
601857,637,96,84900
601728,637,420,274400
601211,638,150,62400
601398,641,354,655800
601127,642,106,19700
601211,642,383,351900
601919,642,379,195500
601728,642,99,98400
600519,862,73,7700
603993,863,154,134900
601318,865,281,96100
601600,865,1113,909700
600028,866,111,120800
601728,866,149,119900
600760,866,95,18900
600031,867,249,204100
603986,867,277,46600
601668,651,86,210400
601601,581,416,191500
601288,581,637,1090300
600309,581,1070,530700
601601,582,1269,896756
600031,582,395,199301
688008,646,291,79388
601127,646,274,76200
601127,647,152,25100
603259,647,188,46606
600028,649,164,120800
601398,649,148,357300
601988,649,430,355100
601288,650,806,1379200
600111,651,143,42400
601328,651,229,155600
601857,652,189,142500
688256,583,158,27315
601899,584,715,616701
600150,868,522,153072
600309,869,458,107700
603259,870,319,67100
603501,870,128,25300
603986,871,273,38600
688008,585,2013,845927
601601,586,524,239600
600028,586,944,1908700
688111,586,173,49250
601919,652,31,31800
600930,653,88,122200
600760,653,56,29000
600028,654,65,104600
603501,654,106,20200
601658,655,82,185300
601318,655,222,55600
600031,657,434,276800
688111,832,15,2599
600036,833,247,90400
603993,833,83,51300
601166,833,180,98800
601728,833,108,98100
601088,834,114,25400
601127,835,140,22700
601688,836,254,169500
688041,836,202,37941
601398,838,208,481400
601318,838,237,88969
600150,588,1710,1337024
600028,588,237,391600
601088,589,227,51400
600309,589,414,116500
601688,658,186,145900
600030,659,62,26900
601166,660,44,29300
688012,660,45,9709
601857,661,77,71700
603993,661,214,88400
600150,663,388,136600
601012,663,167,88400
688012,663,39,11029
601888,590,149,65300
688981,590,424,155110
601211,590,323,167600
601668,591,161,707200
688008,668,563,173604
600089,668,58,30200
601012,668,817,729027
601288,669,232,447700
688012,671,107,33505
603986,672,281,39100
601899,672,531,192800
603501,672,59,10500
603986,674,184,26700
601318,674,259,77500
601728,674,55,61300
688041,890,418,95252
601600,892,784,666346
603986,892,778,118890
601318,892,631,228581
688111,892,113,25969
688041,683,209,60012
600031,592,269,129500
601658,593,55,126300
601398,593,850,1013700
601166,593,250,390939
688256,593,204,40283
601127,594,540,166100
601288,594,490,839800
601888,594,222,94800
601166,682,40,35100
601600,683,127,64100
688981,683,88,26794
600309,683,88,23500
601899,684,775,334000
688041,684,236,128318
600111,685,72,37800
600887,688,100,46800
601899,688,271,143100
603019,689,68,13000
600309,689,175,78200
600111,595,359,161600
601088,595,379,91700
601857,805,146,100800
601398,806,552,404700
600111,807,74,25400
601211,808,411,285800
601398,810,477,255900
601988,792,51,257600
600050,793,73,103400
601628,793,60,14000
601600,793,72,150300
600150,794,591,496400
603019,794,108,24308
600111,794,54,22100
603019,795,257,50492
688981,795,134,28564
601288,796,161,217400
600111,797,51,17383
601318,797,192,45700
603501,875,65,14200
688008,875,302,95109
688111,875,16,3180
600030,876,366,114000
601857,876,169,111000
601127,877,135,25400
601211,877,447,210600
601088,878,150,47600
601012,878,157,104000
600519,878,85,9500
688256,879,181,30029
601628,607,221,80100
600089,608,197,212500
688008,812,129,26371
600519,812,63,7700
600276,812,180,65500
600900,812,192,115600
603259,813,212,45700
603986,609,2226,355000
601398,827,105,217000
601127,827,98,14400
600089,828,154,150290
688012,829,117,24536
603986,829,281,34400
600309,829,538,252300
601211,830,242,62200
600150,830,505,164400
600309,830,462,152200
600406,831,229,129800
601988,831,723,678800
601988,618,818,1918900
600900,618,270,139200
600183,619,982,231300
601398,840,109,83100
601899,839,1004,421900
600900,839,305,137600
600150,840,523,205400
600111,840,96,44300
603019,841,155,38700
601012,842,41,40000
600150,625,399,342136
600030,625,293,387385
688111,625,25,7731
688012,626,166,28388
600028,626,527,640400
600519,627,109,11700
603501,628,74,15400
601919,628,209,154700
603993,628,248,163100
601728,822,59,129000
601012,822,318,264300
601166,822,55,84900
600150,823,488,183500
603986,823,477,66700
601211,823,293,100500
603993,824,176,194500
601688,826,216,177800
600183,826,343,61100
600309,629,466,142100
601211,630,118,50500
600150,632,426,142400
601919,632,253,112400
600036,632,275,72900
600887,854,313,100200
600030,854,139,74400
600050,855,526,1274500
601628,633,93,19900
600900,634,486,158700
601012,634,105,67500
601318,634,237,95900
600028,635,908,2959300
688012,635,160,44815
601728,636,102,100800
600050,636,141,222400
600030,849,419,214400
601601,849,272,174300
601601,850,699,390600
601318,643,248,95900
601988,643,1448,2961800
600028,644,637,636120
603501,645,82,32000
600111,859,69,25700
600111,860,51,17700
601628,860,107,24700
603019,860,94,24300
601601,860,226,67500
601600,664,368,317400
600111,665,114,42200
601166,880,119,81500
600276,780,1062,480850
601166,780,500,407600
600031,780,317,176500
601288,789,149,171600
601728,790,117,85600
600887,872,590,127300
601658,873,109,337800
600111,873,158,45700
601318,874,373,121000
603019,893,487,117834
688008,894,571,158627
601688,895,616,416400
600519,895,134,15500
603986,896,1388,218000
600406,597,314,207100
601127,597,571,226800
600050,598,64,52500
600036,798,185,75900
603993,800,215,157500
601012,800,108,174900
601888,801,121,49200
601668,801,30,198100
688256,801,40,8084
601398,802,663,1997100
603986,803,237,33300
603986,804,165,23204
688008,571,2418,780534
601988,571,838,2023150
600276,603,542,235000
688041,603,572,226337
601211,603,409,191086
601668,603,169,387100
601728,603,101,108000
601888,604,404,156300
600183,604,1259,274700
601088,604,297,61500
600150,604,981,667762
601668,605,135,316200
600028,572,758,2103900
601398,572,901,1999800
601728,601,85,84500
603019,602,488,130300
601919,781,361,212200
601012,782,255,115100
688008,784,234,64579
601688,785,70,37800
601628,785,48,15300
601288,786,209,186100
603259,787,266,44100
601688,787,68,72900
600309,787,190,66800
600050,787,18,82500
688012,610,223,76509
688111,573,193,51128
601899,574,1247,1182200
601899,612,728,309300
601888,612,209,96200
600150,815,324,116700
688041,815,304,75598
601658,817,55,97200
601012,818,70,46300
600276,820,200,58800
601688,820,70,73900
601288,820,133,463700
688041,821,258,49883
603993,575,1006,1169387
601318,615,311,98000
600031,615,397,271100
603259,617,607,145100
688981,617,191,65902
601888,617,184,102100
688256,617,179,42907
600276,843,179,61300
600900,843,678,279600
603986,844,207,32700
688256,844,68,17495
600406,845,96,59900
603501,846,64,10500
688041,848,204,35208
601899,576,2198,1271100
601888,576,379,211700
601127,620,268,75000
601318,621,267,185700
688008,622,387,81217
601668,624,342,1738400
601288,883,176,345500
600036,884,433,113500
601088,884,275,62800
601012,886,175,119900
600900,675,420,180600
601127,675,57,8100
601899,676,249,133000
688981,677,86,24808
601668,680,94,106900
600183,680,754,226600
601658,680,195,148100
601088,680,128,26800
601127,681,396,120155
688256,681,58,9543
688008,887,381,76689
601888,888,159,54400
600089,888,214,76500
601668,638,40,59300
601857,638,162,142200
688012,638,110,28836
600089,639,66,39300
688256,639,81,14088
603986,640,313,58900
688981,640,187,80686
601668,641,63,163900
688041,641,117,24839
603986,641,295,43500
688256,641,64,10721
601988,642,1302,1318700
688111,642,34,6642
600809,862,56,10500
603993,862,246,317300
688041,862,195,35124
600309,864,543,175800
600519,864,55,6100
688041,864,161,28423
600406,864,163,65700
600760,865,59,16700
688041,865,191,40405
601288,866,164,345200
600036,866,410,175600
688981,866,134,35956
688012,866,131,28115
601668,867,96,341600
601888,867,54,15000
601127,867,125,59100
688981,581,426,174990
600760,582,73,20800
600900,646,324,134100
600760,646,239,125700
601012,646,261,172200
600887,648,182,81300
600031,649,156,92500
601688,650,118,155400
600030,651,98,55100
603501,651,92,13800
600030,652,150,73800
600887,583,416,402400
600519,584,143,16350
600111,584,609,322212
688981,584,404,164359
688111,584,141,39153
601988,868,147,165800
600887,868,289,98000
601919,868,232,180900
601628,869,267,105300
600036,869,359,163956
603993,870,295,266200
600036,870,941,289300
601398,871,197,455000
600031,871,233,105800
601601,585,489,170700
600900,585,1193,438500
688981,585,354,139900
600111,586,409,186345
601857,586,460,749500
600930,652,103,274000
603259,652,288,56900
600036,653,342,96500
600309,653,248,65200
600406,655,154,41800
600930,655,64,103800
601211,655,175,93100
600760,656,39,28100
688012,587,339,91404
600900,587,1356,934200
688041,832,179,39196
600519,832,61,6200
601899,832,387,162000
601318,835,341,131100
601857,835,142,116600
600519,835,64,6700
688111,835,14,4166
601988,836,143,145200
688012,836,102,16919
601328,836,339,792300
600030,837,215,189400
688012,837,143,27542
601728,838,498,454200
601211,838,251,427005
688008,588,1179,269331
601628,588,276,77400
601899,588,1144,759984
601668,589,1438,8550300
600089,658,59,31300
603993,659,214,158500
600036,659,146,43800
601601,659,233,67700
600309,662,172,60900
688256,662,113,20239
600760,663,29,8800
601288,663,648,906900
600183,590,2249,535200
600030,668,100,72900
688111,668,18,2502
600519,669,108,12786
600111,669,58,23100
601328,669,91,130400
601601,670,195,55000
600183,671,526,120000
603019,891,398,147500
601728,671,192,266900
601628,672,88,41800
600036,672,304,148500
600519,672,68,6700
603993,673,104,68800
688008,673,241,52364
601888,674,56,18500
601857,891,440,330100
601628,891,214,81600
600089,891,214,125400
601088,892,478,243600
601919,892,415,154600
601601,892,214,48338
600930,592,138,267400
603259,592,1508,456100
601857,592,668,594200
601012,593,517,291500
601628,682,130,25000
601728,682,83,111600
600031,684,172,73100
600030,685,229,113000
601688,685,60,34000
600031,686,184,147000
688041,686,235,72865
601658,687,170,142900
600050,687,19,20900
600150,688,292,121100
600050,689,81,68800
603993,689,178,185127
601728,689,346,515400
601166,689,161,79800
601012,689,86,68200
603501,595,123,25400
600900,805,247,140300
601211,805,228,221400
601318,807,207,66200
600089,808,39,12800
601288,809,148,272500
601888,809,36,10700
601728,600,51,55200
600309,600,482,156200
601166,792,80,59100
688041,793,173,34296
600111,793,95,42400
600887,793,55,22300
601088,793,128,28100
600036,794,287,109300
601328,795,136,318600
600030,796,213,57899
600030,797,254,182800
600183,797,364,73800
601919,798,543,348500
600900,875,329,180400
600183,875,485,123500
601688,875,77,45200
601919,875,387,174300
600930,876,102,196600
600031,877,472,320800
601600,877,825,790700
688256,877,97,17209
603986,878,529,72770
600809,878,52,11400
601318,878,289,95900
600030,879,314,102800
603501,879,114,35300
600276,607,668,290600
601857,608,263,349600
601328,811,196,135100
601211,811,371,228400
601012,815,38,42300
600930,609,80,155100
688981,609,374,111244
600887,827,180,72300
601166,827,118,69200
688008,829,185,41341
603501,829,48,9200
601888,830,63,15000
601328,831,427,1158100
688008,618,558,148571
600183,839,316,59200
601127,839,173,40400
603993,839,136,196400
601688,840,197,196300
603259,840,386,62700
688012,841,61,10774
603986,842,259,36400
601988,628,267,360100
601899,625,445,206200
600036,626,305,76400
688012,627,109,24562
600809,628,95,14700
688008,628,229,45744
601899,822,246,169400
601398,822,139,256000
600050,822,43,69100
600406,823,113,45400
600031,823,275,247000
601088,824,85,23100
688111,824,23,3560
601988,826,61,189300
603501,826,90,16300
600930,826,107,217300
601988,629,529,1977400
601857,630,220,162600
601857,631,214,136000
601668,632,112,537800
603501,632,114,30100
601288,852,1204,1742500
601688,852,122,115000
600930,854,119,93500
688041,854,150,29376
601012,855,90,48320
600900,856,739,332200
600150,856,523,158276
601012,856,395,328700
601988,857,457,448700
600089,857,146,63900
600183,633,457,81300
600519,633,92,11360
601600,634,472,290900
601658,634,52,90700
603986,634,486,85800
601328,635,47,124600
603993,635,166,110800
603986,635,1037,302000
601166,636,171,225400
600900,636,424,277700
601988,849,211,817300
600900,850,415,161600
601919,850,399,278100
688111,851,26,10221
600150,645,598,330124
600276,644,363,164600
601211,644,69,90900
600111,645,166,51500
600519,858,45,4600
603019,859,97,31100
600887,861,434,155800
601888,861,36,9800
688041,664,246,81600
688256,665,93,14671
600089,665,138,60100
603986,666,213,31900
600111,667,101,42600
688012,881,234,54444
601398,780,1161,2702946
600406,780,269,170400
688008,788,238,61836
601857,788,391,431400
601211,788,344,148100
600050,788,40,34100
601288,790,381,862600
688041,790,134,24144
601728,791,181,158300
600031,873,784,653800
601012,873,190,119692
600030,874,164,74200
601600,894,543,989700
603986,895,1141,169200
601888,895,182,71200
601988,895,446,838200
603501,896,232,66700
600036,784,394,200600
600276,817,127,66700
601318,649,294,137396
600276,650,252,89800
601127,645,66,18900
601088,570,1642,574000
601628,570,1421,883000
601012,799,240,154800
601127,596,469,179300
600111,596,184,63300
600050,599,101,181400
603259,599,932,175200
601628,599,189,57600
688012,599,371,109512
600760,798,47,18500
601328,798,56,38100
601728,798,24,68100
601601,798,140,42000
600030,800,261,151200
601088,800,252,45600
600150,800,456,169100
600900,800,446,353700
600030,801,406,318700
688111,801,31,8076
688012,802,71,12858
601600,802,196,137600
600276,803,275,135800
601088,804,132,25300
600150,603,791,324498
600887,603,1787,1688700
600030,603,289,160600
603986,605,776,119351
601328,606,577,387600
688256,606,174,51370
600150,572,2406,1289446
600050,572,1378,6336100
600183,602,804,149300
600406,602,333,256900
601012,602,323,236200
603501,603,150,43700
600028,781,728,2333900
600900,781,213,81900
601728,782,439,294500
600760,782,45,23700
688111,782,24,4065
601600,783,512,462710
601328,783,211,217500
601211,784,108,74700
600887,784,463,276600
688012,784,71,24420
601728,785,81,75400
601857,785,290,296400
601012,785,66,50800
688041,785,206,64293
600760,785,34,16809
601688,786,66,38900
601601,787,168,30400
601600,787,419,802590
600036,787,100,39600
600150,787,317,91600
601127,787,79,31502
601166,573,473,482400
601088,574,529,150600
603259,610,1623,394400
603019,611,361,144100
688012,611,198,38766
601127,611,213,39800
601088,612,217,56800
603986,613,1755,303300
688008,613,467,134072
601628,816,98,21800
601398,816,252,144500
600930,817,113,243000
601899,817,466,262600
601888,817,45,16200
601288,818,468,1098500
600030,819,260,172900
601211,819,248,91400
600760,819,57,19500
601601,820,223,91700
600050,820,142,338300
601899,821,298,190300
601601,821,192,81400
601211,821,57,41900
601398,575,2145,5403800
600031,575,697,433500
603501,575,490,136200
601658,575,712,3159600
600150,614,551,263346
688041,614,256,54137
600406,614,440,265400
688111,615,54,10542
600028,615,2244,5048830
601728,616,131,141900
603019,616,229,44000
603501,617,158,47200
601688,617,211,112300
601658,617,43,74300
601012,843,65,35100
601688,843,79,35300
601919,844,161,74300
601288,845,119,312000
600150,848,548,161300
600930,577,625,1181200
601166,577,188,185500
601318,620,391,202000
601919,620,297,104500
603259,621,540,104000
603019,621,121,23700
601166,621,218,196600
600111,622,262,235400
600030,622,193,97600
603259,622,559,128000
600276,622,501,161574
600031,623,268,254900
601728,624,100,75500
601857,884,615,628800
600150,884,1274,535772
600050,884,207,600900
600031,885,475,327700
601211,885,174,153310
600309,885,496,197100
600150,886,1118,389830
600887,578,212,109100
600028,676,144,386900
600183,676,374,84700
600036,677,515,529500
600150,677,307,123900
600809,679,42,6200
601012,679,56,24700
688041,679,152,27362
601211,680,168,151200
600406,680,44,29300
600519,681,53,6100
601288,681,313,629000
600111,888,469,211400
600809,889,79,15200
600031,579,508,216200
688008,579,2867,1076707
601088,579,459,104400
600760,580,124,44900
600809,638,50,8800
601398,638,712,1087700
601318,638,328,90200
603986,638,311,45700
688256,638,145,25269
600183,639,398,78000
601328,642,910,778400
688041,642,177,55983
603501,862,97,17100
600036,863,267,101300
601899,864,562,240200
603019,865,154,35200
601919,865,332,175900
601211,867,115,61200
601600,867,444,232800
603259,867,232,44700
600111,867,75,37100
603993,867,200,187100
601398,867,196,232200
688041,581,604,179524
601668,581,141,841000
601988,581,607,1440900
600089,581,339,388100
688041,647,175,54006
601601,648,313,119500
600150,650,588,250200
688981,651,47,13944
600111,583,396,172400
600930,583,86,150300
600031,583,259,106000
600150,584,1297,560173
601088,584,387,108400
601628,584,277,109800
601012,868,352,339913
600519,870,190,23300
600406,871,300,224439
601888,871,84,41400
601318,585,463,264195
601888,586,198,69500
601127,586,415,119200
600900,653,510,340700
601899,654,608,409500
688041,655,163,49136
600900,655,668,881300
600050,655,106,154600
601012,656,56,49800
603259,656,928,241100
601288,656,474,768100
601628,656,171,44500
600089,657,85,52800
600276,833,167,49000
600089,834,212,113500
601658,835,58,92200
600050,836,57,135700
600406,837,221,83200
603259,837,270,54300
601658,589,465,319200
688008,658,222,48938
600406,661,162,53600
601601,661,78,26100
600930,661,2379,10171800
601728,662,64,58800
601088,662,276,66900
601600,663,756,1068000
603019,590,435,106300
601088,591,478,136000
601328,591,480,1023000
600111,591,462,204000
600150,668,537,262300
688012,670,135,28608
601088,670,149,50000
601398,674,157,186300
688012,890,189,42209
600050,890,95,251300
601127,892,319,96400
600150,892,1466,804671
688981,592,372,172337
600519,592,150,17300
601211,682,179,144000
600887,683,168,39800
600183,683,372,98450
688008,684,165,45633
601600,684,113,181400
601127,685,122,92100
601600,686,136,154100
601211,686,66,40000
688008,687,173,45557
601628,687,189,53500
600406,688,58,29900
601318,688,333,102800
601088,689,95,23400
600030,689,147,63200
601888,689,68,21000
601600,689,834,632100
688041,689,151,45983
601288,595,1084,3266500
601601,595,376,114300
601600,805,307,220200
601888,808,185,49200
688041,808,150,37819
601012,808,62,28200
601600,809,356,297400
601988,810,957,2653500
600031,810,140,79200
601600,810,220,271000
600036,810,447,120100
600309,810,111,25900
688041,600,463,125847
600930,792,106,253800
600031,792,143,105400
603993,792,211,155400
601919,793,205,97900
688041,794,188,40847
600028,796,440,445300
603501,797,25,5800
603259,876,247,40900
600809,876,107,22600
688111,876,22,5541
600276,877,239,102200
600150,878,906,396800
600028,878,95,94400
600111,879,183,82600
601919,879,418,196200
688041,607,249,74263
688111,608,319,160691
688041,812,498,112791
601601,812,95,39300
600183,814,649,150900
601628,814,155,67900
600760,814,49,10800
601127,814,173,42837
603259,827,229,56900
600036,827,285,87800
600760,827,22,4400
600183,828,305,56700
601988,830,199,351700
601728,831,158,149100
600028,618,512,731400
601600,618,788,1063400
600111,619,187,70700
603019,840,271,65700
600036,840,473,151100
601166,841,169,123800
601857,842,466,305300
600309,842,521,225000
600111,625,186,114700
600809,625,169,34900
688981,626,136,49480
600809,626,112,17800
600276,627,376,97000
601012,627,626,440200
603501,627,99,19800
688981,628,95,24560
601088,628,139,63000
600030,822,109,63400
601857,822,224,153400
601888,822,46,10000
600887,823,147,38100
603501,825,80,12400
600036,826,269,78900
603993,629,228,160800
601988,631,82,103500
601127,631,216,35100
601628,631,89,56000
601658,631,74,122900
601088,632,139,37700
688981,632,134,42713
601668,852,79,151300
600519,853,48,5200
601601,853,258,152600
601398,853,105,232300
688012,854,108,40204
601668,854,266,467300
600760,854,68,29200
601888,855,69,19300
603019,855,136,59500
688256,855,71,12042
600930,855,108,154400
688008,856,187,42605
600406,856,139,75400
601318,857,277,104500
601668,857,70,149300
600406,633,180,86800
601318,636,259,91900
600760,636,18,4600
601888,850,54,13400
600036,850,342,135400
600111,850,108,44200
600276,851,414,113800
601318,851,183,50000
600930,851,162,317100
603993,851,124,114500
603259,643,327,75200
601012,645,162,106600
688008,645,304,69797
600183,645,338,61200
688256,858,111,25652
601668,858,133,293400
603501,859,69,14600
688981,859,107,44438
600760,859,55,13200
600089,861,82,36300
600406,861,164,80500
601600,861,643,1299600
603993,665,253,162800
600050,665,42,91400
600030,666,121,58300
601318,666,201,45400
601211,666,110,26700
600111,880,238,81200
601728,881,284,203400
601288,788,392,1096300
601857,789,470,435300
688981,789,100,22769
603993,789,336,402300
603019,789,86,27700
601919,791,414,173080
601318,872,305,82400
600809,872,73,14500
688111,872,24,3600
601088,873,146,43500
600183,873,650,130000
688256,874,68,11004
601688,874,228,167800
600030,893,492,354785
601601,893,631,230400
601166,895,368,279000
600030,895,437,280600
600030,621,186,93500
603019,835,224,104000
600150,810,488,249102
601668,570,268,885580
601600,570,2427,7197400
601658,570,2069,9863100
600930,570,734,2534700
601328,570,2178,7082665
601888,596,724,302300
601328,596,271,663300
601318,597,399,233700
601668,597,1113,6856020
601728,597,84,74600
600809,598,148,43800
600519,598,49,5200
601601,599,381,146600
603501,798,45,11200
601688,799,130,106800
600050,799,146,174000
601668,799,96,141200
601318,799,235,60683
688008,800,192,37297
601328,800,59,112900
600028,800,550,1700200
600760,802,31,11000
688012,803,73,24816
600760,803,42,25700
601088,803,133,23300
688041,804,252,47260
601328,804,85,73500
601127,603,370,126200
600111,604,328,178900
600276,605,506,290500
601899,605,627,496500
603986,606,823,123793
600900,606,435,225400
601899,606,733,334771
600406,606,340,171820
601088,606,192,40400
688256,572,609,143140
600030,787,130,53600
601012,572,408,608400
600028,602,1589,4077800
600036,602,482,275700
601888,602,169,59200
688041,781,246,61605
688981,781,115,36281
600309,782,239,58300
600030,783,103,64900
688012,783,92,19381
601088,784,141,42800
601211,785,291,199900
601728,787,81,85000
600900,573,660,735000
601919,573,491,397400
600089,574,219,216500
601988,574,926,5488800
600809,574,356,92000
600028,610,122,301500
600887,611,424,183300
601012,612,133,88300
601288,815,104,202900
601398,815,1206,1430100
603986,816,583,91800
603259,817,167,30100
688111,817,17,4682
600111,818,118,35800
600900,819,182,96600
603501,819,53,12400
601857,820,175,138400
688008,820,412,84430
601658,820,54,127700
600900,575,626,445883
601668,575,346,573600
601888,615,134,43500
688041,615,206,43710
601628,616,130,45600
600028,617,952,1797000
600930,617,43,82800
601166,843,60,38000
601328,844,258,139800
601088,844,155,33900
601899,846,628,251100
688008,846,253,55640
600036,846,429,98000
688111,846,10,1557
601398,846,500,394500
603259,846,300,82300
600183,846,265,56400
601211,847,169,58248
601012,576,774,1452500
600111,577,499,268900
601211,577,412,284200
601601,620,459,398300
601328,621,658,1018900
688111,621,31,6724
600183,621,1933,397200
688008,621,360,82919
600930,623,707,2455300
600519,624,107,14100
601166,883,101,89000
688012,885,217,41806
601601,885,514,127100
601328,885,230,445400
601600,886,2563,3528200
600760,578,159,62600
688012,676,100,21112
601628,678,126,30600
600036,678,325,289300
600760,678,57,19300
601601,679,126,35500
600036,679,209,61300
688256,680,51,8429
603986,681,420,67399
601012,681,39,20100
601658,888,151,238600
601899,888,494,274300
600406,888,219,130200
600028,888,1213,1189660
688041,637,183,38915
600028,640,693,1691900
601628,640,74,25900
603993,641,351,359600
601288,642,1437,4881500
600809,642,125,45600
600900,863,257,148700
601318,863,268,84700
600930,865,491,739700
600809,866,57,11600
603501,866,87,15800
600183,867,717,155200
603993,646,6451,8292400
601166,647,131,122500
688111,647,21,4080
688041,648,273,63234
600900,649,191,129800
603259,650,294,50800
688041,650,242,48377
600183,650,414,69000
600406,651,146,61300
601988,651,138,233600
601728,651,48,74600
600760,651,47,15168
688008,583,1231,367926
600406,583,388,196500
600036,584,668,280239
601728,584,315,365000
600519,868,60,6000
600150,869,438,188964
601888,869,89,24800
600028,869,319,249000
601127,871,277,61500
688012,653,80,21914
603986,654,499,80300
600900,654,283,191900
600028,655,79,148700
600036,656,322,74700
601668,656,68,197600
601628,657,124,33200
601919,587,559,325300
600036,587,1015,550000
688256,587,135,26598
601088,832,196,45300
601857,832,249,201400
600900,833,368,163100
601919,833,123,51300
601328,833,72,60400
600089,835,78,33000
600030,838,146,364949
601127,588,457,165900
600519,589,111,13041
688256,589,204,38349
603986,658,324,48200
601628,658,130,32300
601601,658,207,55100
600150,659,267,88434
601988,659,71,105300
603019,661,109,37900
600809,662,62,13900
601012,662,262,155500
601288,662,493,531700
600900,662,457,149500
603993,663,358,241300
600406,674,70,34300
688111,590,167,39109
600089,590,589,602824
601166,590,515,364300
601012,590,517,323400
600309,668,154,36100
600930,668,67,112400
601127,669,101,26600
600089,669,59,34300
600036,670,233,81800
600028,671,93,143000
601919,672,294,159800
600050,673,37,58400
600809,674,51,6700
603019,890,245,54000
688008,891,476,98733
600030,892,351,221800
600809,892,72,15933
688008,592,1279,429102
601888,592,187,95800
600089,593,208,212800
688981,593,317,83592
688008,594,890,219436
600050,594,43,76300
601988,594,664,1236400
600760,594,99,32200
603019,594,1066,294700
601328,682,254,655700
601888,683,51,27100
600406,684,118,98900
601398,686,326,342700
601127,687,119,26000
601088,688,169,41300
601888,805,69,42100
601888,806,95,27500
688012,807,93,20582
600050,808,55,41800
601318,810,556,250600
601601,600,334,142900
688008,600,772,210517
600031,794,130,153600
601728,794,99,99700
688111,794,23,6133
601919,795,131,43600
688256,795,46,7836
600183,796,378,93800
603986,796,263,42700
688981,875,216,92166
601668,876,1598,5141400
601728,876,492,800700
601857,877,335,202400
601888,877,51,13300
600900,878,171,138000
688012,879,179,34231
601398,607,878,2603700
601088,608,286,100100
600089,812,80,41700
600050,813,30,44100
600089,814,54,24300
600900,609,617,302100
603259,828,193,44461
601899,829,530,300600
600519,829,46,4700
603259,830,201,37800
688256,831,76,13311
601601,619,112,32300
603019,619,141,46100
688012,839,105,24281
601668,839,232,550800
600111,841,246,115900
600036,842,262,69300
600150,842,368,135100
600309,626,545,156100
601398,626,482,233000
601628,627,179,41800
688256,627,73,12826
688981,627,232,66243
603993,627,289,349500
600930,627,45,74700
600519,628,85,9900
601328,628,256,302500
601688,823,164,204800
603019,823,102,35200
688041,823,280,53192
601288,823,223,453600
601658,823,47,108500
688256,824,96,16248
601328,824,313,544900
688111,825,25,5576
601398,825,136,217600
601919,825,256,101000
688256,826,81,14114
600887,630,448,163600
601288,630,445,690700
600050,852,70,176200
600030,852,192,96500
688041,852,193,33923
601127,852,259,59100
600406,853,75,36800
601988,853,160,240500
603501,854,94,20750
688111,854,21,4658
601288,855,386,1160400
603501,855,181,90350
688041,855,359,103854
601328,855,230,778400
601398,856,242,282400
600519,857,37,3800
600809,633,79,11700
688256,633,70,15810
600111,633,199,59551
600030,634,156,119900
601328,634,418,236300
600276,635,215,106600
601919,849,439,211800
601288,849,207,617700
601318,850,347,104400
600183,850,364,86900
688256,850,71,11853
600760,851,35,10600
601318,644,280,105221
601628,644,117,24600
600031,645,391,143000
601888,858,40,10400
601688,859,58,31400
688981,860,215,53250
601288,860,128,437500
600030,860,103,59600
600036,860,306,121400
601398,861,250,352600
688008,861,202,46437
601211,664,486,499300
600183,664,301,54100
601988,664,52,53800
601899,664,217,137400
688111,665,25,4565
601668,665,503,625200
603259,665,254,47800
601318,665,267,97300
601728,665,106,111500
601398,667,109,422000
601668,880,379,878600
603986,881,490,70340
601668,881,115,421800
601012,881,467,309923
603993,882,351,232100
688012,882,125,21607
600150,788,373,124800
603993,788,216,188600
688111,789,31,6687
601318,789,223,113600
601668,790,62,185500
601398,873,133,308405
600030,873,228,128800
601857,873,339,172500
601600,874,241,332100
601328,893,894,1763900
600031,893,664,560952
601888,893,176,64298
600887,895,392,185400
601288,895,597,1454600
601398,895,530,663400
601628,895,265,76400
601211,896,518,402212
601288,896,1170,2645600
600089,570,983,909300
601668,596,713,3726700
601600,596,466,635900
601988,596,389,787100
603501,596,103,27300
601919,597,601,275500
600760,597,50,21500
601688,598,260,239600
600183,799,309,63700
603986,800,347,62000
600406,800,95,33300
688041,800,186,40977
688111,800,68,19221
600028,801,174,325400
601988,802,176,185000
603019,802,185,34492
600028,802,68,153200
601012,804,41,27100
600309,571,627,228700
600276,571,998,611388
688981,603,1343,544031
601688,604,208,87093
600809,605,300,60700
600030,605,268,104000
688041,605,260,60433
688256,605,143,38037
601127,606,253,81500
603993,606,371,321200
603501,606,152,72400
601857,572,497,516100
600276,602,583,254900
601857,781,225,265400
600887,782,512,344900
600031,782,91,35600
600028,783,93,91630
601919,783,239,85100
601988,783,87,99800
603259,785,235,72600
600111,785,61,24400
600887,786,295,290600
601628,786,73,12900
688008,573,2248,691296
601088,573,344,86900
600809,573,112,22500
600111,574,646,499800
600930,574,206,410900
601668,610,203,481700
600406,610,353,172800
601211,612,290,133900
600031,612,345,209200
603019,613,271,60800
688111,613,121,64915
600183,815,400,68098
600089,815,120,53600
603993,815,78,83300
688012,815,72,16788
600030,816,158,68400
601166,816,64,50000
603986,817,307,39300
600031,817,191,132800
601088,817,125,39500
688981,818,191,53870
603019,818,243,73300
601166,819,180,116000
688256,820,53,8842
600760,821,63,16700
601728,575,344,404700
600183,575,2337,476800
600276,575,837,306800
601857,614,354,388100
603993,614,482,283300
600900,614,619,396490
600111,615,324,166000
600030,616,252,119400
600031,616,209,204400
601919,843,172,70700
600183,844,199,39000
601601,844,406,176800
601601,845,472,288400
601127,846,326,64800
600887,846,341,143500
600276,846,465,320900
688008,848,562,176222
601628,848,184,53900
600930,576,157,639600
603993,577,1372,1808900
601012,620,189,208100
600519,620,130,33400
601988,621,90,296600
601398,621,477,536800
601688,622,140,93300
600900,622,556,214100
600930,622,88,172600
601088,623,132,27000
601288,623,999,1832400
601601,624,118,49100
600050,624,64,199900
600050,885,73,192500
600930,578,383,1044400
603986,675,296,38700
600111,675,50,20700
601318,675,180,62100
601988,676,91,128000
600406,676,46,26600
603993,677,138,122900
688012,677,53,10992
600809,678,34,5200
600028,678,57,104200
600887,679,277,226400
601688,679,175,115900
601328,679,188,174000
600809,681,21,3600
601658,681,56,41300
601688,889,351,151700
600887,889,244,89000
601398,889,589,1209800
601919,889,728,409800
601318,579,995,449800
601166,580,582,798200
600887,580,903,744110
600760,637,21,7300
601166,637,77,50700
603993,638,170,117500
601688,639,99,46300
601899,639,494,280700
601600,640,580,728500
601888,640,215,136900
600089,640,114,70700
601601,867,372,98900
601688,640,180,262500
600760,641,150,95000
600930,642,76,140700
600111,642,121,36000
601688,862,84,30000
601600,862,614,320100
601988,862,154,243700
600028,862,526,213400
600030,862,230,115700
600089,863,85,43280
601288,863,209,425700
601658,864,269,347300
601288,864,178,415800
600930,864,296,766000
601601,865,270,65400
600050,866,76,151300
600519,581,301,34800
601127,581,1246,486800
601211,581,267,124200
600050,582,87,218970
600930,582,109,308700
600519,582,136,16000
601668,646,81,233800
688111,646,42,7287
600809,647,92,20500
601600,648,456,569600
601088,650,170,45800
601658,650,74,132700
600276,651,179,88797
600089,651,88,58500
600887,584,324,224000
600089,584,311,328800
601288,869,300,676200
600809,869,72,13000
601899,869,723,305153
601988,870,1096,1437400
601899,870,1581,667400
600276,871,246,117300
600089,871,364,247400
603993,871,183,127700
600111,871,160,79100
601668,871,120,241500
688008,871,332,85277
600036,585,679,257400
601166,585,341,261100
688981,586,356,147238
600028,653,206,344200
603259,653,159,26900
601688,654,81,71200
601127,654,63,21500
600111,654,96,37300
601166,654,136,80500
601166,655,83,67300
603986,656,415,71900
600809,656,284,54200
601899,656,465,185700
688012,656,122,31944
601211,656,110,147800
601728,657,197,191400
601211,587,755,512500
603259,832,214,44100
601211,832,436,172700
600276,832,205,79700
601888,833,56,19300
601328,834,32,58700
601288,834,140,283800
600760,834,33,8400
601012,835,109,66000
600406,836,321,201675
601398,836,124,235700
600183,837,224,39600
600809,837,49,10100
601888,837,35,12200
601601,837,177,63700
601601,838,173,73000
600519,838,53,5400
601012,838,87,84200
688111,588,231,52510
600031,589,284,161100
603501,589,201,57100
601728,589,203,131800
600930,658,78,127800
688012,658,64,13308
600031,659,768,776800
688256,659,40,6711
600887,660,356,85000
601728,661,117,92300
603501,662,103,28500
600930,662,72,179800
601318,662,404,317300
600900,663,342,229000
601919,591,418,176699
688111,591,137,30056
688256,591,119,19691
688012,668,57,12621
688256,668,120,24483
601857,669,86,86700
600930,669,111,181600
600900,670,376,313200
601288,672,246,212600
601288,673,161,357000
601318,673,181,43700
600760,673,113,42108
601166,673,23,24100
600930,892,273,476500
600900,890,649,322900
600036,892,505,133900
688256,592,161,38386
600276,593,1927,1192100
603259,593,1252,261000
601398,594,527,578000
600031,594,882,574600
601088,682,107,24100
603019,684,265,88900
600309,685,126,37700
601318,687,379,105000
600760,687,76,51900
600309,688,110,31500
601012,688,64,80400
601398,689,165,103200
600900,595,464,344200
601318,595,414,190600
600887,805,246,157700
600887,806,182,95100
601728,806,115,90000
600028,807,829,2264400
600887,807,168,77400
601012,807,39,66800
600519,808,101,25400
601899,808,455,268100
688041,809,250,60627
601211,810,277,90300
688111,877,49,9597
688111,792,16,3887
600031,793,757,742300
601988,794,267,364900
603259,794,279,57100
600887,795,216,95500
601288,795,118,150700
601601,796,258,53100
601012,796,175,194560
688981,796,218,62309
601012,797,54,35100
601166,875,129,97100
600089,876,158,52800
600406,877,116,78400
601601,879,186,45300
600887,879,431,120100
601328,879,200,144000
601888,879,103,22500
601988,607,1683,4863688
601668,607,602,2806400
688041,608,435,123040
601328,608,583,1199200
688111,811,14,2504
601012,812,192,129200
601658,813,130,202800
601668,813,106,322100
600150,814,313,94600
603986,814,955,135800
600111,814,133,57900
601888,814,46,14500
600089,827,149,140900
603986,827,226,26800
601668,828,49,66200
601919,829,110,41600
688111,829,29,25284
600900,831,750,329300
601127,831,125,19300
600309,618,1077,499900
601088,618,213,66000
688012,619,93,21915
600050,839,141,185700
603259,839,240,46100
688981,839,100,24995
601919,840,394,162900
601600,840,270,148600
601668,840,1343,6982000
600406,625,225,105700
601211,626,376,192300
601600,627,134,244100
600309,628,993,374700
600406,628,127,45500
600150,628,343,249400
600089,628,58,59000
600031,822,264,142300
601088,822,67,15300
600900,823,331,164200
688008,823,399,119507
601988,824,300,374100
688041,824,186,45566
600111,824,91,38300
600028,825,317,289500
688008,825,362,106423
601919,826,223,100500
688111,826,40,9308
601600,629,242,276200
600150,629,775,451506
601658,629,134,136700
600031,630,397,275200
600111,630,89,37100
601127,630,265,104400
600111,631,109,34000
600089,855,71,34300
600030,632,181,114800
688041,632,145,53378
601166,632,100,94400
601658,852,84,128300
603993,853,167,141400
601857,853,254,185600
688012,853,112,20338
601668,853,81,293700
601318,853,387,119200
601658,855,144,135000
601628,855,222,65200
601600,855,136,112600
600519,855,66,6900
600809,856,93,20500
601919,856,579,178500
600028,857,711,498300
688981,857,117,35219
600760,857,28,6900
601668,633,50,204900
601166,633,82,80200
603501,633,65,12300
688111,633,64,13594
600028,634,94,152200
601288,634,760,1602900
601988,635,123,179300
688256,635,73,13723
601919,636,465,284000
688012,849,89,18249
688041,643,230,66194
601127,644,141,38700
688041,644,123,34897
600900,645,536,195400
600809,645,60,9400
600930,859,245,561500
601728,859,105,95600
603993,860,175,167000
600309,664,247,90200
601688,664,217,150200
603259,664,331,68600
601628,666,221,81300
688256,666,53,10663
603993,667,636,652400
601166,667,198,118200
603019,880,304,79600
601211,881,217,97400
601318,881,327,86600
601328,882,371,482300
600050,780,123,178601
600111,788,62,21600
603259,788,309,55900
601328,788,65,72800
600089,789,81,62900
601628,790,122,48800
600930,791,51,138200
600111,791,56,21100
688041,872,202,45979
601127,873,186,63000
601988,873,93,187240
603019,874,158,51400
601857,893,813,831700
600309,893,396,143200
603993,894,641,437200
601328,894,282,367100
601211,894,276,202200
601919,894,493,241400
688256,895,164,29118
688981,896,282,74499
600887,820,274,111500
600150,682,275,114000
601899,807,347,200400
601688,596,117,107300
600050,597,76,129000
601658,598,92,162700
601318,598,442,197600
601899,599,492,323300
600036,599,322,88600
601988,799,1089,559500
601919,800,330,201400
600809,800,57,9000
601166,801,103,88000
688012,801,96,17724
600030,804,196,142150
600519,804,45,4700
688012,571,604,127579
688256,571,626,122813
601398,604,750,726600
600930,604,79,335900
601211,605,236,149100
601728,606,419,315700
600519,606,596,72900
601919,606,231,101200
601668,572,264,736700
600930,572,799,3559700
601211,572,377,333500
603259,601,827,186100
600150,601,719,481008
601688,602,252,196800
603993,602,1015,1376400
601601,602,426,216900
601728,781,59,79000
601601,781,273,53300
688256,784,63,9665
601600,785,457,701710
601658,785,97,95000
603259,573,1243,343500
601318,573,1057,577000
603019,573,800,279200
601600,574,841,1112200
601166,574,306,489500
600031,610,769,818471
688041,610,672,230289
600760,610,149,85500
601857,611,349,575300
600030,815,115,56300
600150,816,232,84700
600111,816,108,29900
601919,816,53,25300
601688,817,86,56600
601728,820,318,198600
601088,820,152,28300
601318,821,196,67900
601728,821,60,82300
601899,575,1281,989500
688012,575,296,66263
600809,614,286,87700
601899,616,444,275300
601728,617,192,168300
601988,617,794,721900
688008,845,315,67496
603259,845,590,146020
600900,846,272,206500
601628,846,171,61600
603993,847,127,124800
601888,847,100,34000
601088,847,188,41800
601988,847,1427,1482400
601728,847,145,97900
601600,847,215,147700
600031,848,165,121900
601398,848,239,553700
688111,848,23,4842
601857,576,771,709200
688111,576,189,48223
600406,577,306,160800
601088,577,323,106600
601857,620,259,312300
603501,620,91,57900
601899,621,619,472100
601012,621,246,195700
601728,621,126,117400
600028,623,1284,1336100
601166,623,85,89700
603019,624,160,46173
600900,884,456,298700
600031,884,436,235500
601088,885,250,55900
600089,578,347,293800
603501,578,227,58600
600309,675,189,57900
600930,677,92,118300
600028,889,518,522200
601658,678,49,80500
601899,679,511,336300
600900,681,183,128800
688041,887,617,146334
600030,887,246,160400
688041,889,520,112202
601012,889,285,233100
601288,889,402,463200
601668,579,1357,8815100
688256,579,336,59444
600183,579,2011,408600
600519,580,203,20026
603259,640,289,62545
600030,641,234,127200
600028,642,323,629700
600887,642,272,169700
601398,862,124,193700
688111,862,46,10903
601211,862,179,69100
601398,863,431,559300
600031,863,338,257600
601211,863,510,375600
601012,863,38,29600
601899,863,499,223800
601888,863,70,15700
601600,866,430,329200
688256,866,111,18415
600276,866,201,90800
601688,867,79,29100
600760,581,98,22300
600809,582,197,36818
603259,646,331,54800
600309,646,522,124000
600030,646,162,85000
600809,648,44,8100
601288,649,651,597400
688981,650,108,35738
601288,584,840,4197700
601658,869,540,719000
601988,869,157,234200
688981,870,138,33285
603259,871,193,34100
600887,871,677,226200
600930,585,145,428200
688256,585,193,35703
688008,586,3113,1117561
601658,586,816,2818884
603993,653,344,205000
688256,655,72,17315
688008,656,246,62548
601318,656,271,67700
600406,656,127,44500
600150,656,434,133200
600519,657,78,8300
600276,657,264,154800
601601,657,43,15200
688041,587,896,292247
601899,587,925,550000
601728,832,116,115100
600887,833,312,88300
603993,834,70,46000
601899,834,243,146900
600900,834,250,104800
603019,834,140,35000
688008,836,231,80246
600900,836,364,335900
601211,836,240,74900
601211,837,221,145600
600050,837,70,97500
600031,838,509,303100
601127,838,75,21100
601857,589,440,356300
601088,588,297,69300
600183,589,3648,847700
603019,658,165,41600
688981,658,71,21863
600030,660,238,130700
601857,660,42,54200
600031,660,303,420700
603259,660,764,203600
600276,661,369,113400
601088,661,90,18800
601888,661,132,40700
600183,662,445,115000
601899,590,856,655000
600406,590,169,92600
601211,591,408,150200
600900,591,689,610000
601857,591,470,584100
688008,669,317,74065
600031,669,330,464700
600050,669,46,75800
600809,670,63,15800
603986,670,323,50800
601398,670,437,283000
601012,671,73,76000
601988,674,924,883000
600519,674,74,8700
601088,674,124,32800
600150,890,976,355400
688041,891,504,97932
600760,891,321,159000
601857,593,470,468600
603993,593,850,1241768
601600,593,627,799800
600930,594,44,53900
601012,683,28,21900
603501,684,76,39100
601919,685,154,157900
601728,685,49,76400
600028,686,102,120400
601888,686,25,5600
601857,687,254,141700
600183,687,261,59400
601211,687,120,67100
600036,687,118,55600
601398,688,261,495300
603019,688,59,10800
600887,689,227,90600
601127,689,131,28200
601899,595,1649,796300
601668,595,251,851500
688256,805,38,5926
600809,805,47,8400
600030,805,279,179400
600036,805,113,47600
600150,805,404,159600
601688,806,225,180100
601919,806,139,45500
601328,807,150,255600
600276,808,484,321600
600183,809,358,69900
600276,809,222,107200
600050,810,68,103400
688012,792,336,110639
688256,794,129,21868
601600,795,166,134800
603986,795,270,51700
600887,796,300,97400
600089,796,424,399379
601857,797,103,125700
601899,875,371,169100
600050,875,70,95000
601318,876,334,110700
603259,877,313,63800
603993,878,328,387900
600930,878,316,466000
600406,879,119,63300
600036,607,238,114500
603259,608,1155,312500
600900,608,551,360600
603019,811,134,33200
600900,811,215,98700
603993,811,99,147500
600519,811,40,4000
600809,812,70,12900
603986,813,1566,238901
603019,813,147,31500
603501,813,113,26700
601728,814,58,78200
600406,814,164,53200
601088,827,118,31200
601012,827,143,131396
601668,827,46,128200
601919,828,237,173300
603986,828,196,28900
601398,829,75,133000
601012,830,193,158888
600050,830,41,77300
601888,831,89,40700
603986,618,751,111100
600031,619,265,166500
601688,839,144,113400
600030,840,358,179551
600050,840,337,939800
601601,841,285,93300
601988,842,337,236200
603501,842,107,22700
600900,625,388,121200
688012,625,80,15777
603259,626,235,52800
601628,626,67,29800
600183,628,492,138802
601899,823,962,815100
600519,826,48,5200
600111,826,177,75000
600309,630,359,127661
688012,630,108,22916
601857,632,140,113300
601888,632,126,49300
601988,852,381,425300
600276,852,615,237600
600031,854,574,383900
601601,854,117,118100
601166,856,265,229500
600036,857,227,79000
600111,857,98,40200
601728,857,80,102500
601012,633,85,79388
601398,633,108,96500
603259,633,266,43300
601888,634,57,22300
600183,635,1046,215200
601088,635,147,38100
600406,635,95,35300
600309,636,271,98000
601601,636,171,43600
601012,636,202,209500
601688,636,120,111500
600111,849,93,29300
603986,849,265,36500
601127,850,108,38300
688012,850,71,17281
600050,850,25,65800
601166,851,88,51100
600309,851,353,119100
601728,851,148,237900
600031,851,634,511300
601328,851,82,127800
600030,644,119,61800
601166,644,256,217100
688008,644,153,31750
601919,645,376,206700
600150,858,411,175593
603259,858,173,39802
601658,858,115,107900
601166,858,236,126800
601211,860,221,156800
688256,860,68,11436
601127,861,169,25500
600519,664,54,5900
600036,664,212,46100
601211,665,318,288200
601688,665,156,68400
600276,665,226,84600
600031,666,294,223200
600150,666,250,68800
601600,666,374,279500
688041,666,257,64827
601601,666,86,19500
688008,667,361,115141
601688,667,170,121300
600036,881,333,207900
601601,881,278,67200
603019,882,220,49341
601088,882,221,59700
601127,780,457,148600
688012,788,75,23408
601668,788,43,76000
601318,790,252,95900
600028,872,96,131900
601658,872,135,343800
600028,874,191,269400
601988,893,172,559800
601728,893,194,205900
688981,894,536,281320
600150,894,1311,694477
601728,894,235,286200
603993,895,877,663700
603259,895,761,187400
601600,896,411,631900
601919,878,397,185200
600050,878,91,144000
600050,570,576,2376100
603259,596,1037,230100
600930,596,199,528800
601899,597,1103,691400
601988,597,419,678000
603259,598,1036,219500
600089,598,328,283300
688256,598,66,9803
600900,599,405,237600
600276,799,361,163640
688008,799,315,76055
603259,799,223,43400
601600,799,261,207700
601668,800,52,188600
600183,801,311,66200
600900,801,198,164000
600111,801,123,44200
600150,803,440,231500
600887,804,174,79700
601127,571,668,358800
600028,571,1600,3253700
601628,571,412,242300
688111,603,62,11404
603259,604,699,147400
603019,605,619,163636
603986,572,2347,388972
601668,783,44,143600
601012,784,302,224900
600406,787,202,127300
688981,784,80,25948
688111,784,30,9478
688256,785,38,7180
688008,786,262,68502
601857,786,209,225600
601658,787,47,43600
603986,787,443,81000
600030,574,535,449400
600031,573,621,500600
603986,574,3161,509279
601398,574,798,2382500
603986,610,1351,231699
600030,610,261,110800
601398,612,824,1627600
688008,612,626,165251
603993,612,298,154700
603259,613,1417,403600
688256,816,70,15992
688111,816,20,2901
600760,816,26,7500
601857,817,240,212100
601166,818,80,44800
601088,818,114,26700
603501,820,48,7700
600406,821,102,45500
601601,615,160,47000
601888,616,224,111400
600406,616,280,186600
600276,617,722,249000
603993,617,324,212000
600183,843,333,67800
601899,843,340,174500
601988,843,315,277600
601166,845,166,62700
601600,845,572,293800
600089,846,233,162300
601919,846,438,212000
601857,846,303,244500
601088,846,108,20000
600309,846,239,60400
688111,847,25,3489
601728,576,239,425000
601668,577,130,294400
600760,577,178,98500
600276,620,987,397879
601600,620,380,390000
601628,620,107,31300
601919,621,440,173900
600309,621,716,304500
600760,622,121,43804
688256,622,78,13761
688012,622,98,19520
600519,623,102,15600
601658,623,53,73500
600030,624,159,128015
601899,624,445,165100
603986,883,626,89000
603019,883,299,84300
600050,883,144,623700
601398,884,361,528500
600111,885,288,118100
688041,885,392,98090
601166,886,191,97700
600036,886,573,138100
600276,886,394,207500
688041,578,620,140572
600900,578,757,643100
600031,675,156,84800
601857,676,88,121800
600150,679,171,56600
600028,680,1491,1623400
603501,681,102,33400
603986,889,733,118616
601628,579,443,140300
688981,579,440,148452
603986,580,1309,266300
600050,580,513,733300
601888,637,166,89000
600183,638,565,135800
600406,639,82,26600
603993,639,199,162100
600050,639,138,125100
600519,639,79,8400
601166,640,151,101200
601728,640,68,107100
688012,640,116,31987
603501,640,130,30500
601728,641,131,120100
688111,641,18,4266
600111,863,196,39900
600519,863,53,5400
600887,863,396,80600
601857,864,216,135100
600519,865,158,17594
600111,865,72,24900
601211,866,108,55434
601166,866,186,124000
603019,866,162,41500
601318,867,338,134500
600183,648,418,124100
600930,581,217,353300
601398,582,1098,3265919
603259,649,247,44900
600036,650,402,130000
601728,650,80,105100
688012,651,80,16626
600809,583,240,44700
601601,584,472,287300
601211,584,305,240600
601600,868,394,200600
601318,868,312,139500
601012,869,88,101400
603019,870,262,62777
600150,871,576,183700
601628,871,173,36100
601919,585,577,262400
601668,585,175,1968700
601288,585,364,820300
600519,586,168,19700
688008,653,211,50592
600276,654,457,163503
600887,654,90,54900
601668,654,54,61200
601600,655,697,998000
601601,587,793,253100
603019,832,117,39291
601888,832,63,17400
601318,832,310,153500
688111,833,22,8179
600089,833,89,71700
600050,833,71,70100
600150,834,365,189400
688981,834,163,52919
600111,834,117,38100
601919,835,484,262400
600809,836,53,13800
688256,836,49,9099
601688,837,70,30800
603019,837,113,26700
601919,837,173,81300
688111,837,38,13753
600887,838,283,199800
600276,588,742,390200
600887,588,351,260400
601012,589,672,722008
601899,589,903,626600
600276,589,436,184800
600900,658,2191,1587418
601919,658,262,348700
600111,658,52,31000
601088,659,89,17500
601899,660,217,91700
601919,660,395,396100
601628,660,221,51900
603019,660,102,22365
601600,660,77,106500
601628,661,111,31100
600036,661,151,28500
688111,661,26,9311
603019,662,106,33085
600050,663,25,77600
601857,663,131,104500
601601,663,115,38200
600050,590,578,2047400
601628,668,220,66000
601658,669,114,73300
603501,669,95,15200
601899,670,251,99700
601888,670,34,17300
600760,670,134,33000
601127,670,67,12602
601088,671,155,29900
601668,672,71,79600
600309,672,204,56000
601088,673,102,24400
601668,674,85,77800
600887,674,120,41800
688256,891,130,23464
688111,891,93,19363
600930,891,346,447300
600809,891,87,13900
600276,592,1556,829934
600760,593,59,14800
600887,594,278,187600
603986,594,1703,269200
600760,682,23,13200
600406,683,100,31100
603019,683,332,83900
600809,685,33,7300
601166,685,180,105700
600930,687,82,210400
600183,595,1078,255200
601601,805,250,111200
600111,806,151,41700
600036,807,180,53900
688256,807,75,13513
600930,807,81,141400
601688,809,43,40400
600050,809,168,178000
600028,809,201,432300
688008,792,370,120321
601688,792,257,307000
601328,792,56,70400
601012,792,1084,956500
600809,792,41,5600
600050,792,113,68200
601919,794,116,75000
600050,794,90,134100
600276,796,163,74600
601166,796,65,27800
600900,796,1901,2899350
600900,797,571,736700
603019,875,208,52600
601398,875,294,376700
603986,876,389,53300
603993,876,280,264800
601668,877,125,434300
600111,877,232,95400
603501,877,111,34300
601628,878,102,30200
600760,878,153,68160
600089,607,248,312000
601601,607,262,139300
600150,608,1379,1105596
600887,608,434,337500
601601,608,604,332700
601988,608,1636,3620000
601127,608,231,55600
603986,811,331,50100
601166,811,158,123000
603019,812,103,19700
601088,813,143,43900
688012,813,211,51948
601328,813,207,444000
603993,814,138,169600
601600,814,224,311800
601127,815,36,4900
601628,609,103,50900
601127,609,276,92900
601088,609,282,80600
600150,827,627,195713
600309,828,140,36900
601398,828,71,209000
600930,830,73,64000
600809,830,68,10400
600111,830,175,44700
601127,830,135,21800
600030,831,243,149000
600036,618,301,83200
688981,618,375,128050
601899,619,767,377000
601919,619,120,55600
600150,619,457,240400
601601,839,203,55300
600887,842,189,66300
600276,842,201,83600
601919,627,199,64200
603259,625,316,115100
601600,625,444,519700
601857,626,514,921001
688008,626,328,92656
600406,626,198,114600
688111,626,61,19232
600028,627,584,800000
601988,627,613,883800
601988,822,64,174900
600089,824,75,63100
600760,824,41,7800
600150,825,341,125417
601127,825,95,20100
601318,629,315,197200
688041,629,130,22808
603501,629,78,14900
600519,630,109,11200
601988,632,88,160700
601658,632,228,174200
688008,852,135,27732
688111,852,33,15195
600150,853,612,297100
601127,853,184,48600
688008,855,224,51636
600036,856,454,177300
601600,633,124,223500
601668,636,40,131400
600089,636,117,58400
601857,849,244,157700
688256,851,86,19000
601398,851,158,185000
600050,644,63,52900
601658,644,193,1170000
601658,645,85,151200
603019,645,288,72200
688981,645,109,33213
601127,858,128,23400
600309,858,1392,489946
601628,858,67,17100
600183,858,398,110400
603986,859,167,22200
600900,860,254,83500
601601,861,162,58900
601899,861,610,364300
600809,665,65,16800
601288,666,134,503500
601888,666,39,28800
601658,666,388,413500
600887,667,158,64100
600030,667,77,26600
601919,881,261,129700
603501,882,91,22300
601012,882,204,159700
600760,882,145,46900
601658,780,372,482600
601888,780,389,151323
601728,780,244,323300
600276,788,166,73600
688041,788,158,50811
603019,788,67,18600
601888,788,83,48500
601398,788,366,336400
601658,788,50,103500
600519,789,51,5600
600036,790,578,385300
601919,790,620,168200
688012,790,120,20888
603259,791,212,44700
601288,791,455,2912200
601988,791,195,397400
600036,791,260,107400
601088,872,361,83100
601628,872,214,51900
688981,872,140,29064
600031,874,431,421000
601628,874,179,47500
600760,893,104,54926
601012,893,324,284000
601857,894,462,365400
601628,894,292,88300
601012,894,456,421300
600760,895,120,52500
688041,895,371,77481
601728,896,354,895500
601600,832,127,118200
601328,826,40,100100
688111,798,9,2052
688111,570,871,218179
603986,596,843,141440
688981,596,301,114478
600030,596,491,795915
600036,598,398,157200
601668,599,515,4690800
603993,599,831,879100
601166,599,244,259139
600519,798,47,6800
600028,798,390,1032600
600036,799,269,103200
688256,800,131,21967
601127,802,83,22700
601919,802,350,175600
601728,803,61,84500
600050,803,19,45300
601899,804,153,88000
601919,604,337,142600
600406,604,296,195800
601728,605,298,180100
600030,606,243,146200
600900,572,778,696100
601328,601,456,515300
601728,602,94,104100
601688,782,188,104000
600031,783,264,172600
600887,783,144,98300
600183,785,346,80400
601899,785,613,434900
600887,785,507,306700
601088,785,110,36300
601888,785,67,32100
600406,786,46,15000
601888,786,86,46100
600930,573,267,682600
600760,574,149,51729
601658,612,61,54000
600089,613,127,91200
600809,613,300,84300
601888,613,178,97900
600276,816,206,65900
603993,816,114,114800
601988,816,161,220000
601012,817,55,43500
601012,819,304,291300
601857,819,351,280000
600276,819,241,96700
601088,819,155,48300
601899,819,898,700200
603986,819,783,167600
601628,820,365,193000
603993,821,161,342100
600519,821,87,9300
601628,821,147,47800
688256,821,118,19207
601668,821,49,173900
600930,575,138,220100
601398,614,599,651900
603019,615,313,66000
688981,616,198,80592
600406,617,442,439500
601398,617,168,280800
600406,843,213,64500
600760,843,68,56480
600036,844,377,124500
601668,844,72,237700
688256,845,109,21141
601127,576,1132,434100
600030,576,521,418300
601328,576,949,1932000
603019,577,391,132800
600050,577,101,187300
688008,620,475,116685
600809,620,230,65400
600930,620,249,643700
601888,620,186,90300
600089,621,298,183200
601628,622,91,26100
601211,622,84,35500
601601,623,174,54900
601318,624,323,171800
603019,884,221,55300
600028,884,513,380300
601919,884,422,205520
601988,884,278,446000
603993,885,581,495800
688008,885,721,210306
688256,885,144,26515
601919,885,671,289202
601668,886,124,408300
601888,578,307,119500
600050,578,545,3247125
601628,578,521,268600
600519,578,365,43609
600183,675,400,96200
603501,676,39,11200
601628,677,141,30200
600900,678,144,73700
601288,678,340,557800
601166,678,117,64600
601919,679,437,167300
600089,679,50,28100
601601,680,320,59800
600150,887,955,278600
601211,887,242,85900
601318,888,450,188000
600519,888,167,15550
601857,579,744,925700
600760,579,270,67571
601127,579,1013,434800
600028,580,589,789000
600930,580,193,206400
600930,637,47,104600
601328,638,154,69200
603259,638,339,77100
601919,639,337,166200
601988,639,151,160200
603259,641,304,59100
601899,642,409,271100
603019,642,147,38100
601728,862,144,95100
600900,862,429,324300
600036,862,447,212700
688008,863,211,50733
601919,863,298,177500
600050,864,111,173000
600031,865,502,318600
601628,866,138,50400
601398,866,470,547200
601328,866,272,246800
688012,867,197,47657
601288,867,171,437500
603501,581,216,42100
600887,582,413,273935
601888,582,309,174700
600406,646,131,66000
601857,646,148,137000
603501,646,65,18500
601988,647,37,113300
601166,648,311,242100
688111,648,62,18584
601888,649,51,14500
600183,651,540,114900
603259,651,271,49100
601012,651,293,254400
601088,652,163,42900
601012,652,73,110232
601919,583,517,318300
600760,584,107,35200
601127,584,572,224200
600031,584,353,219299
601328,869,210,254000
600183,869,427,95400
688041,871,188,41578
601127,585,546,133700
601398,585,1263,3059100
601166,586,366,280800
603501,652,37,12500
600150,653,430,185567
601668,653,87,155400
600050,653,116,132600
600036,654,150,41100
600760,654,48,14600
600276,655,245,100000
601857,655,279,319800
603501,655,91,18900
603259,657,822,222300
600089,587,1315,591800
601988,587,1149,3427100
600809,832,61,15000
601211,833,274,114200
603019,833,91,27300
688981,833,111,24371
600309,834,689,254200
601127,834,104,18200
601088,836,97,19200
601899,838,384,198529
688041,588,1080,306525
601668,588,131,429200
600050,589,114,112400
601398,589,956,1453800
603259,659,501,124100
601600,659,106,106300
601166,659,138,42800
688256,660,96,20188
603259,663,351,65400
601658,663,357,2341000
688008,590,1297,425684
600930,590,329,1018300
601288,590,1622,4538200
601088,590,377,92000
603993,591,924,861800
601688,669,61,24100
601899,669,502,254300
600406,669,163,65500
601088,669,104,28500
600930,670,51,83700
601127,672,77,12900
600900,673,109,87700
600036,673,295,112600
600809,673,35,4300
601899,673,376,191400
600028,674,397,551800
600760,674,64,23100
603501,890,136,22300
600406,890,229,133500
601398,891,1728,2274600
600031,892,384,199483
601600,592,759,1572600
600809,592,401,97100
601601,592,265,105700
600930,593,113,226000
600406,593,283,264500
601211,593,446,259200
601088,593,340,83900
601211,594,285,189700
600089,594,193,133900
603986,682,216,33400
601899,682,346,243950
601600,682,370,259810
601398,683,105,163100
603993,684,67,40700
600028,684,257,706600
600930,685,69,90200
688111,685,19,3422
600030,686,187,98700
600809,689,33,7400
600309,595,295,96600
600519,805,39,4100
601658,807,34,53200
600809,807,67,13300
600809,808,51,10600
601988,809,100,197900
600031,809,259,165200
601318,809,356,172100
600900,600,525,246200
601127,792,169,34100
600900,793,246,162900
601127,793,112,30300
601988,793,856,2412900
601888,794,53,16200
600028,794,246,419800
601857,795,49,82800
688111,795,89,18966
603993,795,189,201100
600031,795,288,289400
601688,796,101,67200
601127,796,121,33300
600050,796,35,55100
601988,796,52,155300
601601,875,240,76900
601888,876,67,22900
601601,877,440,207100
600183,877,377,64307
688981,878,209,60072
601888,878,86,51900
600089,878,165,71900
603986,879,349,44700
600309,879,254,88800
688008,608,565,166825
601919,812,272,185700
601600,812,264,145600
601857,814,217,149600
688041,814,378,91451
601211,814,106,54800
600183,609,817,193078
600150,609,604,380877
600276,827,150,65700
601857,827,437,322900
601601,828,119,44800
600031,828,81,65500
601899,828,525,408100
603501,828,93,19100
688041,829,215,34290
601668,829,73,188400
600028,829,179,168200
601658,830,52,88200
601318,830,212,62400
600036,830,287,96600
601688,618,83,63400
688041,619,134,29041
688008,839,240,70622
601857,839,202,141400
601888,839,35,6600
600406,840,186,50500
688041,841,240,46442
600900,842,338,110100
601668,626,797,1976400
601728,626,65,101100
603993,626,243,252100
601888,626,219,92800
601166,626,41,35400
601398,627,107,160000
600111,628,107,39900
601600,628,111,97500
600111,822,86,26600
600089,822,192,118418
601857,823,158,103100
601318,823,352,109700
601600,824,526,208600
601658,824,139,99500
601328,825,133,113832
600030,825,389,159800
600930,825,63,81700
601688,629,336,372200
600050,630,55,74000
601728,630,72,84900
600089,630,115,57900
603019,631,203,59000
600183,631,439,101100
600309,631,784,374500
601888,631,113,49800
600519,852,97,10600
600050,853,107,147100
601628,854,109,22300
688008,854,213,46855
601857,855,407,197900
601211,857,192,76000
600276,633,207,54900
601988,633,119,336100
600089,634,57,39400
600809,635,79,10900
688041,635,303,69859
688111,635,19,2584
600036,636,346,117400
600031,849,188,118500
688008,851,217,44767
600900,851,526,313200
601398,643,44,56500
601328,644,196,81300
603993,645,498,393500
601328,858,521,783900
600760,858,37,14500
600036,859,307,88100
600036,861,330,94500
600900,861,464,238300
601328,665,95,153900
603986,665,208,25500
688012,666,51,11845
600887,666,100,30600
688008,880,404,100457
601688,880,275,153700
600760,880,261,73700
601328,880,343,252700
601211,880,270,100700
600089,880,200,59700
688256,881,184,54496
600036,882,415,129400
600900,780,982,1275250
688008,780,881,251427
688041,780,887,195974
601628,788,67,10000
600760,788,19,4300
601600,788,502,377800
600183,790,294,69700
688008,791,373,117510
601601,791,220,48900
600089,791,84,35060
600036,873,655,363100
603986,873,535,83200
600309,874,345,124700
688981,874,168,46831
600028,893,375,433500
600036,894,340,96500
600111,895,644,230434
600150,895,1198,504802
600031,895,403,261900
601012,895,855,604900
600930,896,685,1236700
600406,892,235,211100
600031,570,3244,3966676
688012,597,257,60891
603501,599,159,25900
600406,599,150,77600
600150,798,544,215300
600183,800,351,89100
600050,800,39,56800
600031,801,256,232600
603019,801,177,53908
601318,803,514,301138
600809,803,57,8100
603259,803,176,31800
688041,803,156,40129
603501,605,165,42200
600111,605,683,309700
601628,605,261,143900
601857,605,561,498500
600111,606,513,231700
601888,606,204,57500
601728,784,66,87100
601628,572,312,141500
600031,572,480,328800
601288,572,764,2431100
601328,602,365,388600
600030,781,210,108500
600309,781,339,122100
601398,781,798,1428000
600900,782,297,119800
600183,783,450,95200
601658,783,51,97400
600150,786,464,172700
603986,786,328,47027
600183,787,307,63500
600150,574,1346,672057
688981,610,441,158947
603501,610,93,21500
600519,612,116,12800
600150,613,628,244528
600036,613,400,113700
600031,820,136,135200
600809,815,81,21300
600036,817,245,119300
601601,818,503,251800
688256,818,122,20954
601688,819,95,79100
601600,821,508,268000
603986,615,809,118500
600309,615,1165,530000
688256,616,162,26057
688012,616,127,26838
688111,616,81,16410
688111,843,16,3439
601658,843,43,90200
601166,844,87,60500
601919,845,579,243800
603019,845,76,16300
688111,845,33,8624
601899,847,766,245900
603986,847,197,26200
600036,848,277,106100
601211,848,195,97400
600276,848,599,258500
601288,576,2511,7099100
600031,577,398,288800
600028,577,869,2107700
600031,620,352,174300
600930,621,75,167600
600406,622,241,113500
600519,622,61,6600
688041,623,192,43180
601211,623,139,49600
601088,624,205,37400
601919,624,259,134500
603993,883,302,167800
688041,883,458,98226
600031,883,298,166700
601688,883,463,168300
601728,883,169,245700
600028,883,303,230900
603986,884,767,106900
688012,884,315,62870
601728,885,196,328700
600031,886,1418,801000
601668,578,184,442500
600036,578,974,404100
601398,675,298,314300
601318,676,183,59700
601628,679,75,14800
600183,679,307,80100
601088,679,126,23100
688256,679,53,9419
601318,680,107,27200
601127,680,75,27100
603259,680,221,35300
601628,681,116,23000
600028,681,454,278500
603259,681,267,68700
600050,887,83,124400
600276,887,512,241500
601728,887,280,200400
688041,888,535,149132
603501,888,169,37400
601857,889,638,485400
601888,889,179,68300
601288,580,462,877600
600809,580,223,46000
601318,637,187,57000
688256,637,76,11404
601012,638,94,52200
601601,639,147,35600
600111,641,122,52313
600183,641,315,56500
601857,641,133,141900
601668,862,82,171300
601668,863,107,287300
601688,864,381,285800
601899,865,478,264700
601668,865,162,261700
603259,866,305,73200
603993,581,1227,2591000
603019,582,500,192600
601166,646,53,33800
600036,647,180,47300
601088,647,136,30500
601318,648,641,252800
601919,648,382,263100
600031,648,481,469900
601658,648,368,519200
603501,648,44,8400
688008,648,275,58169
600519,648,261,31000
688256,648,105,19881
600111,649,140,81300
601899,649,485,182800
688111,651,47,16159
600887,652,191,90400
601318,583,348,131000
600406,584,464,401000
600030,868,409,312600
688012,868,227,65504
600930,869,168,277900
601318,870,406,136400
600150,585,1058,494735
601328,585,106,256300
601919,586,830,505300
601988,652,280,406000
601012,653,169,176100
600031,653,562,250000
600519,654,139,15000
601728,654,321,258467
600030,655,274,202000
688041,656,138,33573
601688,656,68,39100
688111,657,63,17231
601628,587,460,133000
688256,833,28,4210
600887,834,324,81200
601211,834,209,235200
600089,836,114,83700
601658,836,120,336100
600900,837,180,89500
600089,588,699,608900
688012,588,416,114889
600809,588,133,30100
601166,589,422,948900
600809,589,91,15300
601127,589,476,138500
601318,659,157,56700
603259,661,432,90300
600519,661,64,7000
600089,662,118,52500
601328,662,262,293900
603986,662,224,25400
601857,590,600,845600
600150,590,579,396100
600900,590,880,610600
601688,591,297,209800
603993,668,179,170600
601658,668,91,73100
601601,668,81,20400
688256,670,76,15316
688111,890,89,17660
600031,890,389,236000
600050,891,98,141000
600031,891,470,370500
601888,891,271,125700
600111,892,343,135745
601288,892,1681,3141800
603019,592,491,145200
600900,594,519,362300
601127,683,99,33400
600028,683,152,83600
600930,684,56,92900
600183,684,330,63500
601211,684,154,87800
600150,685,289,92100
601899,685,349,195000
601288,685,141,452600
603986,686,184,28600
600519,686,34,3500
600406,687,53,36300
688981,805,172,64482
601988,805,1033,622400
600030,806,204,70600
601988,807,191,245400
600760,807,56,21500
601628,808,109,28700
688981,808,138,41083
688111,808,33,7998
601658,810,427,1622100
603986,797,267,35100
601919,792,296,143400
688012,793,55,25616
601328,794,67,258400
601600,796,650,286200
601899,796,263,147900
688041,797,175,38742
600036,797,282,85800
601328,876,337,277700
600089,877,167,77400
688012,877,150,36975
600309,878,339,96000
601288,878,2584,4004200
601318,879,339,107000
601688,879,278,129800
601288,879,614,1546500
688041,879,279,54041
600309,811,335,68700
601288,811,333,327400
600150,812,492,216800
601288,812,85,261200
601628,813,92,25200
600031,813,267,268000
601601,814,248,150900
600030,814,283,149400
601288,814,81,431200
601088,815,122,28200
600111,609,299,237000
603501,609,111,23000
601288,609,1129,1842000
688041,609,307,72804
601728,827,142,125500
600809,828,88,13200
600028,828,249,199700
601211,829,598,261200
688981,830,164,60347
600050,619,98,142100
600809,840,50,7800
600276,840,180,86900
688041,840,258,63477
600900,841,418,163900
600030,841,407,175800
601628,841,180,36200
600089,841,126,82800
601211,842,184,57800
600276,625,732,224800
601012,625,139,118200
600276,626,691,343523
600031,626,227,268000
600519,626,132,15900
600930,628,61,214800
601288,822,171,454200
601127,823,109,22700
688111,823,34,5684
600930,823,96,120700
601127,824,74,21600
688981,826,145,32211
600031,826,448,412100
601628,629,198,73700
600760,629,36,10600
601088,630,172,27425
600276,630,240,77100
688256,630,53,8422
603019,632,139,35500
601211,852,260,134000
600887,852,476,249600
601628,853,138,23600
600809,853,69,11300
600028,853,173,157700
688008,853,258,57521
603259,853,217,43800
600028,854,124,150100
600519,854,45,4800
600276,855,166,61200
601166,855,413,226700
603259,855,370,73400
601601,856,279,106300
601628,856,165,38400
601857,856,332,212200
600150,857,275,104307
600030,857,267,213600
600887,857,87,24400
601688,857,45,21100
600930,857,121,194600
600887,633,387,306600
603019,636,362,83800
600809,636,67,11600
600809,849,65,10900
688256,849,69,9970
600028,850,179,160000
601088,850,168,30100
600519,643,92,12000
601288,645,1196,2140100
688012,858,199,57658
601601,858,155,42100
601600,858,94,101900
601899,858,254,122900
601857,859,375,295400
600309,859,1719,816500
600183,860,294,51200
600519,860,45,4600
600519,861,54,5900
601919,861,240,128600
601601,664,177,42000
601658,665,68,132900
601088,666,73,15100
601899,667,268,100600
688256,667,91,16486
601398,880,340,460200
688981,881,175,57927
688111,881,42,6732
601658,882,119,186600
600519,780,220,24700
601919,788,234,88700
601899,789,407,328500
600930,789,124,300100
600809,789,33,8300
601166,790,86,67400
601012,791,129,99000
601127,791,57,20200
601888,791,67,25100
600519,872,89,9400
600930,872,252,386400
600276,873,197,77100
600930,873,170,252900
601601,874,208,51300
688012,894,257,72819
601088,894,218,53400
600276,896,594,367800
600031,896,673,870200
600030,658,165,55600
600111,843,145,123600
601601,570,1981,1768200
601127,570,1550,550478
600050,596,240,534000
600519,597,74,7700
601088,598,278,63100
601211,599,303,266300
601628,798,51,23500
601728,802,80,98600
600183,803,335,70200
601888,803,104,34700
601318,571,1071,727500
600519,571,196,22090
601600,603,483,542800
601088,603,249,76100
601288,603,507,727000
601899,603,884,437600
688041,606,299,81124
688981,572,872,272972
600887,572,410,264400
600809,601,112,32000
601318,601,349,176900
600111,601,437,213300
601857,601,347,367200
688012,602,317,80740
601088,781,356,86000
688008,781,501,181005
600276,781,164,53900
601127,781,54,15700
688012,782,101,18961
600028,782,160,306100
601318,783,120,35000
601398,784,327,232000
601668,784,94,223600
601668,785,57,110000
600050,785,33,36000
603259,786,348,82183
600089,786,50,26100
601857,787,391,192700
600760,573,248,109200
600111,573,576,272200
603259,574,1185,279800
688012,574,527,136491
600519,611,194,30345
601398,611,997,1013300
600030,611,242,154400
601688,611,272,111000
600183,611,608,121000
601318,611,380,139700
601600,612,507,338500
601398,613,884,933400
601857,613,359,351300
600519,815,60,9600
601857,816,128,81100
600809,818,62,11900
688008,818,774,232683
601398,819,291,602500
600089,819,201,88671
601012,820,116,75200
600760,820,35,12200
603501,821,108,20600
600309,575,748,326900
600760,575,157,45300
601211,614,166,122300
600900,615,556,237300
603259,615,1285,375200
600900,616,243,137200
600030,617,276,128700
688041,617,173,42314
688256,843,48,7015
600031,843,323,231900
601658,844,93,160900
688981,845,104,29812
601668,846,216,870900
688041,846,183,35370
600276,847,477,463200
600900,847,473,356700
600406,848,198,66200
601288,848,238,454500
600900,577,909,665800
601888,577,377,176100
601658,621,440,912300
603993,621,338,532000
600309,622,600,311200
600809,622,159,77200
601857,623,422,289700
600150,623,623,306600
600760,623,119,30000
600519,883,115,12320
600900,885,404,203900
688111,885,64,13324
601127,886,279,44500
601658,886,89,131600
603986,886,775,131250
603259,675,240,62400
601899,675,523,313600
601088,675,238,90478
688041,676,194,39293
688012,678,77,18759
600031,678,105,30500
601398,679,242,359800
601600,679,134,97400
600031,680,214,100100
601012,680,344,234000
601668,681,35,59800
601919,681,175,54900
600760,681,39,24400
688111,681,10,1709
601658,887,58,96600
603993,887,652,576100
601328,887,105,159000
688256,887,117,19978
600089,887,199,108000
601988,887,82,224900
601857,887,515,307700
600760,888,95,26300
600111,889,337,165011
601601,889,382,98200
688111,889,68,14580
600900,579,1076,642300
601888,580,336,181300
600036,580,816,567400
600183,580,1384,257000
601988,580,594,831400
601211,580,446,290122
601658,580,203,272800
600406,637,137,63500
600930,638,57,139800
601166,638,158,208600
600036,639,364,158500
601328,641,142,180500
601288,862,153,421500
600111,862,118,36200
601628,863,174,61700
600030,865,207,134200
601088,866,248,53300
600150,866,608,255702
601919,866,103,67400
688008,867,312,72764
600050,581,157,284600
601166,582,213,193500
601012,581,795,741400
601658,582,406,1087601
600519,646,105,11000
688041,646,150,31524
601628,646,177,36100
601628,648,236,119700
601012,649,129,88200
601601,649,174,52900
603019,650,161,37135
601211,650,161,98600
600028,650,112,184800
601012,650,189,256400
601398,652,207,214800
601688,652,84,79900
601288,652,509,776900
600276,583,603,356200
601166,584,271,166161
600183,868,396,90307
601899,868,772,476100
600111,868,317,142100
600760,868,142,40100
600050,869,48,126000
688012,870,189,45134
601211,585,338,155300
600089,585,166,277200
600050,585,285,745300
601328,586,493,1311104
600760,652,68,34400
601658,653,55,120300
600406,653,143,53200
601211,654,123,68500
600089,656,57,45100
601658,657,79,148500
603986,587,1446,278400
688008,587,1519,448904
601728,587,169,293800
601600,587,680,1020200
601658,587,1041,3649199
600309,587,755,204600
600150,832,393,148500
601658,832,62,71600
600111,833,74,31600
601919,836,272,176100
600930,837,540,2659800
601600,837,457,821900
688981,837,171,45924
600309,658,237,69300
600809,658,68,19300
601012,658,162,141800
601658,658,78,101000
601318,660,468,115100
601127,660,171,40300
688981,661,101,56314
601668,662,46,105300
688111,662,19,4474
601919,663,389,108900
601211,663,35,78400
600887,590,1214,929300
601318,591,483,211300
600930,591,160,347200
688041,668,479,112221
603986,669,457,70800
601601,669,130,51300
601012,670,163,130800
601857,671,223,235200
600900,671,151,81401
601288,671,1062,1229100
601888,671,39,21300
603019,672,164,46100
600406,672,34,8800
601628,673,77,24800
603259,673,409,79900
601601,673,34,6000
600089,673,38,33700
688041,674,319,86132
601899,674,583,377100
601628,674,180,74300
601600,674,70,99300
600089,674,111,61800
600036,890,456,138100
600150,594,545,296400
603993,592,1147,956032
601899,594,2199,1753600
601668,594,326,1167600
601988,682,736,1491900
601988,683,50,264950
600030,684,57,32400
601398,684,119,145300
601601,685,191,36800
603993,688,57,42300
601328,688,81,113700
601600,688,97,133100
600930,689,80,182300
688981,595,423,134073
600089,595,145,138400
688256,595,148,31044
601628,805,243,54400
600930,805,99,155100
600150,806,374,174100
688111,807,18,4588
601127,810,143,28100
600030,600,439,329400
600089,600,219,177300
601688,793,225,246200
600519,794,45,5000
601658,795,260,136800
601088,795,80,17200
603993,797,147,140500
600089,797,119,104000
600028,876,1261,1389300
601012,876,272,195460
600050,876,246,1087700
601601,876,323,136400
688111,879,40,5858
603993,607,518,455200
603019,608,394,94500
601601,811,200,66100
601658,812,20,42100
600309,813,109,25100
600036,813,274,93800
600111,813,131,42800
601328,815,220,325500
600050,815,33,136900
601211,609,401,208724
601857,609,377,615700
601012,828,147,135200
603993,828,123,142000
600406,828,340,302300
688008,828,242,55985
601088,829,161,44300
603019,829,121,25400
688256,830,46,8529
601211,831,121,61400
601318,831,191,56200
600111,618,195,88200
601166,618,260,476401
603259,619,559,135700
601288,619,780,1445100
601166,839,124,74500
688111,839,32,5297
688008,840,316,90246
601288,840,283,532700
600031,840,1808,2012600
601398,842,827,964800
601857,627,206,111000
600111,627,55,22300
601166,628,238,263500
688012,628,56,11782
603986,822,272,36300
601628,822,119,29900
601601,822,153,51100
600519,822,42,4800
688981,822,91,24900
603259,825,350,88800
603993,825,139,81600
600887,826,127,47300
601857,826,281,357300
601127,826,87,15800
603019,630,340,67600
600028,630,860,1124300
600030,631,140,59800
601012,852,146,162200
603986,853,194,28800
600089,854,104,42900
600309,854,420,172400
603986,854,217,31100
600031,855,550,312900
600036,855,444,177800
600183,856,487,130200
601658,856,282,208100
688981,856,275,92468
600519,856,77,8100
688012,856,139,28059
600309,857,1386,469500
601127,857,73,17600
601688,633,255,85700
601728,633,54,62000
601088,633,286,64200
600031,634,334,163600
601127,635,140,30100
600309,635,273,119600
603259,636,321,66000
600183,849,380,76200
603501,849,152,57400
688008,849,394,96293
603993,849,339,743200
601398,849,371,309200
600150,850,511,255000
600276,850,403,156200
600028,851,1897,1741500
603501,851,68,8700
600887,643,223,171200
601688,643,88,55700
688256,645,53,8100
600887,858,144,58600
603993,859,142,75100
601601,859,112,31700
600930,861,454,785000
600150,861,480,229500
600809,664,33,4700
603993,664,632,880600
600406,665,127,52000
688981,665,157,68706
600760,665,74,54000
603501,666,136,44300
600276,880,218,82340
600809,880,96,22200
601166,881,94,86400
600406,882,319,261100
600900,882,223,243600
601668,780,212,716600
600809,788,40,11421
600036,788,1246,905927
600887,790,94,34200
600050,872,62,171900
601012,872,301,205096
601288,873,224,293200
688041,874,174,44168
601127,874,105,16600
603986,874,461,65400
601288,874,207,370900
688041,894,360,93233
600050,896,431,1640900
688256,896,181,29627
600150,570,3430,2299900
688256,570,713,131098
601288,596,356,1726800
601601,596,389,168800
603259,597,1109,290500
600809,597,145,37000
601857,598,435,279900
601888,598,213,68500
688012,598,337,94676
600183,599,3723,874700
601398,599,860,737300
601318,599,275,93400
603501,799,41,6900
688041,801,135,22672
600276,802,148,69820
601088,802,174,38900
601628,803,191,90700
600031,804,108,96200
601166,804,176,174200
688256,804,99,21673
688111,804,19,2868
601888,571,237,85000
600050,571,274,339600
600031,603,423,303200
688256,603,154,28892
600900,604,338,183400
600030,604,285,108900
601728,604,80,100300
601328,604,272,359700
600406,605,206,125600
601988,606,3809,14596600
601600,602,1442,1963600
601668,602,153,873400
600930,782,44,57200
601318,782,255,70600
600930,783,47,85900
603993,784,617,633495
603019,784,103,28900
601988,784,291,242600
601318,786,248,76210
600031,786,235,185500
600276,787,217,95200
600036,573,721,409400
600519,573,142,22700
603019,610,404,205900
600887,612,282,133300
600050,612,50,149100
601728,613,165,115400
600887,815,170,83500
603019,816,278,48100
601899,816,224,116200
603993,817,472,566000
601988,818,370,414500
601899,818,320,206100
601668,818,98,253600
603019,819,397,114100
601288,575,807,2377000
600036,575,1342,489000
601688,575,391,428800
601318,844,346,105300
600276,614,354,186100
600276,615,421,144100
600183,615,530,114000
688256,615,126,30710
600809,616,181,53900
601600,616,368,277000
601166,616,72,86100
603019,617,221,82700
601988,844,291,355000
600760,844,75,16720
600809,845,38,7400
603986,845,184,24000
600030,846,167,110600
600028,846,121,159200
600406,847,163,54420
601127,848,180,39900
600309,576,925,437808
601328,620,161,494900
600111,620,159,55900
601728,620,102,87800
601668,622,41,404900
603259,623,470,91000
601211,624,129,65500
600930,624,57,99300
600030,883,421,180500
600150,883,794,330300
688008,883,487,109226
601012,883,257,136000
688111,883,31,5862
601166,884,216,139000
600276,885,430,160800
601899,886,1003,577800
688041,886,500,118603
601127,578,1045,463600
600150,578,2829,1592859
601211,578,354,283800
600887,675,91,40700
600031,676,160,88000
688256,676,49,8262
601888,676,61,27200
601166,677,126,79400
603259,679,195,28100
601988,679,115,25900
601899,680,386,264600
601600,680,513,389100
600036,681,528,595900
601888,681,66,21700
601166,887,143,88500
601088,887,256,67400
603501,887,139,27500
600036,888,508,222900
601728,888,236,235992
601899,889,1021,531100
688981,889,342,134898
603259,889,422,113328
600309,889,334,109729
600089,579,431,368700
601988,579,1138,1277500
601728,580,100,147300
600031,580,435,203700
688041,638,236,77659
600900,639,246,99600
688111,639,35,9015
600150,641,701,411091
600887,641,155,76800
601012,641,166,123380
600150,642,522,264800
600150,862,590,252008
600031,862,495,228000
601600,863,697,1582000
601600,864,836,1001400
601728,864,177,115000
600519,866,69,7300
601088,867,150,30400
600309,867,354,95700
600519,867,59,6900
601899,581,1219,1281100
600887,646,168,74000
600150,646,667,506296
600030,647,278,110300
601600,647,380,294100
601728,647,73,113500
601919,647,150,63500
600760,648,59,14800
601127,648,381,98800
600030,650,335,148200
600887,651,323,247300
601398,651,198,272236
601658,651,61,109800
600183,652,337,63900
600809,652,81,17700
601668,583,628,2874000
601601,583,310,181100
600028,584,845,1001001
601211,868,159,117200
600031,869,226,177700
600519,869,166,24300
601398,870,1367,1846600
601166,870,363,262500
601857,870,467,369400
601600,870,787,579700
601166,871,377,218900
603501,871,82,12950
601888,652,80,58700
600276,585,817,417215
603259,585,703,185500
600111,585,507,232400
601888,585,794,374500
600887,586,299,223800
601628,586,258,83700
688111,653,28,7190
601600,653,207,113200
601888,654,55,13000
601398,654,167,214600
600887,655,166,51300
600036,655,231,54300
600111,657,81,39300
600028,587,614,1544900
603501,587,210,52300
601166,587,269,253300
600031,832,392,299500
688012,832,70,13056
601688,833,42,20200
601628,834,111,27600
600183,835,286,48200
603993,835,115,134100
601888,835,39,13900
603986,836,270,31100
601668,836,89,170500
600150,837,335,132800
603986,837,225,27300
601318,837,235,104500
601288,838,190,394800
600111,838,86,35100
601318,588,621,263100
600183,588,3983,945642
601012,588,536,871000
688008,589,1251,319615
600887,589,433,288600
601668,658,927,4784300
600183,658,313,76600
601600,658,116,192100
600887,659,114,41700
600276,659,1115,594600
601857,659,200,137600
603501,659,61,11400
601398,660,340,515600
600150,660,464,156234
603986,661,239,26335
601211,661,26,7600
600309,661,216,47600
600031,662,87,92000
600930,663,92,123400
600930,672,47,170600
600111,668,86,42300
600183,591,1336,322200
603501,591,164,31600
600028,591,829,1174300
601318,668,210,41800
600887,668,94,41800
601628,670,132,29500
600089,670,55,33900
600150,671,346,130881
601318,671,435,224634
600309,671,140,49400
601988,671,471,305800
600930,671,28,61500
600050,671,14,22700
688008,890,426,109742
601919,890,559,198922
600930,890,359,683400
600276,890,337,101900
603986,891,939,133300
603993,891,418,207900
601288,891,540,750300
601012,891,510,594027
603259,892,438,117200
601012,892,278,308220
600406,592,388,281400
601211,592,543,176300
688012,594,282,63179
601012,594,233,311300
600309,594,250,63700
600183,682,368,63600
601601,682,68,15600
688041,682,287,76953
600406,682,66,25900
600900,683,171,74100
600930,683,44,54400
600276,683,218,158800
600519,683,51,5200
601166,683,292,129500
688012,684,87,20756
688981,684,102,24754
600050,685,58,141000
600031,685,90,33200
600150,686,428,208871
600089,688,94,30500
688041,688,201,32230
601601,688,190,41100
600276,689,116,42800
601919,689,241,120100
600050,595,69,163900
603019,805,98,19600
603993,806,150,110300
688111,806,29,4764
601288,807,563,1050900
601857,808,250,213800
688012,808,55,8984
601601,809,396,233308
601857,810,296,293100
600887,810,338,114300
601728,810,120,127600
601857,878,548,510900
601668,600,889,5660100
600519,600,110,13000
601658,793,223,244100
600183,793,226,43100
601601,793,119,42700
600519,793,57,5800
600036,793,351,190300
601600,794,114,178500
600036,795,208,84300
601919,796,168,64700
601988,797,52,145300
688981,797,120,44425
688008,876,271,74259
600887,876,259,139600
600900,876,155,71400
603501,876,67,13000
688111,878,34,7975
603019,879,216,61400
603019,607,294,78500
601398,608,2833,5939200
600309,608,333,102800
601728,811,121,87600
601988,811,156,319500
603993,812,73,69600
601398,812,45,54300
603019,814,189,46000
600809,827,123,34300
600050,827,65,81300
601166,828,145,85800
601728,828,146,173500
688012,828,74,14399
601658,829,59,103400
688012,831,110,23038
601658,619,310,1233300
600028,839,219,162600
600111,839,71,43400
600900,840,148,64400
600519,840,27,2800
600050,841,542,1385200
688256,841,102,17501
600030,842,234,128300
688111,842,57,12134
601328,626,91,84100
600111,626,135,84100
600809,822,60,13700
601166,823,155,115800
600809,826,51,14600
603019,857,165,35364
600111,629,126,40000
603986,629,240,47200
601012,629,152,143500
688981,629,121,30983
601127,629,155,63600
601328,630,436,496800
601899,631,579,344200
601688,632,367,279300
600031,852,1776,1806500
601601,852,413,239300
601857,852,436,660966
601628,852,120,34500
601166,852,475,507900
600030,853,184,97500
600276,853,486,246300
600050,854,135,519400
603993,855,140,96900
601688,856,222,115800
603259,856,213,38000
601328,856,86,237800
688041,633,223,59372
601288,633,349,727300
600050,633,42,74000
600089,633,92,57700
688008,634,431,106980
601211,634,315,325162
600760,634,23,10600
603501,635,52,18600
601628,636,72,16900
600111,636,165,31500
601668,849,205,361400
601127,849,219,36900
600089,849,88,46300
601012,849,109,48100
601658,850,111,111600
601988,850,55,256100
603993,850,207,216100
601127,851,141,36700
601088,851,122,20900
688041,851,129,26689
600111,643,84,43800
688111,643,29,5433
603993,644,580,872400
600150,644,1446,875309
601888,645,88,25900
600028,645,59,123200
601688,645,263,160900
601398,858,186,330700
601919,858,203,134300
600406,858,204,163100
688008,858,213,57675
601328,859,319,284300
600183,859,369,87200
600887,860,383,127900
600930,860,876,1604500
600050,861,96,260900
601012,664,151,113300
601857,664,379,254900
601919,664,373,106100
688008,664,202,60443
601288,665,109,343600
600150,665,492,165700
601398,666,71,89300
601688,666,152,58900
601919,666,281,94870
601919,667,166,48300
688041,880,305,69216
601899,881,559,318500
601288,882,1077,5258400
601688,780,761,655900
601318,780,609,177800
603986,788,202,25700
688981,790,84,26730
603019,791,184,43500
603986,872,381,62300
601919,872,230,144900
601288,872,160,362400
601668,872,93,191500
601600,873,292,399300
601127,893,264,88753
603501,893,172,66700
601288,893,294,1233400
603501,894,205,60700
600089,894,247,237500
601328,895,606,517300
601857,647,171,142300
601857,596,368,233100
688012,570,1260,301104
601012,596,168,173600
688008,596,815,272727
601688,597,236,163600
601600,798,287,281800
601857,597,174,153800
601919,598,333,159100
600030,598,166,122510
601328,598,327,477700
600111,599,261,123100
600050,798,29,51100
600183,798,292,67000
601166,798,197,125100
688256,798,54,9517
601658,798,63,44100
600930,799,72,75300
601658,800,52,60900
601988,800,148,146500
688981,800,71,15545
603501,800,65,15100
600930,801,114,230300
600519,801,55,6200
600089,801,129,125800
600036,802,217,67100
603993,804,129,119800
688008,804,208,57967
601211,571,556,650554
600809,603,441,103600
601888,603,874,401200
600031,604,992,1381300
688008,605,546,148651
601919,605,510,562700
688008,606,551,125177
603259,572,1514,412300
600111,572,600,280400
603986,601,1192,211139
600309,601,275,80400
600050,781,76,292200
600930,781,40,83600
601288,782,622,1914800
688008,783,407,112218
600183,786,755,273090
603993,786,421,537800
601318,787,400,163900
688041,613,330,87290
601899,573,2109,1402500
601328,573,408,924200
601211,573,462,411400
600309,574,372,136200
601166,610,105,170000
600150,611,619,335900
601127,612,164,32900
601988,612,925,3232700
600028,612,210,423700
600519,817,63,8600
603019,817,139,52500
601688,818,62,60800
600276,818,133,60600
600150,818,523,192200
601888,820,62,21500
600900,820,270,220300
600030,821,182,94100
600036,821,358,140300
600519,575,282,41241
601888,575,210,92233
688256,614,180,41290
601088,614,172,43600
601318,614,303,136413
601988,614,448,754600
601857,615,354,367700
600309,616,1515,851875
600183,616,853,175700
601318,617,380,148500
601628,617,145,32300
603993,843,144,160600
601328,843,168,124800
600150,844,445,163500
601888,844,40,9500
603501,845,53,9800
600930,846,258,706100
688256,847,124,26615
600900,848,226,121400
601600,576,768,757500
601628,577,298,148100
600031,621,322,205300
601888,621,75,39800
601919,622,234,113300
601899,622,514,315700
600030,623,338,173400
601899,623,769,377900
601888,884,130,35600
601688,884,249,91100
600809,884,90,11800
600406,886,195,119700
600519,886,90,9700
601888,886,203,72300
688111,886,70,10421
600028,578,755,1047600
600050,676,80,98500
603019,678,255,75400
600089,678,183,109530
688111,678,7,1138
600406,679,90,38800
600050,679,182,169700
688012,680,86,17248
600900,680,298,140200
601888,680,33,17200
600183,681,959,207190
688981,681,71,20188
603019,887,469,183842
688111,888,82,18974
601166,889,232,144500
688256,889,94,14847
600050,579,384,878300
688008,580,2049,529179
600030,640,133,71600
600887,640,282,126600
601398,640,244,754200
601601,641,130,21100
688256,862,58,12918
601211,864,224,85124
601398,864,222,279900
688111,864,28,7670
601988,864,168,239500
601888,864,64,16500
600089,866,117,93300
601601,866,204,60600
601668,866,84,219500
601166,867,360,164700
601857,581,966,1526800
601166,581,289,317500
601012,582,1499,2281037
601628,582,241,89264
601088,582,788,277385
601857,582,482,581600
601600,646,360,363500
600089,646,324,419070
600309,647,335,103700
600150,648,640,765535
600887,650,246,109900
601601,650,195,38300
600111,650,117,52600
688981,868,115,34984
688008,869,291,57719
600406,870,107,55661
601988,871,221,209500
601318,871,848,305000
601899,585,1545,1142197
688041,585,803,271222
601728,585,234,164500
600760,586,262,124600
601288,586,2052,6692027
600028,652,71,68500
600183,654,786,191703
688256,654,68,11524
688012,655,75,20848
600809,655,79,20000
601919,656,105,59700
603501,656,40,7900
601600,657,739,1684600
600028,657,92,133600
600887,587,334,249900
601628,832,108,18600
600050,832,209,890600
688256,832,80,11965
688041,833,175,28881
600276,835,115,35000
600031,836,147,76500
600028,836,65,124700
601668,837,76,232200
688111,838,19,3604
603501,838,47,6900
600309,588,411,119100
601601,588,620,375000
688111,589,144,34843
600809,659,59,11700
601888,659,36,18200
603993,660,215,108200
600760,661,100,82800
600900,661,63,59800
600150,662,524,176097
688041,663,166,53147
601919,590,533,390360
601857,668,103,95900
603019,669,158,37100
601012,669,188,212400
688111,669,21,3593
601899,671,165,86600
688008,672,307,61357
601166,672,47,24600
600519,673,98,13400
688041,673,214,41524
601601,890,428,150900
601919,891,405,221300
603501,891,185,58300
600887,892,453,165500
601899,892,872,320300
601127,592,268,68700
601668,593,298,1326100
600030,593,207,157600
600111,593,350,166050
601318,594,350,108100
601658,682,95,93600
601166,684,55,35600
600111,684,88,46700
601601,684,65,16900
600089,685,47,55000
601211,685,226,147900
688981,685,76,27956
601857,686,196,163700
601012,686,788,284100
688041,687,166,34340
603986,687,133,16300
603986,688,222,34600
601601,689,178,45400
688981,689,91,34920
601211,689,172,46400
600760,689,63,67720
601728,595,163,251500
600406,595,285,138900
600309,805,154,43300
603501,805,68,21700
601127,806,241,78900
601628,807,89,15300
688008,807,214,45658
600030,808,204,97700
600930,809,86,90798
601166,810,153,84200
600111,600,980,279300
600887,792,186,144800
688256,793,114,19871
600930,793,89,221400
600887,794,164,61700
600930,794,116,353000
600809,795,49,9000
601857,796,149,113400
600760,796,27,12300
601628,797,160,43000
601328,875,87,156800
601658,875,50,90600
601688,876,109,46700
601628,876,186,54200
601988,879,807,1238900
601318,608,1269,1113900
603501,608,159,35500
601888,608,181,63300
688008,811,271,83614
688981,812,100,22114
600036,814,243,98000
601166,814,68,36500
688981,815,122,22350
601166,609,332,458800
600519,609,463,62810
601988,609,685,1080900
600930,828,88,75400
600050,828,66,94700
688111,831,30,18940
600089,831,100,60300
601601,831,214,78500
601398,831,1380,2639700
600760,617,106,28000
688041,618,298,78036
601919,618,222,81700
600309,619,613,345600
601166,619,123,187500
600900,619,257,128000
600031,839,293,175600
601988,839,263,371300
601899,840,796,288100
600183,840,536,108100
603259,841,287,58655
601127,841,129,26902
600089,825,120,103200
603986,625,563,101100
601328,625,121,48300
600760,625,47,14700
603019,626,205,48500
600030,626,264,263600
688256,626,120,25935
601012,626,321,365900
601088,627,113,24000
600028,628,569,1101300
601012,628,149,84300
603019,628,120,37000
601668,822,53,306200
600150,824,241,106500
601688,825,335,290700
603019,629,328,57100
688012,629,92,22783
688008,629,281,77827
600036,630,339,108900
603501,630,135,27900
603993,631,297,213700
601211,632,74,15700
601012,632,278,183500
600809,852,85,17300
600150,854,360,152800
600900,855,615,224800
600887,855,239,69400
600028,856,1718,1474600
601211,856,264,139600
601857,857,243,107500
688012,857,156,40908
688981,633,116,46982
600309,634,337,112800
688256,634,104,19716
600150,635,405,270744
688041,636,248,53740
601318,849,223,91300
601088,849,160,29900
600309,849,726,319982
601166,850,148,44600
600089,643,95,96200
600309,644,185,51100
600276,645,231,146200
601857,645,266,230200
601398,645,125,403700
601328,646,130,85400
601857,858,357,159100
601166,859,85,56800
601988,860,223,431300
601888,860,67,16300
601600,860,326,343700
600028,666,251,285200
601628,667,121,30100
601012,880,258,167400
603259,882,364,65500
600809,882,98,16400
601211,789,336,1038300
600031,791,170,180400
688041,791,206,49834
688111,791,26,8113
601988,872,145,180300
600887,893,392,201900
688111,894,105,33666
601857,896,766,671900
688041,787,159,37624
600030,844,340,263100
601600,622,395,389200
600276,865,181,65400
601688,878,107,79000
603019,570,2109,640140
601658,597,529,796800
600887,598,471,283500
688981,599,328,98090
688012,799,51,9743
600031,799,164,223900
688008,801,253,59527
688981,801,167,39067
601328,801,48,79100
600030,802,254,134100
688041,802,236,61536
601127,803,84,20200
600089,571,277,187200
603259,571,1266,309100
600028,603,1288,2455600
601166,603,188,232200
601318,604,283,156800
688981,604,642,233885
601688,605,268,112100
601601,572,885,791500
603019,781,259,52200
601166,781,223,164000
600276,782,189,63600
601988,782,135,214000
601888,782,86,36700
601857,783,73,184900
603986,783,254,34500
688256,783,39,6394
600150,783,921,554172
600900,784,168,46500
600150,785,511,139708
601919,786,162,67900
600031,787,222,111100
600089,787,62,28600
688012,573,420,104614
603501,574,656,197581
601088,610,198,65800
600050,610,123,188200
601899,611,545,391800
600309,612,2017,1024400
603986,612,958,134301
601318,613,410,200587
601688,613,225,180500
600930,613,34,61100
601658,613,81,117100
601127,613,171,30500
600519,816,49,5500
603501,817,52,10300
600519,818,55,6900
600406,818,132,45000
600089,818,106,69100
601668,819,157,260000
601600,819,534,307600
600406,819,157,49700
601899,820,442,313000
688111,820,34,6588
600930,821,86,72000
601899,614,365,232400
600406,615,288,166900
601919,615,189,89700
601600,615,820,667800
603986,616,687,98300
600887,616,315,132200
601288,616,914,722600
600050,616,108,111500
601127,843,124,20300
600930,843,103,186300
600276,844,268,163100
601857,844,282,162400
601628,844,199,39800
688012,844,52,11169
600519,845,71,8200
601628,847,123,47500
603019,847,135,26571
603259,847,157,30500
600183,848,437,118100
601857,886,717,501200
688012,577,317,70050
601288,622,617,1178200
601658,622,71,94600
603986,623,649,89200
688012,623,70,14463
601688,624,201,260663
688981,624,184,68456
600111,883,276,93300
603501,883,173,39500
688111,884,81,21306
601398,885,319,455300
600111,578,349,171700
601988,578,820,930400
601211,675,181,183500
601668,676,47,94600
601398,676,140,136300
601288,677,247,416900
603501,679,64,12235
601328,680,59,65000
601688,680,26,28300
603986,680,304,42300
601318,887,371,174600
688012,889,195,45925
600031,887,460,432100
688256,888,134,23974
601012,640,313,133000
688041,579,766,215258
601166,579,410,464900
601888,579,513,210500
600276,580,741,350600
600030,580,644,444100
601628,580,584,207000
601288,637,255,552700
600036,638,114,34330
600030,638,54,64400
600276,639,194,104100
600519,640,104,11500
600760,640,29,9600
601211,641,73,47700
601919,641,60,44800
601288,641,255,245400
600276,642,400,262900
600406,863,124,51500
600887,864,143,51700
603993,865,377,416700
600183,865,445,82600
600050,865,52,80500
601988,865,164,179200
600030,866,770,549400
600031,866,197,144700
601328,867,158,148000
603986,581,1136,184000
601600,581,993,2087000
603986,582,1413,267409
601988,582,987,2226177
601398,646,139,342800
601088,646,268,67400
601888,646,106,56900
603019,646,274,80500
600031,646,291,159100
601857,648,140,70200
601988,648,742,561400
601888,648,164,40900
601688,649,280,305500
603993,649,514,342500
688256,649,48,8375
600183,649,338,74300
600150,651,257,130341
600050,651,117,145600
601088,651,192,47600
688041,651,268,59552
601600,652,152,97700
603993,583,1136,1498492
688012,583,228,69542
600030,584,661,569700
600309,584,1089,463800
601857,584,606,884200
601658,584,158,152600
601688,868,89,41200
601088,869,195,44100
601668,869,412,655600
600030,869,482,280600
603986,870,284,38100
600930,870,270,406600
600028,870,301,406600
601088,871,196,45500
600183,871,895,197200
603019,871,271,122759
600809,586,166,38800
600050,652,77,103700
601728,653,186,169200
601628,653,88,20700
601601,653,172,65200
688012,654,59,13707
601288,655,464,613400
603993,656,297,253800
601166,656,305,184900
601088,657,91,33100
600930,587,1048,1643100
688008,832,226,62132
601688,832,99,57700
688012,833,80,19107
601728,834,119,120600
600930,834,76,85600
601211,835,47,22900
601288,835,165,363000
600028,835,226,87300
600887,835,296,70000
600930,836,128,163700
601919,838,310,226000
688041,838,136,28734
688981,838,64,17132
601857,658,304,255001
601398,658,150,225600
600050,661,45,94500
601012,661,167,122051
600519,662,51,4000
603993,662,251,135800
600406,663,79,52600
601398,591,1242,2737800
601668,669,50,92600
601398,669,482,471600
601728,669,334,193700
600760,671,84,17532
601601,671,338,78000
600276,673,287,163100
601398,673,105,101900
601919,673,189,112780
601688,674,309,223500
600050,674,45,121800
603993,674,163,278500
601088,890,367,147100
601888,890,224,63100
601658,592,276,577400
600900,592,669,444000
688012,592,369,109731
600887,593,2158,1891900
600031,593,273,118100
688008,682,117,26273
601628,683,71,15900
601728,686,59,96500
601688,686,79,35900
601318,686,291,93300
601328,687,47,81000
600111,687,50,39900
603501,687,46,7900
600809,688,50,8300
600183,688,330,72800
600031,689,111,94900
600900,689,141,67300
600036,689,165,60100
601988,595,503,471300
600183,805,283,54100
600406,805,76,44300
688041,807,229,60744
601398,807,313,306400
601919,807,150,69300
600406,807,436,260356
603019,807,104,23900
601088,808,108,25000
601398,808,180,175000
601127,809,109,24000
688012,809,178,44958
601899,810,200,112900
601658,796,78,55400
603259,600,741,145300
600183,600,2168,515710
601012,600,328,463500
603019,600,1453,349300
601857,600,700,968300
603019,793,81,22600
601012,795,233,197900
603993,796,152,126600
601088,796,74,17700
601318,796,222,53683
600887,797,120,61700
601088,797,125,28000
600887,875,399,149500
601166,877,149,99600
601127,878,217,48900
600183,878,680,162593
600519,879,210,26100
600760,879,233,57800
600183,607,587,117031
600809,607,289,61500
688981,607,243,77666
600150,607,1075,811400
600036,608,753,386000
601658,811,53,70200
688256,812,112,16704
600111,812,71,22400
600030,813,408,232100
601899,813,274,170400
688111,813,69,16182
601127,813,50,14100
688008,814,204,49185
601728,609,123,132700
601658,609,151,472000
603259,609,2435,619520
600050,609,172,427300
601888,609,626,362600
601318,828,211,93900
603259,829,228,34239
600050,829,55,65000
601628,829,129,28900
600030,830,207,88700
603986,830,327,43232
601211,839,170,156800
600887,840,360,125700
601012,841,81,49000
601628,842,244,69700
601600,842,634,304100
603019,625,260,76127
688256,625,39,8385
688981,625,101,30521
600309,627,379,107300
600031,627,142,104100
600030,628,308,364200
600900,628,182,215400
600183,822,297,55596
600030,823,289,845200
603501,823,72,13100
601888,823,40,14600
688111,629,42,8190
601398,630,1034,1172200
601211,631,192,76000
601318,632,368,107900
601328,852,1006,1377400
601600,852,471,362400
601919,853,399,304600
601728,853,375,347200
600809,855,78,28800
603993,857,98,88700
600028,633,542,649700
600309,633,315,145200
688012,633,118,28969
601166,634,83,51600
601919,634,309,115400
688041,634,186,41291
688981,635,170,57660
601088,636,152,40600
601288,636,413,231100
601127,636,119,22900
601658,849,124,132400
600406,849,159,42600
601600,849,136,166900
601012,850,45,17700
601398,850,144,147200
601288,850,232,276900
601628,851,138,46700
603019,851,155,50809
600183,861,358,67300
601088,643,129,27200
601668,644,76,161800
600887,644,269,106100
603986,645,277,43000
601988,645,1002,2170300
600031,860,432,246100
600309,860,1526,865900
601211,861,90,72900
600276,861,188,60100
600111,881,187,81600
688008,665,234,52957
600930,665,78,112500
601728,666,49,45200
600900,667,102,66900
600406,667,119,36800
600028,667,153,90200
601728,880,276,190600
600887,880,333,105900
600030,880,279,86000
601888,880,102,35000
601288,881,251,1005100
601328,780,187,313700
688012,780,314,63655
601899,780,2624,1957016
688981,780,908,320390
603019,780,1360,367577
600887,788,147,53400
600519,788,47,5100
601088,789,170,50200
601601,790,293,137100
600150,790,431,151200
601888,790,65,29500
600760,790,27,8300
600760,791,66,13200
600900,872,150,94700
603501,872,76,25450
600150,873,774,233600
600519,873,55,6100
601628,873,176,41900
601899,874,1205,709000
688256,893,108,18452
601988,894,233,408500
601658,894,1098,2765600
600809,894,102,32400
600028,895,777,934500
601012,896,583,549480
603259,896,684,152644
688111,896,123,25820
601728,570,1083,1406600
600276,596,723,313900
600028,597,423,553200
601127,598,478,177400
600760,598,40,8300
600760,599,64,21100
600309,798,120,30500
600406,798,90,29600
600519,799,37,4100
603986,799,193,36500
601088,799,136,33100
688256,799,39,5329
601728,800,80,102800
600309,801,148,45800
600760,801,34,9600
600150,802,530,205660
600900,802,175,153300
600930,802,59,100900
600519,803,41,5200
601919,803,115,72100
600036,803,216,75500
600028,803,120,196700
601318,804,1175,555162
601211,804,122,138000
600089,804,69,68000
600760,804,21,5900
600050,804,28,52500
600760,571,187,75720
603019,571,1047,297700
600030,571,687,650201
600406,603,646,507300
688008,604,881,292090
600760,604,53,23700
600760,605,53,16600
601318,606,624,336700
601166,606,226,212100
688008,785,285,70623
688012,572,458,120480
601888,601,135,60100
600276,601,502,163400
601988,601,173,294000
600309,602,518,193900
601166,602,312,329100
601318,602,552,316600
600519,602,194,24600
601328,781,356,280300
601012,781,137,56300
603019,782,194,70700
601601,783,179,49200
600036,783,695,450900
603501,783,73,14800
600760,783,9,1300
600809,784,43,7000
601318,784,340,101800
600519,784,61,7200
601166,784,74,27000
601888,784,50,24500
688111,785,18,4199
688256,786,120,22085
601668,786,58,377700
601919,787,481,539300
601166,787,344,246200
600183,574,1268,229593
601658,574,535,1169900
603019,574,779,238900
601888,574,272,140667
601601,610,169,55200
601658,611,371,567700
603501,612,160,31300
601601,613,353,134400
688981,613,352,124692
600276,815,228,139100
601600,817,348,209900
601919,817,246,132100
601211,817,210,189100
600887,817,155,59300
600309,818,137,39300
600760,818,60,16100
688256,819,110,22556
688012,819,112,20048
601328,614,326,215900
601601,575,983,504100
601012,575,498,900300
688981,575,987,308455
600030,614,226,102800
603986,614,643,105100
601601,614,200,118100
601088,615,169,49700
600089,616,135,67800
601127,616,177,34600
601668,616,60,195180
600050,843,251,570000
601728,843,130,88600
688981,844,134,30531
603501,844,61,11000
600276,845,132,38000
601288,847,1521,2065800
600519,847,35,3500
600111,847,85,32700
603993,848,322,681900
688256,848,86,13724
600028,848,123,127700
601288,577,502,660700
603986,577,2131,374001
603501,577,409,104200
600030,577,405,195900
600030,620,158,83600
601288,620,117,260500
600028,621,436,474100
601628,621,95,25800
600809,623,137,47400
601888,623,247,103900
600276,624,385,142000
688256,624,38,6218
601888,883,90,29100
688256,884,99,14354
601127,884,144,21600
601628,884,249,138600
601728,884,195,248600
601127,885,238,50100
600030,886,361,148800
688008,886,421,94910
601628,886,267,99300
600031,578,513,266700
601728,578,757,1799300
601288,578,502,1074800
600030,675,133,68800
601857,677,101,106300
600030,677,173,96700
601328,677,84,72200
600183,678,528,109500
601318,678,234,77600
600276,681,167,52100
601211,681,29,40400
600050,681,69,56600
600760,887,89,23800
600050,889,224,258700
688008,889,759,189717
601288,579,610,845700
603259,579,1068,296000
603993,579,603,444100
601318,580,646,260200
601127,637,186,29600
601899,637,846,433100
601668,639,64,227600
601318,639,276,157920
601288,639,210,251300
688041,639,166,49364
601166,641,50,32400
601398,642,59,104000
688981,862,158,28962
600309,863,583,204300
603259,863,194,35900
601688,863,219,112800
600276,863,243,85080
601328,863,184,279900
601166,864,147,173900
601668,864,143,246900
603501,865,94,17300
601127,866,283,95600
601318,866,445,120200
600900,866,283,141800
688981,867,116,21543
601628,581,336,148600
601318,646,226,67300
601012,647,247,135300
601211,647,348,168400
601668,648,56,119700
601688,648,653,1054000
688012,648,82,13784
601166,649,54,31300
601668,649,67,106000
601088,649,210,85500
601288,651,550,674000
600036,583,429,199361
601628,583,156,49900
601166,868,229,160500
600036,868,344,158300
601088,868,198,45100
603019,868,101,29600
603986,868,262,48900
601888,868,41,10800
603993,869,251,389400
600111,870,242,55100
600028,871,67,74000
688256,871,199,37131
688111,871,76,16011
601088,585,362,111700
603986,585,2956,557429
601919,654,201,199500
600031,655,408,168300
601888,655,94,37900
600519,656,77,8400
688041,657,132,21303
601668,587,919,5915028
601398,832,161,208000
600150,833,369,152200
600276,834,172,50700
601166,835,88,102700
601288,836,83,316000
600519,837,50,5400
601127,837,103,60300
601166,838,179,122400
601688,588,340,324000
600031,588,455,189000
603993,658,268,147600
600519,658,65,6500
603019,659,85,28800
601728,660,168,123700
600406,660,169,67000
688111,660,35,6719
601166,661,101,67300
601398,661,198,268600
603501,661,109,28200
600183,663,325,70000
601166,663,97,84300
600150,669,265,99100
601628,590,282,128400
600276,591,680,345300
603986,668,387,68000
600809,669,61,16700
600900,669,970,1033800
600036,669,338,98100
688041,669,272,54678
600406,670,111,43700
600111,670,99,42700
601988,670,82,274100
601328,671,116,124900
688256,671,134,29424
600900,672,240,123099
600089,672,67,38500
601328,672,81,91400
688111,672,14,3583
601127,673,58,9700
601600,673,210,256600
688981,673,122,30992
600111,674,98,28700
603259,674,386,61300
601601,674,120,44100
601127,674,67,18200
601688,890,216,65200
603986,890,695,97400
601668,890,180,237500
600050,892,182,314825
601318,593,600,288300
601728,593,145,157500
601600,594,627,1125600
601658,594,203,508400
688256,594,260,48328
601857,682,136,203000
600050,683,876,2480100
601919,683,229,152300
601628,684,141,29700
603501,686,106,28200
601601,686,100,26800
601899,687,760,571300
601988,687,256,333600
688111,687,36,8118
600760,595,97,23200
601127,595,609,202500
601888,595,443,239200
601328,805,513,590500
600276,806,267,109500
688041,806,311,120611
600887,808,122,53300
600406,808,99,35844
601658,809,127,151800
601628,809,192,57300
603259,810,278,68454
688981,810,134,49886
688256,792,75,11972
601600,792,67,149300
603019,792,155,32100
601398,793,218,203600
600111,795,66,21500
688012,796,84,14230
600031,796,217,285800
600111,796,83,26800
601888,796,99,24200
600930,875,458,513200
601166,876,298,161300
601088,876,206,53300
601628,877,110,29100
601398,878,374,524400
603259,879,348,54800
600031,879,373,261600
601600,607,284,223600
601688,608,221,185000
600519,608,305,34820
688981,608,242,71913
600183,811,370,82100
601857,811,189,212500
601899,811,530,290100
601628,812,205,57500
601318,812,210,88000
601211,812,347,168800
603501,812,52,15400
601012,814,27,28500
600028,814,160,175200
600309,609,307,104600
600031,609,764,729900
603501,827,121,17300
688041,828,176,31416
601600,828,76,90800
601857,829,177,150800
601988,829,105,230300
601600,830,261,106500
600150,831,477,161200
603019,831,121,26300
601600,831,562,478200
601211,618,212,64300
600519,618,111,13900
600887,619,284,122000
603501,839,103,25400
600930,841,103,159800
601601,842,428,261700
601688,627,124,99900
601398,625,197,245100
603501,625,41,12500
601318,626,463,235700
600809,627,82,18800
600930,822,66,132600
601728,823,69,160100
601628,824,165,39800
601398,824,284,394600
600519,824,42,4500
600183,825,298,44000
603993,826,128,114700
600276,631,240,89400
600028,629,427,352700
600050,629,115,159500
600930,631,56,99000
601398,631,750,779300
601166,631,167,251100
600031,632,275,200000
600276,632,336,106900
601328,853,269,298100
688256,854,126,21481
601088,855,152,24100
601668,855,137,170400
601899,855,309,153800
601601,855,297,104200
601088,856,127,24000
603986,856,240,39800
601888,856,122,29000
603501,856,129,21600
600809,857,64,8600
601012,857,326,101640
603501,857,78,14300
600031,633,352,290500
601088,634,173,31200
688008,635,240,56281
600030,635,261,78100
601899,636,725,340791
600150,849,509,208200
688111,850,52,16224
603019,850,181,35500
600887,851,75,27800
601211,851,103,32300
603019,643,141,26200
600760,644,41,22100
601211,645,226,115200
600089,858,107,50600
600030,858,268,145800
688012,859,140,42419
601288,859,719,2850700
688111,859,27,5985
600519,859,54,5500
601318,860,389,125000
603986,860,734,100857
601899,666,444,336300
600276,666,222,86300
601328,666,92,91000
600183,666,236,52600
600089,667,69,41200
601288,667,79,188200
688012,667,46,10266
601658,880,112,233100
600900,880,1077,627600
600050,881,81,104500
601088,881,90,21400
600276,882,299,148520
600050,882,99,181500
600028,780,3316,7258900
601088,780,409,105700
601088,788,74,15900
601688,789,274,147300
601658,789,116,137800
600809,790,61,7200
601012,790,79,48900
603501,791,83,14200
600028,873,93,225100
688008,893,568,144658
688981,893,305,85951
601899,894,787,454343
600150,896,1868,1048904
603993,896,569,700700
601728,801,71,110900
601688,827,53,45900
601600,859,131,123400
601658,883,137,390300
603259,570,2216,576875
600887,570,1372,1025121
601166,570,1193,1072100
600900,596,492,347200
600031,596,241,109200
600150,597,604,360199
601211,598,365,239400
600887,599,196,109900
601088,599,292,67700
600809,798,30,3500
601668,798,1716,5893400
688041,798,163,34617
601628,800,95,29900
601601,800,461,317800
601318,801,423,143876
600183,802,378,57100
601211,802,90,101100
601012,803,78,83700
600030,803,255,109400
600309,803,130,50800
601857,804,177,150900
600900,603,721,534400
601127,604,248,80300
603259,605,794,177300
600050,601,65,201400
601899,601,641,453300
601166,601,222,250500
601988,602,1085,1569600
600030,602,365,321600
601688,781,158,77700
601888,781,46,8900
601919,782,137,59000
688256,782,63,11260
601127,782,97,14400
600406,785,93,62500
601088,786,131,49100
601899,787,552,226600
600760,787,35,23100
603501,573,567,168500
688981,573,1097,513870
600036,574,674,443700
601012,574,587,1017000
601328,610,324,383400
601668,611,89,263300
603993,611,558,394300
601318,612,438,172664
688111,815,27,5062
600930,815,65,64500
601328,816,17,29500
601127,817,36,5100
600900,817,164,81900
688256,817,48,7379
600887,818,177,85000
600050,818,42,80200
601288,819,942,2141300
600406,820,92,25400
688111,821,23,4365
601211,575,1048,559178
601888,614,197,137200
601628,615,151,57600
688012,615,93,19107
601398,616,420,308100
601728,845,114,98400
601318,846,298,110600
603986,846,192,23600
600183,847,260,50500
601318,848,336,94000
600309,848,366,104800
603501,848,157,47100
601166,576,318,187000
601668,576,129,276600
600050,576,590,1395900
601899,577,1688,1275100
601728,577,310,678900
603259,577,1076,268100
601658,577,541,796200
600150,620,423,120900
601668,620,47,125900
601888,622,178,63000
601012,622,226,215300
688256,623,150,30971
601127,623,174,45500
600089,624,98,37600
688012,883,259,48411
600887,883,200,64600
601658,884,261,371200
603501,884,108,22700
600887,885,473,195500
601658,885,117,259800
601919,886,255,131300
600089,886,230,120600
601988,675,361,532600
601628,676,109,39700
600050,678,23,49600
688981,680,76,17415
600150,680,331,92900
688008,681,228,60334
601988,888,523,1190300
603501,579,372,104600
603259,580,1512,339754
603501,637,52,12700
600089,637,145,100500
601088,637,169,33900
601088,638,128,28100
688111,638,34,7211
601628,639,156,35500
688981,639,271,92989
600031,641,139,90100
600050,642,34,75200
688256,642,149,24174
601857,642,902,1651399
603986,642,567,77474
600276,862,215,120420
601857,862,167,85100
600183,863,371,73200
600028,863,260,142100
688256,863,70,13165
600036,864,292,146600
600028,865,160,144400
600406,865,162,47600
688111,866,35,5116
603019,867,127,33600
600028,867,126,162300
600406,581,253,121900
603993,582,1091,956008
600150,647,1282,913000
688012,647,68,13019
600406,650,189,94000
601888,650,58,17100
601318,652,397,85900
601166,652,192,146600
601127,583,488,325500
600030,583,561,538735
601318,584,489,182300
600809,584,358,116100
600031,868,294,183300
600276,869,256,91200
603259,869,203,39600
688041,869,176,34044
688012,869,95,18093
601127,870,213,92400
688981,871,164,38744
601899,871,674,411700
601658,585,148,564000
688041,586,755,237050
600089,652,95,70500
600183,653,556,118700
600887,653,210,115000
601328,653,69,85500
603259,654,160,34200
601688,655,74,44000
600900,656,311,140500
601988,656,457,491800
603993,657,456,435200
600050,587,114,567100
600183,833,271,60200
603501,833,49,7700
601127,833,44,8300
600519,833,43,4500
600031,834,359,214300
601601,834,255,148800
600031,835,207,126196
600111,837,85,35300
600276,837,298,131900
603501,837,80,17800
603501,588,187,48900
601211,589,382,197600
600028,658,281,463800
600183,659,374,76700
688111,659,28,6987
601658,659,315,431300
600900,660,434,328600
601658,660,28,75900
603986,660,257,34900
601988,662,751,2034100
600276,662,397,168500
601888,662,73,20900
600887,662,95,28300
601127,590,459,175300
600519,590,160,17832
601127,591,443,146900
600276,670,298,139400
600028,670,123,135300
600030,671,278,161600
688981,672,72,25222
600030,673,51,45600
600028,673,47,79600
601857,890,426,293100
603993,890,633,316812
600030,890,359,242000
600089,890,233,132300
600150,891,1100,462866
601688,891,158,111500
688041,892,498,105202
601166,892,637,333200
601728,892,301,354700
688012,892,153,35242
688012,593,283,60204
603019,593,404,115900
688111,594,143,41567
601888,682,37,13800
601601,683,75,22500
600031,687,246,107800
688256,687,63,23596
688981,688,46,13760
601857,688,114,127800
600030,688,137,138530
600111,689,158,54500
600089,809,202,105300
603259,595,1567,285900
601857,595,562,574400
601628,806,104,21800
601211,806,210,150500
600309,807,184,35900
600900,807,275,185400
601600,808,149,104000
603259,809,217,45300
600030,809,380,188450
600036,809,290,170500
601668,810,48,118800
601628,600,246,57600
601888,600,203,99900
688256,600,117,18976
600030,792,624,765300
600519,792,44,4900
601288,793,54,204400
601328,793,76,125600
601166,793,49,32300
603986,794,310,45700
601668,794,151,294900
600276,795,137,42000
600183,795,324,78600
600760,795,143,35200
601601,797,178,60200
600930,797,50,50700
600031,875,579,378900
600309,875,366,103900
601288,876,161,344600
601398,877,202,267100
601088,877,136,25000
600028,877,173,119500
601988,878,624,546900
600089,879,237,99925
601211,608,357,171200
601888,811,76,16400
601688,812,36,26600
601888,812,45,14800
688111,814,74,26172
600930,814,57,46600
601668,814,266,664900
688256,814,171,32795
600030,827,222,276055
600887,828,205,94900
600030,828,237,103045
601211,828,72,68900
600111,828,95,30100
600406,829,248,114700
601288,830,118,362600
601857,830,118,85100
600028,830,136,130600
600760,830,46,20200
601628,831,106,22300
601166,831,110,87100
601012,618,595,533900
601857,618,234,198100
600809,618,138,72100
601668,618,54,109300
600089,619,140,148500
688256,839,60,10491
600030,839,238,105500
601127,840,171,36098
603993,840,202,359900
601601,840,312,104200
600031,841,367,299000
601600,841,858,414200
600276,841,348,94900
688981,841,110,28593
601899,841,480,227800
601318,842,526,169800
601288,842,96,326100
688041,626,206,39906
600183,626,2356,591495
601919,626,230,67400
600050,627,46,58500
601658,628,93,114800
603993,822,118,156000
688111,822,30,3870
601601,824,246,75500
600309,824,182,51000
601288,824,326,838700
601012,824,74,41400
600276,825,180,90700
600036,825,376,131000
600111,825,95,28700
601988,825,87,196600
688008,826,190,58964
601601,826,278,80800
688012,826,127,23620
601658,826,180,156000
601888,826,42,17900
600036,629,489,139900
600900,630,359,131100
601012,630,84,132200
600887,631,262,120000
600050,631,43,47300
688008,631,251,81078
600309,632,415,140300
601398,632,1213,1209400
600809,632,119,21200
600036,852,564,256100
600036,853,505,180500
600111,853,90,28000
601988,854,56,153500
601919,854,392,160900
601318,855,410,130300
601398,855,207,325900
600760,855,57,18500
600887,856,130,52400
600760,856,40,13600
603986,857,218,32300
688981,634,148,47200
600050,634,154,195100
600930,634,95,343900
601628,850,109,29600
601668,850,110,198400
688981,850,102,20255
600111,851,92,47800
601328,643,443,462100
601012,644,201,160800
601088,645,503,176600
600760,861,42,11100
600030,664,66,31200
601127,664,50,15000
601088,664,90,24300
601166,665,203,136500
600028,880,454,623600
601628,880,139,48500
688981,880,277,85602
601857,881,363,278000
600183,780,1290,296760
600111,789,82,36600
601688,790,174,159100
601127,790,109,45700
601211,791,368,305700
688008,872,269,67698
601600,872,456,396700
601166,873,130,110700
601919,873,86,28230
688041,873,252,51470
600050,874,36,59900
600089,893,202,138900
603019,894,495,130090
600183,894,851,174439
600930,894,609,1396900
601398,894,246,489500
603259,894,539,118800
688111,895,103,25737
601318,895,628,309300
600030,896,570,282775
600028,804,249,476900
601888,827,42,12900
601888,570,958,430400
601658,596,258,196000
601919,596,546,234300
688256,597,138,22769
601988,598,188,386800
601668,598,442,1313700
600276,598,1027,398400
601288,599,464,796700
600150,599,678,423900
601899,799,250,111900
600309,800,278,69900
603986,802,224,32700
600050,802,27,63200
601988,804,102,141600
601600,571,2105,4158700
603019,604,597,212600
601211,604,303,171900
600276,604,785,400900
601012,604,659,674800
600089,605,192,100900
600809,606,360,93800
601601,606,246,119500
600050,606,221,479600
600028,606,419,864300
601318,572,984,566200
601127,601,452,108000
601688,601,257,133900
600760,601,69,22600
600930,602,99,175600
601857,602,425,706100
600150,781,1659,807500
600809,781,53,7100
600406,782,76,50400
600050,783,46,57400
600309,784,146,50100
601601,785,272,42500
603019,785,101,30200
601127,786,85,36700
600887,573,343,302800
600309,573,330,77600
601601,574,819,637000
601988,610,2090,5118200
600809,610,457,167000
601127,610,304,195900
600930,610,82,132600
600900,612,295,111400
688981,612,216,56009
601628,612,126,29200
600930,612,74,199700
600276,613,420,143200
688012,613,131,27258
601988,613,253,435200
601012,816,45,39900
688008,817,256,54700
601988,817,1132,1513700
601628,818,146,69000
601919,819,205,121300
603259,819,381,78100
600050,819,141,160900
600309,819,109,28600
601398,820,560,733400
688041,820,464,147721
601688,821,76,63000
600089,821,59,36560
601988,575,1034,2355400
601166,615,99,89400
600519,616,129,17700
600183,617,860,155500
600050,617,51,70000
601012,617,500,437900
600036,843,396,119800
600809,844,87,15800
600031,844,369,220200
688041,845,255,45389
601328,845,447,290500
688981,846,108,24238
600760,846,55,14800
601857,847,307,550700
601728,848,298,170400
600930,848,380,1384200
688012,848,111,29560
600111,848,154,47900
600760,576,105,38200
601601,577,357,192200
601988,577,541,696000
601688,577,225,201000
603259,620,603,175400
600028,620,923,2444000
601398,620,1212,1059400
600760,620,62,21996
600519,621,120,19300
601288,621,469,1386800
603986,621,677,127800
600887,622,342,129700
601988,622,688,841299
601988,623,575,666800
600089,623,130,76500
600276,883,275,100680
601166,885,463,322200
601318,885,562,192700
600183,885,693,161415
600760,886,142,34100
601600,578,538,1026600
603986,578,1621,290400
603259,578,885,205000
601857,578,611,463000
601166,578,304,312100
601328,676,104,112600
600276,676,251,151600
601088,677,114,23900
601318,677,304,63700
688256,678,61,15802
601211,889,319,146000
600028,679,363,303700
600276,680,197,107100
600309,680,342,72300
603019,680,73,17100
688012,681,55,12960
601601,887,414,89700
600309,887,380,109000
600406,887,332,218100
688981,887,295,75865
601601,888,263,80900
601088,888,141,60300
600760,889,161,64300
603019,889,440,106815
600028,579,741,1893200
601668,580,117,685100
600150,580,1879,844536
601012,637,200,118900
600900,638,280,152700
600276,638,141,45300
603501,638,81,28100
600150,639,947,740133
688012,639,134,24308
601888,639,268,165200
601988,641,448,201600
600089,641,200,94300
600309,641,178,46000
600930,641,111,174800
600760,862,71,19000
688981,863,132,26248
603993,864,301,449600
600089,864,211,118820
600809,864,58,12500
601728,865,515,880600
603993,866,254,285800
600809,867,55,12700
600930,867,153,177800
601658,581,112,131399
600150,582,1253,376609
600900,582,977,742082
688981,646,191,74108
600028,646,730,827480
600930,646,68,103500
600406,647,224,65900
601318,647,299,67400
601668,647,43,56740
600089,649,108,52700
600809,649,64,15800
600309,649,454,286200
603501,650,54,8600
601899,651,400,177300
601318,651,208,64100
600036,652,1232,343700
600028,583,401,658400
600519,583,157,19024
601398,584,825,749100
688256,868,57,9005
600111,869,154,85200
601728,870,245,375500
601888,870,98,27000
600900,871,418,288000
601628,585,377,140300
600760,585,464,156500
603019,586,435,105300
600309,586,494,122600
601728,586,179,152200
688981,652,79,26337
601899,653,484,298400
688041,654,107,21676
600309,656,337,74500
601328,656,112,83300
688256,656,95,14406
688981,656,130,40070
603019,657,89,20300
600036,657,246,41700
688111,587,238,61590
600028,833,74,112300
601600,833,618,955400
601600,834,106,114800
603986,834,183,23700
601166,834,82,37200
600809,835,63,10800
600150,835,433,193600
601088,835,158,39700
600050,835,58,98800
600930,588,172,201600
601688,589,245,223600
601328,589,167,190300
600760,589,80,20400
601088,658,182,48000
601628,659,151,42200
600930,659,278,255000
600276,660,1632,811497
601688,660,284,322100
600309,660,160,42100
600089,661,113,56800
601628,662,164,32550
600111,662,38,19200
601988,590,986,2208300
603993,590,515,406000
601012,591,343,452000
600887,591,300,150400
600900,668,186,305800
601988,668,86,176700
603993,669,160,130200
600276,669,161,60700
600183,669,628,118700
601318,669,237,58900
688008,670,463,128168
601166,670,182,170800
603019,671,335,74900
601398,672,219,174700
601857,673,203,220300
601857,674,58,103100
600309,674,92,26600
601166,674,64,54300
600519,890,83,10400
600760,890,65,13900
601688,892,171,82316
600183,592,1366,296800
600036,592,615,184000
600150,592,613,343200
600150,593,608,413099
600900,593,525,367800
601628,594,138,33100
600930,682,121,204000
603501,685,80,23400
600887,685,143,40700
688008,686,132,27948
600028,687,125,97500
601166,687,151,126200
600150,687,438,193252
601919,687,203,53500
600519,688,178,19900
688008,688,135,38881
688111,689,20,4653
601398,805,309,190600
601166,805,113,79900
603501,806,50,10600
600089,807,91,44400
603986,807,249,35600
600150,808,391,213100
601688,808,82,82800
600036,808,222,92882
600887,809,185,69900
600519,809,53,6200
600406,809,206,164800
601088,810,264,70400
600276,810,343,127663
601328,810,486,678300
600111,810,61,16100
603993,793,1116,1505100
601728,793,61,84700
600276,794,110,39860
601688,795,188,207300
600900,795,410,329200
601601,795,215,72700
688012,795,101,20296
688008,795,294,106957
600930,796,65,95400
600050,797,90,189900
600276,797,126,64000
603019,797,103,25792
601288,797,160,318400
688041,875,194,36695
603259,875,277,50400
600276,875,379,234020
600760,876,55,15400
600030,877,331,176500
600036,878,627,304800
688012,878,129,23478
688008,879,325,86669
601288,607,1455,3488500
600050,607,325,801700
601166,608,207,322300
601088,811,107,19500
600028,811,1221,1713000
600036,812,436,100400
601919,813,42,21900
600406,815,126,58000
601899,815,461,244300
603993,609,404,267700
600111,827,95,66700
601888,828,56,21200
601288,829,145,426100
600111,829,129,43600
601728,829,228,193400
600760,829,34,9700
601398,830,73,242900
600183,831,479,115600
600519,831,38,3900
601628,618,73,14200
603501,618,91,29300
600050,618,76,128700
601628,619,63,21600
688981,619,151,47767
688111,619,33,6129
603019,839,113,22800
601658,839,212,316300
600887,839,171,64700
600760,840,577,277942
601288,841,157,460000
603501,841,110,21000
688256,842,91,16726
601688,625,270,147940
600519,625,74,8100
600036,625,104,51900
600887,627,259,133900
601658,627,72,68200
601328,822,79,100000
600183,823,286,65300
600809,824,55,8800
600900,824,417,172300
601318,825,364,130500
600050,825,117,217400
600309,825,107,25100
601318,826,276,98700
601601,630,270,91400
601288,631,245,266600
600111,632,117,42000
600406,852,391,294600
601688,853,37,21200
601088,853,250,41300
601658,854,189,212400
601211,854,204,152000
600089,856,151,57200
601088,857,145,24900
603501,634,107,32900
601600,635,523,982400
601328,636,442,315600
601988,636,706,679400
688012,636,106,22309
600519,849,52,5300
601211,850,208,149856
603986,850,313,51700
601601,851,285,218000
600406,643,162,72700
600036,643,141,39200
688981,643,169,66746
688111,644,59,18762
601668,645,44,143200
600050,645,68,145600
688041,645,191,67689
601728,858,57,90800
600900,859,297,170700
600089,859,78,33200
601127,859,106,16800
688012,861,105,28444
603019,861,128,23736
600028,861,944,1042400
601318,664,292,70100
603501,664,102,20600
601012,665,155,146900
601088,665,171,38900
600406,666,105,67500
601012,666,74,36900
600760,666,19,25300
601728,667,146,61700
600031,667,224,179400
600183,880,652,133493
600930,880,302,300700
600887,881,193,86700
601127,881,278,56100
600406,881,228,147700
600150,882,628,261680
601728,882,267,289200
688008,882,499,137240
601628,780,209,66500
601899,790,608,358700
600760,872,134,40400
600276,872,278,171800
600276,874,283,164400
601166,874,183,89200
601398,874,195,278800
601328,874,141,288700
600111,893,522,196200
600760,896,133,79300
688012,820,101,20932
601398,845,120,122600
688041,596,444,155207
600887,596,358,379300
600887,597,237,145400
601398,598,397,217800
603986,599,1301,200463
601728,599,495,494500
601658,599,92,154600
600900,798,331,428400
600406,799,102,38300
601658,799,54,47400
601166,800,63,84800
601888,800,51,8700
600036,801,411,160200
603993,803,132,185500
600900,804,264,169200
601728,804,125,130400
688111,571,396,90667
601628,603,207,98600
601658,603,355,585000
600050,603,54,101600
603501,604,136,22100
600900,605,431,330700
600809,572,155,28500
601888,572,259,74000
600183,572,2503,437300
601328,572,616,1725600
688041,572,961,273032
601288,601,1016,2787400
601012,601,619,585901
600030,601,332,136290
600183,781,554,138700
688012,781,113,24767
688256,781,84,12570
603993,782,155,187100
600900,783,308,364200
601288,785,674,900700
603993,785,354,397200
603501,785,73,24100
601127,785,67,19800
601668,787,54,182000
603019,787,84,16900
601288,573,1071,2062200
688256,573,323,62311
600406,573,386,180000
601288,574,1161,3118700
601919,574,351,322000
688111,574,167,51693
600276,610,469,213324
601988,611,1202,4061400
600309,611,1206,653000
600183,612,1061,217600
600150,612,436,486000
600030,613,178,100200
600760,815,43,14300
603019,815,114,25600
688041,816,412,108565
688008,816,281,67934
601211,816,398,199300
601600,816,391,435500
600050,817,37,59500
600183,818,397,80700
601398,818,137,133700
601328,818,70,86300
601600,818,420,411900
601658,819,373,350901
600111,820,114,49200
600519,820,34,3500
601166,820,105,55200
601166,821,433,301400
600276,821,99,43700
601288,821,82,433400
600111,821,146,66300
601398,821,356,615600
603259,575,944,205626
688008,614,475,114145
601211,615,83,44200
601012,615,191,185300
601658,615,412,1285500
600519,615,135,18100
601601,616,148,38600
600150,617,588,149300
601857,617,346,290700
600089,843,70,35000
600406,844,160,86280
688111,844,23,5852
600900,844,769,496100
603993,844,140,167100
601127,844,247,42300
601888,845,74,37000
601688,576,302,211100
600036,577,688,260600
688111,577,116,28813
603501,621,81,25335
601166,622,212,253900
601688,623,119,56100
601888,624,109,49700
601398,624,112,169000
600887,624,178,70300
601012,885,367,414300
601088,886,241,50000
601398,680,101,103500
601601,578,427,248000
688012,578,190,40168
603019,578,482,146218
601658,675,327,359800
688041,675,202,50799
600150,675,373,150100
600519,676,52,4600
603986,676,238,46600
603501,677,55,14700
688256,677,52,9365
603986,678,230,32100
601688,678,143,84300
601857,679,130,215600
601658,679,235,237000
601919,887,669,368278
601127,887,157,33000
600519,887,109,12100
688111,887,124,31009
600809,888,132,25300
601318,889,540,253600
601628,889,264,88300
601601,579,672,212300
600519,579,254,31400
603019,579,399,188897
688012,579,238,47475
601600,580,1038,2028800
603993,580,1089,1127000
601919,580,886,646800
601888,638,89,30600
603986,639,691,123800
600760,639,39,12800
601398,639,449,271100
603993,640,233,612200
603501,641,91,14400
601318,641,220,81200
600519,641,86,8900
688981,641,98,36837
601888,641,125,66500
600760,642,51,16700
601601,863,342,99400
600900,865,220,96400
600028,581,588,2106800
688012,581,212,72465
600276,582,1115,530280
688981,582,313,121512
600406,582,215,98900
601211,582,582,342925
688008,647,189,53405
603993,648,661,434500
601857,649,199,138300
601919,650,383,145600
603986,650,431,204300
688256,651,61,10687
688008,651,245,59942
601012,583,605,757563
603259,583,829,303700
601398,869,421,357600
603019,869,216,49900
601088,870,315,67900
600887,870,703,195200
600809,585,269,74000
601211,586,483,230600
601088,586,342,85900
601288,653,292,459400
601658,654,56,56100
601668,655,111,331400
601857,656,72,96200
601088,656,119,28500
601398,656,332,386000
600406,587,315,183000
601288,832,507,1767400
600887,832,229,64500
601328,832,317,391200
603986,833,200,25300
600309,833,284,90100
600031,833,1047,833900
601668,833,42,140300
600030,834,210,70700
601988,834,886,2172800
603019,836,171,47300
603993,836,129,92900
600036,836,373,144500
601012,836,108,71700
601398,837,122,114900
600028,838,868,2374451
601688,838,127,112900
600930,838,291,641300
603259,838,333,69064
688041,589,600,184910
601288,589,826,2323000
600089,589,304,233600
601988,658,72,198700
600276,658,347,120800
601127,662,111,30200
600036,662,113,23000
601211,662,22,38500
601088,663,190,43100
601166,591,140,120900
601888,591,135,47500
600406,591,432,275500
601600,668,416,388400
601398,668,100,212600
600406,668,105,36000
600050,668,21,94600
601211,669,182,136000
601919,670,248,108802
600276,672,323,189620
601211,673,56,26100
601318,891,482,151400
601899,891,1242,731199
601988,891,716,1026900
600900,891,469,276000
688981,892,372,119076
601988,892,307,547700
600309,592,650,271900
600050,593,103,208300
601988,593,182,505800
603501,594,112,27400
600111,594,444,137400
601668,682,72,56700
688008,683,142,35009
600150,683,301,120400
601328,684,218,125200
601012,684,61,40600
600406,685,67,43800
600519,685,36,3600
600930,686,116,97700
603259,686,245,48400
601288,686,101,243300
600050,686,19,22300
601728,687,275,179100
688012,688,87,34225
600183,689,350,71300
603259,689,226,44700
600030,595,376,217858
600036,595,406,144100
600031,805,171,140900
600050,805,26,48100
601288,806,335,692900
601899,806,308,210000
603993,807,263,294200
601919,808,531,254300
601988,808,57,163500
603986,809,272,42900
600809,809,56,9600
600030,810,263,88000
600031,600,168,105400
603993,600,440,437600
601899,792,635,382900
601857,792,171,181100
600028,793,324,446500
601668,793,62,193000
600150,793,1000,684600
603259,793,308,73100
600760,793,11,1600
601318,794,156,38100
600930,795,167,191900
600150,796,887,445100
600809,797,33,5800
688111,797,12,3137
601628,875,192,54400
601318,875,362,106400
688041,877,251,49363
601328,878,467,415200
603019,878,287,73800
688981,879,218,60337
601728,607,129,200700
600760,607,103,32300
600111,608,205,105200
600036,811,252,91500
688981,811,200,41956
600030,812,63,53600
603986,812,399,55400
688008,813,248,63694
600309,814,96,27500
688981,814,130,28102
601688,815,53,40800
601899,827,683,436700
688981,827,101,15870
600519,828,52,5400
603019,828,132,39200
688111,828,11,2400
601601,829,247,77800
601899,830,564,278700
600036,831,431,127000
600406,618,246,125900
601127,618,541,134700
688008,619,483,136579
603501,619,138,40100
601668,619,65,133100
603986,839,148,22500
600309,840,1174,628800
603986,840,473,70800
600887,841,132,43900
601728,842,209,209000
600031,842,266,243500
601328,842,151,102000
601857,625,401,313300
601318,625,239,91900
601988,625,650,1122400
600050,626,36,57100
600089,626,177,105600
688008,822,255,54603
600309,822,125,22700
601600,822,316,165000
600030,824,211,106600
688256,825,62,11458
688012,825,74,13502
603019,825,128,26900
601012,826,114,117200
601888,629,139,51500
601728,629,207,214500
600028,632,271,211600
601899,632,714,427200
600406,632,194,82500
601628,632,131,75400
601899,852,391,197900
601318,854,237,80800
601211,855,263,173400
688111,855,25,5089
601728,856,341,244200
603019,634,114,27600
688012,634,164,50010
600036,634,307,62700
600150,634,527,286000
601628,634,145,29000
601728,635,97,93900
688008,636,274,61093
600150,636,240,110434
601166,849,114,49300
600809,850,71,13400
601211,643,253,75400
601628,643,75,18900
601600,645,835,1207700
603259,645,363,69500
600276,858,265,80500
688981,858,124,70675
601012,859,60,38700
688041,860,198,33376
603993,861,103,88400
688256,861,41,7217
601012,861,73,39400
600050,664,31,53600
601628,665,138,26200
688008,666,222,51085
600900,666,77,59400
601988,666,196,353300
603019,667,211,33500
688111,880,55,13225
600309,881,397,104600
601688,882,308,148900
601601,882,319,65900
600930,882,210,316700
601211,780,214,179600
600050,790,32,43400
603259,790,245,56100
601328,790,368,1018800
688012,791,157,29263
601899,872,568,310000
601318,873,394,170300
600887,874,718,281500
601658,874,70,196200
600111,874,186,85700
603986,893,709,100914
600276,893,316,106800
600031,894,521,469300
600809,895,98,15200
600309,896,513,133448
601658,786,87,59700
688111,686,21,3266
600519,570,494,57400
600809,596,330,80600
601211,597,393,296000
603501,597,235,42400
601899,598,799,506800
603986,598,613,103900
601919,599,334,212700
688041,599,378,120230
603259,798,195,35100
688981,799,94,36995
601888,799,159,89200
601127,800,166,57300
603019,800,85,25500
600050,801,42,54000
601601,801,240,112900
688981,802,123,36908
600887,802,152,62100
600309,802,115,29100
600406,804,94,33957
688981,804,97,22316
688012,804,50,11231
601658,571,781,2476300
600031,571,496,400600
600809,571,183,41195
601328,603,269,404700
601658,604,353,616300
601668,604,111,473900
601127,605,328,74300
601318,605,659,279000
601288,606,4287,12561100
603986,602,1032,150909
688111,572,361,96347
688981,601,346,129232
600519,601,228,28700
600031,602,334,197600
601088,602,288,65500
600111,781,131,59700
600760,781,78,21300
603259,782,315,58100
688008,782,258,56900
600183,782,587,124100
603019,783,142,38600
601899,784,346,229700
600309,785,160,47000
601600,786,104,135600
601601,786,222,71900
600030,573,491,415200
601628,573,288,107700
600519,574,126,16000
601211,574,429,414386
600111,610,243,128500
601628,610,136,28100
601288,610,425,648200
600276,611,438,209000
601012,611,909,632805
601728,611,159,120700
600406,611,271,160000
600900,815,418,320200
600183,817,2200,511300
601728,818,211,268500
600028,819,127,168000
688008,821,453,119704
600406,575,442,188300
603501,614,122,32600
601600,614,238,144900
601919,614,250,112800
601668,614,341,1279300
600089,614,156,127500
601658,614,122,215800
600050,614,61,106500
601668,615,192,891200
600028,616,1060,1551000
603501,616,257,83000
601668,617,603,3175620
600030,843,105,45300
601288,843,159,393700
600887,844,337,98300
601600,844,364,276000
601318,845,315,89700
601899,845,594,256100
601012,845,40,44540
603019,846,177,35200
603993,846,229,212600
601012,846,148,83000
600030,847,225,115800
601899,848,420,198600
600050,848,37,168300
601318,576,752,285500
601211,576,556,362700
600809,576,140,26600
600150,577,2761,1469445
601012,577,1223,1946673
688256,620,71,20707
688981,621,274,69802
688256,621,67,11282
600036,622,262,52500
601398,622,243,177600
601728,622,127,95100
601601,622,138,74700
600050,623,69,100100
601328,623,121,41700
688008,624,286,64674
688041,624,131,27120
601211,883,364,152500
601600,883,861,1213500
600760,883,109,41700
601601,883,185,46800
600089,884,121,85000
600406,884,282,122800
688008,884,538,126865
600406,885,150,74700
600089,885,336,167540
601857,885,425,369000
601088,578,432,123900
600050,675,58,46399
601012,675,55,28300
601166,675,321,196500
603019,676,608,202300
601088,676,110,23700
601988,677,45,77100
600031,677,155,81900
601398,678,147,127800
600111,678,75,25800
600150,678,338,154600
601328,678,132,130800
600089,680,126,52100
600050,680,89,88500
601899,681,374,203800
601398,887,553,595800
601328,888,186,185000
600900,888,906,517700
600519,889,143,17600
600276,889,245,108272
601127,889,199,60300
601600,579,355,281100
600809,579,232,45800
688111,579,112,19414
601857,580,612,804600
600519,637,165,18700
601658,637,847,2545500
600887,638,179,68100
601127,638,112,30100
603019,638,258,86800
601211,639,55,38600
600809,639,56,15500
600309,640,241,57500
600809,640,160,33800
601899,640,325,161600
600028,641,104,255400
600030,642,167,67600
601888,642,222,134700
600930,862,74,163300
600050,863,303,439900
601088,863,200,38100
600760,863,62,15100
601328,864,104,130800
601988,866,616,949370
601899,866,448,191100
600183,581,1196,253500
600111,581,527,316300
600028,582,612,1296588
601728,582,552,812600
688041,582,747,181103
600519,647,88,10600
600309,648,412,150900
600276,649,202,89100
688008,650,312,90068
601600,650,570,428400
601688,651,103,49500
600036,651,417,118100
600519,652,72,7400
688012,584,157,32400
600887,869,556,145100
601688,870,439,248700
600183,870,801,229500
600031,585,374,232278
600276,586,884,489500
601899,586,1367,942000
600809,653,65,17500
600150,654,222,100034
600089,655,100,69700
600887,656,104,30900
600183,657,367,81700
600030,657,77,40300
600150,657,256,80300
601088,587,382,131600
601988,832,264,250800
601988,833,206,245300
603259,833,207,40800
601012,834,56,43400
600036,834,401,110500
688041,835,211,37602
601328,838,183,307400
600760,838,267,168100
603993,588,1523,1796268
601600,588,580,1196400
600036,588,781,383600
601888,588,199,87700
688012,589,263,80147
600028,589,909,1410200
688981,659,173,107434
601328,659,195,104100
601211,659,185,34400
600809,660,62,9000
600036,660,228,94700
600760,660,44,35500
688012,661,101,33005
600031,661,91,62500
600030,662,264,191700
688981,662,155,74654
603019,663,66,13900
603259,591,1169,377200
603259,668,342,52400
601166,668,19,18200
601328,668,516,342300
688012,669,83,14658
600887,670,111,39300
603986,671,444,79100
600519,671,47,4300
603259,672,475,87920
601857,672,378,447600
601318,672,322,104300
601088,672,112,37700
688256,674,53,8408
603019,674,150,31600
600111,890,334,112300
601728,891,458,694400
601601,891,450,158000
603019,892,432,107134
601888,892,189,91200
601628,592,238,82400
601288,593,310,1078100
601919,594,305,171000
600519,594,100,12200
601088,594,333,106700
601668,683,54,233000
603993,683,141,101473
603501,683,51,13100
601668,684,195,320500
601328,685,295,210800
688008,685,192,44221
603993,686,114,131300
601398,687,267,417300
600887,687,156,64601
601668,687,81,115600
601688,688,111,114600
600028,688,224,181800
600887,595,705,442500
600809,595,170,35200
601318,805,384,134410
600760,805,86,19500
601658,806,100,121900
600406,806,108,58000
601127,807,174,38500
601328,808,79,121400
603019,810,81,19200
601688,810,441,327600
600519,810,37,3900
600760,810,80,33500
601600,797,360,171700
601658,600,472,511600
601601,792,373,251500
601088,792,126,25000
601728,792,55,79000
601012,793,137,133000
600309,794,314,82500
600028,795,455,406549
601728,796,91,80200
601398,796,1149,2588604
601728,875,165,186900
603993,875,214,200600
688012,875,164,38543
688041,876,162,30662
601919,877,173,71600
601288,877,211,379700
601211,878,197,118800
601088,879,197,42700
600111,607,474,374287
600309,607,385,190100
603986,608,1403,231600
600028,608,142,202800
688012,608,190,46517
600031,811,74,58300
688111,812,19,3469
600900,813,398,285400
601318,813,535,201200
600030,609,216,104000
688041,827,281,73537
601601,827,246,92300
601628,830,110,21900
601328,830,122,309700
601668,830,39,119300
601688,831,123,117500
603986,831,267,38400
601012,619,459,791000
688256,619,108,21190
601988,619,1243,3364000
601888,619,103,41462
601398,839,219,330500
600309,839,292,87000
601318,839,225,86700
601658,840,151,374800
601899,842,656,274100
601688,842,265,121300
688041,842,248,50590
600089,842,135,69800
600183,842,338,88900
688012,842,154,47538
600028,625,1131,1188900
600887,625,188,81600
600930,625,95,137300
600760,626,147,31796
601288,627,506,911800
600031,628,237,124500
601688,628,76,38900
601288,628,1483,4985500
600089,823,95,79600
601318,824,264,82000
601728,824,92,106400
601888,825,45,14000
601728,826,127,91300
600406,826,157,90900
601600,826,547,279800
600089,629,156,156100
600406,629,154,100100
601628,630,136,36000
601288,632,2160,6434200
688041,630,327,135708
603986,631,404,57000
603259,631,396,97200
600050,632,604,4212000
688981,854,136,42592
601088,854,229,37900
601688,854,52,37100
601888,854,44,8800
600900,857,219,97700
600276,857,121,29900
601988,634,413,915400
601601,635,130,48500
601888,636,137,48830
601211,849,634,1089400
688111,849,19,3674
601600,850,144,151800
601899,851,1166,878000
600050,851,23,59700
600809,643,82,15200
603019,644,203,53115
601919,644,268,115700
688012,644,95,19357
601988,858,389,490100
600900,858,414,272200
600809,858,60,9100
601899,859,437,163900
601088,859,133,26600
600887,859,293,109000
601628,859,154,48800
600150,859,295,113550
600150,860,574,194171
601628,861,171,54300
601988,861,94,274800
601328,861,72,104000
603986,664,327,41885
603019,664,160,29415
688041,665,113,27726
600809,667,44,5500
688981,667,79,19864
603259,667,311,53200
601988,667,162,347400
601012,667,82,38400
688012,880,187,36390
601600,881,560,820200
600900,881,1021,616429
601668,882,154,414600
601988,780,625,1552900
603501,780,419,116211
600150,789,571,253600
600030,790,660,846600
600900,790,200,137100
601857,791,283,418400
603986,791,272,37400
601688,791,53,55100
688008,873,309,73914
688256,873,104,16783
603501,873,72,17100
601012,874,111,101200
603993,893,532,508100
601211,893,341,309400
601628,893,343,105600
601688,894,287,199800
600519,894,362,45900
601919,895,478,267640
603019,896,449,126168
688012,896,183,38349
600036,896,608,229800
600406,896,413,268240
601688,896,384,147700
600050,786,26,34800
600809,848,85,12400
600150,596,643,455270
600036,597,283,73200
600309,597,461,134100
601328,597,150,165500
601088,597,189,41200
688111,598,60,13838
601688,599,187,99400
600930,798,61,96100
601127,799,266,63000
600887,799,89,38900
601288,799,291,656000
600111,800,78,21300
601211,801,214,157500
601688,801,90,91700
603993,801,150,126600
601601,803,363,235000
601398,803,421,939000
600183,804,226,50000
601899,571,4465,3330676
600183,603,1204,324600
601688,603,278,190000
600089,603,232,98100
601628,604,316,114200
601601,605,304,252600
688111,605,124,45447
601857,606,236,302400
600150,606,1425,920746
601211,606,306,164000
601688,606,195,131007
601658,572,621,1446600
600028,601,2405,5917860
601919,601,685,363300
603501,601,146,27700
601211,786,73,34700
600036,781,338,74000
600089,781,101,46700
601658,782,71,60000
600309,783,164,40200
601398,783,908,1123600
601688,784,71,29700
600031,784,136,103100
600183,784,242,39500
600406,784,62,35200
600050,784,37,46100
601328,786,57,58000
601012,786,33,27000
601899,786,689,636200
688008,787,314,78301
688012,787,82,25182
688041,574,1374,401388
601899,610,829,529400
600183,610,655,152000
600309,610,835,533900
603501,611,169,31200
601288,611,993,2168500
601088,611,159,33100
600406,613,468,307700
603993,613,400,261600
601899,613,468,384700
600028,613,341,479000
601668,816,50,132400
601127,816,137,24400
601658,818,28,71700
601919,818,219,104900
601888,818,55,13700
603993,819,284,453100
600809,820,79,14800
600183,821,435,92700
601888,821,37,11700
601658,846,95,131700
601628,575,600,318100
601012,614,415,497800
688981,614,275,101726
688111,614,66,14990
600030,615,159,108200
600150,616,516,241200
601988,616,130,239600
600036,617,490,118500
688111,617,117,35384
601600,843,425,397700
601688,844,160,132000
600309,845,257,74700
601211,846,168,51400
601398,847,652,731900
603986,848,300,45200
601600,848,161,168100
600030,848,405,485000
600089,848,181,74800
601668,848,90,602200
600519,848,55,5800
600183,576,1685,328500
601398,576,1213,1659000
688008,577,2198,778515
601398,577,871,1607500
600183,620,2538,631916
688981,620,156,45079
688012,621,105,19119
603019,622,153,31700
688111,622,68,16106
600900,623,100,64000
601318,623,408,163700
601728,623,83,165200
603501,624,45,10200
600406,624,190,96310
601600,624,325,262300
600809,624,80,22800
601088,883,263,80900
601668,883,134,380000
601211,884,391,139860
600887,884,289,115100
600930,885,204,273100
603019,885,294,81400
603501,886,108,18600
601988,886,171,276300
601398,886,289,401600
601012,578,464,448600
601658,578,295,290000
600809,578,297,65400
600028,675,315,871400
600089,675,53,37300
601288,676,213,270300
600900,676,187,55300
600900,677,215,99700
600760,677,47,37500
600028,677,52,299500
600406,677,57,40600
600111,677,122,56200
688111,677,20,5595
600050,677,26,51900
600519,678,48,5300
603993,678,204,254300
601127,678,84,25600
603501,678,58,16100
601166,679,59,23100
600887,680,146,51300
601328,681,69,43400
601857,888,492,302500
600406,889,230,129500
600900,889,668,407700
601088,889,179,43800
601899,579,1061,692300
601127,580,1324,560200
600900,580,534,287100
601088,580,384,91700
600089,580,212,111000
688012,580,219,42539
601211,637,323,256800
603019,637,470,141900
600111,637,78,16500
603259,639,254,74455
600406,642,81,32400
601318,642,456,114400
600030,863,117,149900
603986,863,189,29100
600150,863,509,134600
600930,863,295,899700
603259,864,142,30300
688012,864,83,20168
601888,865,128,30900
601658,866,208,284300
688041,866,227,47551
601888,581,376,166500
601318,582,803,347274
600036,646,126,44300
600930,647,66,69500
600089,648,102,60600
688981,648,99,22699
601658,649,13,18500
600050,650,164,245600
601318,650,359,128800
601919,651,322,138000
603993,652,355,273700
600406,652,186,55700
601211,583,243,144175
601288,583,302,879200
600183,584,3082,705623
601888,584,213,112700
603501,868,117,40100
688256,869,102,15378
601919,870,681,365800
600036,871,513,169500
601857,585,740,1012100
603986,586,3845,775400
601668,586,484,3395000
601398,653,254,358800
601857,654,71,94500
600030,654,116,83600
601288,654,579,1263800
601318,654,173,72200
600150,655,338,127600
601127,655,69,15000
601601,655,168,44800
600760,655,53,32500
600028,656,855,1201900
600887,657,145,52600
600030,832,281,184600
600089,832,116,64600
601919,832,158,74400
600900,832,475,289900
603501,832,48,9800
601012,833,86,75900
601857,833,224,176000
601899,833,489,261000
600760,833,29,10300
600183,834,254,48100
688111,834,20,4861
601600,835,239,131400
601628,837,135,48900
601899,837,488,273800
601988,837,159,265800
688041,837,252,47628
600276,838,159,66300
688981,588,347,90599
600930,589,224,266800
601919,589,716,528200
603501,658,139,31800
601899,658,156,141300
601728,658,266,217400
688041,658,128,27691
601899,659,210,135300
601688,659,125,98800
600406,659,111,35700
600760,659,26,5600
600183,660,305,65200
600030,661,99,78600
601668,661,34,77300
600406,662,145,46900
601398,663,1477,1141000
601899,663,688,260200
601688,590,324,244600
688041,590,570,212099
601728,591,516,482700
601288,591,865,2014400
601688,668,119,62000
601288,668,108,277200
600150,670,276,114200
600519,670,72,6020
603019,670,468,113848
601211,674,145,56300
601658,674,27,36400
601012,890,252,233173
601288,890,346,531700
601600,891,718,681400
688012,891,257,84039
600183,892,781,151558
601658,892,278,973400
601988,592,725,2982400
600887,592,863,684700
688041,593,447,102715
601888,593,264,145600
600050,682,53,78000
600031,683,79,53900
601728,684,116,69200
601857,685,325,231800
603993,685,104,128600
603019,685,126,31800
601328,686,256,1061300
600111,686,93,44300
601888,687,66,20700
688256,689,35,5633
601658,595,465,1192700
601288,805,243,458100
601658,805,36,43100
600111,805,81,28400
601857,806,472,438900
601088,807,160,47000
600050,807,40,63500
688008,808,182,45353
601658,808,44,85500
601601,810,494,131300
688008,810,247,72128
601288,792,331,1053600
600183,792,344,84100
600111,792,63,21800
600406,793,49,24200
688008,793,288,100439
601888,793,35,14400
600760,794,86,141500
688041,795,192,35409
601668,795,55,151300
601899,795,282,96971
600406,795,69,43700
601988,795,65,157900
600036,796,556,191600
601899,797,493,240029
600519,797,39,4000
601668,797,46,70200
603986,875,488,65200
601988,875,232,354550
600406,876,131,84200
600036,876,302,134300
600887,877,381,186100
600050,877,71,232000
601857,879,425,205300
601166,607,127,152100
601318,607,820,472200
603259,814,242,34900
601888,815,55,21100
600028,609,374,382700
601919,609,418,170500
600809,609,403,116400
601658,827,84,65100
601658,828,100,111100
600760,828,35,9100
600276,829,240,119200
688008,831,290,76794
603501,831,126,21000
600111,831,248,123800
600031,618,276,231300
601398,618,233,170300
600930,618,72,141400
600276,839,218,100100
600150,839,615,277900
600036,839,386,133400
601728,839,340,402100
601318,840,240,73900
600089,840,106,45200
600028,841,141,129400
688008,841,495,127861
600809,842,89,20000
601166,842,223,171500
601888,842,44,12100
600183,625,1872,419400
601600,626,138,140600
601601,626,130,33200
600887,626,230,108300
601318,627,218,73000
603019,627,164,30600
601211,628,147,65500
600809,823,92,18400
688981,823,111,25867
600028,823,239,189300
601601,823,258,60400
600276,824,134,53100
603501,824,67,15900
603986,825,396,50900
603019,826,116,29400
601668,826,236,460000
600809,629,110,24800
601668,630,37,64000
600150,630,881,478900
601688,631,201,62500
600809,631,110,15700
603993,632,239,113600
600887,632,194,85800
600760,632,74,22400
688256,852,60,11013
601888,852,85,25800
600111,852,91,34300
601728,855,168,137200
600150,855,535,167700
601127,855,184,37300
601899,856,1072,509300
601288,857,86,210500
601328,633,48,21700
601888,633,90,32100
601857,634,366,244000
600519,634,55,5100
601688,634,215,148400
600809,634,68,16200
601668,635,47,97500
601211,635,166,50700
600030,636,350,432800
600887,850,264,163700
600406,850,161,107200
600030,851,174,79400
600900,643,786,451500
601668,643,59,138300
600276,643,490,245800
601857,643,380,535500
603501,643,128,45200
600309,643,295,71800
600031,644,131,83900
603259,644,514,125300
600519,644,71,7300
601601,644,83,23400
600930,644,100,146600
600036,645,255,57000
688111,858,22,6187
600050,858,122,186000
600050,860,82,180400
601857,861,455,288800
603986,861,196,25100
600111,861,64,23400
688111,663,16,5003
600406,664,76,50200
688012,664,74,16210
601857,665,237,220800
600030,665,252,137800
601127,665,84,15400
600031,665,343,349200
600111,666,95,28400
601127,667,270,177000
688111,667,19,6962
601888,667,34,15500
603259,880,314,58700
601857,880,206,125400
603501,880,168,38800
600930,881,255,353404
600030,882,418,258600
600028,882,303,481500
600930,780,202,419500
601988,788,845,657700
600276,789,165,73500
688012,789,119,24667
600309,790,104,37400
601088,791,126,32900
600150,872,655,356200
601211,872,235,94280
600031,872,989,661800
600089,873,125,84900
601601,873,191,67800
601668,873,116,270900
603259,873,344,66300
601888,873,51,12700
600036,874,534,234200
600900,893,596,342200
600036,893,615,165300
601288,894,437,840500
600050,894,190,335400
600183,895,921,169400
600519,896,139,16052
601688,887,145,68300
603986,888,717,100800
601899,570,6033,6147431
688981,570,1817,595013
603986,570,6820,1417948
688041,570,2362,732136
601318,570,2422,1648524
600309,570,1456,563400
600309,596,277,83500
600036,596,334,101900
601628,596,282,168000
600030,597,304,165485
600276,597,954,441100
600031,597,440,198700
601398,597,513,775900
688111,597,99,19226
688008,599,1103,349277
601601,799,123,52000
600036,800,206,82400
603259,802,190,32700
601899,802,266,123200
601857,803,296,295200
600900,803,131,58900
600150,804,275,127254
688981,571,667,264091
601668,571,276,878400
601728,571,262,271700
600111,571,583,298400
601600,604,456,236600
600887,605,1138,1020800
601166,605,210,357300
601899,572,1516,1377720
600036,601,584,364100
601600,601,330,230900
600887,601,551,476800
600930,601,74,207900
688041,602,619,179063
601628,781,103,17700
600089,782,123,45600
600809,782,79,21100
603501,782,75,24900
600111,783,65,22700
603993,783,490,761500
601088,783,176,46900
601601,784,196,35100
601127,784,96,28900
603019,786,112,28400
601398,786,178,184500
600900,787,271,157800
601988,787,657,558400
603993,573,1251,1449100
688041,573,775,250560
601857,574,572,743000
601012,610,352,332500
688111,610,62,17372
603986,611,778,136000
601628,611,139,44900
600276,612,373,162800
601668,612,929,3627280
600760,612,72,40958
600900,613,228,149510
601601,815,350,119400
600930,816,125,221900
600809,816,66,11200
688981,816,119,26432
600900,816,122,49200
601328,817,46,88600
688041,819,295,76668
601328,819,260,258500
601127,821,86,12400
600028,821,55,221200
688111,575,158,37165
600031,614,472,447100
600760,615,73,28000
600111,616,187,100200
601328,617,318,321200
601857,843,635,737400
688012,843,51,10598
688041,844,181,31085
600050,845,89,299400
603993,845,170,162900
601888,846,80,44800
688008,847,256,57083
600309,847,278,103200
601857,848,452,384200
601988,848,904,1250400
600900,576,1980,832400
600809,577,232,55233
601658,620,549,1717300
603986,622,741,124300
601088,622,160,39700
601600,623,268,182600
601628,623,88,23000
603501,623,36,9200
600111,624,112,28500
601288,624,284,768400
600760,624,73,17700
600900,883,522,737000
688256,883,185,26483
603993,884,824,928900
600030,885,399,218300
600900,886,420,196700
600050,886,64,168100
601211,886,560,225800
688008,578,1681,494548
600036,676,172,151300
601211,676,84,23800
601658,677,52,47500
600930,679,199,186800
688111,679,25,3348
601728,679,283,105000
688041,681,418,103525
601728,681,71,73700
600111,681,166,66500
600089,681,103,65000
601899,887,896,639600
600111,887,302,123800
601600,887,1242,1565900
600887,887,223,94100
603986,887,735,105104
600900,887,387,179000
601012,888,525,281400
600309,888,295,75000
688008,888,544,134502
601601,637,227,88800
600183,637,345,86500
601398,637,747,1366900
601600,637,355,379100
600028,637,482,526700
601288,638,348,626100
600050,638,23,35700
600111,639,148,114700
601328,639,130,45700
688008,640,334,60235
688008,641,299,72106
601088,641,83,15800
601601,642,159,75500
601012,642,74,48700
600309,862,841,311300
601628,862,123,30700
688012,862,149,28323
601728,863,178,114600
601919,864,396,193700
603019,864,137,37800
603259,865,301,75700
601857,865,263,112300
601166,865,109,66800
601688,866,186,190500
601628,867,137,32600
603501,867,75,14200
600030,581,406,242401
601318,581,644,279800
603019,581,248,68300
600031,581,334,191500
688256,581,151,30106
688111,582,187,42675
601668,582,140,1288671
600111,582,578,241900
600183,646,389,81600
600809,646,67,9300
600050,646,36,62900
600050,647,26,102200
601328,647,83,63400
600050,648,23,73400
601211,648,115,77300
601899,648,377,269557
600930,649,220,491900
601601,651,148,41900
600309,651,203,48900
601628,652,160,51700
601668,652,78,244800
601600,583,1206,2397700
601668,584,306,2087200
603259,584,954,189200
600050,584,149,207000
600028,868,98,90300
688981,869,135,43745
601288,871,234,352600
600183,585,2994,667144
603993,585,1372,1497600
601988,586,2059,8831923
600030,653,152,61200
600519,653,134,15100
601127,653,58,15100
603019,654,143,32800
601988,655,745,1377000
601328,655,71,98900
600406,832,124,58600
600183,832,309,86300
600930,832,50,94500
600809,834,75,13000
688041,834,183,36818
600406,835,163,81500
688981,835,113,29858
601600,836,253,188900
601166,837,81,70000
601857,838,380,305500
600183,838,316,73300
603259,588,813,174400
601211,588,217,173300
600760,588,384,167100
600030,589,401,225825
600150,658,405,218900
601288,658,478,572500
601919,659,145,65500
603986,659,330,41900
600028,660,87,151100
600111,660,121,66000
601919,661,261,166100
601688,662,86,47900
688981,663,93,19252
601127,663,68,14000
600050,591,62,104100
688111,671,21,4085
600150,672,249,169803
601012,672,65,120600
601668,673,57,76700
603019,673,289,49900
600930,673,48,128200
601012,673,57,31600
601288,674,253,364700
601328,674,191,131400
600887,890,328,124900
603259,891,549,102400
601857,892,412,395600
603501,592,252,62300
688008,593,1052,299521
601328,594,301,178900
601728,594,491,1672600
601919,682,215,83300
601318,682,230,65500
600900,682,98,52100
600809,682,40,7400
601127,682,301,129800
600809,683,43,7700
601658,685,37,54400
601088,687,151,41000
600519,687,45,4900
600089,687,193,82400
601988,688,132,128500
601318,689,222,35800
688012,689,94,20993
601328,595,429,449900
601728,805,66,58900
601668,805,58,226126
688008,805,205,52005
600519,806,52,5400
600809,806,48,8400
601988,806,480,521700
688981,809,136,38975
688041,810,218,41647
600183,810,547,118800
601398,600,278,261100
600028,600,1641,3839364
600050,600,63,106600
688981,600,575,156902
688041,792,179,44137
601888,792,87,42300
688111,793,8,1020
601857,794,76,103400
601398,794,120,160700
600089,794,92,69800
600089,875,129,102800
601211,876,328,86700
600183,876,555,116300
603993,877,221,207100
600031,878,319,264700
600111,878,199,85400
600930,879,135,209396
600809,879,69,12100
600900,607,462,167700
601658,607,572,1752100
688111,607,140,35658
600031,608,1214,1514700
601919,608,426,237400
601628,811,84,12900
600406,812,164,44000
601012,813,48,63800
600150,813,690,253200
601211,813,271,194900
601398,814,72,130400
603501,814,119,38100
688012,609,315,71633
600519,827,48,4900
601628,827,50,11900
600309,827,187,49900
601688,828,238,182000
688981,829,94,17613
601888,829,117,29200
600183,830,421,90100
601668,831,73,208200
601288,831,612,2493500
600031,831,479,355000
601088,831,246,58900
601899,618,624,351500
601328,618,241,136000
600089,618,192,105400
601600,619,364,294800
600930,839,287,264200
603986,841,582,74700
601919,841,448,205700
601857,841,206,140600
600406,841,244,97900
601211,841,168,54600
601088,841,190,46600
601398,841,1262,2819900
600111,842,104,23100
600930,626,60,66800
601328,627,287,464200
601127,627,161,24600
600760,627,40,17000
603259,628,322,67794
601728,628,76,90500
601211,826,248,150100
600276,823,132,69700
603259,823,361,90200
601668,823,58,203500
601988,823,880,860800
600309,823,107,20600
601857,824,249,193800
600036,824,225,96900
601668,824,92,252500
601166,826,97,101500
600900,826,221,103400
601919,629,180,80700
600030,629,132,115700
600150,631,501,205989
601601,631,248,59400
601318,631,385,183700
601601,632,150,27900
601398,852,939,1085600
600900,853,224,102300
603019,853,100,29600
688981,853,250,79345
600809,854,80,13600
603259,854,209,35500
600030,855,655,322500
688256,856,63,10725
601211,633,97,47600
688111,634,137,31142
600900,635,477,307600
601398,635,69,121500
600519,636,166,18640
601857,636,346,349100
600519,850,40,4100
601988,851,61,136900
603986,851,153,18200
600031,643,134,77600
600036,858,322,103100
600028,859,67,89940
601166,860,269,126100
688981,861,122,44458
688256,664,100,20157
601398,665,103,387200
600036,667,225,152800
601600,667,374,321800
600050,667,29,86500
601318,667,174,38600
601658,667,316,382300
601628,881,115,29200
600309,788,196,73478
601688,788,79,46900
600406,788,42,41200
600028,789,219,256100
603259,789,251,42800
600050,789,70,48298
601328,789,41,89200
601127,789,57,16802
600089,790,70,49000
600028,790,271,311100
600028,791,297,326500
600406,791,55,27700
600309,872,482,153600
601601,872,260,111900
601328,872,566,586600
601127,872,155,22700
601211,873,74,51300
600183,874,427,81800
601318,893,510,237100
601398,893,274,535500
600309,894,515,158500
601888,894,161,57600
601668,895,611,1641300
601211,895,269,216000
603501,895,285,50000
601919,896,702,694460
601166,896,255,246800
601628,896,350,262000
601318,816,215,78600
601988,889,237,420500
600900,597,319,110800
600183,597,1487,399992
601166,598,190,247100
601857,599,361,243400
601888,599,136,50800
601288,798,159,194200
603993,799,232,203900
603986,801,186,27096
600406,801,69,22300
601688,802,82,60700
600111,802,108,26000
688111,802,17,4557
601600,803,502,391700
601288,803,220,415700
601988,803,135,94700
601668,803,56,299100
603019,804,128,40900
601688,571,604,774700
601398,571,1105,1915700
603019,603,568,175300
603259,603,1092,229500
603993,604,705,722700
601166,604,295,274800
601328,605,724,747300
601088,605,264,87100
600031,606,582,504400
600406,572,633,506300
603019,572,501,175200
601288,602,647,958900
601658,602,98,137200
600519,781,256,41200
601988,781,1237,893800
601288,783,398,908600
688111,783,49,10501
601127,783,77,16600
600030,784,175,191000
600809,785,63,16900
688111,786,15,2470
601728,786,88,79600
601888,787,80,43900
601398,787,177,131200
600111,787,119,64800
603986,573,2249,379500
601127,573,838,307400
600050,573,338,1024400
603993,574,929,1328613
600031,574,296,211800
601888,610,589,255400
603259,611,943,206500
601166,612,182,216800
688041,612,332,83662
600809,612,206,77300
601328,613,262,418300
603986,815,707,96314
600030,817,161,57600
600111,817,84,40600
601318,817,467,218900
601211,818,96,73100
688012,818,164,39050
600887,819,438,280700
600519,819,53,5600
688008,819,304,62407
603986,820,721,99800
600183,820,372,71500
603019,820,166,47600
600930,820,108,144900
601668,820,85,171900
600900,821,331,158300
601012,821,76,54100
601288,615,1031,1770600
601318,575,1236,549500
688041,575,846,242059
601166,575,703,642000
600519,614,178,23100
601127,614,292,53700
601127,615,366,95300
688981,615,311,115912
603259,616,770,194800
601088,616,140,46700
603986,617,691,114576
600887,843,138,42900
688981,843,85,25237
601211,843,301,95600
603501,843,125,34800
688008,844,305,60880
600760,845,85,31100
601688,845,56,28000
601166,846,287,106200
601328,847,632,421900
600050,847,43,160700
601166,848,87,74500
603259,848,305,54800
603259,576,1033,378400
601328,577,622,831500
688256,577,371,74555
600930,886,184,261900
601688,675,46,34000
601628,675,77,18100
601728,676,73,75800
600030,678,104,74800
601857,678,125,164900
688981,678,98,34334
600900,679,336,150400
603993,680,113,81400
688041,680,286,68132
600760,680,39,18900
603501,680,89,19000
601166,681,56,42900
600809,887,70,9900
601127,888,234,62900
600309,579,460,138800
601899,580,1456,936900
688981,637,152,44709
600309,637,283,68400
601601,638,189,75600
600150,640,2573,1477824
600050,640,85,107300
601601,640,148,59100
601088,642,189,48000
600183,862,313,65040
603986,862,148,17300
601127,864,103,28100
600276,864,237,123300
600930,866,175,259200
600183,866,407,87300
600150,867,381,145026
601328,581,607,1211600
600036,582,707,274700
600111,647,121,59700
601601,647,121,53000
600900,648,328,183800
600406,648,114,54600
601127,649,193,73300
600030,649,243,192900
601728,649,132,259600
601398,650,283,228300
601166,651,116,135200
603986,584,1363,213100
603993,584,757,712200
601600,584,490,748200
601600,869,596,415800
688111,869,32,4253
600150,870,1193,389100
601328,870,472,651000
601628,870,254,54400
601601,870,449,140900
600760,870,255,104900
600809,871,52,9600
603019,585,283,81900
601398,586,1880,5325300
688256,586,207,32394
601211,653,128,60300
600111,653,103,38300
600031,654,261,126300
601988,654,43,98400
688981,654,133,37594
688111,654,13,2520
688008,655,429,141548
600519,655,71,7100
600276,656,423,187900
600406,657,136,39000
601857,657,341,398500
603986,657,444,73900
601012,657,60,48900
600309,657,187,57800
601328,587,790,1537870
600309,832,247,50100
601658,833,53,89900
601398,833,86,107900
603259,834,225,52400
601398,834,67,89500
601628,835,143,40300
601688,835,62,31800
600111,835,159,116400
601601,836,338,144500
603993,837,184,167900
601888,838,38,21600
603986,588,1393,270500
600900,588,420,218300
601318,589,556,287000
600900,589,618,338900
688981,589,325,155209
688012,659,34,7240
600406,658,83,32700
600031,658,261,91400
600519,659,96,15500
600900,659,222,93500
688981,660,126,90366
603501,660,168,47800
601688,661,219,183200
601899,662,198,112600
601688,663,134,56600
600809,663,101,17400
601668,663,580,2979800
688256,590,187,39457
601601,591,575,239700
600183,668,1017,235300
603501,668,99,32900
688981,669,133,44807
603993,671,223,245300
601919,671,160,69200
600809,672,32,3900
601688,673,57,40700
601888,673,33,10800
600030,674,212,98600
600930,674,42,103300
600276,892,384,134700
601166,890,214,259000
601211,892,899,386900
688008,892,486,141326
600760,892,80,31795
600028,592,387,652400
600183,593,1268,282300
600036,594,477,255000
603993,594,1628,1585900
600519,682,47,4800
600760,683,30,10600
601658,683,70,64400
688256,683,30,5299
601398,685,171,293400
600760,686,88,23100
601211,688,54,132500
601288,689,867,1221700
688008,689,425,138394
603501,689,69,14189
688008,595,707,247116
600519,595,69,7700
601919,805,175,78600
601600,806,287,152600
601668,806,113,366100
601127,808,88,14600
601728,809,218,180000
601328,809,305,435600
600028,810,91,151300
603501,810,55,12400
601088,600,223,56900
601318,600,309,144900
600036,600,598,410400
600930,600,51,67700
601668,792,54,138000
600030,793,226,126100
600089,795,96,49400
601728,797,33,80300
600028,797,1763,5503851
600028,875,354,237900
688012,876,84,19114
603986,877,348,55828
600887,878,579,244500
603501,878,110,27900
601688,607,187,111600
601668,608,284,1069800
600030,608,291,133800
601919,811,340,114700
600887,812,277,124900
600930,812,110,216100
601728,812,68,113000
601328,812,20,46000
600887,813,118,45000
600930,813,65,128600
601888,813,95,27700
600089,813,84,51529
600111,815,103,33700
600028,815,120,170600
601668,609,390,774300
603019,609,494,204500
688012,827,105,19842
600036,829,282,95800
601318,829,372,146800
603993,831,274,294400
601088,619,323,137800
601600,839,204,126500
601166,840,164,76300
601857,840,475,375300
601012,840,236,137500
601328,841,221,162600
601668,841,60,270100
688981,842,161,42043
600309,625,747,309700
601127,625,455,118400
600050,625,76,567800
601688,626,178,222860
600900,626,790,308700
601668,627,299,2407200
601899,627,504,250400
601899,628,409,187400
600900,822,177,74700
600276,822,140,70400
601166,824,148,131200
601211,824,119,64000
601628,825,205,54600
600760,825,45,8800
600050,826,59,73100
601857,629,244,173500
600406,630,112,48400
601688,630,304,158400
600036,631,349,113500
601668,631,61,141500
601600,631,564,479745
688012,631,192,64538
601088,631,228,58700
600900,632,277,212900
688012,632,106,24854
600309,852,343,108300
600183,852,377,86300
600028,855,258,176000
688041,857,212,56007
603993,633,347,265400
601601,634,240,59100
603019,635,169,35600
601888,635,75,21700
600406,636,108,85600
603259,850,201,32700
601688,851,52,26800
603259,851,167,31900
601288,643,556,1030700
601012,643,149,144500
688012,643,103,22496
601127,643,156,31900
601688,644,179,130600
601728,644,249,189900
601600,644,1907,3230400
600031,858,254,180900
600406,860,63,21200
601919,860,329,193600
601728,861,383,436700
603019,665,103,21585
603019,666,104,29200
600089,666,150,87900
603259,666,293,51300
601601,667,127,36100
601328,667,153,97600
600150,880,561,252100
601328,881,403,293500
601988,881,75,170600
603986,789,319,45100
600309,789,216,44400
601088,790,151,49900
603986,790,319,51800
600930,790,55,84800
601328,791,85,161100
601398,872,270,311600
601728,872,309,286700
688981,873,131,38550
688008,874,251,50051
601600,893,555,783273
601668,893,1334,4396200
600930,893,271,514500
601088,893,268,127300
688111,893,82,15367
600028,896,1674,2646100
601988,896,637,1139374
600809,794,54,17700
600309,882,449,126298
601318,596,391,246800
603993,597,1323,913700
688981,597,281,101211
600111,598,451,108400
601288,598,548,2163000
603501,598,148,25400
601899,798,398,199900
600150,799,611,281219
600030,799,175,139800
601628,799,103,25400
601658,801,54,31000
601398,801,165,158600
601919,801,112,71300
600887,801,297,123300
601211,803,668,608001
688008,803,200,55697
600406,803,132,50243
600930,803,64,126400
601658,804,30,30800
601012,571,476,870207
600519,604,229,32100
688012,604,180,62249
600036,605,324,129800
601211,602,265,179800
600900,601,931,506000
688256,601,120,22241
601919,602,714,311800
601728,783,293,273000
600930,784,73,228800
601658,784,58,66100
600028,785,1275,1685800
603501,786,66,15900
688981,787,268,120819
601328,820,143,84300
600031,611,817,731529
688256,611,210,46004
688012,612,128,24049
688256,612,313,82441
603259,612,719,159144
601628,613,87,19000
601288,613,325,408700
600309,816,198,55000
601728,816,124,108800
601288,817,76,243400
601857,818,189,187600
601600,820,462,210700
601318,820,289,127400
603993,820,139,188600
601857,821,129,143000
600050,821,47,30500
601328,821,110,85700
600150,821,361,138100
600183,614,764,225301
601328,616,167,105100
603993,616,483,1036600
600809,617,220,58300
601600,617,289,358300
600150,843,437,155600
603259,843,193,64200
688008,843,236,48283
600028,847,145,159600
601919,848,301,119700
600031,576,585,283094
600028,576,1278,1400100
600183,577,1507,284907
601857,577,655,601600
600276,577,562,322324
601668,621,38,118500
600050,621,38,46100
688981,622,136,42928
603019,623,262,58300
601628,624,124,26400
601127,883,145,29100
601600,884,506,466700
600111,884,214,68800
600150,885,972,476648
601288,885,347,591500
601628,885,314,141500
601288,887,201,484600
688981,578,527,147789
600276,675,168,112200
600809,676,48,8400
601127,676,40,6000
601668,677,109,165500
601012,677,93,66900
601601,677,127,35400
603019,677,160,33200
601398,677,138,238000
601211,678,186,72400
603019,679,128,37900
600519,679,258,27600
601127,679,104,29800
601857,680,103,116400
600111,680,58,34500
600887,681,174,65200
601398,681,493,649900
603993,681,290,1056000
600406,681,131,79600
600089,889,452,206500
601988,863,444,1029400
601658,579,481,518100
600309,580,2126,823100
603259,637,347,73700
688008,637,335,70834
600150,637,394,139791
600050,637,41,62000
600031,638,445,590500
600036,640,370,127800
600930,640,74,184100
601899,641,588,214700
600809,641,85,19000
601600,642,321,240000
601888,862,27,9300
601601,862,195,61400
601088,864,124,24300
601318,864,288,114400
688981,864,126,27226
600089,867,193,154590
600900,867,338,174300
601919,581,900,717600
688111,581,91,30567
601127,582,814,357872
688041,649,238,61283
600519,650,89,9100
600809,650,57,11300
600930,650,100,128200
603993,651,262,210100
601127,652,89,22500
688256,584,105,16350
601658,868,221,348500
688008,868,319,74627
601688,869,161,119700
600089,869,143,67400
600760,869,55,20400
600089,870,334,130410
601658,870,109,501800
601601,871,368,124500
601012,585,1112,1049200
600406,586,206,98900
600031,586,411,185100
601658,652,63,112500
601919,653,394,208200
603501,653,64,16600
601088,654,245,73400
601600,654,594,536100
601628,655,119,21600
603986,655,523,73700
601288,657,463,606900
601398,657,274,286500
600930,657,85,68900
601166,657,98,77700
601328,657,106,160900
600519,587,142,19200
601288,587,1488,5505800
601857,587,733,1382200
601668,832,71,231400
688008,834,193,45493
601658,834,47,88300
600030,835,616,638755
603986,835,391,50400
688008,837,217,52874
600028,837,122,207700
601088,837,111,27300
601600,838,683,922500
600050,838,68,163000
601668,838,78,194100
603019,838,73,17900
600050,588,62,286400
601012,659,391,171440
601728,659,152,116500
601288,660,664,953100
600050,660,92,79900
688041,661,178,46792
688012,662,52,18241
601166,662,131,142300
600028,662,161,92600
601728,663,71,54000
603259,590,1010,250600
601628,669,124,78600
600028,669,149,190100
600809,671,30,5900
688256,672,77,15952
601600,890,818,845865
601328,890,210,153000
601628,892,321,93100
688041,592,557,126343
601668,592,1108,6268601
600036,593,530,244000
600028,593,235,279500
600519,593,199,22200
600030,594,275,162700
601211,683,194,115500
600036,683,92,45100
600150,684,165,65600
601088,684,123,39500
688256,684,29,5798
603019,687,98,19400
688012,687,84,26066
601668,688,349,858500
601288,688,277,573300
601888,688,40,19200
600276,595,1065,453400
601166,595,290,531600
603019,806,166,40500
600760,806,53,15100
688981,807,161,55918
603019,809,87,22200
601628,810,115,24600
601288,810,1026,3909500
601919,600,692,322300
600276,792,189,57100
600900,792,104,104600
600809,793,38,7000
603986,793,234,34213
601318,793,196,81500
603501,793,97,22500
601088,794,183,51700
600900,794,89,55100
600150,795,439,168577
600519,796,62,6700
688041,796,311,74981
600150,797,647,334181
600406,797,221,173326
601658,797,31,20800
601012,875,148,165925
601127,875,84,14200
688256,876,342,60544
603019,876,213,64400
601658,877,87,242400
601600,879,978,1157600
601728,879,78,90700
600028,607,206,801300
601088,607,249,64300
601288,608,2387,6343142
688041,811,255,52826
601398,811,119,233600
600050,812,46,209000
601398,813,130,209700
600276,814,277,117300
601919,814,75,28700
601668,815,33,58000
601318,609,353,136400
601600,609,413,410000
601919,827,902,520900
600930,827,70,47100
600406,830,224,146900
601288,618,352,742900
688012,618,184,38012
601398,619,827,1770300
601328,619,69,150300
688981,840,164,41805
601318,841,438,161300
601728,841,167,132800
688008,842,427,131119
601668,625,162,508500
601728,627,58,106800
600150,627,520,210297
688111,627,37,9635
600406,822,184,78300
601919,822,84,52300
600028,822,67,132400
601600,823,366,137200
601211,825,454,131700
601012,825,225,351100
600030,826,200,111045
600150,826,424,181840
601899,629,265,173600
600276,629,189,55200
600930,629,87,166500
601328,629,206,156500
601888,630,148,66700
601012,631,157,78300
688256,631,66,13242
601127,632,187,38000
600519,632,196,23400
600183,853,1501,408500
688256,853,89,15563
603993,854,141,92200
601600,854,273,221800
601127,854,130,40700
601988,855,440,647200
600030,856,632,434301
603019,856,129,23400
601658,857,242,203000
600183,857,451,113800
600930,633,43,103500
603993,634,196,434100
601318,635,303,90100
600276,636,326,110100
601328,849,47,144000
601688,849,230,129100
688041,849,203,34560
600900,849,389,269400
600150,851,566,209848
600030,643,119,65000
600930,643,31,74500
601899,645,334,245400
688012,645,95,24339
601888,859,86,34800
688008,860,283,59748
600760,860,39,7000
603501,861,61,9100
601328,664,153,116100
601166,664,158,144100
600760,664,83,38600
688111,664,31,6354
600887,665,239,84900
601857,666,123,77500
601166,666,65,32200
600309,667,177,51000
601888,668,32,15700
601088,880,286,76500
603259,881,296,47600
603993,881,282,241300
601919,882,366,195300
600089,882,641,505000
600900,788,188,70100
600030,789,230,166100
688256,790,55,10518
600900,791,404,334900
600406,872,263,174768
603019,872,149,52700
603993,872,475,546400
600309,873,506,143200
600887,873,628,214700
603019,873,163,44900
601919,874,612,315300
600150,874,553,246900
601088,874,205,46600
600887,894,434,170400
601899,895,1610,641100
601728,895,656,1579900
600089,895,510,189600
600900,896,826,515100
601328,896,538,392700
601088,896,277,77400
601888,896,192,64043
601166,817,102,57000
603259,890,420,98900
601211,570,1329,1471210
600028,596,320,947700
688111,596,104,22165
600089,596,259,203200
600760,596,51,47800
601888,597,209,62800
601628,597,479,272700
601600,598,587,782600
600406,598,149,77400
600309,599,413,177100
601318,798,237,100217
601888,798,56,37000
603019,799,130,32300
601318,800,281,80600
688012,800,67,12578
601988,801,1355,3611600
600519,802,37,4000
603993,802,123,57600
600809,802,115,24000
601888,802,160,77400
601318,802,1072,564300
601601,804,191,44792
601628,804,80,18500
601668,804,87,364200
603501,804,98,31600
601166,571,456,535500
600760,603,117,41500
603986,604,619,95500
601288,604,412,568200
601888,605,199,69300
600031,605,507,297000
601012,605,367,280100
688981,606,372,127858
600276,572,820,460000
600036,572,905,557200
601658,601,867,1052800
600900,602,481,283300
600089,602,382,216200
603993,781,280,402100
601668,781,45,134600
601088,782,155,40600
603986,784,240,31400
603501,784,122,48500
601919,784,109,31500
601088,787,170,55900
600150,573,1972,939996
600028,573,1109,3406400
601628,574,462,225300
600150,610,554,261900
600028,611,1418,2354800
601688,612,173,93336
601919,612,276,126600
600028,816,176,260500
603259,816,180,37100
600900,818,554,506200
603259,821,270,57400
601600,575,1305,1318800
600036,615,239,73700
600050,615,141,263300
601728,615,205,171300
688041,616,290,58177
601899,617,1510,704800
601628,843,99,22600
603019,844,143,24900
601088,845,144,28800
688012,845,75,20972
600150,846,626,244500
688012,846,65,12360
600050,846,56,424600
601658,847,96,129100
601658,848,709,635000
601088,576,371,120900
603501,576,336,94100
601600,577,858,1130300
688981,577,635,230055
603993,620,416,281600
601211,620,302,116562
600150,621,520,231700
601857,621,154,171800
600050,622,43,34700
601919,623,371,188500
601857,624,477,498800
600036,624,214,70400
601127,624,222,109500
600406,883,151,72300
601012,884,182,136100
600183,884,432,84400
601288,884,253,508000
601668,884,226,503000
688041,884,327,75096
603019,886,292,95958
601919,578,767,385000
603259,676,228,36900
600760,676,44,9300
600519,677,53,5800
601318,679,219,69400
601288,679,331,487500
601728,680,113,69100
688111,680,25,3778
600519,680,70,7400
600930,887,183,322600
600036,887,496,144900
601668,888,156,494800
600036,889,845,841000
603986,579,1239,199443
600036,579,1011,583600
688981,580,394,114973
688111,580,118,32412
600031,637,129,59300
601899,638,364,217300
601600,639,1428,2539200
600050,641,24,53400
601628,642,86,15100
600028,864,200,125800
603986,865,414,59300
601012,866,159,116900
600887,866,494,396400
600887,867,416,130200
600760,867,34,12500
603259,581,980,252800
601688,581,314,199900
601288,582,1933,6586173
600089,647,82,40700
688256,647,64,11990
600030,648,108,65600
601288,648,465,854000
688012,649,67,14169
601628,650,153,58300
601600,651,209,135600
601628,651,85,20000
688008,652,122,37725
603986,652,240,29600
601211,652,91,51400
601328,652,230,229700
600309,583,1756,543700
688041,583,518,120116
600150,583,1061,412827
601688,583,191,159800
688981,583,444,210138
603501,584,210,67200
600900,584,429,236600
600276,868,285,96500
600050,870,312,1115500
600519,871,89,9300
600030,585,506,449575
601012,586,3156,2802100
688012,586,217,59046
600276,653,251,109303
600309,654,446,131900
600930,654,76,108500
601728,655,149,106900
601728,656,75,120000
688111,656,55,11809
600809,657,135,28000
600760,657,84,44400
600050,657,56,106000
600276,587,655,280800
603259,587,637,205171
600809,587,233,66700
600030,833,277,100400
600519,834,39,3900
600406,834,156,72400
601899,836,796,451100
688981,836,142,28260
600089,837,106,59200
601012,837,75,34000
600887,837,82,33200
601658,838,50,89600
601919,588,411,184200
601328,658,197,209000
601288,659,347,510200
601328,660,269,301400
601668,660,29,91600
601600,661,83,88000
600809,661,54,15200
601318,663,304,81200
601328,663,480,504600
600111,590,452,176400
603986,591,1328,298900
603019,591,234,62200
600760,591,147,43100
601166,671,285,249700
600031,671,251,160400
600887,672,248,115700
601600,672,217,135800
600183,672,404,81700
601688,672,32,24100
601728,672,35,47500
600028,672,135,134700
601988,672,256,411200
601888,672,31,15300
600406,673,72,64600
600150,673,318,126378
601919,674,256,221700
688981,890,301,95004
600089,592,186,190400
601328,592,594,743200
601688,682,30,23100
600887,682,88,33300
601318,683,161,47500
600900,684,311,221800
600309,684,101,25400
601318,685,259,62700
601888,685,38,10000
600809,686,34,5400
688256,686,34,7423
601012,687,124,74800
603259,688,209,69300
688256,688,50,7584
601899,689,382,196900
600150,689,234,99900
601211,595,399,305900
688012,595,139,28301
603259,805,261,81100
601166,806,148,58800
601012,806,101,54300
600031,806,242,179500
601668,807,1395,9698574
688256,808,64,17823
688012,810,149,27423
601899,600,602,400700
600276,600,869,260200
601600,600,354,264400
603501,600,202,40200
601658,792,144,134500
601857,793,308,467500
603993,794,180,139200
601166,794,253,192600
603259,795,272,55236
601628,795,61,21100
601628,796,97,26500
600809,796,32,6800
601919,797,122,52200
601088,875,156,28500
600276,876,267,124200
600150,877,697,220700
600309,877,452,265500
600036,877,422,157300
601658,878,61,245000
600030,607,277,177700
600887,607,440,262900
601919,607,279,107900
600930,607,87,229300
600809,608,239,69400
600760,608,62,16400
600030,811,217,98900
601668,811,1050,5656900
601318,811,223,45400
601288,813,114,419300
601600,813,55,77700
600519,813,76,9000
601899,814,259,153700
601899,609,837,356300
600887,609,384,318300
600760,609,56,10400
601211,827,142,105800
600276,828,170,61600
601088,828,126,48000
601328,829,64,155500
600030,829,300,254430
600930,829,217,157100
600031,830,85,42400
688041,831,240,45336
600887,618,315,216700
600030,618,344,215400
600760,618,39,16595
600809,619,111,43200
603986,619,588,102580
601728,619,294,438100
601628,839,128,31900
601288,839,546,1185500
601328,839,100,168600
601988,840,440,305100
601211,840,572,487195
600519,841,49,5200
600309,841,415,109400
601919,842,468,194300
603259,842,210,42600
601127,842,108,26198
600028,842,331,377500
601088,626,182,43600
601127,626,162,42300
600276,628,199,138300
600036,628,578,167500
600150,822,273,107000
601899,824,345,225000
600183,824,367,71500
601857,825,275,200900
601600,825,365,258800
601601,825,179,46800
601728,825,117,101700
601088,825,134,36800
601088,826,116,33300
600900,629,210,146000
601398,629,220,267500
688981,630,142,46948
600930,630,60,175400
601919,630,171,100300
600900,854,245,475000
600036,854,233,95100
600406,854,95,48100
688981,855,132,59986
600111,855,134,54700
601127,856,137,29200
601919,857,446,204700
601601,857,266,107000
601328,857,512,440900
688008,633,348,81025
601127,634,223,53700
601899,634,838,444400
603259,634,313,59176
600887,635,143,50500
601628,635,184,64200
603259,635,358,79200
601688,850,127,39600
600930,850,308,565300
600031,850,445,463800
600050,643,35,97800
601728,643,45,89300
601988,644,658,1628100
600030,645,66,47300
601166,645,87,175400
600519,645,73,7400
600760,645,39,13300
601211,858,254,145700
600028,858,80,109600
603019,858,118,45800
600276,859,307,105500
601211,859,95,53500
600406,859,109,46600
600809,860,38,5400
688012,860,152,45412
600809,861,48,11700
600887,664,172,63100
601628,664,245,83700
603501,665,101,32500
600900,665,316,202600
600930,666,76,214800
688041,667,650,143916
603993,880,570,548000
600519,880,108,13800
601919,880,394,186100
688008,881,291,74989
600519,882,111,12200
600309,780,874,361000
601899,788,256,125000
601601,788,149,39400
688041,789,201,46115
603501,789,57,13000
601658,791,1083,1995000
688111,873,23,3034
600900,874,281,153200
601988,874,570,644700
603501,874,91,24500
600183,893,911,191700
601127,894,304,96899
601601,895,575,201800
600036,895,345,90200
601088,895,257,85825
688041,896,510,112456
600887,896,537,383500
