Symbol,minute,volume,buy,sell,turnover
600031,824,84800,41700,43100,1498833.0160140991
601318,570,1648524,942534,705990,89538385.53205109
601668,570,885580,420300,465280,3803341.2624168396
688008,652,37725,24901,12824,8507721.709411621
600900,653,340700,71600,269100,9543346.085739136
601088,653,59400,16400,43000,2805977.014541626
603986,654,80300,23400,56900,32193058.181762695
601988,654,98400,91800,6600,642486.0191345215
688111,654,2520,511,2009,572604.4957427979
603501,655,18900,12400,6500,1564625.978088379
601857,656,96200,67600,28600,1030015.9971237183
688012,656,31944,21544,10400,11207476.327819824
601899,657,176000,41500,134500,5523755.872344971
688041,657,21303,9994,11309,5441652.942825317
601127,810,28100,9500,18600,1333794.009399414
601601,812,39300,10400,28900,1245914.0125274658
601658,813,202800,32000,170800,1077187.9957199097
601601,890,150900,33500,117400,4777282.972145081
600887,571,299400,203800,95600,8020386.9956970215
601628,689,49000,33700,15300,1896089.0125274658
688111,781,2677,1544,1133,607873.0110321045
600111,889,165011,40000,125011,6173461.417682648
601899,889,531100,290900,240200,16660494.186592102
600930,889,697700,200700,497000,2723037.0646238327
601600,889,1318600,669500,649100,12005955.017757416
600900,889,407700,308800,98900,11459830.234718323
601088,889,43800,20400,23400,2070771.9791412354
600809,890,27327,13827,13500,3115000.9888916016
600183,891,213480,130380,83100,30557771.52770996
600309,892,81700,45600,36100,5845376.18560791
601857,892,395600,103100,292500,4237907.03868866
600887,572,264400,150200,114200,7082326.13697052
600519,572,23300,11300,12000,29278026.733398438
600031,827,120700,56900,63800,2133281.020927429
601600,827,241800,155900,85900,2205585.980796814
600030,829,254430,222075,32355,6801242.491054535
600309,829,252300,181900,70400,17940571.77505493
600930,829,157100,31700,125400,614578.0131816864
603986,830,43232,27200,16032,17264577.71923828
688008,830,59775,41023,18752,13379917.400680542
688012,830,16819,8302,8517,5871328.790222168
601166,831,87100,55800,31300,1556938.995552063
601857,832,201400,63800,137600,2165140.0020599365
600809,832,15000,11500,3500,1718679.013824463
600760,832,12900,10600,2300,570157.0049285889
601012,832,187900,131200,56700,2160282.9870224
601398,832,208000,166500,41500,1682907.0360183716
601166,674,54300,38000,16300,972349.9879837036
688111,668,2502,1401,1101,568173.6617126465
601919,668,54800,36600,18200,900284.0148925781
601658,668,73100,64600,8500,388075.9979248047
601012,669,212400,119900,92500,2443510.020828247
601328,669,130400,109700,20700,979097.0251083374
600519,670,6020,2800,3220,7544468.90625
600309,670,35600,12200,23400,2523664.9742126465
601398,670,283000,238200,44800,2280532.1084976196
600031,671,160400,144300,16100,2845264.958000183
601988,671,305800,215100,90700,2002083.0375671387
600036,672,148500,38400,110100,6047711.091995239
601728,672,47500,6600,40900,290765.9960746765
600050,673,58400,35500,22900,244466.99810028076
688981,674,77600,55916,21684,9421550.24760437
603259,674,61300,28800,32500,10267072.035217285
600887,675,40700,11900,28800,1096984.0110778809
600030,675,68800,9200,59600,1842495.0479507446
600406,675,27500,17400,10100,613831.9923400879
601398,675,314300,132800,181500,2531443.0903434753
600150,882,261680,133400,128280,10105193.702697754
600150,862,252008,134600,117408,9737507.032714844
601601,863,99400,73300,26100,3144994.938850403
601919,863,177500,30200,147300,2898983.995819092
601888,864,16500,9900,6600,862643.9914703369
600183,865,82600,26000,56600,11861734.169006348
601600,865,909700,435600,474100,8305544.103717804
688012,865,26081,6082,19999,9087789.794250488
600036,866,175600,86300,89300,7125956.120681763
688041,866,47551,22370,25181,11986059.471176147
601012,867,115600,46500,69100,1325241.0150527954
600089,879,99925,45550,54375,1806681.7432403564
601600,880,1044000,337700,706300,9516005.759811401
688041,881,48472,23038,25434,12231843.337265015
600089,881,102600,33600,69000,1855337.9997253418
600900,882,243600,165000,78600,6846810.130691528
600930,883,236000,147300,88700,921873.0211019516
600930,575,220100,129800,90300,864090.0155544281
688111,792,3887,887,3000,882434.4901428223
601888,792,42300,11300,31000,2206880.9799194336
688256,793,19871,13247,6624,22034164.010498047
600150,793,684600,384400,300200,26494279.090881348
600036,794,109300,51200,58100,4438882.933807373
600150,795,168577,73300,95277,6520016.485275269
600089,796,399379,34024,365355,7212254.514577866
603019,796,26308,11200,15108,2200842.467803955
688256,858,25652,11388,14264,28327812.95349121
601328,858,783900,662000,121900,5903151.154661179
601012,859,38700,34700,4000,443849.00941848755
600111,860,17700,8000,9700,663122.0008850098
603501,861,9100,3000,6100,753920.9831237793
600930,861,785000,193800,591200,3069270.0674533844
603986,861,25100,9100,16000,10010280.874633789
601600,861,1299600,1239000,60600,11881137.232780457
601688,663,56600,40500,16100,1039015.0308609009
600050,665,91400,79200,12200,382844.00243759155
688012,666,11845,4169,7676,4145742.2723083496
601728,667,61700,2300,59400,377626.9934654236
601600,667,321800,195000,126800,2936766.0078048706
600406,667,36800,7200,29600,821208.9849472046
601888,668,15700,7800,7900,821011.0015869141
600930,579,354100,52000,302100,1392133.0231428146
603259,580,339754,155108,184646,56829245.88897705
601919,843,70700,29500,41200,1155533.017539978
601899,844,275300,91000,184300,8650809.04121399
601888,844,9500,3400,6100,495780.9928894043
601919,845,243800,111400,132400,3985937.0885849
688041,845,45389,16967,28422,11449357.540603638
601012,845,44540,14000,30540,510568.40490341187
603993,845,162900,85400,77500,2882052.0950317383
601628,846,61600,24800,36800,2376591.0640716553
688111,847,3489,2553,936,791843.7691345215
688012,847,19401,11690,7711,6776289.855529785
601318,848,94000,46200,47800,5069197.9652404785
601088,848,22900,15800,7100,1083322.0149993896
600760,848,12200,7800,4400,538266.9921875
600028,582,1296588,270800,1025788,6856298.6748428345
601988,583,890400,746700,143700,5868480.109548569
688111,583,50462,10998,39464,11507929.707611084
603986,658,48200,31100,17100,19319595.877075195
601127,658,18200,5900,12300,863992.0124053955
600030,659,26900,9800,17100,720168.0135726929
600760,661,82800,71300,11500,3656060.0025177
601899,662,112600,39000,73600,3534903.9402008057
600900,894,581400,191000,390400,16336531.203269958
600760,894,30740,20840,9900,1354261.2167358398
601658,896,472600,283800,188800,2516680.0188541412
600028,585,1883600,775400,1108200,9999712.947416306
601628,586,83700,30600,53100,3236415.976715088
601328,799,79700,61400,18300,599958.0125331879
601668,799,141200,52900,88300,607689.0138149261
601127,800,57300,46102,11198,2712852.0141601562
600760,800,14300,6700,7600,632664.0098571777
601398,801,158600,138300,20300,1281284.983253479
603501,801,12500,9000,3500,1035012.9875183105
600030,802,134100,97800,36300,3577425.0326156616
688981,803,29279,21990,7289,3562189.989639282
603501,803,26100,5153,20947,2160658.9373779297
600028,803,196700,15600,181100,1040698.9960670471
600900,803,58900,45000,13900,1653371.9831466675
688981,587,171748,110453,61295,20964298.53643799
601318,587,292000,106300,185700,15824295.096206665
601628,587,133000,51900,81100,5135758.986282349
601600,587,1020200,528000,492200,9387431.84185028
601888,676,27200,18100,9100,1422628.007888794
601318,677,63700,26300,37400,3450802.9216766357
600760,678,19300,13000,6300,856481.0054779053
601668,679,86000,40400,45600,371924.0047454834
603259,679,28100,11500,16600,4713033.975219727
603993,680,81400,37600,43800,1435457.9402923584
688008,680,43211,14183,29028,9713808.421051025
601398,680,103500,21500,82000,833390.0246620178
603019,681,61900,22700,39200,5178341.152191162
603501,681,33400,6200,27200,2764810.008239746
688111,588,52510,22932,29578,11938354.11592102
601668,588,429200,222200,207000,1852074.026298523
601857,588,502000,179900,322100,5379903.044128418
601658,589,319200,255000,64200,1691118.0461883545
600519,868,6000,2800,3200,7513061.926269531
601012,869,101400,15500,85900,1161184.9842071533
688041,869,34044,19067,14977,8584444.011398315
688041,870,78844,41873,36971,19889226.046585083
601600,871,342400,170000,172400,3124387.999725342
603259,871,34100,12600,21500,5726876.954650879
603993,871,127700,66500,61200,2252015.908050537
601728,871,541300,312200,229100,3306912.0609760284
603986,591,298900,170200,128700,121521985.13793945
603993,591,861800,191200,670600,15255563.174057007
600887,877,186100,114200,71900,5020661.907577515
600050,877,232000,62800,169200,968068.0021286011
600028,878,94400,58600,35800,499962.00981140137
601988,592,2982400,2069200,913200,19561969.90671158
601398,592,1962600,1767700,194900,15798446.363258362
688981,592,172337,78052,94285,21046909.864608765
601658,593,126300,107100,19200,670460.9975337982
601668,594,1167600,896800,270800,5064676.11618042
601919,782,59000,7900,51100,968775.0043869019
603501,783,14800,7000,7800,1228475.0038146973
600760,783,1300,300,1000,57642.00019836426
601888,784,24500,9200,15300,1279564.0041351318
688111,784,9478,6931,2547,2150997.0959625244
601899,786,636200,379800,256400,20055747.353553772
601658,787,43600,28400,15200,231800.00400543213
601988,787,558400,323400,235000,3664476.999902725
600276,595,453400,132200,321200,20824199.88594055
601088,595,91700,63200,28500,4350677.011489868
601166,595,531600,427700,103900,9515524.794578552
601601,595,114300,85100,29200,3636775.9937286377
600150,596,455270,375870,79400,17852802.74093628
600519,596,12500,9200,3300,15765787.072753906
600887,683,39800,30600,9200,1073116.4704322815
600089,683,46400,18700,27700,838634.9901199341
600309,684,25400,13400,12000,1797931.9946289062
600089,684,28700,7200,21500,518680.9928894043
600809,685,7300,5200,2100,831618.0130004883
600309,685,37700,12000,25700,2667922.943878174
603259,685,41700,18100,23600,6987341.993713379
601211,685,147900,116000,31900,2614544.037628174
600930,686,97700,76000,21700,382767.0076608658
600183,687,59400,30500,28900,8543190.196228027
603501,687,7900,5000,2900,653922.9965209961
688041,688,32230,23486,8744,8168585.878112793
603501,688,5600,2300,3300,463394.9897766113
601728,688,64600,18900,45700,395540.9969329834
601857,893,831700,371700,460000,8907646.034908295
600050,893,1368400,80200,1288200,5707030.084514618
601668,600,5660100,3690100,1970000,24565362.833976746
601728,600,55200,14700,40500,339074.9959945679
688041,838,28734,10562,18172,7246788.107391357
601728,838,454200,52400,401800,2780227.9600143433
601601,839,55300,21000,34300,1752423.028755188
603019,840,65700,10600,55100,5492756.950378418
688256,842,16726,10048,6678,18465213.134277344
601899,602,547900,232700,315200,17211037.950706482
601328,603,404700,367000,37700,3042967.0016288757
603501,603,43700,23500,20200,3596731.9786071777
601211,604,171900,121300,50600,3039784.0660095215
603501,604,22100,11600,10500,1820274.9877929688
600089,606,288200,85000,203200,5206539.883804321
601211,606,164000,32600,131400,2896778.987312317
601398,606,2353100,673500,1679600,18949190.602970123
601211,607,64300,14900,49400,1135686.993598938
603986,607,137349,39600,97749,55181557.875183105
603501,607,85100,14200,70900,7001020.796966553
600887,608,337500,244400,93100,9149864.197349548
600900,608,360600,234900,125700,10116725.778007507
688041,788,50811,34317,16494,12879510.711288452
600150,788,124800,49300,75500,4839445.989990234
601857,791,418400,382100,36300,4479237.97416687
603986,791,37400,8900,28500,14964826.950073242
600276,791,64548,19300,45248,2940510.90045166
688981,791,25246,5766,19480,3069636.861061096
601088,791,32900,14800,18100,1557864.9940490723
600309,609,104600,68400,36200,7335906.06918335
601668,609,774300,163600,610700,3361135.092353821
688111,609,36340,16562,19778,8240239.956283569
601857,612,195900,176800,19100,2108554.0601730347
601988,612,3232700,1092900,2139800,21103475.515937805
600900,613,149510,101500,48010,4194770.409164429
600276,613,143200,54120,89080,6550649.990081787
603501,613,34800,12100,22700,2862318.025970459
688012,833,19107,13376,5731,6671365.757781982
601628,833,13100,8000,5100,505356.01501464844
601088,835,39700,26600,13100,1879070.0408935547
600406,836,201675,59500,142175,4517106.163597107
688012,836,16919,10653,6266,5904213.813781738
603986,837,27300,12100,15200,10896389.001464844
601601,614,118100,36000,82100,3766011.9348526
601601,615,47000,22700,24300,1498596.9682693481
601398,616,308100,111000,197100,2478234.0136528015
601658,616,141100,122300,18800,749052.9965877533
600406,617,439500,113200,326300,9823222.176742554
688111,617,35384,8020,27364,8035000.055511475
600406,850,107200,82800,24400,2400104.9322128296
600030,851,79400,53400,26000,2126072.0485687256
601888,851,31300,18900,12400,1637023.9990234375
601899,852,197900,110600,87300,6211896.875
601211,852,134000,22200,111800,2363740.9187316895
601628,852,34500,18300,16200,1331479.993057251
603019,852,13300,8700,4600,1113713.9923095703
603501,852,16300,2300,14000,1350616.0095214844
600028,618,731400,616700,114700,3921708.048725128
600036,618,83200,49700,33500,3393354.002761841
688041,618,78036,53415,24621,19937036.820663452
600089,619,148500,21200,127300,2683894.9661254883
600183,620,631916,490766,141150,91630906.0282898
601658,854,212400,73700,138700,1130705.0181865692
601857,855,197900,140000,57900,2123089.939594269
601919,855,119200,89000,30200,1949163.05103302
600036,856,177300,109800,67500,7199344.906616211
601658,856,208100,194000,14100,1109031.9876194
600900,624,305900,201500,104400,8576889.255332947
601888,622,63000,29900,33100,3310457.015609741
601988,622,841299,260900,580399,5519294.401494503
601919,623,188500,71400,117100,3084289.1248703003
600760,623,30000,7600,22400,1328925.0022888184
601888,624,49700,12000,37700,2608028.011703491
600276,816,65900,19000,46900,2993923.003768921
688041,816,108565,64152,44413,27371789.00149536
601728,816,108800,24500,84300,665013.0084514618
601988,816,220000,47000,173000,1445870.0261116028
601600,817,209900,73100,136800,1915018.9927101135
600809,817,12000,6500,5500,1373281.98928833
600036,817,119300,65200,54100,4844444.958496094
601988,817,1513700,646500,867200,9944501.231908798
601601,817,39800,25300,14500,1261117.0179367065
688111,817,4682,500,4182,1061599.8522033691
600309,818,39300,16700,22600,2785310.976409912
600028,819,168000,32700,135300,889047.0010757446
601628,819,66900,26500,40400,2576148.95362854
601888,821,11700,4600,7100,610503.0002593994
601988,625,1122400,486900,635500,7362097.959327698
601899,626,394400,154500,239900,12386642.9063797
600030,626,263600,19500,244100,7054378.070449829
603501,627,19800,11600,8200,1631762.0140075684
603019,628,37000,13700,23300,3103237.9554748535
688008,884,126865,56933,69932,28335671.65853882
600150,885,476648,267548,209100,18392597.847244263
601668,885,479100,284700,194400,2053395.0299263
600900,885,203900,121800,82100,5730685.102844238
601899,886,577800,307500,270300,18119934.355545044
601688,886,173700,84200,89500,3189256.108856201
688256,886,32054,23776,8278,35292522.71569824
600089,629,156100,46300,109800,2822156.985092163
601012,629,143500,115000,28500,1645660.0317955017
603993,630,233100,164900,68200,4119974.042892456
601601,630,91400,60100,31300,2908605.978012085
600030,631,59800,50600,9200,1601352.0389556885
601919,632,112400,21300,91100,1839637.0763778687
603259,633,43300,19600,23700,7293404.006958008
601088,634,31200,25000,6200,1479445.997619629
688041,635,69859,36694,33165,17876433.7575531
688111,635,2584,2084,500,586220.9387207031
601318,636,91900,29600,62300,4977402.993011475
601988,636,679400,603800,75600,4442519.992828369
601919,637,290500,167400,123100,4768483.987236023
601628,637,29100,3900,25200,1123768.0011749268
688111,637,10651,3499,7152,2416675.308532715
688012,637,27643,14223,13420,9706674.949432373
603986,873,83200,27600,55600,33153523.12927246
601398,874,278800,197500,81300,2257467.0877456665
600050,638,35700,30900,4800,149535.00094413757
601601,639,35600,26600,9000,1132410.9804153442
600887,640,126600,38100,88500,3417889.992904663
600809,640,33800,8200,25600,3864060.0158691406
600036,641,55700,28500,27200,2271214.9951934814
688111,641,4266,2456,1810,968976.7774658203
600900,642,641200,51400,589800,17967345.314598083
601398,805,190600,167000,23600,1537994.9604034424
603019,805,19600,11000,8600,1640054.990386963
603986,807,35600,12300,23300,14249816.928100586
600183,809,69900,25700,44200,10060597.981262207
600031,809,165200,119300,45900,2922257.0852279663
600760,809,22300,700,21600,986154.0077209473
600050,645,145600,88200,57400,609489.9951934814
601318,646,67300,31800,35500,3643032.998275757
601127,822,17400,11100,6300,824414.0007019043
603259,823,90200,52900,37300,15144110.064697266
603986,823,66700,19700,47000,26549134.991455078
601288,823,453600,366100,87500,3083605.0664901733
688008,825,106423,78850,27573,23790249.42123413
600406,648,54600,17000,37600,1218242.9735183716
600183,649,74300,53700,20600,10734891.955566406
600900,650,516200,165000,351200,14459770.141220093
601088,651,47600,31700,15900,2248865.005874634
600309,651,48900,25400,23500,3468936.9873046875
688041,887,146334,60765,85569,36807285.76322937
600930,887,322600,142600,180000,1259566.0294055939
600089,887,108000,46500,61500,1952119.9798583984
601888,888,54400,25831,28569,2837085.05859375
601088,888,60300,14800,45500,2850870.9838867188
601919,865,175900,55900,120000,2873794.0174102783
600036,882,129400,95100,34300,5257778.995132446
688981,895,138230,79748,58482,16758709.11252594
601988,838,317100,133300,183800,2087125.9949684143
600276,849,64200,32100,32100,2930021.0094451904
601288,806,692900,515200,177700,4696085.104703903
603019,570,640140,190500,449640,54033089.28146362
600031,652,132400,57100,75300,2346601.919937134
600183,655,142300,76200,66100,20639535.25543213
601857,655,319800,42800,277000,3424174.9919891357
601888,655,37900,10700,27200,1982293.991470337
601012,655,313360,216900,96460,3602675.377922058
600276,656,187900,49500,138400,8557693.980407715
601628,656,44500,26700,17800,1716379.0523529053
601899,656,185700,25500,160200,5828505.872535706
600150,656,133200,60434,72766,5188067.702301025
688008,657,59054,18611,40443,13363102.808807373
688981,657,111545,45987,65558,13574389.588859558
601688,657,92100,77100,15000,1690806.0527801514
601628,657,33200,10800,22400,1280199.012374878
600309,657,57800,31700,26100,4093748.9822387695
600089,657,52800,10600,42200,954201.9863128662
601288,810,3909500,3019400,890100,26505795.7883358
600519,810,3900,2000,1900,4885339.050292969
601211,811,228400,54000,174400,4012546.9202041626
600050,812,209000,53800,155200,874157.976436615
600760,812,24900,9500,15400,1099874.991607666
600900,815,320200,188800,131400,8984643.825149536
688041,689,45983,26860,19123,11646841.348022461
600028,781,2333900,1655500,678400,12440091.898059845
601127,890,64700,35100,29600,3058081.9694519043
601127,891,73400,22400,51000,3468252.994155884
603993,891,207900,110500,97400,3662628.1450271606
601668,891,1591500,112000,1479500,6812740.306138992
601988,892,547700,292300,255400,3606789.025115967
600760,892,31795,11700,20095,1399869.8503227234
600809,572,28500,9800,18700,3222725.9971618652
601328,827,106300,79000,27300,800166.0160541534
600183,829,74800,39200,35600,10736691.93572998
601628,829,28900,13100,15800,1115027.0236968994
600519,831,3900,2600,1300,4887188.0615234375
600031,831,355000,84200,270800,6272369.016075134
601288,832,1767400,348300,1419100,12054337.250804901
603986,832,36800,14400,22400,14693712.033081055
600036,832,152500,68900,83600,6193990.01159668
601988,573,4235700,1236000,2999700,28020973.981666565
688041,573,250560,134992,115568,63838838.042144775
601688,574,560900,457700,103200,10394340.404891968
601857,574,743000,426300,316700,8002824.170303345
601211,668,166500,150500,16000,2945413.0895614624
600809,669,16700,2800,13900,1902383.0123901367
601288,671,1229100,1120200,108900,8333184.251451492
601398,671,437300,290800,146500,3524273.1729507446
688256,672,15952,3203,12749,17618853.5390625
601600,673,256600,29300,227300,2343051.0360717773
600809,675,8800,1900,6900,1002347.0191955566
600930,675,131700,16600,115100,515113.01114559174
600183,862,65040,20133,44907,9339919.179840088
601398,864,279900,156600,123300,2263158.01448822
603019,864,37800,20800,17000,3164765.0314331055
601288,864,415800,243300,172500,2838189.0110492706
601012,865,87100,53200,33900,998698.015499115
601166,866,124000,88900,35100,2218008.916282654
601127,880,27200,9200,18000,1285658.9847564697
600111,867,37100,16800,20300,1389563.0001068115
600150,879,270776,134707,136069,10461139.968673706
603019,879,61400,30215,31185,5133615.029144287
601628,882,50600,34200,16400,1953152.9529571533
600930,882,316700,149400,167300,1236624.0287780762
601899,883,388600,187100,201500,12196138.716697693
600050,575,361800,277500,84300,1515099.0014076233
601318,792,159500,63110,96390,8625071.004066467
688981,792,75691,29421,46270,9185258.594352722
601012,793,133000,32000,101000,1522124.6980323792
601857,793,467500,105100,362400,5002890.925502777
688981,793,53468,22471,30997,6488046.707199097
601088,793,28100,8800,19300,1330606.9900512695
600150,794,496400,258500,237900,19200204.00428772
600183,796,93800,54300,39500,13493284.086608887
600519,796,6700,2100,4600,8396343.994140625
601899,796,147900,81000,66900,4658180.984687805
603501,796,26700,20100,6600,2211613.967895508
600276,798,102200,9300,92900,4653262.995147705
601398,798,425900,390600,35300,3441653.976249695
601166,798,125100,23300,101800,2238051.923942566
600089,577,116200,38400,77800,2109996.9778060913
688111,577,28813,12667,16146,6610781.839645386
601668,577,294400,93500,200900,1263911.010169983
600809,577,55233,39733,15500,6269025.883491516
603019,858,45800,9300,36500,3833615.8935546875
600028,859,89940,28000,61940,476062.6029777527
600050,860,180400,177600,2800,754043.9697265625
603986,860,100857,15380,85477,40239153.73452759
600089,861,36300,17500,18800,656842.0095443726
601988,861,274800,49700,225100,1805933.0348491669
601628,578,268600,79000,189600,10343290.941238403
688111,663,5003,183,4820,1136693.829421997
601919,664,106100,52600,53500,1743827.0462036133
600036,665,330600,230700,99900,13468005.913543701
601888,665,14800,11200,3600,773903.9943695068
600183,666,52600,19800,32800,7586384.046936035
601211,667,272800,171100,101700,4821693.050956726
601988,667,347400,42300,305100,2272418.9964294434
601899,579,692300,369500,322800,21894672.24254608
601899,580,936900,439600,497300,29666190.21511078
600519,843,7200,5800,1400,9022883.032226562
601988,844,355000,126000,229000,2333656.0285568237
603501,844,11000,4900,6100,911430.0018310547
600809,846,11200,8700,2500,1281774.9954223633
600519,846,5600,3000,2600,7021271.9482421875
600900,847,356700,154500,202200,10020611.075210571
600111,847,32700,17100,15600,1224248.9700317383
601088,847,41800,31600,10200,1977030.9867858887
601728,848,170400,119500,50900,1042416.991186142
601668,581,841000,259900,581100,3610489.027404785
600036,582,274700,133900,140800,11238390.939712524
688256,583,27315,15741,11574,30521076.114501953
600887,658,153000,94200,58800,4122253.038597107
603993,658,147600,76700,70900,2595556.005859375
603986,659,41900,23000,18900,16797118.096923828
600031,659,776800,120400,656400,13748434.513664246
601166,659,42800,18800,24000,765024.0043640137
600930,660,1364500,12000,1352500,5348960.103988647
601012,660,48500,22900,25600,557008.983039856
688981,660,90366,16189,74177,11003453.325317383
601988,660,463500,57300,406200,3022593.0042743683
603259,660,203600,82300,121300,34109416.83807373
600406,660,67000,40700,26300,1494997.9694366455
688111,661,9311,4460,4851,2116329.052520752
600028,661,152400,29200,123200,811060.0189208984
600183,662,115000,42700,72300,16604514.13116455
600183,894,174439,71800,102639,24988894.13304138
601166,894,314999,65800,249199,5632592.865812302
600887,896,383500,245700,137800,10336918.002319336
601728,896,895500,650000,245500,5470588.0970954895
601857,585,1012100,378100,634000,10875224.88899231
600111,585,232400,148445,83955,8723543.436088562
601668,586,3395000,1856400,1538600,14617064.1872406
600930,800,78000,56700,21300,305547.00615406036
600028,800,1700200,42500,1657700,9020996.080684662
601012,800,174900,83500,91400,2000928.9282798767
601658,801,31000,20100,10900,164811.00282669067
601857,801,638000,132900,505100,6817470.937824249
601668,801,198100,26500,171600,852095.0312137604
601012,801,76000,43400,32600,869873.9780426025
600276,802,69820,40320,29500,3175531.6249084473
600089,802,153100,80700,72400,2761528.1105041504
600031,803,165700,84800,80900,2929729.054069519
601688,804,100500,85700,14800,1841011.9659423828
603019,804,40900,14800,26100,3423359.027862549
688111,804,2868,1877,991,650465.4849853516
603501,804,31600,2206,29394,2614796.992492676
600031,587,250120,121400,128720,4435120.496788025
600887,676,31000,19800,11200,835647.9904174805
688041,677,26415,12705,13710,6683845.569732666
601988,677,77100,70400,6700,504938.01317214966
600276,678,129500,63300,66200,5898929.016494751
603993,678,254300,188100,66200,4486017.852973938
601688,679,115900,70700,45200,2129095.093727112
601857,680,116400,55500,60900,1246034.9905014038
688981,680,17415,5058,12357,2116140.1232910156
603259,680,35300,9400,25900,5920686.975097656
600519,589,13041,11941,1100,16416227.51928711
601857,868,418400,161900,256500,4488365.952777863
601127,868,27500,11400,16100,1300448.0102539062
600760,869,20400,7700,12700,899733.9889526367
601166,870,262500,210500,52000,4695735.830879211
600030,871,286600,145700,140900,7687493.932723999
600900,871,288000,84100,203900,8089478.033828735
601688,871,137800,48700,89100,2530256.089782715
688008,871,85277,26815,58462,19075323.201431274
688041,590,212099,108243,103856,54702974.318237305
601127,591,146900,60700,86200,7027873.994445801
601658,591,463200,143500,319700,2451884.01761055
600111,875,54400,39500,14900,2037024.003982544
601166,876,161300,99800,61500,2886566.92237854
600031,876,394600,88300,306300,6913436.181640625
600089,877,77400,61900,15500,1400011.0082626343
601166,878,272600,211800,60800,4877458.8483810425
600030,878,91900,35700,56200,2463381.940460205
601288,592,3257300,2811500,445800,22181912.917995453
601728,592,395600,230900,164700,2429642.9622650146
600183,593,282300,128400,153900,40688857.12432861
600111,593,166050,78000,88050,6222978.122520447
601211,593,259200,86900,172300,4581862.060928345
601601,594,160200,57100,103100,5095945.957183838
600809,782,21100,12900,8200,2401059.979248047
601127,782,14400,9100,5300,682316.0068511963
601728,784,87100,21900,65200,533095.9910392761
600276,785,40400,16500,23900,1839645.9888458252
601211,786,34700,25300,9400,613055.0004959106
600183,786,273090,126710,146380,39484447.7015686
600089,596,203200,126300,76900,3675353.018760681
603501,682,6000,4000,2000,496646.9909667969
601288,683,348900,170500,178400,2367247.0309257507
601288,684,383100,263500,119600,2600053.0150413513
601127,684,18900,3100,15800,893552.9876708984
601688,685,34000,7400,26600,624314.0224456787
601601,685,36800,21700,15100,1171507.0009231567
601166,685,105700,60100,45600,1892944.980621338
600183,686,53600,30200,23400,7703192.95501709
600050,686,22300,13400,8900,93570.99795341492
601166,687,126200,78100,48100,2261022.9986190796
601728,687,179100,73100,106000,1096822.9962348938
600760,688,30780,8380,22400,1366319.1904449463
688012,688,34225,27279,6946,11922007.308929443
688008,893,144658,75367,69291,32310563.505233765
600150,893,455166,229675,225491,17554396.99222946
601318,597,233700,112000,121700,12672723.122024536
600183,598,612699,299095,313604,88882285.88189697
600089,598,283300,144924,138376,5119192.672668457
603986,598,103900,35200,68700,41937994.78671265
601899,599,323300,161100,162200,10153230.913543701
600887,599,109900,37500,72400,2965973.9696502686
601088,599,67700,28700,39000,3210461.9834899902
600930,599,111700,54800,56900,439529.00693416595
601988,600,515000,209100,305900,3375341.0463809967
600930,600,67700,27200,40500,266333.0042600632
600031,600,105400,56800,48600,1866147.9850769043
603019,601,111200,78000,33200,9338836.044311523
600930,601,207900,59500,148400,817642.0133113861
600036,838,84100,47800,36300,3415333.9847564697
603019,839,22800,11600,11200,1906471.028137207
601127,839,40400,11500,28900,1912861.9773864746
600031,839,175600,116300,59300,3095234.9521636963
601658,839,316300,194300,122000,1684659.0061187744
600050,840,939800,33600,906200,3928699.8463630676
601658,842,132500,116400,16100,706063.9938831329
601288,602,958900,806200,152700,6538171.129655838
601988,604,3352300,266300,3086000,21954802.535295486
601398,605,1198900,525500,673400,9663324.44601059
601888,605,69300,24900,44400,3649933.9889526367
603019,607,78500,50700,27800,6577253.038024902
600809,608,69400,38100,31300,7993718.978881836
600089,608,212500,175400,37100,3847267.1043395996
601888,608,63300,46300,17000,3328624.05128479
688012,788,23408,11032,12376,8164955.503082275
601668,788,76000,48900,27100,328049.0068435669
601601,788,39400,9300,30100,1253406.981086731
601012,788,40700,10000,30700,466522.00384140015
600930,788,80000,32600,47400,313126.00655555725
600031,790,491000,179600,311400,8687019.290351868
601857,790,668300,436800,231500,7140506.951332092
601012,791,99000,62200,36800,1135272.0205307007
600887,791,82300,63900,18400,2218744.9535369873
601600,791,368010,238010,130000,3359859.240465164
600111,791,21100,13800,7300,790741.0026550293
600028,609,382700,291600,91100,2042707.0375442505
601919,609,170500,104900,65600,2787937.0710372925
600276,609,169700,86200,83500,7765464.95513916
601328,610,383400,73400,310000,2870815.949869156
600760,613,24000,7900,16100,1060877.9926300049
601398,611,1013300,814600,198700,8145023.917675018
600030,611,154400,17800,136600,4138759.902572632
600900,611,206300,89100,117200,5786883.860778809
601012,612,88300,45600,42700,1016789.0306472778
601658,612,54000,36400,17600,286024.0062713623
601328,833,60400,53300,7100,454741.0110473633
688256,834,5779,3840,1939,6391060.327026367
688008,835,64900,21440,43460,14518741.58430481
601628,836,79800,71500,8300,3079665.9900665283
688981,836,28260,9676,18584,3441161.933441162
601600,837,821900,400100,421800,7509975.232028961
601398,837,114900,74900,40000,929141.0083770752
600050,837,97500,62000,35500,408169.9974536896
600031,837,86800,59300,27500,1530876.940727234
601688,838,112900,58700,54200,2072302.056503296
600183,614,225301,150601,74700,32355683.685440063
603986,615,118500,53100,65400,47336089.93835449
600150,616,241200,146034,95166,9481498.329307556
600089,616,67800,35700,32100,1226009.9990844727
603501,617,47200,29100,18100,3879639.0029907227
600031,849,118500,49600,68900,2082540.975189209
601600,849,166900,142800,24100,1525225.0517845154
601668,850,198400,65100,133300,851787.0073318481
603993,851,114500,67000,47500,2026045.0735092163
600887,618,216700,101200,115500,5854536.083221436
601658,618,120500,112800,7700,639777.9950141907
601600,618,1063400,219000,844400,9750703.065681458
601601,620,398300,79600,318700,12672342.842674255
600900,854,475000,203300,271700,13333120.852088928
601601,856,106300,61600,44700,3362219.961166382
603019,621,23700,14000,9700,1989599.9618530273
600809,622,77200,5600,71600,8878225.923919678
601398,622,177600,74100,103500,1432197.020816803
688012,622,19520,8846,10674,6822671.586395264
601398,623,383500,288500,95000,3093894.9518203735
603019,623,58300,10200,48100,4891989.052581787
600406,623,233990,166690,67300,5222934.634952545
600036,624,70400,28100,42300,2873403.0334472656
601658,624,69700,61200,8500,370719.01001930237
601688,816,38700,33500,5200,708931.9869995117
688256,819,22556,5618,16938,24884933.963989258
600030,820,203300,50200,153100,5427715.118980408
601628,821,47800,33600,14200,1840083.0238342285
601127,821,12400,8300,4100,587552.0034790039
601088,625,39600,18600,21000,1875749.9897003174
688041,625,51864,30437,21427,13234970.896530151
600760,625,14700,9600,5100,651768.0076599121
601318,626,235700,104200,131500,12753548.998641968
600519,626,15900,3500,12400,20034974.853515625
601166,626,35400,14800,20600,633807.9898834229
600519,628,9900,4000,5900,12476410.119628906
600030,628,364200,179600,184600,9745172.064590454
688012,628,11782,5497,6285,4122700.8327331543
600309,884,181902,44102,137800,13039670.516998291
601012,886,119900,49100,70800,1370948.0010032654
600036,631,113500,28700,84800,4631334.046936035
600050,631,47300,25300,22000,198439.99643325806
601988,632,160700,95500,65200,1050326.0100364685
600309,632,140300,63800,76500,10017721.957397461
600050,634,195100,175200,19900,817270.006608963
600406,633,86800,36400,50400,1934777.067375183
601688,634,148400,31900,116500,2726114.100456238
601601,634,59100,51500,7600,1881757.0093154907
601328,635,124600,107800,16800,936824.001789093
603993,635,110800,94000,16800,1961317.0455932617
600519,635,12300,4600,7700,15470506.884765625
600036,636,117400,18800,98600,4787171.989822388
600276,636,110100,42100,68000,5036534.037017822
601211,636,74700,30800,43900,1321698.0457305908
688041,637,38915,17761,21154,9961038.129119873
601899,872,310000,66900,243100,9731553.825759888
601012,872,205096,61400,143696,2348500.164337158
601288,873,293200,191500,101700,2001539.0028476715
600030,873,128800,48300,80500,3452061.906814575
688041,874,44168,19742,24426,11138764.74003601
601328,874,288700,234100,54600,2179139.042568207
600930,638,139800,65900,73900,548675.0100374222
601127,639,26300,16200,10100,1250836.005783081
600309,640,57500,14300,43200,4090711.029815674
601919,640,169700,60600,109100,2784156.959915161
601988,641,201600,162000,39600,1318068.002128601
601658,642,1245100,861700,383400,6599029.236602783
601899,642,271100,92100,179000,8515263.95893097
601628,805,54400,43200,11200,2097070.0271606445
601988,805,622400,496200,126200,4081947.9890823364
603501,805,21700,10200,11500,1794676.9676208496
600519,806,5400,3000,2400,6766975.988769531
688256,806,10861,4647,6214,12026503.045043945
600930,806,174800,52700,122100,683995.014500618
601166,806,58800,40100,18700,1050569.0450668335
601919,806,45500,29100,16400,745125.9893417358
600050,807,63500,46700,16800,265896.9997882843
600519,808,25400,2500,22900,31818770.141601562
601728,808,123900,19300,104600,757222.011756897
601127,809,24000,9800,14200,1139611.0054016113
601899,809,418900,228700,190200,13174171.205711365
601601,809,233308,32700,200608,7396048.722915649
601919,643,124700,103500,21200,2046528.9855957031
601211,644,90900,49300,41600,1609422.9866027832
600519,644,7300,3900,3400,9167936.083984375
601328,644,81300,33100,48200,609692.9986953735
600406,646,66000,50500,15500,1473480.9881210327
601012,646,172200,24500,147700,1978656.9623947144
603259,646,54800,24000,30800,9254048.037719727
603993,822,156000,78500,77500,2758426.0555267334
601857,822,153400,115000,38400,1644997.9866027832
601688,823,204800,107000,97800,3750957.9151153564
600406,823,45400,32100,13300,1014874.0215301514
600809,824,8800,7200,1600,1006346.0014343262
601127,824,21600,4700,16900,1022455.0205230713
601899,825,299300,250200,49100,9392079.819869995
601166,825,134700,60200,74500,2406344.095993042
600028,647,87300,53900,33400,464975.00162124634
688012,647,13019,7903,5116,4554582.514801025
601088,648,53700,22600,31100,2536850.0133514404
600036,649,62800,39800,23000,2558234.06791687
601728,649,259600,69700,189900,1586853.0173778534
601988,649,355100,219900,135200,2317856.0526371
600406,649,16100,11600,4500,359306.99405670166
601888,649,14500,8100,6400,758566.0083770752
600809,650,11300,8100,3200,1288903.997039795
600150,651,130341,77841,52500,5074269.623580933
601668,887,241000,117300,123700,1032653.021478653
600183,887,169400,44200,125200,24245168.594055176
603259,887,93800,35700,58100,15753286.04888916
600519,887,12100,4100,8000,15138887.060546875
601211,888,97100,60100,37000,1714415.976715088
600050,896,1640900,277600,1363300,6845329.056358337
600809,790,7200,2500,4700,817905.989074707
603986,827,26800,13600,13200,10688564.010620117
600519,570,57400,29810,27590,72056096.72485352
600309,652,136400,39900,96500,9670869.086456299
600028,652,68500,49200,19300,364911.99955940247
600519,653,15100,8200,6900,18949767.309570312
601012,653,176100,158300,17800,2024971.9959259033
601601,653,65200,28900,36300,2074019.9653625488
600809,655,20000,3300,16700,2280815.000152588
600089,656,45100,17200,27900,815352.995300293
601012,657,48900,36000,12900,562220.9970474243
603019,657,20300,12400,7900,1703772.0207214355
600900,657,151300,61100,90200,4237723.030281067
601127,657,15500,7200,8300,735064.9803161621
601601,657,15200,10500,4700,483464.9908065796
688041,810,41647,19312,22335,10540076.30166626
600406,810,49300,37600,11700,1102767.0320510864
601899,810,112900,92800,20100,3552287.9152297974
688012,810,27423,9629,17794,9551012.376739502
601211,810,90300,72600,17700,1585670.9518432617
601328,811,135100,67600,67500,1016219.003534317
600028,811,1713000,315100,1397900,9061540.96493721
600519,811,4000,2200,1800,5011472.961425781
688008,812,26371,7937,18434,5925983.665130615
600030,812,53600,8800,44800,1430672.0306396484
601899,812,123100,52100,71000,3871934.0188980103
603993,813,258600,13100,245500,4572179.081916809
601211,813,194900,76700,118200,3424451.941871643
600887,814,96500,78800,17700,2600428.066635132
603259,814,34900,15400,19500,5845345.99609375
601211,814,54800,13500,41300,962970.986366272
600887,815,83500,60200,23300,2250211.0471725464
600930,815,64500,26300,38200,252458.00528526306
601288,815,202900,167000,35900,1377332.0011615753
600050,815,136900,36700,100200,572608.9848995209
603019,815,25600,11000,14600,2141210.9901428223
601888,815,21100,7900,13200,1099500.9910583496
688008,689,138394,27928,110466,31031116.65548706
601012,780,182500,64940,117560,2094717.9502487183
600519,781,41200,5000,36200,51576687.21923828
688111,890,17660,10860,6800,4004425.5645751953
688008,890,109742,55657,54085,24487680.362854004
601888,890,63100,14700,48400,3288438.977432251
601088,891,57700,25700,32000,2727078.942489624
601398,892,1326169,793545,532624,10728917.417163849
600031,892,199483,144200,55283,3494389.408662796
601658,892,973400,591000,382400,5194132.061004639
601899,827,436700,91000,345700,13702793.866539001
601318,829,146800,98100,48700,7924528.076171875
600276,829,119200,90700,28500,5420972.016525269
600809,830,10400,2300,8100,1192057.9971313477
601688,830,121600,52300,69300,2231711.054420471
603501,830,15000,7200,7800,1241666.9860839844
600900,830,65800,47300,18500,1846820.9756851196
601728,830,115400,66800,48600,705761.9988441467
601919,831,62100,29400,32700,1016568.0246353149
601857,831,270000,202000,68000,2902980.010986328
603501,832,9800,6300,3500,810907.0014953613
688008,671,117424,65376,52048,26348315.490875244
601919,862,208600,61300,147300,3407845.0162887573
601668,862,171300,60600,110700,735483.0073356628
600900,574,906117,669700,236417,25445038.170001984
600030,668,72900,13900,59000,1950943.0198669434
600111,668,42300,16900,25400,1584337.005996704
601857,669,86700,47300,39400,929030.0141334534
603986,670,50800,20700,30100,20274822.900390625
600183,671,120000,57200,62800,17251196.990966797
600183,672,81700,49073,32627,11763302.273742676
601899,674,377100,341600,35500,11854155.067253113
600930,674,103300,19000,84300,404093.008685112
603986,862,17300,8400,8900,6900343.97277832
688256,863,13165,9051,4114,14536792.517578125
601728,864,115000,56300,58700,702063.0019187927
600111,864,34200,23500,10700,1281427.0206451416
688041,864,28423,15087,13336,7162365.827255249
688041,865,40405,19530,20875,10182955.301300049
601088,866,53300,36500,16800,2522867.021179199
600809,867,12700,4100,8600,1452618.9888000488
603501,867,14200,10900,3300,1176744.9920654297
601088,879,42700,12600,30100,2019310.0269317627
601888,880,35000,9000,26000,1827966.012954712
601601,882,65900,44700,21200,2086339.988708496
600031,882,158000,140500,17500,2769565.104484558
603019,883,84300,36341,47959,7044917.967224121
600406,883,72300,54200,18100,1618027.9682159424
601318,883,289700,228200,61500,15624318.976211548
600809,575,18300,12000,6300,2069654.0016174316
603993,794,139200,35200,104000,2470264.987754822
600930,794,353000,26400,326600,1380494.030046463
601166,795,58600,28100,30500,1049094.9811935425
600031,795,289400,164400,125000,5117617.111778259
600050,796,55100,25200,29900,230569.9963092804
601012,796,194560,7900,186660,2223899.8536491394
601601,797,60200,26100,34100,1912529.0269851685
601988,797,145300,57100,88200,955192.0107841492
688981,858,70675,17293,53382,8608152.010551453
601728,576,425000,332900,92100,2606884.0077400208
600111,577,268900,105500,163400,10137097.00088501
600031,577,288800,217486,71314,5129066.145599365
601601,858,42100,26000,16100,1331515.9826278687
600406,858,163100,66100,97000,3652552.9174804688
600150,861,229500,131500,98000,8869508.159637451
600309,861,674946,392446,282500,48842194.65805054
600031,861,267300,259000,8300,4689535.05859375
601899,663,260200,64100,196100,8167462.836265564
600930,665,112500,64000,48500,440515.0090456009
603501,666,44300,8400,35900,3673646.0594177246
688041,666,64827,42064,22763,16486065.863296509
600887,666,30600,6000,24600,824413.0174636841
601628,579,140300,66000,74300,5409248.03276062
601012,580,450800,169000,281800,5165090.992546082
600519,580,20026,12226,7800,25267071.130859375
601012,843,35100,11000,24100,402356.00385665894
688256,844,17495,7463,10032,19325438.662841797
601166,845,62700,56300,6400,1120421.0481643677
601601,846,170400,103200,67200,5388705.033302307
600309,846,60400,24000,36400,4309706.929779053
600406,846,94900,32100,62800,2125131.9494247437
601211,847,58248,30400,27848,1026530.7751464844
601166,847,65000,52100,12900,1161642.0358657837
601728,847,97900,58000,39900,598748.9986896515
600406,848,66200,41600,24600,1481971.9539642334
601328,848,164500,99100,65400,1239515.0139331818
601628,848,53900,37800,16100,2080640.9488677979
603993,581,2591000,331300,2259700,46074614.64252472
601088,582,277385,138900,138485,13143839.88073349
601658,582,1087601,194200,893401,5784129.460596561
688041,583,120116,56556,63560,30764324.36767578
601628,583,49900,22400,27500,1923105.9909820557
603501,584,67200,40400,26800,5534570.020294189
600519,584,16350,10550,5800,20638354.89501953
601288,584,4197700,1249700,2948000,28712018.56856346
688008,658,48938,21702,27236,11059562.329864502
601668,659,2176260,88900,2087360,9398664.504394531
601288,659,510200,379600,130600,3452748.0226516724
601888,659,18200,14100,4100,952001.0162353516
601088,661,18800,10900,7900,887561.0038757324
603259,662,110700,45200,65500,18541795.126342773
601600,662,1394600,124600,1270000,12732611.157608032
688111,662,4474,1817,2657,1016663.5101013184
603259,894,118800,47700,71100,19951990.96069336
601857,894,365400,100700,264700,3913090.0060653687
601211,894,202200,142500,59700,3567001.8810272217
601288,894,840500,261500,579000,5734825.079441071
600031,895,261900,163300,98600,4590738.171386719
601668,895,1641300,443100,1198200,7021056.219291687
603986,896,218000,101690,116310,86949311.55145264
688012,896,38349,21173,17176,13387737.020599365
601088,896,77400,44500,32900,3659160.963821411
600900,585,438500,315500,123000,12289289.247703552
603259,586,178500,56300,122200,29932322.079467773
600030,586,566400,264900,301500,15163678.285598755
601728,799,122700,37700,85000,750074.0070343018
601318,799,60683,40266,20417,3281255.0026512146
601658,802,1644600,207100,1437500,8733047.914791107
600183,802,57100,28800,28300,8221053.965759277
600031,802,66700,36000,30700,1179616.0285949707
603259,802,32700,19600,13100,5480501.0009765625
600809,804,10900,7100,3800,1244180.0071716309
688256,804,21673,3853,17820,23987229.194335938
603986,587,278400,163700,114700,113347788.75427246
600183,676,84700,59400,25300,12180138.059997559
600760,676,9300,4500,4800,412719.00367736816
601127,677,24698,8800,15898,1170478.2167358398
601888,677,12800,5300,7500,669461.0069274902
688041,679,27362,14647,12715,6924942.3162231445
601127,679,29800,9400,20400,1411594.9981689453
600050,679,169700,50000,119700,709845.9823131561
600036,680,199000,187900,11100,8098957.0919036865
601658,680,148100,12400,135700,786534.9943637848
600900,680,140200,94100,46100,3929567.0907974243
600276,681,52100,30100,22000,2373774.043273926
601211,681,40400,28600,11800,714154.0096282959
601211,588,173300,93500,79800,3055333.8640213013
600406,589,146700,118200,28500,3257203.0324935913
600030,589,225825,102175,123650,6042410.536432266
601012,868,339913,26500,313413,3895296.3905267715
601728,868,131900,44700,87200,805036.9976520538
688041,868,35189,16417,18772,8870972.09388733
601288,869,676200,508800,167400,4616771.989917755
601919,869,182860,71520,111340,2986129.786643982
601668,870,251700,136200,115500,1081155.021572113
600183,871,197200,46500,150700,28226965.072631836
688981,871,38744,13553,25191,4714984.7084198
600111,590,176400,67800,108600,6612010.051727295
601857,875,280800,208600,72200,3015225.9227752686
688008,876,74259,42069,32190,16589474.280395508
600309,878,96000,32900,63100,6887465.126800537
688111,878,7975,5142,2833,1810388.5056152344
601088,592,69500,37300,32200,3297094.976043701
601668,592,6268601,6078301,190300,27144331.945165634
688256,592,38386,12575,25811,42755011.46533203
688041,593,102715,47169,55546,26445917.23587036
601601,593,127500,30400,97100,4059194.0101623535
601888,593,145600,108100,37500,7641776.027297974
601988,594,1236400,1043100,193300,8122625.200271606
601658,594,508400,480300,28100,2699322.977876663
601988,782,214000,108100,105900,1402781.0140132904
600406,782,50400,30500,19900,1124224.9685287476
601166,782,159700,34700,125000,2857055.9030532837
600406,783,34000,30600,3400,758505.9810638428
601888,783,12700,9200,3500,662982.001876831
688041,784,53150,13027,40123,13518231.601715088
601088,785,36300,14400,21900,1718287.999343872
688111,785,4199,388,3811,953659.4920959473
601668,786,377700,185900,191800,1629746.020936966
600028,787,186400,179400,7000,995306.02684021
600183,595,255200,106600,148600,36737725.05493164
600809,595,35200,17000,18200,4026218.9712524414
600036,596,101900,36100,65800,4162871.957015991
600089,682,25000,8100,16900,451830.99422454834
600309,683,23500,10300,13200,1663432.9933166504
601628,685,12300,6200,6100,475764.9948120117
601919,685,157900,34500,123400,2592920.016670227
600111,685,37800,10100,27700,1414198.977279663
600089,687,82400,46600,35800,1489738.9925003052
688981,688,13760,2864,10896,1670605.9604949951
601658,688,203400,60000,143400,1080654.0020942688
600089,688,30500,19600,10900,551439.9976730347
601012,893,284000,59100,224900,3241030.9701919556
601601,893,230400,82000,148400,7287904.555328369
600150,597,360199,135200,224999,14126814.374763489
600028,597,553200,472200,81000,2925617.998981476
688256,597,22769,11290,11479,25357038.94909668
603259,598,219500,130000,89500,36975150.9475708
688111,598,13838,5135,8703,3146560.65032959
601088,600,56900,28300,28600,2700872.002029419
688008,600,210517,60026,150491,47839526.62939453
603259,838,69064,23900,45164,11588736.0446167
601600,838,922500,216700,705800,8419747.044277191
688008,838,48180,19881,28299,10772403.930221558
600111,838,35100,16800,18300,1315051.0116577148
600050,839,185700,142000,43700,777646.000623703
688041,839,34768,11146,23622,8769429.788101196
600030,839,105500,75400,30100,2821823.9931106567
601857,839,141400,87900,53500,1518100.9553909302
600089,839,36900,23000,13900,667012.9940032959
601166,839,74500,45100,29400,1331764.9869918823
600930,840,82100,30900,51200,321320.00675201416
601668,841,270100,128500,141600,1160014.0191078186
688111,842,12134,8793,3341,2751970.4241638184
601668,603,387100,200400,186700,1682018.0093765259
600887,605,1020800,560000,460800,27661030.15963173
601318,605,279000,61500,217500,15116602.070617676
601919,606,101200,36500,64700,1653669.0168380737
601328,607,721400,309500,411900,5411165.015220642
600809,607,61500,28900,32600,7095845.977783203
600309,607,190100,89400,100700,13294968.211364746
688012,607,28775,16047,12728,10044668.724334717
688256,608,34349,17682,16667,38027621.79699707
601658,788,103500,64300,39200,550228.0087947845
688012,791,29263,7483,21780,10197041.295776367
688256,609,42221,10053,32168,46710256.567871094
601601,609,74900,40800,34100,2382366.9553756714
688041,610,230289,101586,128703,58718996.48181152
601601,610,55200,27000,28200,1756201.9771575928
601288,611,2168500,1832300,336200,14723794.933319092
600930,611,74200,8600,65600,291692.0048713684
601012,611,632805,94700,538105,7292654.753022194
688041,612,83662,27943,55719,21311671.251937866
603501,833,7700,5700,2000,637480.0086975098
600050,833,70100,55100,15000,293569.00057792664
688008,834,45493,18416,27077,10180602.25756836
600276,836,32100,23100,9000,1460460.0151062012
688041,836,37941,9805,28136,9570133.650421143
600809,837,10100,9000,1100,1156865.9996032715
601328,837,124000,59300,64700,933713.0215644836
601166,837,70000,29900,40100,1251199.0085601807
600028,837,207700,112200,95500,1101932.011795044
601127,837,60300,3500,56800,2858305.99861145
603986,614,105100,57600,47500,42005488.15307617
600183,615,114000,49900,64100,16395682.080078125
600887,615,182800,127900,54900,4947207.917022705
601988,616,239600,95100,144500,1565539.0266895294
600111,616,100200,50900,49300,3747026.055908203
601988,617,721900,222900,499000,4716236.096191406
600111,849,29300,22400,6900,1097216.0076141357
601728,849,97200,43800,53400,594330.002117157
688008,850,60820,21137,39683,13616081.795639038
600930,851,317100,170000,147100,1238390.0286197662
603019,851,50809,39400,11409,4253694.144020081
600809,618,72100,8100,64000,8289025.002288818
601728,619,438100,360400,77700,2689156.960773468
688256,619,21190,10518,10672,23437827.028930664
601328,619,150300,92600,57700,1129679.011440277
688981,620,45079,25802,19277,5473320.935562134
600406,620,242600,57400,185200,5415748.94695282
600406,853,36800,29600,7200,824247.9843139648
601899,854,403600,233400,170200,12669803.771972656
603993,856,126400,83300,43100,2236226.0723114014
601688,856,115800,88800,27000,2125818.0644989014
601888,856,29000,16300,12700,1516217.9996490479
688256,622,13761,5292,8469,15217315.639038086
600406,624,96310,35000,61310,2150128.281803131
600150,624,570800,394136,176664,22331960.612869263
688111,624,8263,800,7463,1876873.6022033691
600809,816,11200,5900,5300,1281825.9941101074
601166,817,57000,41500,15500,1018435.0442886353
601919,817,132100,20400,111700,2166270.945739746
601211,818,73100,19000,54100,1284306.9763183594
601600,819,307600,286000,21600,2805095.959854126
601628,820,193000,104500,88500,7429375.186538696
601988,820,151300,51700,99600,994558.0131530762
601899,821,190300,125700,64600,5974773.912620544
600276,626,343523,160679,182844,15639960.84343338
600809,627,18800,11100,7700,2157392.985534668
600089,627,80600,11900,68700,1457210.9930038452
601988,627,883800,220300,663500,5791093.113946915
601012,884,136100,83000,53100,1556452.981376648
601988,884,446000,325500,120500,2937935.040473938
601857,885,369000,176200,192800,3960654.862976074
601600,885,891100,381000,510100,8121730.7812690735
601211,885,153310,79260,74050,2708148.59249115
601988,886,276300,75600,200700,1821573.0234146118
603986,886,131250,39264,91986,52250883.96936035
601857,629,173500,74300,99200,1862933.9498519897
688111,629,8190,2106,6084,1858010.2577514648
600887,630,163600,96300,67300,4423034.083366394
601658,630,89000,81000,8000,473400.01344680786
600519,631,11400,2800,8600,14350602.917480469
688111,631,14903,1721,13182,3379846.0596466064
601668,633,204900,187600,17300,887043.9886569977
601857,633,565000,213400,351600,6069524.903297424
600930,634,343900,181100,162800,1349899.0245103836
601600,634,290900,216100,74800,2669744.072341919
600150,635,270744,193500,77244,10576640.482757568
600760,636,4600,800,3800,203471.00067138672
603993,636,83900,43100,40800,1485460.9916687012
688012,636,22309,10179,12130,7824295.246429443
601857,637,84900,61300,23600,910740.9782409668
688012,872,23067,10033,13034,8040289.222198486
601398,872,311600,181200,130400,2522656.0890197754
601600,872,396700,236300,160400,3620322.009944916
600150,873,233600,101200,132400,9024279.04701233
601211,873,51300,21500,29800,905659.9853515625
600036,873,363100,241700,121400,14742327.672958374
600031,874,421000,267800,153200,7375471.182441711
601288,874,370900,266600,104300,2532203.997564316
600111,874,85700,36500,49200,3208732.9555511475
600887,639,113800,54100,59700,3072620.0004577637
601398,638,1087700,843000,244700,8756466.218471527
600930,639,239200,41100,198100,938075.0178575516
601888,639,165200,12300,152900,8649507.019042969
601288,640,956300,258100,698200,6486295.136642456
601012,642,48700,28300,20400,559845.9953308105
600028,805,1881900,396400,1485500,9958366.006708145
601857,806,438900,320400,118500,4696721.927547455
600900,806,228000,40400,187600,6400096.933555603
600760,806,15100,10500,4600,668223.0037689209
600111,806,41700,32600,9100,1562627.013015747
688008,807,45658,16864,28794,10288550.09564209
600276,808,321600,49300,272300,14608632.662582397
601857,808,213800,156500,57300,2285596.928215027
688981,808,41083,18599,22484,5002624.821907043
601012,808,28200,5000,23200,322939.99576568604
600276,643,245800,148900,96900,11245163.076019287
600887,643,171200,83700,87500,4612600.08354187
600050,643,97800,68200,29600,409485.99882125854
601899,643,152900,88300,64600,4804828.027915955
600031,646,159100,37800,121300,2823766.9940948486
603986,646,95700,18700,77000,38201402.02636719
601088,646,67400,32200,35200,3186252.989959717
601600,823,137200,115100,22100,1251181.982421875
688008,823,119507,52545,66962,26709771.365982056
600930,824,69400,17800,51600,271532.00578689575
688012,824,11050,5303,5747,3846444.90133667
603259,825,88800,52000,36800,14913148.89831543
688256,825,11458,4605,6853,12650313.000488281
600406,825,55500,41300,14200,1240807.029914856
600519,826,5200,3600,1600,6515180.090332031
601668,647,56740,39800,16940,245514.7998714447
603259,647,46606,29212,17394,7861763.603515625
601166,648,242100,96600,145500,4330302.83241272
603986,649,65700,32800,32900,26222049.954223633
601668,649,106000,82200,23800,458741.99781417847
600809,651,12200,5700,6500,1392308.9965820312
601988,651,233600,69200,164400,1526100.0318527222
601398,887,595800,487200,108600,4824894.202423096
601857,888,302500,80700,221800,3242987.0366096497
600406,682,25900,12800,13100,578417.9996490479
688256,872,11821,6440,5381,13039408.203613281
600930,570,2534700,405200,2129500,9982900.148677826
600183,652,63900,33100,30800,9251853.076171875
601288,652,776900,386000,390900,5257008.0503463745
601012,652,110232,73832,36400,1266790.6599197388
601688,653,427800,234600,193200,7848475.125312805
688012,653,21914,13946,7968,7689427.901397705
601600,653,113200,75000,38200,1035397.9845046997
601601,654,16700,12900,3800,531207.9906463623
601728,810,127600,35500,92100,779991.008234024
603986,811,50100,20100,30000,19999336.044311523
601628,811,12900,7700,5200,497203.995513916
600111,811,44100,27800,16300,1651914.9784088135
603259,812,48900,23100,25800,8193952.005004883
601888,812,14800,5000,9800,771061.9819641113
601012,812,129200,60900,68300,1479336.975288391
600111,812,22400,9300,13100,838983.0009460449
600887,813,45000,17100,27900,1212351.0251998901
600276,813,82600,26300,56300,3754356.014251709
601628,814,67900,19500,48400,2617925.9929656982
601398,814,130400,65100,65300,1052978.9751052856
600050,780,178601,52700,125901,748865.1871523857
688111,780,16550,8525,8025,3757891.9789123535
601658,890,302900,217600,85300,1616633.0266952515
601012,891,594027,101100,492927,6783269.373441696
688981,891,150690,60622,90068,18281530.189735413
601628,892,93100,34700,58400,3588516.985321045
688111,572,96347,40174,56173,22002281.5045166
601318,827,59300,33300,26000,3199866.985321045
601919,828,173300,91700,81600,2838269.9647903442
601166,828,85800,69900,15900,1533248.0669021606
601668,829,188400,70800,117600,810828.0183792114
601601,830,48100,28100,20000,1524645.0328826904
600111,832,243000,212000,31000,9116933.889770508
600089,832,64600,19200,45400,1168127.9987335205
600031,832,299500,91700,207800,5289257.956314087
600900,832,289900,136000,153900,8137433.910179138
600276,674,168300,70500,97800,7665884.054946899
601328,574,2537000,547200,1989800,19070147.35713005
600276,669,60700,21600,39100,2765138.00201416
600030,669,158500,101100,57400,4241895.046234131
601988,669,160300,61000,99300,1048972.0078468323
600030,670,41300,10900,30400,1105297.0119476318
601899,670,99700,46500,53200,3132640.0091171265
600760,670,33000,14000,19000,1463068.989944458
601127,670,12602,3102,9500,597416.8054656982
603501,671,16100,1700,14400,1332749.9862670898
600900,672,123099,19401,103698,3449039.0318870544
601600,672,135800,73700,62100,1240591.032409668
601658,672,29800,4200,25600,158279.99925613403
600089,673,33700,5000,28700,609008.9908599854
603501,674,5600,3400,2200,463657.99102783203
601628,675,18100,11300,6800,700145.99609375
601600,675,289400,261000,28400,2644832.092857361
600930,862,163300,5300,158000,638556.0139656067
601211,862,69100,27100,42000,1220576.9956588745
600036,863,101300,31200,70100,4110550.7790870667
600519,863,5400,2100,3300,6765001.965332031
603986,864,50200,15800,34400,20026806.005859375
601127,865,91700,18300,73400,4333066.983032227
688111,866,5116,1473,3643,1161102.6688537598
600028,867,162300,123800,38500,859805.0221443176
601668,879,323500,91600,231900,1385496.0451602936
600031,881,238700,82000,156700,4182844.128036499
601600,881,820200,399800,420400,7476050.810623169
600760,881,23800,12200,11600,1048274.0013122559
601211,575,559178,356750,202428,9916584.598209381
601668,575,573600,212400,361200,2462868.0267333984
601988,575,2355400,434100,1921300,15519254.197216034
601919,792,143400,97000,46400,2354122.999382019
601166,792,59100,30900,28200,1057607.9710006714
600406,792,64600,15400,49200,1440687.9556655884
600036,793,190300,128500,61800,7726365.916061401
600809,794,17700,16800,900,2015329.035949707
601888,795,17900,2700,15200,934219.9966430664
601211,796,123900,12400,111500,2177046.9650268555
601166,796,27800,19000,8800,497531.98738098145
688041,797,38742,21976,16766,9804269.654922485
601857,798,527700,90900,436800,5645599.881267548
601628,798,23500,2800,20700,906188.0275726318
600930,798,96100,32200,63900,376073.00794124603
603501,576,94100,55200,38900,7747370.983886719
600760,577,98500,37800,60700,4372443.020629883
603993,857,88700,29500,59200,1569398.0541229248
601728,857,102500,25800,76700,626533.0072879791
603986,857,32300,19800,12500,12901600.927734375
600887,857,24400,15300,9100,656756.9997787476
601988,858,490100,128400,361700,3220486.0709667206
601012,858,81400,37300,44100,933649.0186691284
601919,860,193600,97100,96500,3163497.031211853
600276,860,66300,26300,40000,3024043.003845215
600050,861,260900,253600,7300,1090488.9570236206
600309,578,302000,93700,208300,21149821.029663086
601318,578,277200,116400,160800,15028592.963409424
688256,578,64841,37609,27232,72441929.5579834
601288,663,906900,757400,149500,6138218.019771576
603986,663,29200,17500,11700,11706706.909179688
603501,663,18500,8300,10200,1534297.0237731934
601012,664,113300,19600,93700,1300879.95262146
601628,665,26200,17000,9200,1010483.0295562744
600406,666,67500,49500,18000,1506627.980041504
601328,667,97600,6200,91400,732062.0014190674
600309,579,138800,49200,89600,9722418.070983887
600760,580,44900,16100,28800,1990817.0078277588
603993,844,167100,32100,135000,2956789.100456238
601919,847,184000,15000,169000,3006710.0315093994
600030,848,485000,471400,13600,12981750.183105469
601899,582,641167,276000,365167,20213428.084918976
600760,582,20800,8400,12400,922863.0046844482
603259,582,187398,88900,98498,31388181.366973877
600519,583,19024,12648,6376,23995424.19140625
600887,584,224000,111000,113000,6027017.947006226
601166,584,166161,67100,99061,2972667.1896591187
688111,584,39153,26186,12967,8931172.700820923
688256,584,16350,8420,7930,18264171.135253906
601688,658,145900,121700,24200,2678482.0835113525
601600,658,192100,146300,45800,1755336.055469513
600309,659,66600,22200,44400,4722238.043212891
600050,660,79900,38300,41600,334364.9950504303
688041,662,69872,52502,17370,17781998.629318237
601888,662,20900,5100,15800,1091975.004196167
688041,894,93233,44300,48933,23465262.261810303
601318,894,158997,77200,81797,8570823.394065857
601127,894,96899,45299,51600,4575864.806976318
601012,895,604900,127200,477700,6903180.9368133545
688008,586,1117561,763008,354553,256334765.7288971
601398,586,5325300,268900,5056400,42903973.589292526
601688,799,106800,36600,70200,1956637.968826294
601088,799,33100,23400,9700,1564507.9811096191
601166,799,25300,16600,8700,452529.9825668335
601988,800,146500,57600,88900,961616.0048007965
600183,801,66200,27900,38300,9530636.979675293
601688,802,60700,31700,29000,1111733.9748382568
601288,803,415700,263200,152500,2816921.052312851
600111,803,28500,22100,6400,1067215.9881591797
688008,804,57967,40177,17790,13028903.324493408
601601,804,44792,25200,19592,1420618.2850341797
600028,804,476900,32100,444800,2523121.9891548157
601988,804,141600,65100,76500,928131.0108661652
688981,804,22316,14160,8156,2715572.537338257
601728,677,52600,13300,39300,322044.99702453613
600183,678,109500,63392,46108,15760257.06590271
600036,679,61300,15800,45500,2494430.947494507
601728,680,69100,8400,60700,422975.99401474
600809,680,4700,3400,1300,535431.0050964355
601919,680,22200,4300,17900,364567.0026779175
688256,680,8429,6656,1773,9331037.37097168
601988,681,754700,93900,660800,4936676.992702484
601888,681,21700,5900,15800,1134936.9903564453
688111,589,34843,14366,20477,7915990.299072266
601318,868,139500,48300,91200,7520709.934234619
600900,868,137100,72500,64600,3851702.033805847
600760,868,40100,6700,33400,1768630.9844970703
600111,869,85200,8900,76300,3189976.9020080566
601988,871,209500,61400,148100,1379123.9980697632
601318,871,305000,147300,157700,16446570.92552185
601857,590,845600,428900,416700,9057010.034942627
600519,590,17832,10232,7600,22489234.745117188
688041,876,30662,13461,17201,7733681.6862335205
600900,877,391700,198900,192800,11002915.061187744
601658,878,245000,206300,38700,1307913.0285263062
600887,592,684700,537200,147500,18468911.782836914
601166,592,168800,126400,42400,3016456.0623168945
601318,592,255500,173100,82400,13863036.87210083
601288,783,908600,271300,637300,6159915.166425705
600030,783,64900,22200,42700,1738170.0479507446
600276,783,54800,16100,38700,2497787.990951538
601600,783,462710,211610,251100,4219950.147848129
601628,784,15500,5400,10100,598852.0050048828
600111,784,19800,11900,7900,741973.999786377
601658,785,95000,62700,32300,505077.0089149475
688012,786,48026,22511,25515,16791741.571746826
600028,786,138800,66500,72300,740469.0046310425
601857,787,192700,114300,78400,2063799.0069389343
601211,682,144000,51300,92700,2544657.0150375366
603993,595,1318900,533200,785700,23230704.859542847
600089,595,138400,34100,104300,2502612.9972457886
601668,596,3726700,3621200,105500,16172823.544502258
600030,596,795915,662215,133700,21337505.7291317
601398,682,139800,21500,118300,1127003.0430793762
600930,683,54400,38200,16200,213086.00430488586
601012,683,21900,9300,12600,251504.99210357666
603019,683,83900,7600,76300,7014421.928405762
600276,684,75100,54300,20800,3421907.0121765137
600150,685,92100,21500,70600,3587965.982055664
601728,685,76400,14300,62100,467710.9945297241
603259,686,48400,15100,33300,8107540.026855469
603986,686,28600,14600,14000,11417363.073730469
601211,686,40000,30000,10000,707100.0099182129
601318,687,105000,44600,60400,5691302.011871338
601328,688,113700,72300,41400,855747.0143795013
601127,688,9100,5700,3400,430739.00604248047
600887,893,201900,53200,148700,5438779.098510742
688256,893,18452,9955,8497,20363572.454223633
601728,893,205900,118200,87700,1257172.0074176788
600028,598,956800,877700,79100,5066007.067489624
601398,598,217800,186800,31000,1755158.0842971802
601288,598,2163000,584300,1578700,14748673.278856277
601601,599,146600,69900,76700,4661781.945800781
601211,599,266300,64800,201500,4702920.9608078
688008,599,349277,164565,184712,79636979.22338867
600406,600,113900,99900,14000,2536232.0447921753
601328,600,271200,222500,48700,2036558.0585479736
603019,600,349300,35900,313400,29346819.115447998
601601,838,73000,14000,59000,2314314.00642395
600760,838,168100,7900,160200,7420480.051422119
601899,839,421900,254300,167600,13262643.892007828
601728,839,402100,64100,338000,2460492.9748535156
600900,840,64400,29400,35000,1808193.991470337
601668,840,6982000,414900,6567100,29994385.685920715
601888,841,12500,6600,5900,652236.9853973389
601988,842,236200,145300,90900,1553287.004518509
600089,842,69800,47400,22400,1261936.993598938
601600,602,1963600,301100,1662500,18004462.10975647
688111,602,32307,7020,25287,7345165.127716064
601628,603,98600,78100,20500,3816584.9773406982
600050,603,101600,54700,46900,427266.9931411743
601857,604,324400,135700,188700,3485002.9474258423
688041,604,94245,66034,28211,24157809.428466797
600031,604,1381300,830400,550900,24576409.89933014
603259,605,177300,74306,102994,29844258.560272217
688012,605,60773,47148,13625,21193630.83847046
600887,606,426600,328600,98000,11558790.052604675
600030,606,146200,65800,80400,3918946.910095215
601857,607,665900,309800,356100,7141395.911979675
601899,607,254200,165700,88500,7983536.940956116
601628,607,80100,18600,61500,3091502.97164917
600050,608,444300,387900,56400,1865495.9292411804
601728,608,89400,67600,21800,548697.9934692383
603019,608,94500,34000,60500,7919868.022155762
600111,608,105200,65400,39800,3945200.0354766846
600406,788,41200,16900,24300,918928.9724349976
601600,788,377800,222700,155100,3445002.9445648193
688008,789,89250,60087,29163,20137071.870437622
603993,791,124900,64000,60900,2216977.0000457764
601658,791,1995000,1225900,769100,10613142.329406738
601899,791,288100,102000,186100,9083220.184707642
600150,791,145100,51600,93500,5624976.871871948
601728,609,132700,47500,85200,813926.003408432
600930,609,155100,33000,122100,609873.0100393295
603501,610,21500,6700,14800,1769181.9900512695
600089,610,108500,31800,76700,1965893.0265426636
600150,610,261900,95700,166200,10249347.10848999
601166,610,170000,30500,139500,3038053.116607666
600111,611,87400,45400,42000,3272062.9554748535
600030,612,242000,184300,57700,6487313.868331909
688256,612,82441,9985,72456,90965892.63891602
603993,612,154700,55800,98900,2728909.9056243896
601288,612,398500,339900,58600,2709214.0625953674
601288,833,188400,124800,63600,1284252.0177841187
601127,833,8300,4300,4000,393300.0011444092
601012,834,43400,37900,5500,498610.9888076782
601211,835,22900,13900,9000,403408.0171585083
601166,835,102700,56300,46400,1835182.0846557617
600930,837,2659800,90900,2568900,10400727.227425575
688256,837,16756,5603,11153,18514340.799316406
688981,837,45924,14723,31201,5589434.410163879
601688,614,84800,22800,62000,1562166.009902954
600031,614,447100,159800,287300,7976576.075363159
688111,614,14990,8941,6049,3408156.4690093994
601899,615,519400,70000,449400,16305370.751190186
601688,615,70800,11900,58900,1304130.0052642822
603993,615,1180000,204800,975200,20804774.067497253
688256,616,26057,7950,18107,28724140.166748047
601288,616,722600,339400,383200,4913964.126300812
688111,616,16410,11131,5279,3729691.6673431396
600760,616,16600,4500,12100,734234.003829956
601857,850,269100,133500,135600,2888421.9007492065
603259,850,32700,18400,14300,5489436.033630371
601600,851,303300,105300,198000,2770182.0588111877
601628,851,46700,21900,24800,1802596.9581604004
601127,851,36700,6000,30700,1734789.001083374
600111,618,88200,42600,45600,3299923.9292144775
600089,618,105400,16000,89400,1905733.994293213
601288,619,1445100,1086000,359100,9824910.235071182
601919,619,55600,32800,22800,908910.0177764893
601688,853,21200,12100,9100,388929.0060043335
600036,853,180500,133800,46700,7323720.142745972
600930,853,256600,51500,205100,1001255.0239801407
600309,854,172400,56500,115900,12345776.08795166
603986,854,31100,17400,13700,12416680.130004883
601628,854,22300,8900,13400,860423.025894165
601857,854,100600,68900,31700,1079140.9764289856
601398,854,213100,67000,146100,1722517.9990768433
688041,856,83360,44158,39202,21004675.38973999
601600,621,384900,325500,59400,3529407.0264816284
600760,621,33100,30796,2304,1468215.000152588
600887,622,129700,80800,48900,3505385.07976532
601658,623,73500,60700,12800,390892.0096874237
601166,816,50000,34300,15700,893343.0383682251
601728,818,268500,32400,236100,1640859.027814865
601601,819,98600,33800,64800,3120720.9630966187
601658,819,350901,313700,37201,1866421.3617215157
601166,821,301400,38800,262600,5383042.184829712
600111,625,114700,78600,36100,4294740.907287598
600309,626,156100,63000,93100,11139119.037628174
688256,627,12826,5867,6959,14227351.036621094
688008,627,81878,40462,41416,18489722.54119873
603259,627,68706,44106,24600,11602574.412780762
601166,627,181800,158400,23400,3255964.970588684
601398,628,1057600,76700,980900,8524279.410362244
601601,628,21688,5100,16588,690485.9219360352
600809,884,11800,7000,4800,1348248.00491333
601012,630,132200,112000,20200,1516132.0306777954
600150,632,142400,66700,75700,5571434.981918335
601600,632,149000,142200,6800,1367752.043914795
688256,632,15215,11291,3924,16903263.888916016
601288,633,727300,352500,374800,4927346.066808701
601628,633,19900,14500,5400,768569.0029144287
600406,634,42000,30800,11200,936099.0365982056
688981,635,57660,16648,41012,7001433.963027954
688008,636,61093,30344,30749,13816033.086853027
600031,636,99200,41200,58000,1764299.0798950195
600030,637,348200,43000,305200,9319109.108924866
688981,637,44709,21783,22926,5431141.449005127
601088,873,43500,27700,15800,2057749.0032196045
601328,638,69200,57200,12000,519572.013092041
601628,639,35500,25800,9700,1370372.9663848877
601688,640,262500,27800,234700,4822185.205078125
603501,641,14400,6700,7700,1191681.014251709
600900,641,165700,142000,23700,4645991.146278381
688256,642,24174,9927,14247,26858175.080932617
601600,805,220200,92700,127500,2008479.9806594849
600089,806,326741,304441,22300,5899097.845493317
600036,806,102100,66300,35800,4144924.9153137207
600111,807,25400,7000,18400,951722.0207214355
603501,807,12700,3200,9500,1050754.0145874023
688008,808,45353,19754,25599,10217640.8021698
600089,808,12800,3500,9300,231202.99396514893
688012,809,44958,10399,34559,15672295.93637085
600028,809,432300,24900,407400,2287115.9892082214
600183,643,63500,26300,37200,9148544.114685059
601166,643,56600,9700,46900,1012632.9668045044
600887,644,106100,70100,36000,2861057.947731018
600031,644,83900,33300,50600,1487879.969215393
601398,645,403700,298300,105400,3248731.052875519
600028,646,827480,391400,436080,4410479.346895218
600030,646,85000,22900,62100,2274829.02469635
600111,646,116600,18900,97700,4366161.999130249
601127,646,76200,12400,63800,3619426.0246276855
600406,822,78300,55200,23100,1750380.0384521484
688041,822,72657,41762,30895,18309400.77140808
601012,822,264300,118000,146300,3023814.894580841
600031,822,142300,76100,66200,2516625.0608444214
603993,823,160600,29900,130700,2839707.0558547974
600809,823,18400,6100,12300,2105292.0196533203
601688,824,67000,24400,42600,1227013.9698028564
601668,824,252500,78000,174500,1084005.0082206726
601888,825,14000,3900,10100,730391.9914245605
601328,826,100100,57200,42900,753324.011182785
600031,826,412100,170800,241300,7279759.984588623
601888,826,17900,13800,4100,933848.9768981934
600930,826,217300,136000,81300,851003.0173540115
600036,647,47300,9700,37600,1928236.9762420654
600183,647,73800,52600,21200,10639614.663696289
688008,647,53405,29208,24197,12034334.51234436
600030,649,192900,65800,127100,5160782.016181946
600089,649,52700,15200,37500,951913.9753341675
600028,649,120800,68800,52000,643344.0036773682
601288,650,1379200,516200,863000,9331333.118772507
600028,650,184800,107700,77100,984213.0050182343
601668,650,116700,106800,9900,505211.9935512543
688008,887,76689,41287,35402,17112765.08631897
600031,888,2489065,177300,2311765,43570745.77713013
600887,888,82706,23500,59206,2228258.6878089905
601166,815,35900,23600,12300,641410.0273132324
601728,660,123700,50100,73600,757280.9913158417
601919,570,2360500,812200,1548300,38788260.83488464
600276,653,109303,64703,44600,4986426.829250336
600030,654,83600,65800,17800,2238630.053329468
600030,655,202000,25300,176700,5406711.0734939575
600036,655,54300,22000,32300,2210058.009338379
600276,811,93400,59800,33600,4250225.958633423
601127,812,14600,4900,9700,693055.0052642822
600183,813,153200,102400,50800,22010981.716918945
601688,813,59300,23100,36200,1086606.9871902466
688111,814,26172,3169,23003,5934773.932556152
603993,814,169600,32400,137200,2998852.059173584
601988,814,181000,75300,105700,1189923.0123996735
601088,815,28200,22700,5500,1335383.988571167
600276,815,139100,80400,58700,6319698.002243042
601012,815,42300,33000,9300,484241.9898033142
600028,571,3253700,1869300,1384400,17319925.267601013
600031,571,400600,202000,198600,7091695.00541687
603259,689,44700,26200,18500,7479772.023010254
601088,780,105700,41100,64600,4991192.999267578
601668,780,716600,146200,570400,3090007.9924583435
600760,780,54800,30200,24600,2430244.0048217773
600150,781,807500,101600,705900,31336469.720077515
603986,781,32300,17300,15000,12905637.921142578
600050,890,251300,67900,183400,1048600.002336502
603986,890,97400,41160,56240,38805506.80419922
601688,891,111500,40300,71200,2046428.0517578125
603501,892,42000,23800,18200,3475096.9932556152
603993,572,2949800,1494100,1455700,52981764.828681946
600031,572,328800,220200,108600,5823861.806297302
601012,829,469600,438900,30700,5389875.947189331
600406,830,146900,97200,49700,3291531.9662094116
600150,831,161200,93400,67800,6251388.9724731445
601899,831,254100,159600,94500,7972920.015144348
601919,832,74400,26300,48100,1217976.0301589966
688256,573,62311,36971,25340,69016174.24902344
601628,574,225300,78700,146600,8684726.97982788
601600,574,1112200,342700,769500,10356686.007213593
603501,668,32900,8200,24700,2725090.9774780273
601012,668,729027,647427,81600,8382312.465713501
600900,669,1033800,945600,88200,28962512.368774414
600028,669,190100,54500,135600,1011877.0191192627
601328,670,78900,48900,30000,592239.0111923218
688012,671,33505,21519,11986,11693745.967926025
688256,671,29424,8089,21335,32474451.384277344
601398,672,174700,128000,46700,1407907.0528030396
600028,672,134700,35600,99100,716960.014295578
601888,673,10800,3800,7000,564683.9996337891
600150,673,126378,76856,49522,4931290.474327087
601728,673,61900,13000,48900,378957.99589157104
603993,674,278500,263700,14800,4911926.811408997
601012,862,44000,29700,14300,504537.0084762573
601988,862,243700,69800,173900,1601807.024526596
601988,863,1029400,51600,977800,6763674.163913727
601211,864,85124,64624,20500,1502886.8177871704
600050,865,80500,74700,5800,336431.9876194
601088,865,49700,21900,27800,2351184.014892578
601899,879,635100,200100,435000,19931161.54537201
601688,880,153700,57800,95900,2819961.0486984253
601211,880,100700,55400,45300,1778034.3771362305
601919,880,186100,70100,116000,3043382.085800171
600406,882,261100,217500,43600,5843562.860488892
601888,882,36500,19500,17000,1905418.9949035645
688012,882,21607,9990,11617,7526594.025756836
601668,883,380000,229900,150100,1628699.0227222443
603986,575,299859,163900,135959,121007771.70986938
600028,575,1934100,863600,1070500,10257689.219665527
601601,575,504100,173000,331100,16053152.036857605
600183,575,476800,295799,181001,68688898.57836914
688256,575,40621,20516,20105,45068514.6998291
603501,792,30200,6200,24000,2501528.0029296875
601688,793,246200,7000,239200,4512854.981422424
688111,793,1020,400,620,231548.19854736328
600930,795,191900,150000,41900,751829.0150403976
601988,795,157900,83600,74300,1038239.0063762665
603986,796,42700,20000,22700,17052324.795532227
688008,796,53232,13701,39531,11973551.31149292
600031,796,285800,245500,40300,5054473.122215271
600519,798,6800,4100,2700,8522919.04296875
600900,576,832400,566400,266000,23347052.919387817
601658,576,1663900,1113700,550200,8832529.979133606
601328,576,1932000,220100,1711900,14492201.050376892
601600,576,757500,264665,492835,7020595.252990723
600036,577,260600,161400,99200,10634435.945892334
688256,577,74555,42425,32130,83085878.59069824
601166,857,105000,72700,32300,1878126.9285202026
600089,857,63900,33100,30800,1155665.0032043457
601318,860,125000,48800,76200,6740867.933654785
601601,860,67500,53800,13700,2134921.9636917114
600276,861,60100,14200,45900,2740701.9386291504
603501,578,58600,25800,32800,4828982.024383545
601398,578,2004800,819500,1185300,16215963.240242004
688981,578,147789,70079,77710,17975440.720848083
601888,663,38677,20177,18500,2020563.7273292542
688012,663,11029,8475,2554,3862840.0178222656
601919,663,108900,95200,13700,1788491.0163879395
601601,663,38200,26600,11600,1215072.9780197144
601211,663,78400,23700,54700,1385565.0114059448
600930,664,139700,67500,72200,546902.011346817
601888,666,28800,15600,13200,1505835.996246338
600930,666,214800,55900,158900,840427.017903328
601166,579,464900,264900,200000,8329547.002029419
601318,579,449800,205000,244800,24407383.891296387
601328,579,1651300,396300,1255000,12421275.054645538
601658,579,518100,288700,229400,2759179.017353058
600111,579,185000,92000,93000,6963575.045776367
601601,580,246500,119900,126600,7850595.083808899
600760,843,56480,9100,47380,2492621.639404297
601857,843,737400,280100,457300,7907436.044311523
601166,843,38000,26000,12000,678940.0291442871
601211,845,101900,43600,58300,1794927.0706176758
600519,847,3500,1500,2000,4387867.004394531
600150,848,161300,50200,111100,6243952.000427246
600276,581,441940,294014,147926,20230450.904403687
601988,581,1440900,687500,753400,9521825.115203857
601211,582,342925,176400,166525,6059942.786645889
603993,583,1498492,484716,1013776,26603568.04210663
601658,583,275616,166800,108816,1465188.9824066162
601088,584,108400,47800,60600,5160017.037963867
601012,659,171440,58900,112540,1970340.572090149
600183,659,76700,23800,52900,11070920.040893555
600406,659,35700,15600,20100,796265.9763336182
600519,660,18600,3400,15200,23319523.974609375
688008,660,60455,24423,36032,13650083.560302734
600111,660,66000,4200,61800,2473307.975769043
603259,661,90300,28200,62100,15127939.036560059
600809,661,15200,9400,5800,1729516.9898986816
601988,661,342500,143000,199500,2234530.0261974335
600031,661,62500,43500,19000,1106060.043334961
600900,662,149500,120300,29200,4185707.9933166504
601688,895,416400,257564,158836,7643332.053588867
688012,585,78467,35095,43372,27650934.935302734
688981,585,139900,49124,90776,17031236.57649994
601127,799,63000,11904,51096,2979910.987472534
600760,801,9600,600,9000,424669.00062561035
688111,802,4557,1306,3251,1034041.284576416
601012,802,229098,218398,10700,2623978.0747509003
603501,802,24400,13900,10500,2021516.990661621
688008,803,55697,22736,32961,12517384.350631714
601318,804,555162,103100,452062,29973677.149246216
601211,804,138000,90200,47800,2422062.8984451294
601288,804,293600,219100,74500,1989863.0445480347
601899,587,550000,225400,324600,17305403.853225708
601668,587,5915028,4527456,1387572,25493632.3656559
601288,587,5505800,551000,4954800,37548138.823890686
600030,587,601025,120300,480725,16080744.326114655
600031,677,81900,56600,25300,1452082.9624176025
600028,676,386900,205700,181200,2056496.024942398
688012,676,21112,8303,12809,7360892.669281006
600183,677,104500,50200,54300,15025179.040527344
600760,677,37500,27900,9600,1661616.987991333
601088,678,40900,21100,19800,1930305.9970855713
688008,679,36475,15001,21474,8201184.958618164
601988,680,96300,70100,26200,630503.0123710632
600036,681,595900,579000,16900,24255024.430847168
688041,681,103525,50229,53296,26184437.719696045
601601,681,51300,31600,19700,1632463.9865875244
601601,588,375000,67368,307632,11912798.589881897
601668,589,8550300,8262800,287500,36938337.423181534
600089,589,233600,64800,168800,4226150.043106079
600111,589,465200,59800,405400,17448267.74673462
601728,589,131800,75400,56400,808687.9963874817
601127,589,138500,77200,61300,6650523.012161255
600887,869,145100,87800,57300,3910541.058921814
600887,870,195200,121400,73800,5261547.911205292
600028,870,406600,130300,276300,2152217.014312744
601211,871,81020,40640,40380,1430902.1896743774
603501,871,12950,4950,8000,1072495.4963684082
603259,590,250600,157900,92700,42148052.18811035
603993,590,406000,123400,282600,7194180.718040466
600183,591,322200,161500,160700,46528361.01074219
601899,875,169100,105700,63400,5310368.949890137
688256,875,9860,5252,4608,10876927.692382812
601398,876,342600,247700,94900,2774111.108970642
603019,876,64400,18800,45600,5386015.913391113
600809,877,29800,9800,20000,3405083.0238342285
600036,877,157300,81600,75700,6386783.850479126
688008,593,299521,140892,158629,68330304.97367859
600900,593,367800,257000,110800,10321364.827728271
688256,593,40283,9175,31108,44812708.3203125
600760,593,14800,9300,5500,655447.0012664795
601919,594,171000,68700,102300,2799748.061943054
603986,594,269200,147700,121500,108602461.7553711
600028,782,306100,17300,288800,1631685.980606079
600031,782,35600,23700,11900,631068.9809799194
601127,783,16600,9800,6800,786893.0065155029
600089,784,53500,16700,36800,966911.9874954224
603259,786,82183,41200,40983,13746454.575759888
603986,786,47027,24400,22627,18837672.54510498
600760,786,9700,4000,5700,429521.0021972656
601601,787,30400,19000,11400,967431.9931030273
603019,787,16900,5000,11900,1416016.0125732422
601127,787,31502,23100,8402,1490950.6840057373
601328,787,54700,49600,5100,411293.00022125244
600031,787,111100,93400,17700,1967446.9207763672
603993,682,109700,52300,57400,1932618.0759429932
601318,595,190600,105800,84800,10340847.01538086
688256,595,31044,18260,12784,34470182.13305664
688111,595,14044,7965,6079,3191741.6755371094
601288,596,1726800,272200,1454600,11791023.961400986
688041,596,155207,111673,43534,39942547.37310791
600887,684,82600,14200,68400,2226627.981185913
600036,684,68400,26000,42400,2787065.037918091
601728,684,69200,9200,60000,423577.99377441406
600406,685,43800,22000,21800,977397.9816436768
601318,685,62700,17500,45200,3398658.9881896973
601088,685,33700,12700,21000,1591418.0088043213
601166,686,86900,74200,12700,1556758.995437622
601899,686,176700,69400,107300,5561292.891120911
601988,687,333600,318500,15100,2188264.9846553802
600111,687,39900,29000,10900,1492948.945236206
600900,688,249100,196900,52200,6986262.959289551
601628,688,12300,7000,5300,475901.00173950195
600276,597,441100,172900,268200,20259958.840179443
601127,598,177400,69900,107500,8494890.033340454
603019,598,91500,41200,50300,7694049.912261963
601888,598,68500,28870,39630,3598465.9816741943
688012,598,94676,49895,44781,33169646.254882812
601628,598,55500,21500,34000,2146319.0063476562
601857,599,243400,96000,147400,2606117.9933547974
603986,600,194791,82020,112771,78419482.17199707
601988,601,294000,227900,66100,1927978.9995670319
601899,601,453300,278100,175200,14253853.22303772
603259,601,186100,94000,92100,31354531.240844727
601919,838,226000,116900,109100,3694384.0698242188
601857,838,305500,80900,224600,3281572.9415893555
600519,838,5400,3100,2300,6766758.898925781
688981,838,17132,7810,9322,2085013.920967102
601211,839,156800,87600,69200,2763691.9845581055
601919,840,162900,50800,112100,2662942.0513153076
601899,840,288100,161443,126657,9055251.094055176
601288,840,532700,152000,380700,3626861.9901180267
600036,840,151100,64000,87100,6135161.927032471
603986,841,74700,23000,51700,29798281.970214844
601166,841,123800,92100,31700,2212070.0984954834
601166,842,171500,122000,49500,3064669.104576111
603993,602,1376400,648600,727800,24296745.55015564
601211,603,191086,83986,107100,3377501.89774704
601601,603,105900,53500,52400,3377828.950881958
601658,604,616300,391600,224700,3271438.992357254
600036,607,114500,31800,82700,4662114.008331299
600406,607,212400,104400,108000,4740874.9376297
601398,607,2603700,321700,2282000,20956471.420764923
601127,607,52000,19200,32800,2481768.999862671
601318,608,1113900,593000,520900,60233726.2714386
601919,608,237400,91300,146100,3877158.99143219
688008,788,61836,33566,28270,13941216.843200684
601166,788,159700,74700,85000,2857464.912414551
600183,791,62400,20400,42000,8993153.044128418
601600,609,410000,363000,47000,3764539.034843445
601088,609,80600,33400,47200,3828398.9891052246
688111,610,17372,8979,8393,3939662.4713745117
601988,611,4061400,2624300,1437100,26473635.2101326
688981,611,103613,35171,68442,12558356.087158203
600900,612,111400,63400,48000,3125403.9295196533
603986,612,134301,37200,97101,53685980.03930664
601888,612,96200,24600,71600,5069948.958206177
601600,613,125000,80400,44600,1148216.9861793518
601888,613,97900,38100,59800,5160848.03276062
600030,834,70700,43500,27200,1889671.9644546509
600519,834,3900,1600,2300,4886275.085449219
600050,834,115500,100100,15400,483791.00308418274
601012,836,71700,18100,53600,823230.9708595276
600036,837,122300,63900,58400,4967474.996566772
601857,614,388100,254100,134000,4179041.146469116
600900,615,237300,186700,50600,6657733.863067627
600031,615,271100,46300,224800,4831089.919281006
688111,850,16224,6084,10140,3681262.495162964
601012,851,52000,27100,24900,596191.0081863403
601288,851,293300,155100,138200,1998924.0187168121
601601,851,218000,103700,114300,6890664.125823975
600519,851,4200,1800,2400,5263083.020019531
601088,851,20900,8800,12100,988428.007888794
600050,852,176200,99400,76800,737509.9925041199
601728,852,130100,20800,109300,795119.0122127533
601988,619,3364000,2814200,549800,22047764.26448822
600309,620,260400,109200,151200,18547861.17248535
601600,853,476000,145100,330900,4346218.062210083
600900,853,102300,82200,20100,2872382.9875946045
600031,854,383900,247100,136800,6728446.23336792
601600,854,221800,167100,54700,2026705.0636291504
688981,855,59986,20958,39028,7306898.242218018
601318,855,130300,93300,37000,7023308.11920166
600150,621,231700,106900,124800,9099985.833740234
601012,621,195700,165400,30300,2244383.0454826355
600030,621,93500,76300,17200,2505627.95753479
600031,621,205300,161200,44100,3653172.019958496
688012,621,19119,9773,9346,6691959.933074951
601127,622,43100,14800,28300,2051406.9847106934
601899,622,315700,255600,60100,9914618.91708374
600050,622,34700,27800,6900,145670.99509239197
603986,623,89200,35800,53400,35615408.880615234
601012,623,511740,65700,446040,5870174.899177551
688111,623,10631,5007,5624,2417910.6038513184
600309,816,55000,18300,36700,3900939.1067504883
601166,818,44800,29400,15400,800422.034072876
601328,818,86300,73000,13300,648843.0016517639
601211,819,91400,59200,32200,1605784.9695205688
601211,626,192300,162100,30200,3401202.0893096924
601288,627,911800,277600,634200,6193898.028755188
601601,627,30812,15300,15512,981089.0855026245
603501,628,15400,7800,7600,1269677.9899597168
688981,628,24560,11937,12623,2983138.03200531
601601,884,75900,47600,28300,2403469.9993133545
601628,884,138600,54300,84300,5352687.926483154
688012,884,62870,17687,45183,21877654.471435547
688111,885,13324,5268,8056,3023458.101547241
601166,886,97700,76400,21300,1748616.9578552246
601728,886,167100,81200,85900,1021793.0021762848
600111,629,40000,15400,24600,1499158.0108642578
601688,629,372200,29000,343200,6837330.263900757
688256,630,8422,3676,4746,9347149.961791992
601668,632,537800,500100,37700,2328296.968317032
600089,632,57800,35400,22400,1044799.9904632568
601398,632,1209400,347900,861500,9737184.265327454
601318,632,107900,56400,51500,5838560.964584351
600309,633,145200,40300,104900,10346446.9581604
600887,633,306600,159400,147200,8279787.036323547
601728,633,62000,19200,42800,379631.99729919434
603019,633,69500,24500,45000,5839216.948699951
688012,634,50010,35221,14789,17564128.511749268
600150,634,286000,149400,136600,11170817.155456543
603019,635,35600,15300,20300,2988353.002166748
688012,635,44815,13803,31012,15740393.482330322
601166,636,225400,29700,195700,4037112.970161438
600028,636,2206500,558500,1648000,11756943.97649765
601288,872,362400,201000,161400,2473578.012371063
603259,872,44100,21500,22600,7404835.877990723
600031,873,653800,194500,459300,11454602.299880981
600276,874,164400,59069,105331,7488276.278236389
601857,639,117700,68300,49400,1262426.9819259644
601012,638,52200,39700,12500,599652.9851913452
600031,639,131600,62300,69300,2335820.9981918335
601600,640,728500,130600,597900,6669475.806808472
688008,640,60235,31471,28764,13640571.556213379
601658,641,67700,28200,39500,359092.00592041016
601318,641,81200,47800,33400,4395724.015426636
601628,642,15100,8000,7100,583030.9959411621
603986,642,77474,46374,31100,31042412.192382812
600030,805,179400,38700,140700,4787387.077522278
601628,806,21800,13200,8600,840406.9980621338
600030,807,94200,50800,43400,2514706.061935425
600031,807,98200,60900,37300,1736785.0439071655
601668,807,9698574,173600,9524974,41686120.64356613
600760,807,21500,8000,13500,951013.0031585693
600887,807,77400,22100,55300,2083692.0078277588
600028,808,117300,25000,92300,620767.001247406
600519,824,4500,2700,1800,5637155.9814453125
603986,643,38400,14800,23600,15366224.911499023
603501,643,45200,22900,22300,3741935.047149658
603019,643,26200,10700,15500,2197582.9933166504
601012,644,160800,17200,143600,1847763.9671325684
688012,645,24339,15661,8678,8526663.321624756
601688,646,142700,34200,108500,2621296.109390259
601328,646,85400,23300,62100,640733.0053329468
601318,823,109700,77300,32400,5913373.031616211
601211,823,100500,88800,11700,1765938.9728546143
600183,825,44000,20800,23200,6304002.934265137
601088,825,36800,18500,18300,1740663.0023956299
600030,826,111045,40800,70245,2965309.5162391663
601127,826,15800,13200,2600,748297.9946136475
603501,647,9200,7800,1400,759717.9893493652
688256,648,19881,4301,15580,22053321.006103516
688981,648,22699,11162,11537,2752548.377761841
601088,650,45800,15900,29900,2162839.0186309814
601888,650,17100,10400,6700,895131.9869995117
601328,651,155600,150200,5400,1166990.9997940063
600089,651,58500,23400,35100,1057323.9873886108
601318,888,188000,55900,132100,10138334.895324707
600111,888,211400,42500,168900,7911163.74168396
601012,846,83000,64300,18700,951823.0178833008
603019,849,38500,22600,15900,3223177.0378112793
603993,821,342100,224700,117400,6045905.048942566
601211,570,1471210,483700,987510,25981324.491218567
601668,653,155400,137400,18000,672701.9926071167
600089,654,58100,23900,34200,1050109.9878311157
600111,654,37300,13600,23700,1398014.9955749512
603501,654,20200,11300,8900,1673479.0046691895
601628,655,21600,12800,8800,833099.0097045898
688111,656,11809,8506,3303,2687823.275604248
601600,657,1684600,123500,1561100,15386228.312015533
600031,657,276800,51500,225300,4902806.788444519
601012,811,71700,14000,57700,821104.989528656
603259,811,51600,17600,34000,8647333.024597168
688041,812,112791,24375,88416,28512616.97972107
600887,812,124900,73100,51800,3365256.0766220093
601127,813,14100,1500,12600,668537.9974365234
601600,814,311800,174600,137200,2845362.0042800903
601688,815,40800,16900,23900,747216.9820785522
601728,815,111500,36000,75500,681625.0059604645
601668,815,58000,36300,21700,249183.00609588623
600930,571,512900,232000,280900,2018017.0320272446
600760,571,75720,24200,51520,3372502.374725342
601658,571,2476300,1163500,1312800,13224494.280195236
601601,571,392100,128300,263800,12536794.902801514
600183,689,71300,35800,35500,10243107.971191406
600406,689,64600,38900,25700,1441291.967010498
601888,780,151323,5300,146023,7902607.288219452
601919,780,552350,370280,182070,9068411.415233612
600089,780,202000,100300,101700,3650262.941169739
600150,889,470509,270195,200314,18148406.410259247
688008,889,189717,81760,107957,42315539.1174469
688981,889,134898,71821,63077,16369367.394348145
600887,889,89000,39818,49182,2397860.0521087646
601668,890,237500,62000,175500,1017120.034456253
601899,891,731199,218302,512897,22938598.984308243
601988,891,1026900,587601,439299,6766198.121976852
603501,891,58300,32700,25600,4822953.006744385
603259,572,412300,211900,200400,69482582.34710693
601398,827,217000,102000,115000,1754380.0067901611
600406,827,1241956,1161656,80300,27819176.449562073
600276,827,65700,35700,30000,2988147.0252990723
601888,828,21200,11700,9500,1106242.9935455322
688012,829,24536,14496,10040,8561674.329223633
603259,829,34239,19922,14317,5749732.367202759
601211,830,62200,34000,28200,1094952.0290374756
601012,830,158888,94200,64688,1824976.1888275146
688256,830,8529,4769,3760,9438927.840332031
603019,830,27200,15800,11400,2275870.9915161133
688012,831,23038,11899,11139,8039895.010894775
688981,831,37639,20922,16717,4583391.202857971
600887,832,64500,36600,27900,1739110.9558105469
601728,573,406200,333800,72400,2481170.0379371643
603501,573,168500,62100,106400,13883055.074310303
603019,573,279200,93000,186200,23504482.95135498
600089,574,216500,103300,113200,3928016.8840408325
601728,574,518300,358200,160100,3168964.992046356
601012,574,1017000,696500,320500,11619395.142936707
600887,668,41800,34300,7500,1126469.0296173096
601328,668,342300,86300,256000,2567447.004508972
603259,669,67300,18300,49000,11275642.993164062
601688,669,24100,10200,13900,442471.01459503174
601658,670,632500,510500,122000,3358571.9687461853
603986,671,79100,17400,61700,31563288.830566406
600276,671,201500,15400,186100,9175573.9818573
688041,671,103776,51979,51797,26246905.822494507
601601,671,78000,31500,46500,2484361.031150818
600030,672,125800,22900,102900,3369083.090019226
601988,672,411200,381100,30100,2693059.0715408325
600276,673,163100,45900,117200,7420739.047241211
601688,673,40700,31000,9700,747562.0319366455
688012,674,19055,9004,10051,6649135.030334473
600183,675,96200,27900,68300,13832550.036621094
688012,675,31716,8001,23715,11058242.821868896
688981,862,28962,12654,16308,3524437.2256469727
600276,864,123300,43720,79580,5623108.72756958
601288,865,591200,179700,411500,4033781.0569286346
600183,866,87300,29600,57700,12530949.133300781
600760,866,18900,11000,7900,833788.9930725098
600900,867,174300,63700,110600,4896375.033187866
601600,867,232800,68700,164100,2125359.0242385864
600930,867,177800,93000,84800,694350.0160694122
600760,867,12500,10200,2300,551476.9905090332
601318,879,107000,52500,54500,5769976.918411255
600900,879,131100,61000,70100,3683209.0339660645
688256,879,30029,9641,20388,33091712.505981445
600406,879,63300,40400,22900,1415945.040512085
601012,880,167400,35600,131800,1915411.937904358
688256,881,54496,15965,38531,60048298.83178711
601988,881,170600,62600,108000,1123174.0013122559
601728,881,203400,130200,73200,1242808.022403717
601328,882,482300,179500,302800,3637388.0140781403
601658,882,186600,146400,40200,996042.0192718506
601088,575,127907,73407,54500,6089514.22454071
600887,575,217800,103200,114600,5834510.136222839
601628,575,318100,80900,237200,12232707.776641846
600930,792,253800,118600,135200,993544.020652771
600519,792,4900,2200,2700,6135945.080566406
601318,794,38100,12900,25200,2060117.0043945312
601857,794,103400,85200,18200,1107231.9997787476
601988,794,364900,282800,82100,2399392.013025284
688981,794,29448,9442,20006,3574143.3793792725
601211,795,293295,28900,264395,5153345.063972473
601688,796,67200,33900,33300,1231645.991897583
600309,796,52700,39000,13700,3727779.0420532227
601688,797,118400,99400,19000,2170081.986618042
600036,797,85800,37100,48700,3488842.9553985596
600887,798,111200,72000,39200,2996907.0642471313
601288,576,7099100,2522600,4576500,48573201.33256912
600030,576,418300,218100,200200,11263983.108520508
601899,576,1271100,811603,459497,40276423.47482872
603259,577,268100,138300,129800,44980637.773132324
600760,857,6900,3800,3100,304624.0051269531
600406,857,134400,109400,25000,3010309.943008423
600050,858,186000,172200,13800,777341.9714927673
601600,859,123400,90200,33200,1127544.0347671509
688981,859,44438,35328,9110,5412877.522659302
600030,860,59600,40900,18700,1597688.9638900757
600183,861,67300,31694,35606,9665297.038009644
601628,861,54300,19700,34600,2095505.9967041016
601728,861,436700,61200,375500,2667049.0201950073
688041,861,48292,14842,33450,12167921.267837524
688012,664,16210,700,15510,5672912.626281738
603019,664,29415,7900,21515,2465965.262031555
688256,664,20157,3907,16250,22298849.706176758
601919,665,140130,31000,109130,2302645.949859619
601288,665,343600,283400,60200,2329006.0583114624
600809,667,5500,2900,2600,626544.0017700195
600036,667,152800,91300,61500,6219357.07321167
601628,844,39800,16400,23400,1534892.029953003
601012,579,356900,143200,213700,4090635.0264549255
600050,579,878300,268400,609900,3680870.0305461884
601088,843,28200,8700,19500,1333589.00680542
601328,843,124800,117900,6900,939675.0246047974
688111,843,3439,1689,1750,780185.5995483398
603501,843,34800,13000,21800,2884257.9833984375
601857,845,145500,107000,38500,1561808.9524269104
600089,845,66900,25800,41100,1208744.976425171
603019,845,16300,6600,9700,1363344.9928283691
603993,846,212600,179300,33300,3763709.0377807617
600930,847,387300,325600,61700,1513726.0338306427
688008,847,57083,24966,32117,12770904.527557373
600036,847,87200,38300,48900,3541075.0061035156
601988,847,1482400,344400,1138000,9752275.939321518
600406,847,54420,27100,27320,1218734.7729873657
600036,848,106100,44700,61400,4308538.965606689
601857,848,384200,222700,161500,4124466.8703079224
600809,848,12400,5400,7000,1419669.0116882324
601919,581,717600,206800,510800,11703329.600143433
600111,581,316300,37300,279000,11895199.997711182
688008,582,299042,152584,146458,68085744.11242676
600089,582,167700,47500,120200,3039199.061012268
600030,582,483964,121200,362764,12983405.75221634
600111,583,172400,54300,118100,6472570.963668823
600183,658,76600,26200,50400,11058139.016723633
601728,658,217400,66000,151400,1330306.9796562195
601888,658,38400,4900,33500,2008601.029586792
601398,659,415000,356600,58400,3340166.065788269
601899,659,135300,46500,88800,4247531.928062439
688111,659,6987,3446,3541,1588873.7335357666
601728,659,116500,35200,81300,713075.9904384613
601088,659,17500,7700,9800,826230.0022125244
688041,660,18414,8973,9441,4691448.274810791
600309,660,42100,19700,22400,2984057.9498291016
601211,660,273800,126500,147300,4839470.053482056
688981,661,56314,47610,8704,6855736.183395386
600519,661,7000,2600,4400,8772237.647705078
601857,661,71700,53100,18600,768438.0148887634
601012,661,122051,11200,110851,1401257.4266929626
688008,662,68268,37336,30932,15416672.572753906
600930,662,179800,42800,137000,703446.0150241852
601988,894,408500,193700,214800,2689867.013168335
601166,895,279000,137400,141600,4989929.798126221
600111,895,230434,154400,76034,8621803.69582367
601857,895,237600,76600,161000,2545253.021812439
601919,585,262400,131800,130600,4279660.857963562
603993,585,1497600,590700,906900,26535816.981124878
601211,585,155300,66300,89000,2742421.9722747803
688981,586,147238,94840,52398,17964549.397094727
688256,586,32394,15460,16934,36219854.68786621
603019,799,32300,15900,16400,2703061.0069274902
600031,801,232600,123900,108700,4113252.091217041
603019,801,53908,24600,29308,4508985.194274902
688012,802,12858,5041,7817,4483608.5908203125
600030,803,109400,74200,35200,2918738.0321502686
600036,803,75500,37800,37700,3065943.9712524414
601088,803,23300,16300,7000,1101242.9973602295
603986,804,23204,10600,12604,9271620.439453125
600900,587,934200,409300,524900,26178898.352622986
601628,678,30600,17900,12700,1183816.9689178467
600111,679,38400,32800,5600,1437681.9541931152
688256,679,9419,4121,5298,10424543.888183594
601628,680,30700,22300,8400,1187719.9661254883
600276,680,107100,60100,47000,4883921.03767395
600031,680,100100,29700,70400,1772896.915435791
601012,681,20100,20100,0,230948.9953994751
600760,681,24400,16700,7700,1081302.0038604736
601600,588,1196400,274600,921800,10994429.56418991
600183,588,945642,648142,297500,137282750.0875244
600887,589,288600,122700,165900,7770919.06337738
603019,589,151700,85500,66200,12792788.137817383
688256,589,38349,17042,21307,42803656.50048828
601988,869,234200,61600,172600,1539310.0249290466
603259,870,67100,38400,28700,11272705.992126465
601988,870,1437400,1133700,303700,9457142.922019958
601628,870,54400,30800,23600,2097794.0258026123
603019,870,62777,15000,47777,5254608.74559021
601398,871,455000,89300,365700,3681843.089866638
688256,871,37131,13395,23736,40955884.57763672
603986,871,38600,16200,22400,15390086.032104492
688008,590,425684,245805,179879,97481894.71569824
601328,590,908800,743600,165200,6807315.814495087
600028,591,1174300,205800,968500,6200606.195354462
600519,875,10000,5400,4600,12518698.120117188
600036,875,184100,96100,88000,7474991.917419434
688012,875,38543,17108,21435,13442284.629760742
600030,876,114000,69500,44500,3055587.9247665405
603986,592,375000,190368,184632,152369422.81204224
601211,592,176300,149700,26600,3113294.969367981
600309,592,271900,70010,201890,18978101.11541748
600276,593,1192100,564300,627800,54894525.45051575
600809,593,35100,17000,18100,4012393.0671691895
601398,594,578000,416900,161100,4657069.205665588
601127,594,166100,72800,93300,7985753.952789307
688981,594,292598,130882,161716,35664372.20555878
600900,783,364200,131300,232900,10214062.014579773
601211,783,48900,21300,27600,864073.0039596558
601857,784,488200,70000,418200,5233156.09664917
601857,785,296400,271500,24900,3178198.007297516
600900,785,153300,125200,28100,4300078.890800476
600887,786,290600,148900,141700,7846522.007369995
600276,786,60100,22300,37800,2736523.998641968
688981,786,61612,44509,17103,7502581.867866516
603259,787,44100,26500,17600,7384439.050292969
601012,787,131400,52800,78600,1506372.0170974731
600150,787,91600,52400,39200,3553732.9887390137
600309,595,96600,63200,33400,6756845.012664795
600183,596,227400,116500,110900,32655115.954589844
688008,682,26273,9685,16588,5903281.23387146
600183,683,98450,37400,61050,14146061.894226074
601888,683,27100,4900,22200,1417547.0169067383
688008,684,45633,20892,24741,10249390.735427856
601888,686,5600,4700,900,292815.0032043457
601628,893,105600,58400,47200,4071129.027938843
601288,597,2546800,589900,1956900,17368063.382291794
601328,597,165500,58600,106900,1243491.023349762
601888,599,50800,26500,24300,2667597.978210449
601628,599,57600,23600,34000,2224694.9962615967
601318,600,144900,79700,65200,7855301.028060913
600111,600,279300,53200,226100,10462304.958724976
601166,600,206300,140400,65900,3695180.976486206
603501,600,40200,13000,27200,3313531.0134887695
600406,601,166900,125100,41800,3717737.0964050293
601601,601,59700,39600,20100,1900783.0076217651
601728,601,84500,55800,28700,519388.0014896393
601328,601,515300,300000,215300,3871514.0779972076
600760,601,22600,16200,6400,1001820.0294494629
601628,839,31900,21300,10600,1231158.981704712
601012,839,39300,25600,13700,451026.9919395447
603501,840,13300,4500,8800,1100663.0165100098
601919,841,205700,59200,146500,3361090.0302886963
600031,841,299000,85400,213600,5260173.063087463
601600,841,414200,244700,169500,3780707.025909424
603986,842,36400,24000,12400,14534949.096679688
601211,842,57800,50100,7700,1018465.0742874146
601728,602,104100,41900,62200,639592.9956912994
600036,602,275700,213800,61900,11246497.8225708
688008,603,358060,136225,221835,80812110.13084412
601012,603,154800,131700,23100,1779968.9947128296
688981,604,233885,112437,121448,28281470.750419617
600406,604,195800,103800,92000,4365741.967201233
600036,605,129800,56200,73600,5291241.012191772
600519,606,72900,62300,10600,92182845.05615234
601288,607,3488500,1218142,2270358,23687075.964021683
603259,608,312500,185300,127200,52728466.007995605
601988,608,3620000,1602600,2017400,23555360.57958603
600309,608,102800,70300,32500,7205146.978759766
600809,788,11421,6800,4621,1296907.3571395874
600036,788,905927,172100,733827,36773813.5212059
601012,789,106800,97600,9200,1224904.0264129639
603986,789,45100,18200,26900,18047514.0045166
603019,789,27700,13200,14500,2321245.054626465
603501,789,13000,8500,4500,1076938.9778137207
601888,790,29500,12000,17500,1538175.0003814697
600760,790,8300,2600,5700,367864.00032043457
600309,791,37800,12400,25400,2678933.0459594727
601288,791,2912200,2596700,315500,19747615.531396866
600183,609,193078,87791,105287,27779834.09197998
600089,609,269500,209200,60300,4884450.00743866
603986,610,231699,102900,128799,92638131.06994629
600930,610,132600,47300,85300,521591.00840091705
601668,611,263300,184000,79300,1141929.022026062
600183,611,121000,58400,62600,17434808.99810791
600406,612,1713539,1517939,195600,38347843.75686455
601628,612,29200,14700,14500,1129021.9867706299
601919,612,126600,52900,73700,2073520.9327697754
601601,613,134400,54900,79500,4285268.951797485
600031,613,383800,200500,183300,6846964.057922363
688012,613,27258,16439,10819,9498545.534851074
600031,833,833900,131900,702000,14712991.55960083
601857,834,204600,153000,51600,2199518.0015563965
600406,834,72400,35400,37000,1622113.9804840088
601211,837,145600,117000,28600,2565268.1100845337
601728,837,201700,40200,161500,1234805.9861183167
601328,615,779500,733500,46000,5853877.168035507
600930,616,148200,43900,104300,582865.0094747543
601166,616,86100,57900,28200,1540907.9607009888
600031,617,208500,69100,139400,3711865.8588409424
688256,617,42907,25869,17038,47365699.82519531
688008,849,96293,27077,69216,21568957.213119507
601318,849,91300,22700,68600,4922498.903656006
688041,849,34560,14655,19905,8727212.327896118
601658,850,111600,91400,20200,594625.9964942932
601288,852,1742500,399800,1342700,11865779.944038391
601328,852,1377400,362000,1015400,10372396.249628067
688041,852,33923,13042,20881,8555378.909851074
603986,618,111100,56800,54300,44447341.75109863
603019,618,41127,20300,20827,3450821.8148269653
600276,619,240200,88300,151900,10949933.41091919
601166,619,187500,137000,50500,3356394.931793213
600030,620,83600,15900,67700,2239803.049850464
601628,620,31300,14300,17000,1209842.0093536377
688012,620,18662,7665,10997,6530106.250152588
601628,855,65200,39900,25300,2516399.00970459
603501,855,90350,26200,64150,7486128.498458862
601988,855,647200,72600,574600,4252830.093097687
600031,856,544200,175300,368900,9533979.239845276
600028,856,1474600,953600,521000,7800311.957120895
600089,856,57200,47100,10100,1034647.0064163208
600887,856,52400,40900,11500,1410589.0035629272
603259,621,104000,36000,68000,17544259.02862549
601318,622,112200,65900,46300,6075020.048522949
601288,624,768400,466900,301500,5222105.077552795
600031,817,132800,102900,29900,2349443.4157600403
600900,817,81900,28000,53900,2298393.9626693726
600031,819,189700,77100,112600,3355545.0956344604
603986,820,99800,33700,66100,39684988.95568848
603259,820,45700,25700,20000,7661127.923583984
600031,821,51000,30200,20800,901982.0224761963
600111,821,66300,30700,35600,2481416.9708251953
600900,625,121200,95500,25700,3399402.950668335
603986,625,101100,69400,31700,40443919.076538086
600150,627,210297,134169,76128,8226265.2770729065
603993,627,349500,178900,170600,6174196.99306488
688111,627,9635,3780,5855,2186968.914428711
600031,628,124500,23900,100600,2215094.073867798
600031,885,327700,166700,161000,5742971.188163757
600309,885,197100,53200,143900,14126960.193634033
600030,886,148800,60600,88200,3990953.957748413
601988,629,1977400,286100,1691300,12920618.20716858
601988,631,103500,69900,33600,676554.0043830872
600406,631,211400,67700,143700,4713640.006065369
688111,632,9455,2779,6676,2144033.7209014893
600031,633,290500,16100,274400,5160762.100410461
600760,633,76400,26600,49800,3378381.0459136963
600089,633,57700,44300,13400,1043081.9925308228
601857,634,244000,168900,75100,2620073.933029175
688008,635,56281,29138,27143,12738544.221969604
600050,635,58200,45000,13200,243726.00030899048
600900,635,307600,154700,152900,8625074.257659912
600760,635,7500,2200,5300,331624.9954223633
601166,637,50700,7300,43400,907602.9823303223
600031,872,661800,94500,567300,11601162.450027466
600519,872,9400,4500,4900,11765782.104492188
601012,873,119692,45600,74092,1369732.4402122498
600406,874,58000,39300,18700,1297273.0443954468
601211,639,38600,18300,20300,683017.0248031616
601668,638,59300,30500,28800,256481.00261688232
600887,638,68100,24100,44000,1838937.0054244995
601166,638,208600,57500,151100,3734514.9335861206
600150,639,740133,127802,612331,28884081.53068924
603259,639,74455,32265,42190,12559183.709335327
600900,640,194600,168200,26400,5455760.149383545
601628,640,25900,4700,21200,999754.9682617188
600930,641,174800,98200,76600,686198.0123996735
600809,642,45600,6200,39400,5199746.034240723
601688,805,260200,196300,63900,4766515.912628174
601668,805,226126,73800,152326,973079.8248310089
688041,805,16808,10627,6181,4256184.103683472
601012,807,66800,16300,50500,765022.9909896851
601211,809,160600,40900,119700,2817837.0445251465
601012,809,93700,9800,83900,1072962.9843711853
601398,809,319600,260000,59600,2579931.9571495056
600406,643,72700,24200,48500,1621451.9500732422
603019,644,53115,10400,42715,4452453.472824097
601628,644,24600,15300,9300,949532.982635498
688008,646,79388,24453,54935,17890718.25741577
600050,824,354900,45400,309500,1483935.9494686127
600930,646,103500,32700,70800,406047.00758457184
600760,646,125700,7500,118200,5547672.964096069
600030,822,63400,18700,44700,1692967.0169830322
688012,823,29525,11591,17934,10274907.054473877
600030,824,106600,31100,75500,2844874.0505218506
601728,824,106400,48400,58000,650588.002204895
601688,825,290700,243700,47000,5325859.916687012
600036,825,131000,85300,45700,5320014.968109131
688012,825,13502,8954,4548,4702521.060180664
601601,826,80800,66400,14400,2559711.023902893
600309,647,103700,55900,47800,7372750.99105835
601601,647,53000,10500,42500,1686090.9753799438
601127,649,73300,28800,44500,3473755.020904541
600309,649,286200,212000,74200,20299594.243621826
688256,649,8375,4770,3605,9286075.233642578
600150,650,250200,141100,109100,9738657.772064209
600930,650,128200,43700,84500,502981.0093641281
601899,650,245700,137600,108100,7712116.840744019
600111,651,42400,27400,15000,1588490.0104522705
688041,651,59552,22644,36908,15161202.198608398
603993,887,576100,189600,386500,10145069.314193726
600030,888,247400,88200,159200,6630913.871955872
601601,888,80900,26300,54600,2561560.9937667847
688981,888,140953,50971,89982,17101704.797782898
600309,867,95700,24000,71700,6876659.955596924
601899,862,238800,94500,144300,7502933.01448822
600183,846,56400,27000,29400,8090476.962280273
601988,798,2340200,85100,2255100,15374050.376653671
600111,825,28700,15400,13300,1074260.9893798828
601088,652,42900,22000,20900,2027657.9879760742
601211,652,51400,27800,23600,909544.0338134766
601166,654,80500,4200,76300,1439704.9577713013
600930,655,103800,25600,78200,407152.0076751709
600900,656,140500,55700,84800,3934752.017211914
601318,810,250600,129710,120890,13520711.037445068
601628,810,24600,14400,10200,947906.9961547852
601658,811,70200,28900,41300,373051.00259780884
603501,811,15000,7100,7900,1239921.9902038574
688256,813,14369,5043,9326,15869141.82397461
600406,813,45900,32600,13300,1026191.0249710083
601601,814,150900,12500,138400,4781476.068115234
600150,814,94600,63000,31600,3660174.9561309814
600900,814,199200,172200,27000,5588002.876472473
601328,815,325500,100100,225400,2446018.0369853973
601658,815,56600,21300,35300,300759.0016365051
601688,689,120100,42600,77500,2205740.040588379
600028,780,7258900,3340500,3918400,38569537.165260315
600809,780,53400,3900,49500,6075356.005859375
603019,781,52200,25600,26600,4379460.987091064
601688,890,65200,34500,30700,1196822.034072876
600028,891,307000,176000,131000,1625790.0285720825
688111,891,19363,5160,14203,4390575.514480591
688012,891,84039,57665,26374,29298615.607910156
601328,892,291400,141600,149800,2195658.0260276794
601600,572,2534600,1181100,1353500,23669589.343452454
601899,828,408100,81400,326700,12800537.298583984
688111,830,6942,5842,1100,1576183.105102539
601127,673,9700,5200,4500,459832.00607299805
601888,866,37900,14800,23100,1980609.9922180176
601127,862,56600,28300,28300,2674919.9657440186
603993,573,1449100,850900,598200,25909188.924217224
601127,574,236400,115400,121000,11212376.956939697
688981,574,340856,162588,178268,41427469.135253906
600760,574,51729,20729,31000,2296262.5735321045
603019,670,113848,9600,104248,9528328.452667236
600089,670,33900,14800,19100,612720.9930419922
601318,670,118857,91100,27757,6438682.546562195
600809,671,5900,2100,3800,671446.0037231445
601857,673,220300,73000,147300,2358596.9897270203
600900,674,221700,201400,20300,6214749.1636276245
600111,675,20700,5700,15000,775064.9837493896
600030,862,115700,96400,19300,3102880.9602737427
603019,863,38700,21200,17500,3240001.0536193848
600309,864,175800,93300,82500,12677741.076660156
601088,864,24300,12700,11600,1149568.0171966553
688256,865,25792,3114,22678,28473092.903442383
603501,865,17300,10400,6900,1432079.9774169922
600900,866,141800,47900,93900,3983641.032600403
688012,866,28115,10752,17363,9797468.768066406
601211,879,97300,55500,41800,1718491.9891357422
688008,879,86669,33887,52782,19360309.455932617
601668,880,878600,630800,247800,3766716.0279273987
600150,881,429847,217680,212167,16601325.65737915
688041,883,98226,27340,70886,24762848.621002197
601688,883,168300,101000,67300,3090285.1095199585
600089,883,119160,66500,52660,2155077.8061294556
601728,575,404700,384400,20300,2478945.004415512
688981,575,308455,106063,202392,37495735.01331329
600036,792,141100,50300,90800,5730024.909591675
600276,792,57100,35900,21200,2602629.0100097656
603259,792,38400,18700,19700,6428963.954162598
600760,792,4300,700,3600,190449.99809265137
601728,793,84700,20300,64400,517720.006275177
688256,794,21868,10539,11329,24288486.49194336
600900,794,55100,36200,18900,1546467.9788589478
601857,796,113400,38600,74800,1213765.9872055054
600519,797,4000,2400,1600,5011174.011230469
600111,797,17383,4700,12683,650866.5061683655
601899,798,199900,56200,143700,6291207.870864868
600028,576,1400100,460800,939300,7419729.2288303375
600887,577,232500,143000,89500,6230016.969490051
601857,857,107500,74100,33400,1153140.9749984741
601600,857,194100,142900,51200,1773562.0549201965
600809,858,9100,7500,1600,1040904.0016174316
688041,858,28604,13633,14971,7209078.417800903
601318,859,51700,22700,29000,2787811.943435669
601857,859,295400,243800,51600,3172646.933555603
600031,859,325500,69600,255900,5705894.220733643
601166,860,126100,72800,53300,2255395.910835266
603993,861,88400,28600,59800,1564082.0537567139
688008,578,494548,275093,219455,112234323.39834595
601600,578,1026600,521600,505000,9497920.042800903
601988,578,930400,645600,284800,6148366.087627411
688041,663,53147,35940,17207,13531603.364471436
600900,663,229000,170500,58500,6411896.997642517
600183,665,42900,26000,16900,6187922.113037109
600887,665,84900,42700,42200,2288269.013786316
601899,665,304200,269200,35000,9553773.927307129
601398,666,89300,35200,54100,719217.0250892639
600309,666,53700,24100,29600,3807541.0804748535
601211,666,26700,17800,8900,472294.01359558105
600030,667,26600,18100,8500,711997.0102310181
601668,667,41900,27700,14200,180866.00394248962
600050,667,86500,15900,70600,361728.9887905121
600276,580,350600,126300,224300,16037090.96031189
600028,580,789000,384200,404800,4189040.9849643707
601988,580,831400,568100,263300,5495627.082538605
601919,580,646800,173900,472900,10559771.894073486
688111,580,32412,7276,25136,7421481.8801727295
601728,843,88600,41300,47300,541759.0015888214
688008,843,48283,18719,29564,10800807.197860718
600930,844,1933800,72900,1860900,7561887.165284157
600111,845,21300,9400,11900,797352.9907226562
600809,845,7400,2200,5200,846736.003112793
688256,845,21141,2628,18513,23348648.822631836
688111,846,1557,1253,304,353288.2135925293
601288,846,320000,260300,59700,2178602.996492386
600183,847,50500,34400,16100,7248419.9630737305
688256,847,26615,19644,6971,29404077.919799805
600309,847,103200,25000,78200,7361692.842102051
601288,848,454500,156000,298500,3096639.0081882477
601398,848,553700,251500,302200,4475807.001495361
601166,581,317500,177400,140100,5688057.988929749
600406,582,98900,36016,62884,2191819.9893951416
601328,582,1660700,173600,1487100,12472185.334539413
601988,584,1676400,431400,1245000,11048462.219715118
601127,584,224200,67900,156300,10775698.035049438
601398,662,305300,280900,24400,2457421.052646637
603019,895,112500,53468,59032,9390914.447937012
600900,896,515100,296400,218700,14474893.209838867
600760,896,79300,49500,29800,3497565.0451660156
603259,585,185500,99100,86400,31160739.878845215
601688,586,243800,133800,110000,4486718.925285339
600887,800,112600,32500,80100,3032786.045074463
601857,800,133800,70800,63000,1431029.9600601196
601211,801,157500,56700,100800,2766819.941520691
601688,801,91700,11500,80200,1679955.972290039
603259,801,53300,24900,28400,8920879.069519043
601600,801,171500,146300,25200,1563827.9746055603
688008,802,41337,16569,24768,9289443.351364136
601012,804,27100,20400,6700,310498.99950027466
600276,679,119900,88300,31600,5458467.018890381
600519,587,19200,11800,7400,24164290.869140625
601127,676,6000,4600,1400,284505.9913635254
600309,676,34800,22091,12709,2465013.0454940796
600930,676,210400,64800,145600,823312.0174407959
600050,676,98500,47400,51100,412203.9939403534
601211,677,20200,16600,3600,357504.01458740234
601398,677,238000,171400,66600,1917614.0846252441
600809,678,5200,3200,2000,592458.0024719238
600150,678,154600,89800,64800,6031648.93913269
600089,678,109530,107030,2500,1980427.3945045471
601211,679,50900,26300,24600,900684.033203125
601600,679,97400,94700,2700,890209.0328216553
688012,679,32551,5419,27132,11352052.818725586
600111,680,34500,23700,10800,1291571.9707489014
600150,680,92900,54400,38500,3623340.95993042
601728,681,73700,5900,67800,451102.9929161072
601628,588,77400,17100,60300,2984398.031616211
600760,588,167100,25800,141300,7383170.035934448
600809,588,30100,10300,19800,3422664.0045166016
600930,588,201600,142100,59500,791693.0140256882
603501,588,48900,10400,38500,4031450.032043457
601688,589,223600,78100,145500,4111720.8570480347
600031,868,183300,144400,38900,3216228.973388672
600111,868,142100,25100,117000,5321600.0831604
601888,868,10800,2600,8200,563868.0000305176
688981,869,43745,23055,20690,5324976.543685913
600519,870,23300,4600,18700,29168937.01171875
688256,870,21571,5643,15928,23796632.17565918
600406,870,55661,29100,26561,1245984.1399478912
601288,590,4538200,3149400,1388800,30901939.81976509
601012,590,323400,120800,202600,3725407.0846557617
600887,591,150400,71400,79000,4054944.9014663696
601166,875,97100,56500,40600,1737683.953666687
600028,876,1389300,358800,1030500,7352985.029125214
600036,876,134300,46500,87800,5452728.86428833
600183,876,116300,41600,74700,16651381.78100586
601728,877,407200,343600,63600,2487847.0499038696
601728,878,220300,99000,121300,1346017.0241355896
601857,592,594200,319600,274600,6358994.910812378
601888,592,95800,54200,41600,5024376.022338867
601628,593,51500,23400,28100,1989656.0111999512
688981,593,83592,29104,54488,10181956.611862183
603259,594,230200,91300,138900,38773307.17163086
600150,782,826600,176700,649900,31999534.091186523
600760,782,23700,14200,9500,1050918.9994812012
600900,784,46500,32100,14400,1303950.023651123
688256,785,7180,3968,3212,7969910.065795898
600760,785,16809,2091,14718,744785.1649589539
601899,595,796300,237200,559100,24967398.324775696
601628,595,63900,35600,28300,2466624.9980926514
688008,596,272727,118107,154620,62041300.7958374
600406,596,94735,60800,33935,2109167.130060196
603986,682,33400,10100,23300,13333240.979003906
600519,682,4800,2200,2600,6013695.068359375
601628,683,15900,7600,8300,614884.98878479
601919,684,85800,12500,73300,1409711.0265731812
600183,684,63500,16600,46900,9125817.892456055
601012,684,40600,32100,8500,466408.98876190186
601600,685,118000,74900,43100,1078089.0306472778
600900,686,57000,48000,9000,1598190.050125122
601658,687,142900,58100,84800,759380.0051212311
601600,687,79000,44300,34700,721713.0191802979
600028,688,181800,80500,101300,966163.0080223083
601211,688,132500,118700,13800,2342731.043434143
600031,597,198700,85100,113600,3519927.847671509
600900,598,485700,309400,176300,13620299.23877716
600031,599,189000,52200,136800,3345673.0737686157
688256,600,18976,7709,11267,21086020.47998047
600809,600,32500,11000,21500,3715354.0130615234
600309,838,87500,60200,27300,6237178.084564209
688256,839,10491,3850,6641,11582796.452514648
600028,839,162600,67900,94700,860833.0093383789
688981,840,41805,14796,27009,5084962.16784668
600050,841,1385200,61600,1323600,5790751.776313782
688111,841,13417,6802,6615,3042333.407272339
601728,842,209000,162400,46600,1278613.9876365662
601328,602,388600,349900,38700,2921395.014333725
601318,603,191300,117500,73800,10382822.889328003
601166,603,232200,96000,136200,4159642.9861068726
601088,603,76100,41300,34800,3621905.995941162
601919,604,142600,70200,72400,2331832.061767578
601919,605,562700,122300,440400,9189504.971122742
600031,605,297000,164200,132800,5284306.110954285
600036,606,244868,50468,194400,9972468.087280273
600031,606,504400,253600,250800,8978603.636741638
600406,606,171820,137040,34780,3833425.911026001
600150,607,811400,152400,659000,31665459.35674286
601899,608,655200,273600,381600,20581934.948158264
601628,608,291200,119800,171400,11233245.324325562
601988,788,657700,390000,267700,4315868.999528885
601600,789,532800,456100,76700,4863412.036895752
600030,789,166100,44400,121700,4446956.086540222
601988,789,446000,256000,190000,2925949.0062236786
601398,789,340300,334100,6200,2746158.900642395
688041,790,24144,12544,11600,6123450.88861084
603501,791,14200,4600,9600,1176907.007598877
603019,609,204500,28800,175700,17126274.731445312
601398,610,624400,335300,289100,5017284.9100112915
600050,610,188200,30800,157400,790747.9711532593
688111,611,7424,4036,3388,1684935.186920166
601899,613,384700,269200,115500,12084439.964485168
600809,833,11700,9700,2000,1341072.999572754
601899,833,261000,147000,114000,8195527.903366089
601318,834,90600,21200,69400,4885578.897476196
600519,835,6700,3400,3300,8394000.939941406
688041,837,47628,21102,26526,12011478.623962402
600030,615,108200,44800,63400,2898558.078765869
601166,614,177300,48500,128800,3173695.9329605103
600309,615,530000,259700,270300,37705638.92440796
601899,617,704800,79200,625600,22100733.247947693
600050,617,70000,35600,34400,293655.99517822266
601012,617,437900,278700,159200,5030157.869720459
601688,849,129100,112400,16700,2370193.0768966675
601318,850,104400,39700,64700,5628078.005218506
601088,850,30100,14700,15400,1423723.9990234375
600276,850,156200,106600,49600,7132106.926727295
600111,850,44200,23600,20600,1655271.017074585
603501,850,12300,4200,8100,1019383.9981079102
601919,851,258100,78700,179400,4214529.974746704
600089,852,137560,27300,110260,2487929.4088363647
601211,618,64300,40200,24100,1137522.0355987549
688008,618,148571,84588,63983,33527471.59411621
600028,620,2444000,1226000,1218000,13105525.183153152
601688,620,248564,82800,165764,4573438.501998901
601012,620,208100,72000,136100,2385546.024417877
601166,853,142200,39900,102300,2541513.052368164
600809,853,11300,5800,5500,1291483.0101013184
601601,853,152600,120000,32600,4821659.0467453
601668,855,170400,103400,67000,732050.0171661377
601166,855,226700,72500,154200,4051649.102973938
601127,855,37300,11900,25400,1762625.9979248047
601988,856,721600,77600,644000,4741688.104629517
603501,621,25335,15035,10300,2086137.2005081177
600036,621,94400,70600,23800,3852845.0664520264
600089,621,183200,127100,56100,3312033.9809417725
603993,623,329600,145500,184100,5814846.814918518
600089,624,37600,27200,10400,679703.9947509766
688256,816,15992,6050,9942,17655622.130004883
600030,816,68400,24700,43700,1826527.0107269287
601600,816,435500,75800,359700,3972517.9675102234
600900,816,49200,37200,12000,1380691.976928711
600183,817,511300,48900,462400,73162604.06646729
600030,819,172900,86600,86300,4616519.068527222
603259,819,78100,35700,42400,13092869.010925293
601127,820,29100,12900,16200,1378360.007095337
600930,821,72000,35100,36900,281871.0058450699
600028,821,221200,35700,185500,1170504.9997329712
688111,625,7731,4112,3619,1755114.2683105469
601658,625,109900,104100,5800,584610.0175380707
601728,625,498200,21200,477000,3053755.0479888916
603259,626,52800,19900,32900,8906261.018371582
600050,627,58500,18600,39900,245300.99873542786
601288,884,508000,270200,237800,3472342.023086548
688041,884,75096,44060,31036,18931317.36668396
600111,886,227000,45100,181900,8496015.942382812
600930,886,261900,123900,138000,1022649.0237951279
601288,886,1082500,294400,788100,7396418.984794617
688981,886,75891,29594,46297,9215032.454605103
601899,629,173600,131800,41800,5457566.083145142
601211,629,60300,41600,18700,1066721.032524109
601288,629,527600,243100,284500,3579559.0504169464
600050,629,159500,55900,103600,668863.9952659607
601328,629,156500,42200,114300,1174172.0096588135
600760,629,10600,2600,8000,469080.9970855713
601211,630,50500,31200,19300,893227.024269104
688256,631,13242,6168,7074,14689011.815063477
601658,632,174200,65500,108700,925657.0050239563
600276,633,54900,31300,23600,2505736.988067627
603993,634,434100,407900,26200,7679481.237602234
600031,635,174600,126000,48600,3105407.1062088013
601166,635,63600,49700,13900,1139573.0016708374
601318,635,90100,58200,31900,4880740.983581543
600309,635,119600,56400,63200,8514460.926055908
603259,636,66000,33300,32700,11142280.981445312
688111,636,8037,4033,4004,1824032.403503418
688008,637,70834,51418,19416,16041409.351608276
600036,637,52800,25900,26900,2151253.0250549316
601988,874,644700,509300,135400,4247219.0673828125
688008,642,71738,27690,44048,16220116.618423462
688041,638,77659,19829,57830,19887331.909591675
600309,639,75100,49500,25600,5344147.0458984375
600809,639,15500,8600,6900,1772678.0296325684
601328,640,113300,41600,71700,850166.0095214844
688008,641,72106,30193,41913,16299211.55657959
600276,641,123700,95600,28100,5660035.988235474
601288,641,245400,118500,126900,1664997.0221042633
600309,641,46000,32000,14000,3272937.9905700684
601088,642,48000,5600,42400,2272243.0183410645
600111,642,36000,22800,13200,1348592.9832458496
603986,805,27700,15500,12200,11069589.962768555
603993,806,110300,48400,61900,1951245.0597763062
601658,807,53200,18100,35100,282141.0056591034
601601,807,103000,34476,68524,3266151.00390625
601628,808,28700,17300,11400,1106799.0116119385
600809,808,10600,3900,6700,1209295.0012207031
601899,808,268100,78800,189300,8438844.855690002
601288,808,626200,484000,142200,4244214.098834991
688041,809,60627,17849,42778,15345053.417800903
601328,809,435600,163800,271800,3276626.0134220123
601601,822,51100,32300,18800,1617177.9773712158
601888,643,47000,15500,31500,2456197.010421753
601288,643,1030700,354600,676100,6981385.061502457
601988,643,2961800,362100,2599700,19312189.972543716
600900,644,78900,63800,15100,2211503.052711487
601857,644,98800,80700,18100,1060952.9737472534
601088,644,29000,18300,10700,1373322.9915618896
600089,645,79100,52800,26300,1429864.9879455566
600760,645,13300,4700,8600,587457.984161377
600519,646,11000,3900,7100,13817327.893066406
600760,648,14800,6900,7900,653278.006362915
688012,649,14169,9175,4994,4959175.793395996
601628,649,32600,21200,11400,1256689.0140533447
601211,650,98600,79400,19200,1745163.0674362183
600050,650,245600,229400,16200,1028902.010345459
600276,651,88797,34897,53900,4050056.203086853
601728,651,74600,40800,33800,456213.9998435974
600111,887,123800,47700,76100,4633072.875213623
600050,887,124400,65200,59200,519399.9933242798
601728,887,200400,81100,119300,1225255.00664711
688012,887,55744,25612,30132,19382708.77307129
600089,888,76500,46000,30500,1382814.9871826172
601658,848,635000,604500,30500,3384244.959115982
600887,570,1025121,554100,471021,27438103.368930817
601398,570,11065600,8442300,2623300,89947303.02619934
601328,570,7082665,4861665,2221000,53657322.91974068
600519,652,7400,6000,1400,9284758.020019531
688012,652,15867,8654,7213,5562513.453582764
688981,652,26337,17555,8782,3200366.681159973
688111,652,12957,8555,4402,2942184.678833008
601658,655,185300,57200,128100,982662.0211601257
601012,656,49800,18400,31400,572385.9928131104
601328,657,160900,119300,41600,1206333.9904785156
601211,657,164000,83200,80800,2899527.0502090454
600030,811,98900,15400,83500,2639738.055038452
600276,812,65500,18300,47200,2979324.041366577
601088,812,38900,29300,9600,1840963.0252838135
600309,813,25100,13900,11200,1778715.9866333008
601688,814,163500,31300,132200,2994997.9427337646
688008,814,49185,13903,35282,11032388.353393555
601398,815,1430100,969200,460900,11554376.871871948
600519,815,9600,2300,7300,12035068.005371094
688256,815,15544,3728,11816,17153922.448364258
603501,689,14189,2600,11589,1173976.0754699707
601600,780,3134250,2024750,1109500,28617539.895677567
603019,780,367577,295977,71600,30852297.239326477
603993,781,402100,162200,239900,7117896.160507202
688981,781,36281,23452,12829,4405584.636619568
603501,889,29800,21700,8100,2464632.960510254
600111,891,218400,83311,135089,8171298.696781158
600276,892,134700,74500,60200,6142657.914733887
688981,572,272972,118821,154151,33201573.09503174
600930,572,3559700,714900,2844800,13987741.23942852
603019,572,175200,54300,120900,14803937.048339844
600183,827,99000,28100,70900,14189357.014465332
601012,827,131396,126500,4896,1505749.2038917542
601398,828,209000,189300,19700,1690613.027381897
601688,829,214600,162300,52300,3939430.1166534424
601888,831,40700,30000,10700,2127542.978668213
601398,831,2639700,1925300,714400,21356079.42352295
601668,832,231400,81700,149700,995837.0238780975
603993,863,134900,106100,28800,2385200.0450134277
688111,864,7670,3999,3671,1741176.7194519043
601318,573,577000,299300,277700,31271557.048034668
601688,573,304800,126100,178700,5642808.09173584
601398,668,212600,98500,114100,1712415.0630950928
601288,668,277200,192600,84600,1878570.0387954712
600036,668,78900,61100,17800,3213491.0053253174
688256,669,23387,4428,18959,25827577.33190918
688041,670,248381,101989,146392,62863365.9180603
600036,671,245500,169500,76000,10004692.935180664
600028,671,143000,60500,82500,761365.0095462799
601088,671,29900,17100,12800,1411805.9902191162
600111,673,30700,15200,15500,1149435.9813690186
601328,674,131400,96600,34800,986466.0221099854
600760,674,23100,9200,13900,1025210.0189208984
600519,862,7700,2900,4800,9646119.860839844
688041,863,38747,19123,19624,9766349.200592041
601688,863,112800,37800,75000,2070258.0516815186
601899,863,223800,135200,88600,7033669.059944153
600519,864,6100,2700,3400,7641548.095703125
603501,864,9800,2600,7200,811243.9880371094
601857,865,112300,87000,25300,1205960.971069336
600111,865,24900,11100,13800,932865.0009155273
601211,866,55434,31900,23534,979276.4386825562
600111,866,103500,22600,80900,3877149.937057495
601857,879,205300,54400,150900,2203236.924934387
601628,879,29300,10800,18500,1130438.0268096924
600036,880,358800,221200,137600,14569010.77079773
601398,880,460200,259700,200500,3725615.12966156
601628,880,48500,27000,21500,1871308.0081939697
688012,881,54444,13645,40799,18958889.965942383
688111,881,6732,2263,4469,1528246.6982269287
601211,883,152500,39600,112900,2691818.9462661743
600276,883,100680,60600,40080,4585072.027664185
601728,883,245700,146900,98800,1502005.0130844116
600406,575,188300,68700,119600,4172004.9547195435
601688,575,428800,256500,172300,7944392.084312439
601211,792,411540,77900,333640,7230956.278953552
601600,792,149300,105800,43500,1362674.0071296692
601318,793,81500,37200,44300,4406291.044616699
601899,793,111600,32400,79200,3519072.08404541
600028,794,419800,370800,49000,2241242.0528411865
601658,795,136800,120800,16000,727766.0232543945
601888,796,24200,2900,21300,1262289.0071868896
601211,797,257005,18800,238205,4514456.7459106445
601088,797,28000,4600,23400,1325286.9956970215
603259,798,35100,18100,17000,5887028.0029296875
601988,576,2766100,2072500,693600,18238613.11402321
600036,576,287400,143300,144100,11717226.934051514
600406,577,160800,103452,57348,3564829.0098190308
601899,577,1275100,267500,1007600,40328849.451828
601688,577,201000,94000,107000,3725190.1531219482
688008,858,57675,26319,31356,12919871.690719604
603986,859,22200,8400,13800,8863514.981079102
600183,860,51200,25900,25300,7353669.071960449
600519,860,4600,1900,2700,5762651.025390625
600028,860,203200,64500,138700,1075573.0070114136
603501,860,17800,10800,7000,1474515.9706115723
600111,861,23400,14200,9200,876706.0089111328
603501,664,20600,7100,13500,1708600.0213623047
600519,665,9400,4000,5400,11783509.936523438
601988,665,2110600,1857200,253400,13806027.996253967
601127,666,28700,3900,24800,1360955.978012085
600760,666,25300,14900,10400,1116448.0182647705
600887,667,64100,30500,33600,1727442.0392990112
601318,667,38600,26700,11900,2089417.0120239258
601919,667,48300,18000,30300,793518.0135726929
600519,579,31400,17300,14100,39654108.02001953
688008,579,1076707,736878,339829,244997362.0507202
600760,579,67571,15829,51742,2996089.162502289
688981,580,114973,49255,65718,14004273.543319702
601166,580,798200,544800,253400,14309832.200241089
600030,580,444100,196300,247800,11919523.064994812
600887,843,42900,33700,9200,1155215.01121521
600276,844,163100,78400,84700,7422498.84185791
601857,844,162400,102300,60100,1742224.9561309814
688012,844,11169,4300,6869,3899088.104370117
601728,845,98400,62200,36200,601845.9977149963
601328,845,290500,225500,65000,2187450.059604645
600036,845,79600,31600,48000,3232020.9342956543
601398,845,122600,101900,20700,990400.9859085083
603259,846,82300,20400,61900,13825395.008850098
600519,581,34800,21300,13500,43900327.8137207
601318,581,279800,110600,169200,15190809.899520874
603986,581,184000,78400,105600,74259349.06921387
603019,582,192600,95000,97600,16265402.025604248
601668,583,2874000,2414900,459100,12353609.443092346
603986,583,279000,112856,166144,112495741.77316284
601888,583,48600,30600,18000,2547167.032623291
601211,584,240600,48900,191700,4248724.957084656
600089,584,328800,257600,71200,5959265.955352783
601919,659,65500,25100,40400,1076992.0389175415
688041,659,27407,9528,17879,6985534.617385864
601166,660,29300,22300,7000,523813.987159729
601628,660,51900,32600,19300,2001638.0374908447
688012,660,9709,3726,5983,3398718.6571350098
600276,661,113400,40500,72900,5156357.027053833
601899,661,132100,40400,91700,4147022.9286193848
603019,661,37900,7500,30400,3176183.04977417
601628,662,32550,8950,23600,1254485.0185394287
601328,662,293900,281700,12200,2204127.9972076416
601398,894,489500,214700,274800,3957307.011795044
601398,896,1943200,1303700,639500,15715490.182113647
600030,896,282775,136800,145975,7575283.653974533
601988,585,576800,351900,224900,3799312.046813965
600028,586,1908700,604100,1304600,10116291.352939606
603993,799,203900,38200,165700,3608379.131126404
600031,799,223900,166600,57300,3960218.1064605713
601919,799,185400,38500,146900,3038639.8853302
688981,799,36995,21349,15646,4493258.10218811
600028,801,325400,191500,133900,1724016.0482406616
600887,802,62100,24700,37400,1671830.006980896
601658,803,25200,15600,9600,133716.00093841553
600760,803,25700,13100,12600,1137118.994140625
600050,804,52500,40600,11900,219856.00028038025
601012,587,616400,301900,314500,7103344.064998627
600111,587,88900,48000,40900,3340786.046600342
600028,587,1544900,100500,1444400,8175248.9983558655
601988,676,128000,27800,100200,837398.0014801025
688008,677,55907,16198,39709,12560352.441558838
688256,677,9365,4121,5244,10350322.768554688
600887,678,68200,22500,45700,1838215.0142669678
601328,678,130800,70400,60400,981704.0161132812
601919,678,256500,213800,42700,4213813.067245483
601012,679,24700,12800,11900,283930.99727630615
600900,679,150400,97900,52500,4215354.095077515
601728,588,115700,93900,21800,710179.9899578094
600028,588,391600,60400,331200,2069966.0335540771
601088,589,51400,23700,27700,2438550.977706909
603501,868,40100,12200,27900,3324069.0155029297
601288,868,442700,333400,109300,3022547.993326187
601211,869,76300,46400,29900,1347921.9989776611
600030,869,280600,141600,139000,7528294.973945618
601899,870,667400,216700,450700,20947165.534973145
601668,871,241500,108100,133400,1037116.0155296326
688041,871,41578,18731,22847,10482315.312942505
600406,590,92600,60500,32100,2058343.9540863037
601166,590,364300,286600,77700,6502186.125946045
601318,590,187500,87700,99800,10162574.975967407
600150,591,342400,156900,185500,13426253.002929688
600111,591,204000,114200,89800,7649131.970977783
600150,875,344600,206000,138600,13316318.118286133
600519,876,4600,2200,2400,5758791.052246094
601668,877,434300,330500,103800,1862109.0091705322
601088,877,25000,14200,10800,1182516.000366211
688981,877,54251,31892,22359,6599615.706481934
600031,878,264700,227200,37500,4637169.112586975
601988,878,546900,73300,473600,3599334.97505188
603259,592,456100,196500,259600,76953926.56402588
601012,592,835000,556100,278900,9600230.948066711
688012,593,60204,34460,25744,21122206.318725586
600028,593,279500,194100,85400,1477701.0105133057
600887,594,187600,69200,118400,5066054.019546509
603259,782,58100,33220,24880,9701058.018493652
600930,782,57200,10900,46300,223761.00480556488
688012,782,18961,8509,10452,6618102.017150879
600887,783,98300,25300,73000,2648876.0469436646
600028,785,1685800,1246400,439400,9003059.18726921
688008,785,70623,25987,44636,15927882.732330322
601398,785,191500,121600,69900,1543485.0763320923
601628,786,12900,3900,9000,498483.9984893799
600930,786,62900,43400,19500,246373.00498485565
601888,786,46100,1700,44400,2405994.9630737305
601688,787,72900,56700,16200,1339011.057472229
600183,787,63500,26300,37200,9158607.981872559
600309,787,66800,14000,52800,4730887.900543213
688256,787,29811,9459,20352,32995196.27722168
601600,595,496700,403000,93700,4554973.043251038
600111,595,161600,81600,80000,6055601.029586792
601127,596,179300,89600,89700,8650808.951950073
601728,596,570400,506500,63900,3513024.9288082123
601668,683,233000,83800,149200,1007398.0192184448
688008,683,35009,12804,22205,7863007.800521851
600900,684,221800,139000,82800,6218580.187225342
601398,686,342700,210200,132500,2764263.9914512634
601127,687,26000,6400,19600,1230725.0102996826
600900,687,112300,103600,8700,3148805.1008224487
688012,687,26066,15572,10494,9079464.8493042
600183,893,191700,104907,86793,27458843.5854187
600760,893,54926,33353,21573,2419198.0425720215
601857,597,153800,117100,36700,1648369.0326690674
601211,597,296000,193100,102900,5227813.96522522
601398,597,775900,201100,574800,6253594.3157196045
603019,597,66600,38900,27700,5607083.030700684
600930,598,159900,77900,82000,629186.0099315643
688256,598,9803,4168,5635,10905760.25756836
600028,600,3839364,3738364,101000,20432811.246385574
600050,600,106600,76500,30100,447418.9871311188
688111,600,10933,8007,2926,2487692.9546051025
601857,601,367200,261600,105600,3940701.8491744995
688012,601,77307,41174,36133,27033374.648254395
601288,838,394800,261700,133100,2691205.0373077393
601328,839,168600,113400,55200,1269006.0227394104
601127,840,36098,11300,24798,1708060.3757781982
600111,840,44300,18600,25700,1659663.9991760254
600183,841,99600,64500,35100,14285311.996459961
601628,841,36200,20700,15500,1396473.0323791504
601728,841,132800,73700,59100,812144.9994564056
600276,842,83600,46400,37200,3803503.044128418
600028,602,4077800,3303600,774200,21851553.11126709
600309,603,140200,52800,87400,9811100.15335083
688012,603,89838,53357,36481,31291208.65072632
600887,603,1688700,1442977,245723,45689518.281152725
600089,603,98100,40700,57400,1772784.9727630615
601127,604,80300,33300,47000,3835122.9873657227
600930,605,160300,30300,130000,630282.0104122162
603019,606,158800,88636,70164,13292119.639129639
600089,789,62900,32942,29958,1136955.9888839722
688981,608,71913,28821,43092,8709467.048446655
688008,790,115297,59580,55717,26047252.399368286
601628,790,48800,9100,39700,1884118.977355957
601328,790,1018800,996300,22500,7662347.009277344
688111,791,8113,2220,5893,1842812.6355438232
601888,791,25100,20200,4900,1309090.013885498
601166,791,49300,31200,18100,882288.9770507812
601318,609,136400,75600,60800,7384999.039840698
600900,610,293200,72600,220600,8225304.805755615
603019,611,144100,89700,54400,12079296.935272217
601088,611,33100,10800,22300,1570197.9801177979
601688,613,180500,36208,144292,3324467.6459350586
601628,835,40300,10200,30100,1553957.0365905762
600050,835,98800,66700,32100,413650.9983062744
600111,835,116400,12700,103700,4365147.99156189
601166,836,70400,59300,11100,1258342.0097351074
600030,614,102800,48200,54600,2754525.011444092
688012,614,25530,15737,9793,8899491.470306396
600406,614,265400,108400,157000,5931607.099342346
601166,615,89400,30600,58800,1599010.9373092651
600900,616,137200,81500,55700,3849628.9220809937
601688,617,112300,31100,81200,2067547.6252593994
600028,850,160000,58400,101600,846984.0072631836
601328,850,122600,66600,56000,923844.0092086792
603259,851,31900,15800,16100,5354517.050170898
600900,851,313200,159000,154200,8794565.9740448
601318,852,183500,29800,153700,9891286.148452759
688981,852,29420,15002,14418,3582040.7448883057
600309,618,499900,242000,257900,35701110.97488403
601899,618,351500,136900,214600,11015704.04663086
600519,618,13900,9500,4400,17554274.8046875
600309,619,345600,157400,188200,24640232.98550415
600183,853,408500,64600,343900,58489011.654663086
600028,853,157700,135100,22600,834006.9995880127
601288,853,201400,162000,39400,1371139.9982452393
601166,854,56000,31400,24600,1001033.9942932129
688008,855,51636,21905,29731,11567040.454803467
600028,855,176000,129500,46500,930575.0048160553
600309,855,137500,80200,57300,9843731.927490234
600111,856,31600,18900,12700,1184112.0040893555
601899,621,472100,373200,98900,14799189.115905762
600276,621,144100,44200,99900,6565225.092315674
601166,621,196600,151100,45500,3521085.969543457
601628,622,26100,10100,16000,1009129.98046875
600760,622,43804,31200,12604,1945127.3630523682
600036,623,158100,92100,66000,6454459.12361145
601728,623,165200,74200,91000,1013418.0005073547
601288,816,161000,84600,76400,1092426.012802124
688012,817,13244,3754,9490,4607807.2619018555
601288,817,243400,150200,93200,1651754.013824463
601688,818,60800,28200,32600,1113529.9739837646
688981,818,53870,17267,36603,6549439.786514282
600030,818,114300,45400,68900,3051870.0607299805
600809,818,11900,6000,5900,1362032.9803466797
600887,818,85000,42800,42200,2290731.052207947
601318,820,127400,52100,75300,6866571.062850952
600760,820,12200,10200,2000,538936.9899749756
688256,626,25935,18571,7364,28756665.850097656
601988,628,360100,50900,309200,2357558.0410957336
603986,628,45300,19600,25700,18119973.986816406
600519,884,11130,7030,4100,13924800.798339844
601328,884,343200,162100,181100,2588840.019226074
600809,885,13400,6300,7100,1530187.9943847656
688041,885,98090,23992,74098,24723071.389190674
601398,886,401600,271800,129800,3251662.12348938
601919,629,80700,44300,36400,1322308.94241333
601288,630,690700,184400,506300,4684790.099191666
603019,631,59000,48400,10600,4954099.988555908
600406,632,82500,35300,47200,1839823.966217041
603259,632,85800,30500,55300,14439421.055603027
600900,634,158700,131800,26900,4449679.139137268
601600,635,982400,51000,931400,9009118.086624146
601888,636,48830,34130,14700,2559159.995956421
603986,637,120013,75713,44300,47893715.356658936
600028,637,526700,267300,259400,2804717.0241355896
601601,637,88800,21000,67800,2824699.9519348145
601899,637,433100,106200,326900,13634211.806869507
601012,637,118900,41700,77200,1365923.9673614502
600760,637,7300,1600,5700,322903.00064086914
600887,872,127300,76200,51100,3432868.9037323
603993,872,546400,56200,490200,9628944.07196045
688111,872,3600,1548,2052,816928.6326141357
600150,874,246900,113150,133750,9538445.084381104
601888,874,26000,2800,23200,1356780.9951782227
600406,638,27100,21100,6000,604540.9841537476
600309,638,147900,62800,85100,10517208.981323242
688256,638,25269,11454,13815,28021874.103393555
601288,639,251300,95000,156300,1704764.0291690826
601857,640,176600,134500,42100,1894730.955028534
601658,640,121400,57400,64000,643994.0089225769
601601,640,59100,28100,31000,1879858.9658737183
601668,641,163900,135300,28600,709400.9945869446
600183,641,56500,21600,34900,8138367.9443359375
600406,641,39800,25200,14600,887924.9784469604
601211,642,351900,258700,93200,6228667.244529724
688981,642,39443,21161,18282,4791268.416946411
601888,642,134700,22800,111900,7041161.975097656
601688,806,180100,111800,68300,3300956.979942322
600887,808,53300,23200,30100,1434583.998298645
600406,808,35844,14700,21144,801836.743850708
601658,808,85500,23100,62400,453381.01058006287
600309,809,26200,14100,12100,1856387.9852294922
601012,643,144500,114900,29600,1661453.9932250977
600111,643,43800,26600,17200,1641165.0386810303
601288,644,5664500,419900,5244600,38349004.92038727
603259,645,69500,42400,27100,11725424.855041504
600276,646,100000,26700,73300,4571451.027679443
601601,646,29300,7700,21600,932655.9986114502
688111,822,3870,1530,2340,877277.2836914062
688256,823,7016,3218,3798,7750588.837524414
600309,823,20600,11600,9000,1459966.0110473633
601601,823,60400,42800,17600,1911950.98361969
600183,824,71500,20400,51100,10247125.088500977
688008,824,59796,33181,26615,13359489.006484985
600309,824,51000,29156,21844,3615858.048248291
601857,825,200900,152600,48300,2155846.9222068787
601398,825,217600,163400,54200,1759314.0087127686
601398,826,234600,203600,31000,1897604.0287017822
600150,826,181840,132200,49640,7045599.278717041
600900,647,126700,48700,78000,3551534.0900421143
600519,647,10600,4500,6100,13309184.106445312
601088,647,30500,12600,17900,1442195.9888458252
600150,648,765535,576069,189466,29763407.5564003
601857,648,70200,40000,30200,752943.9897537231
601601,648,119500,46600,72900,3799876.958847046
601398,649,357300,290100,67200,2875593.0527687073
600930,649,491900,164000,327900,1929888.0359649658
600519,651,6000,3300,2700,7527215.9423828125
601658,887,96600,60400,36200,515482.0064544678
600030,887,160400,61600,98800,4299574.897193909
600036,813,93800,18100,75700,3809913.9934539795
601888,689,21000,4400,16600,1097382.978439331
601728,836,156900,91600,65300,961144.0030097961
600519,805,4100,1800,2300,5137105.993652344
600276,826,97420,43120,54300,4431359.70375061
600309,570,563400,248960,314440,39587898.417663574
603259,652,56900,32240,24660,9591408.047485352
600809,652,17700,6700,11000,2020122.9782104492
601318,653,56200,21800,34400,3041243.994140625
600050,653,132600,130200,2400,555570.0070381165
601328,654,45900,30800,15100,344098.9965438843
600760,654,14600,4800,9800,644311.0122680664
603993,655,311800,42900,268900,5481872.986030579
601166,656,184900,84100,100800,3304213.133239746
601211,656,147800,25400,122400,2611749.0140914917
601318,657,53700,19200,34500,2904354.0550231934
601988,657,1605300,210300,1395000,10481342.306804657
600028,657,133600,53800,79800,711290.0095939636
601601,810,131300,56900,74400,4160714.0659332275
600900,810,332700,289600,43100,9338503.889656067
600930,811,85800,27600,58200,335754.00710105896
600930,812,216100,103300,112800,845984.0175628662
601728,812,113000,35300,77700,690783.0063343048
603986,813,238901,29200,209701,95291023.93896484
600030,814,149400,88000,61400,3988728.104019165
601328,814,313200,151200,162000,2355113.0023002625
601888,571,85000,33300,51700,4429022.9820251465
600519,571,22090,11631,10459,27759871.900146484
603993,689,185127,41800,143327,3261530.863161087
601601,689,45400,22600,22800,1446452.0278930664
688012,689,20993,6082,14911,7311895.056213379
601211,780,179600,41400,138200,3172216.983604431
600900,780,1275250,1084750,190500,35773567.7192688
601988,780,1552900,241600,1311300,10184852.993154526
603993,780,1961900,1350100,611800,34694837.688446045
688256,780,56153,39123,17030,62423444.32836914
601288,781,240800,166300,74500,1634287.0092868805
600050,889,258700,137300,121400,1080151.985692978
601127,889,60300,22700,37600,2851024.0032196045
600031,889,382400,169700,212700,6693697.038841248
601288,889,463200,365300,97900,3167309.048271179
600809,889,15200,10700,4500,1732136.731742859
601288,890,531700,156400,375300,3633074.9952316284
600887,890,124900,23406,101494,3364565.001186371
603019,890,54000,27100,26900,4510890.991973877
601318,892,228581,53500,175081,12321027.155769348
688256,572,143140,59403,83737,158213128.5949707
600760,572,88500,16132,72368,3932763.7184295654
601919,827,520900,241000,279900,8525403.266334534
600111,827,66700,50600,16100,2498171.995162964
600930,828,75400,57700,17700,295391.00592136383
688981,828,36815,23864,12951,4481221.586791992
601288,829,426100,308100,118000,2904822.046136856
600028,829,168200,129500,38700,891073.023223877
601658,830,88200,59100,29100,469815.0004863739
601899,830,278700,94600,184100,8742239.144706726
601398,830,242900,218000,24900,1964812.031364441
600406,831,129800,87700,42100,2908396.9705581665
600089,831,60300,20800,39500,1090432.0001602173
600150,832,148500,63300,85200,5760901.993179321
688008,574,596258,383109,213149,134666747.67364502
600183,668,235300,36500,198800,33864770.94268799
601127,668,49245,16690,32555,2332944.2690467834
600309,669,82800,23100,59700,5871268.057250977
601899,669,254300,125600,128700,7990015.017318726
601012,672,120600,104200,16400,1386735.996246338
600406,673,64600,6800,57800,1441808.978843689
603019,673,49900,6400,43500,4176186.0176086426
600519,673,13400,3000,10400,16792344.73876953
688981,673,30992,6834,24158,3763425.9932250977
601888,674,18500,7200,11300,967363.0062103271
601012,674,41400,21500,19900,475900.99544525146
688981,675,34394,16055,18339,4176991.1589050293
688256,675,13333,3720,9613,14730861.022094727
600031,862,228000,150886,77114,4003470.873451233
600930,863,899700,7600,892100,3517903.077149391
600036,864,146600,81600,65000,5948618.159866333
600760,864,11800,4900,6900,520583.003616333
603986,866,33000,12500,20500,13153747.952270508
601688,867,29100,16400,12700,534149.0148544312
601012,879,192500,62800,129700,2202827.9335975647
688981,879,60337,34630,25707,7335483.0738220215
688008,880,100457,57015,43442,22436908.3984375
688012,880,36390,21445,14945,12677749.325836182
601688,882,148900,105200,43700,2733922.0935821533
601288,882,5258400,4605700,652700,35914544.61183548
600089,882,505000,428300,76700,9136435.099601746
601857,575,835500,497700,337800,8993964.214420319
600809,793,7000,4700,2300,795888.9976501465
600519,794,5000,4100,900,6262983.996582031
600406,794,25800,11900,13900,575458.983039856
603259,794,57100,26800,30300,9558174.069213867
601166,794,192600,132226,60374,3447723.6707344055
600031,794,153600,128500,25100,2716933.076286316
601728,794,99700,15800,83900,609325.009393692
600309,794,82500,47900,34600,5837257.0472717285
600036,795,84300,16600,67700,3425146.0487365723
600276,797,64000,25800,38200,2915396.9970703125
601318,798,100217,20183,80034,5418464.217155457
601288,577,660700,494700,166000,4525748.962926865
600050,577,187300,121100,66200,784124.9955654144
688981,577,230055,123820,106235,27981399.713897705
601658,857,203000,198800,4200,1081947.9855537415
600111,858,34300,10900,23400,1285252.035522461
688041,859,27302,9201,18101,6879511.547637939
601688,860,49800,36800,13000,914198.027420044
600760,860,7000,1500,5500,308907.0041656494
601127,860,26900,11700,15200,1271776.9813537598
600887,861,155800,74400,81400,4195866.051483154
601127,578,463600,313102,150498,22311663.007354736
601728,578,1799300,872800,926500,11065225.140190125
600900,578,643100,429600,213500,18033471.377944946
601012,578,448600,155900,292700,5144098.015117645
601728,663,54000,11400,42600,330593.99642944336
600809,664,4700,2200,2500,534736.9911193848
688981,664,74723,33153,41570,9091655.8095932
601688,665,68400,45900,22500,1256855.0003051758
688012,665,10664,5546,5118,3732447.6901245117
600089,666,87900,52300,35600,1587996.9650268555
688041,667,143916,34898,109018,36547221.56828308
600900,579,642300,446300,196000,18025631.71863556
601127,580,560200,411600,148600,27037891.818237305
601688,580,116300,31100,85200,2148686.9344711304
688012,580,42539,24604,17935,14991454.726470947
601628,580,207000,112000,95000,7981938.0741119385
603019,843,17800,8600,9200,1489462.0056152344
600809,844,15800,5500,10300,1809520.0019836426
601318,844,105300,38700,66600,5676084.091186523
600930,845,10995793,365391,10630402,42990801.666399
600150,845,242700,31700,211000,9390535.963439941
601166,846,106200,93500,12700,1897965.0484085083
600089,847,131700,63300,68400,2380378.9726257324
601601,847,132400,49300,83100,4187328.9821624756
600887,848,172900,41200,131700,4656795.066452026
600900,848,121400,88700,32700,3410908.0364227295
601012,581,741400,558600,182800,8502657.942962646
603019,581,68300,38200,30100,5772427.914428711
603986,582,267409,153409,114000,108045773.89123535
601728,582,812600,106200,706400,4989039.906740189
603993,582,956008,305800,650208,16974585.124580383
600309,582,211600,67600,144000,14800018.914794922
600309,583,543700,97300,446400,37986419.313812256
688008,583,367926,169112,198814,83443322.35035706
600887,583,402400,227100,175300,10828232.946014404
601211,583,144175,36600,107575,2546844.244337082
688981,583,210138,110111,100027,25610887.066246033
600309,584,463800,193700,270100,32324063.008117676
600276,584,612000,267300,344700,28047148.110961914
600406,658,32700,25400,7300,729463.9808654785
601919,658,348700,154800,193900,5731176.152992249
600050,659,85700,58700,27000,358812.99872398376
601857,660,54200,42300,11900,580905.0117492676
600809,660,9000,5500,3500,1023948.9868164062
601601,661,26100,4700,21400,829766.0160064697
601166,662,142300,128900,13400,2544636.901283264
600031,894,469300,148100,321200,8222478.22265625
600111,894,149000,64100,84900,5574222.954940796
600036,895,90200,62400,27800,3664247.0027923584
688008,896,157004,74621,82383,35073188.446380615
601988,896,1139374,589900,549474,7502979.968090057
601601,585,170700,106900,63800,5434969.0227508545
601728,585,164500,25000,139500,1008635.012626648
601988,586,8831923,341200,8490723,58057907.26489067
603501,799,6900,2200,4700,571022.0001220703
688008,800,37297,9991,27306,8384891.020446777
688111,800,19221,1200,18021,4363116.542556763
603501,800,15100,6700,8400,1249709.0049743652
600406,801,22300,13400,8900,498316.00646972656
600809,802,24000,18500,5500,2738729.9934387207
601919,803,72100,43500,28600,1179485.0423812866
600406,587,183000,83600,99400,4063982.9622268677
688008,676,95597,53092,42505,21471264.30256653
603019,679,37900,13200,24700,3171141.0568237305
600309,679,25200,13600,11600,1785344.9523925781
600519,680,7400,3600,3800,9269968.896484375
600030,680,104600,19700,84900,2801326.0749816895
601012,680,234000,13900,220100,2688669.946670532
601688,681,28500,800,27700,523268.017578125
688981,681,20188,9663,10525,2452094.031478882
601658,588,2146500,1443800,702700,11376472.405910492
600050,589,112400,87000,25400,470702.00061798096
603986,589,390400,171300,219100,158761640.85083008
600930,869,277900,156100,121800,1086412.0240211487
600031,870,469900,175900,294000,8243274.2027282715
600519,871,9300,4000,5300,11640354.089355469
601888,871,41400,16400,25000,2160726.0025024414
601398,590,2256400,1672600,583800,18159882.33566284
600089,591,211600,149500,62100,3831820.1232910156
601668,591,707200,618500,88700,3061288.968038559
600406,591,275500,192200,83300,6133190.075874329
601211,876,86700,39300,47400,1530431.9709777832
601728,876,800700,182100,618600,4889751.018476486
601899,877,353700,60800,292900,11105462.84866333
601328,877,360700,180100,180600,2720589.007091522
603993,877,207100,93600,113500,3652108.847618103
601318,593,288300,216800,71500,15658646.043014526
601398,593,1013700,848100,165600,8168766.387462616
600930,594,53900,24800,29100,212075.00336170197
601688,594,231400,119800,111600,4264836.073684692
601888,594,94800,65300,29500,4979348.966217041
688012,594,63179,38878,24301,22168794.170654297
601600,782,2396190,196200,2199990,21853517.531843185
601211,782,166900,124900,42000,2950879.05292511
603019,782,70700,48500,22200,5936534.020996094
601688,783,62200,55300,6900,1142228.0433654785
601600,784,453890,223400,230490,4138974.7365665436
600887,785,306700,264800,41900,8282072.026824951
601012,785,50800,34700,16100,582573.0056762695
603501,786,15900,1800,14100,1318608.9881896973
601127,786,36700,23600,13100,1736625.0476837158
688008,595,247116,132571,114545,56255697.31643677
601328,596,663300,431400,231900,4985697.044849396
601328,682,655700,616200,39500,4925898.110246658
601012,682,212500,61600,150900,2440795.9323883057
600030,684,32400,26200,6200,867934.0282440186
601012,687,74800,23000,51800,858265.997505188
600519,688,19900,8700,11200,24928726.977539062
600030,597,165485,62610,102875,4436957.768602371
603993,597,913700,529400,384300,16138811.926269531
601088,598,63100,20100,43000,2993612.973022461
600900,599,237600,163500,74100,6662261.201286316
600183,600,515710,271200,244510,74773525.61172485
601688,600,341300,229500,111800,6287099.034118652
600030,600,329400,162800,166600,8827440.901565552
600309,600,156200,100000,56200,10927787.036132812
603501,601,27700,11100,16600,2282423.999786377
688111,601,18833,5736,13097,4284006.143630981
600309,601,80400,34500,45900,5631472.992706299
603986,839,22500,10900,11600,8981964.080810547
600111,839,43400,16200,27200,1625925.9948730469
601288,839,1185500,313800,871700,8076393.003988266
601688,840,196300,133300,63000,3601995.072364807
600183,840,108100,19800,88300,15490416.036987305
600030,841,175800,76500,99300,4701006.962394714
600406,841,97900,53000,44900,2191531.9299697876
601601,841,93300,42200,51100,2955285.017967224
600089,841,82800,25300,57500,1496448.9805221558
600050,842,2406100,304100,2102000,10057551.591920853
601600,603,542800,199100,343700,4976915.0285720825
688256,604,15021,7230,7791,16637163.358154297
600028,604,611600,344200,267400,3275502.0204544067
601328,604,359700,308500,51200,2704432.0058345795
600111,604,178900,63000,115900,6693598.87046814
600150,606,920746,361006,559740,35957148.50333023
601318,606,336700,127600,209100,18228966.06903076
688008,607,143882,54163,89719,32514408.775177002
600183,607,117031,55700,61331,16872600.83618164
603986,608,231600,68700,162900,92838062.08496094
601668,608,1069800,150800,919000,4644438.125896454
601088,788,15900,9900,6000,751481.9927215576
601398,788,336400,303400,33000,2714417.921257019
601328,789,89200,84600,4600,670737.9994392395
601166,790,67400,45700,21700,1205799.9591827393
600089,791,35060,9900,25160,633633.1915664673
603501,609,23000,10000,13000,1893409.0034484863
600519,609,62810,48810,14000,79602472.19970703
601668,610,481700,432200,49500,2090083.062171936
688256,610,45266,15394,29872,50028638.677734375
688008,611,212295,109407,102888,47870475.915008545
600036,613,113700,54100,59600,4630353.073501587
600089,835,33000,16700,16300,596807.0013046265
601600,833,955400,164500,790900,8722793.10913086
600930,834,85600,52400,33200,335220.0068473816
603019,615,66000,31700,34300,5529786.036682129
600150,615,535121,322002,213119,21044025.97531891
600036,616,86600,63800,22800,3530536.9468688965
603019,616,44000,24800,19200,3685981.0317993164
603993,617,212000,107200,104800,3740509.889602661
600030,849,214400,93100,121300,5742482.166671753
601166,849,49300,18800,30500,881179.0098190308
600183,850,86900,40004,46896,12481759.078674316
601166,618,476401,378701,97700,8525658.674345016
601899,619,377000,98100,278900,11814174.034500122
601688,619,43600,15100,28500,802390.9868240356
688981,619,47767,32122,15645,5794536.208389282
600150,619,240400,183300,57100,9444720.909118652
600050,854,519400,45400,474000,2171545.921230316
601318,854,80800,36300,44500,4354552.003860474
603019,855,59500,25100,34400,4982649.0074157715
688041,855,103854,23493,80361,26175448.285003662
688008,621,82919,26957,55962,18728376.702194214
600406,622,113500,26900,86600,2532435.9451293945
600760,816,7500,6100,1400,331260.98861694336
601088,622,39700,9300,30400,1880221.0006713867
600111,623,90900,25200,65700,3407627.9712677
600031,623,254900,112600,142300,4537238.833999634
688981,816,26432,14753,11679,3214924.84879303
600030,817,57600,22800,34800,1538148.0056762695
601088,817,39500,14000,25500,1870394.0006256104
603993,819,453100,88600,364500,7993125.043678284
600031,820,135200,77900,57300,2391115.0590896606
600519,821,9300,1900,7400,11650615.991210938
601857,821,143000,98100,44900,1532511.0279083252
688008,625,75008,43741,31267,16937123.22808838
601888,625,58300,9600,48700,3058914.0090942383
603501,625,12500,4500,8000,1029197.9934692383
600050,625,567800,48400,519400,2379566.020488739
601127,626,42300,20100,22200,2008945.0397491455
600930,626,66800,48300,18500,262339.00463581085
601398,627,160000,122100,37900,1290820.97864151
600276,627,97000,56300,40700,4426570.760688782
601728,629,214500,113200,101300,1313872.001361847
600183,630,160298,48700,111598,23149099.788208008
601668,630,64000,57200,6800,277051.9968032837
600900,630,131100,112000,19100,3676170.0872421265
601088,630,27425,22325,5100,1299837.9917144775
601857,631,136000,122100,13900,1461860.9968185425
601628,631,56000,17200,38800,2163514.991378784
601012,631,78300,45400,32900,897772.0133781433
601088,631,58700,23200,35500,2783809.9952697754
600111,632,42000,26500,15500,1574634.0473175049
600150,633,266600,91900,174700,10417141.11251831
601012,633,79388,38100,41288,910766.3658103943
601127,633,22900,13100,9800,1088453.9993286133
601127,634,53700,7600,46100,2551611.957168579
600111,634,41200,24700,16500,1545392.9458618164
601888,634,22300,9100,13200,1168251.9996643066
600030,635,78100,34400,43700,2091018.0421829224
600887,635,50500,19500,31000,1364127.014350891
600900,636,277700,60900,216800,7784306.198501587
600809,636,11600,7000,4600,1327161.9956970215
603986,636,118300,66800,51500,47200113.83972168
688008,872,67698,30738,36960,15140930.560409546
601658,872,343800,43300,300500,1832886.983680725
603501,873,17100,5600,11500,1415589.990234375
600030,874,74200,36300,37900,1988922.9516983032
600309,874,124700,59600,65100,8946282.07321167
600519,874,8400,2600,5800,10514974.951171875
600089,638,80300,58800,21500,1451608.9889526367
600930,640,184100,67800,116300,722350.0133991241
601398,640,754200,465600,288600,6071596.150398254
601899,641,214700,41200,173500,6743250.9563446045
600050,641,53400,42500,10900,223637.0005607605
601088,641,15800,6400,9400,748514.9997711182
600183,642,87600,39600,48000,12633487.086486816
600930,805,155100,140900,14200,607850.0119686127
603501,808,24200,3400,20800,2001693.0068969727
688981,809,38975,14123,24852,4742800.700942993
688111,643,5433,1632,3801,1234405.0825805664
601658,644,1170000,846200,323800,6201101.220655441
601600,644,3230400,272400,2958000,29546172.546100616
601288,645,2140100,1741100,399000,14484696.05293274
601899,645,245400,54200,191200,7708522.974205017
601688,645,160900,146600,14300,2956016.085243225
601601,824,75500,32600,42900,2389906.9787979126
603501,824,15900,6000,9900,1314177.018737793
601127,825,20100,14300,5800,951514.0064239502
601899,826,295700,140800,154900,9281215.801048279
688981,826,32211,19311,12900,3918546.883079529
601318,647,67400,16658,50742,3647259.19556427
601211,647,168400,46100,122300,2980956.081008911
601600,648,569600,262700,306900,5203274.129867554
601988,648,561400,232100,329300,3665722.1118927
601899,649,182800,66800,116000,5735653.964805603
601166,887,88500,54600,33900,1583810.958480835
600036,887,144900,51600,93300,5890257.125854492
600900,887,179000,98500,80500,5030885.090827942
600760,888,26300,12800,13500,1158116.9952392578
600809,882,16400,12700,3700,1874123.0102539062
600111,570,1067400,465900,601500,40210921.02050781
600900,570,3048800,1423600,1625200,85287837.60032654
603501,652,12500,7000,5500,1033816.9776916504
600030,653,61200,36800,24400,1638583.0339431763
601628,654,36500,13800,22700,1407402.017211914
600031,654,126300,72900,53400,2239661.950492859
601127,656,42400,5200,37200,2011598.9833831787
601600,656,120000,36300,83700,1097163.0148887634
600111,656,28100,12900,15200,1053317.0146942139
603259,657,222300,60700,161600,37303675.20599365
601288,657,606900,355600,251300,4106200.0507354736
688111,810,15387,7518,7869,3489841.705230713
601919,811,114700,29900,84800,1884286.029624939
600760,811,11800,1800,10000,521398.9959716797
601398,811,233600,195900,37700,1887110.9735488892
603993,812,69600,26600,43000,1230794.0273284912
600111,814,57900,12300,45600,2167233.9679718018
688256,814,32795,6042,26753,36205356.306396484
600028,814,175200,16200,159000,926969.9970245361
688981,571,264091,125526,138565,32220965.509803772
601688,571,774700,668900,105800,14342305.222129822
600276,571,611388,312988,298400,27953050.525634766
600406,571,282300,132300,150000,6253742.910575867
600809,689,7400,2000,5400,843244.0078735352
600050,689,68800,32400,36400,288595.99590301514
601728,889,309000,98600,210400,1888976.0168075562
600183,890,165500,68300,97200,23684558.460998535
601398,890,1226000,454800,771200,9922888.291168213
601888,891,125700,24100,101600,6548845.885467529
600809,891,13900,2700,11200,1583921.012878418
600030,892,221800,61700,160100,5940318.1640625
600930,892,476500,169000,307500,1860040.0438308716
601601,572,791500,207600,583900,25247255.76286316
600111,572,280400,136300,144100,10555805.090332031
688111,827,13040,6048,6992,2960030.321456909
601888,827,12900,10400,2500,673118.998336792
600760,827,4400,3900,500,194430.99479675293
600519,828,5400,3100,2300,6767809.997558594
600031,828,65500,56500,9000,1157950.0179290771
603019,828,39200,32400,6800,3278701.9790649414
601166,830,49300,24400,24900,881012.0265960693
688041,831,45336,24582,20754,11434860.412445068
601728,831,149100,122400,26700,912224.9895572662
600930,831,72900,58300,14600,285622.00570106506
600028,573,3406400,1097500,2308900,18094968.965435028
601857,573,633500,352600,280900,6816317.0570373535
601398,574,2382500,582500,1800000,19252571.863365173
688981,668,26978,7651,19327,3280128.61479187
603019,669,37100,10000,27100,3106308.99810791
601919,670,108802,53900,54902,1787222.8641853333
688111,671,4085,1040,3045,927713.2669830322
600089,671,38600,9300,29300,697594.9903488159
601328,671,124900,90600,34300,937656.0207366943
600900,673,87700,71100,16600,2457188.0363464355
601857,674,103100,94200,8900,1104112.0018959045
601899,675,313600,155300,158300,9864299.559329987
601288,675,422800,212500,210300,2864481.04057312
601601,866,60600,49400,11200,1919183.0041885376
603019,866,41500,22200,19300,3474569.0895080566
601899,866,191100,55100,136000,6001980.960083008
688256,867,20021,7365,12656,22100899.62854004
601888,867,15000,2500,12500,783497.0092773438
688041,867,56924,31377,25547,14346019.772872925
601398,867,232200,142700,89500,1877603.014945984
600111,879,82600,31400,51200,3093284.0076446533
601888,879,22500,12000,10500,1175218.007659912
603993,880,548000,155000,393000,9650394.33708191
600111,880,81200,25200,56000,3040512.957382202
688008,881,74989,40349,34640,16753345.87423706
600030,882,258600,114200,144400,6932600.851249695
601398,882,549400,336700,212700,4448013.160896301
601988,883,300500,175100,125400,1979041.017150879
600519,575,41241,27341,13900,51925438.09020996
600111,796,26800,7800,19000,1003678.0048370361
688981,796,62309,24516,37793,7558379.495956421
601398,576,1659000,1159300,499700,13387754.603767395
601211,576,362700,216700,146000,6438076.003456116
600028,577,2107700,1814600,293100,11188312.9986763
601601,857,107000,31800,75200,3384695.916748047
600309,857,469500,296500,173000,33761772.898864746
600930,857,194600,140800,53800,760348.0172157288
600276,857,29900,15000,14900,1364794.01512146
601211,859,53500,25100,28400,945060.9975814819
601988,859,923800,757700,166100,6076942.970705032
688008,859,35983,20848,15135,8060616.4181518555
600089,860,53800,45300,8500,973203.0073165894
601988,860,431300,71500,359800,2834356.0563087463
600406,861,80500,38900,41600,1802510.9535217285
601888,578,119500,57100,62400,6262730.996322632
600183,663,70000,35400,34600,10098952.09197998
601088,663,43100,16900,26200,2036227.014541626
601600,664,317400,178700,138700,2896771.011352539
600036,664,46100,20700,25400,1878851.9584655762
603986,666,31900,11600,20300,12782671.05102539
600900,666,59400,42200,17200,1663622.0096588135
601628,667,30100,14800,15300,1162566.9975280762
603986,667,37615,17000,20615,15060759.008636475
688041,580,153645,80039,73606,39424714.13058472
600309,580,823100,184600,638500,57607488.0607605
603259,843,64200,24000,40200,10778600.764465332
688111,844,5852,1602,4250,1327730.757385254
601012,844,51600,16800,34800,591504.0058135986
601600,845,293800,191400,102400,2683195.0519561768
600519,845,8200,4800,3400,10280711.987304688
600036,846,98000,57900,40100,3979739.9410247803
688041,846,35370,20023,15347,8922862.822601318
600309,848,104800,67600,37200,7475524.980926514
688012,848,29560,21972,7588,10326087.786621094
688008,581,381246,228757,152489,86803615.54078674
600760,581,22300,7400,14900,989593.0061340332
601318,582,347274,120600,226674,18814885.625686646
600406,583,196500,53000,143500,4352891.934585571
601012,584,1472864,1045864,427000,16971072.40873909
601888,584,112700,63200,49500,5907797.989273071
600900,658,1587418,89100,1498318,44444346.92316437
600887,659,41700,9100,32600,1124099.9872207642
601127,661,29900,12900,17000,1417110.0021362305
601728,661,92300,38000,54300,565255.998134613
600050,895,1042000,413000,629000,4349269.977092743
601318,896,198400,128804,69596,10697726.756332397
601600,585,1169300,419000,750300,10740981.886768341
600150,585,494735,143438,351297,19406604.66502762
601888,585,374500,307300,67200,19686852.98423767
600309,586,122600,52800,69800,8554911.051177979
600031,586,185100,100400,84700,3284072.9667663574
600089,800,68600,12200,56400,1237666.0423278809
688012,800,12578,2116,10462,4386889.65246582
601166,801,88000,80200,7800,1574241.9445037842
600519,801,6200,1900,4300,7767697.1435546875
600089,801,125800,7000,118800,2269480.1042556763
601601,801,112900,37000,75900,3582317.9483413696
603019,802,34492,25092,9400,2885799.814727783
601211,802,101100,16000,85100,1775475.9496688843
600406,803,50243,27014,23229,1122532.6300468445
601398,803,939000,280600,658400,7577599.726772308
600183,804,50000,22300,27700,7199656.0623168945
688008,587,448904,267586,181318,102890473.49409485
601857,587,1382200,655400,726800,14809298.113536835
601688,676,95900,34000,61900,1761568.0715560913
603986,676,46600,20100,26500,18600274.10583496
601012,676,47200,23600,23600,542563.9945983887
600036,676,151300,132100,19200,6157684.067153931
601628,677,30200,11500,18700,1167933.9740753174
688111,677,5595,2407,3188,1269634.7118682861
600050,678,49600,34100,15500,207668.9992904663
601728,678,58000,28700,29300,355246.99993133545
603993,679,108600,66600,42000,1915582.9319000244
688981,679,19997,11647,8350,2431002.425491333
601658,679,237000,7200,229800,1258541.9880867004
600089,679,28100,19800,8300,508246.0023880005
601888,680,17200,6500,10700,899625.0007629395
601398,681,649900,472300,177600,5239390.180778503
601899,589,626600,190300,436300,19730735.836029053
600089,868,62700,37600,25100,1133992.0038223267
600309,868,118600,39800,78800,8514116.975402832
688111,869,4253,1714,2539,965434.757522583
600406,869,58500,38400,20100,1309717.9620742798
601012,870,86900,14700,72200,995151.9867897034
600028,871,74000,39500,34500,391855.00621795654
600760,871,71200,12900,58300,3138271.082305908
601888,590,65300,47700,17600,3427154.013824463
688981,591,281012,121145,159867,34328139.045784
600030,875,101400,48900,52500,2717939.9322509766
601127,875,14200,7500,6700,671528.0075073242
688111,875,3180,1537,1643,721841.5970916748
601899,876,188600,47500,141100,5922514.938926697
601668,876,5141400,242400,4899000,22040044.2445755
601318,877,136400,66600,69800,7356914.902114868
601658,877,242400,157700,84700,1293569.0176010132
601601,878,149100,39500,109600,4715709.9685668945
601318,878,95900,30800,65100,5172079.981613159
601919,592,218700,158400,60300,3581926.91822052
600887,593,1891900,1318300,573600,51093055.2690506
601166,593,390939,351239,39700,6994470.503936768
601688,782,104000,61900,42100,1909363.0617141724
600887,782,344900,282550,62350,9296892.923355103
600309,783,40200,19600,20600,2854223.9738464355
688981,784,25948,14262,11686,3157771.4840011597
601668,785,110000,49700,60300,474597.00508117676
600030,786,90390,17620,72770,2420066.1488342285
601012,786,27000,12200,14800,309542.00382232666
601211,787,104600,32800,71800,1847490.9898757935
601857,683,623800,470400,153400,6682187.05329895
601328,595,449900,423500,26400,3379720.078420639
601398,596,993300,131700,861600,8007315.321350098
688981,682,15378,1600,13778,1867532.629119873
603019,682,20900,6100,14800,1748101.9927978516
601328,893,1763900,553800,1210100,13279213.20385933
688041,683,60012,38860,21152,15177034.459030151
603986,684,25600,7600,18000,10217831.042480469
601668,684,320500,28100,292400,1384841.0480499268
688041,684,128318,88659,39659,32464327.10183716
688012,684,20756,11216,9540,7231445.761444092
601601,686,26800,17700,9100,853348.0049133301
688256,686,7423,4722,2701,8209552.889892578
600150,687,193252,124669,68583,7526538.228569031
603986,687,16300,7300,9000,6509502.90222168
600036,687,55600,48100,7500,2266294.9195861816
601088,893,127300,80700,46600,6009861.083984375
601668,597,6856020,6428380,427640,29760361.715221405
601127,597,226800,49700,177100,10909095.17173767
601398,600,261100,214300,46800,2103998.0988502502
601318,601,176900,101300,75600,9592966.066360474
603993,601,1276800,491100,785700,22582700.12626648
601127,601,108000,28800,79200,5162331.995010376
601888,838,21600,10700,10900,1127173.991394043
601988,839,371300,162500,208800,2443329.0041446686
600276,840,86900,58100,28800,3950569.979095459
688012,840,19156,12575,6581,6679668.598358154
601127,842,26198,11000,15198,1239722.3588867188
603501,842,22700,16600,6100,1879703.0136108398
600930,602,175600,23400,152200,690342.0114994049
601857,602,706100,577200,128900,7591734.026527405
601318,602,316600,258800,57800,17179661.920166016
600809,602,50700,42100,8600,5793542.932891846
688008,604,292090,201333,90757,65941223.34552002
600276,604,400900,108600,292300,18369075.104904175
601688,605,112100,48779,63321,2068026.0604858398
601857,606,302400,232400,70000,3242733.0028533936
600089,607,312000,254800,57200,5640701.970291138
601919,607,107900,44700,63200,1762534.003829956
600519,608,34820,25420,9400,44064862.111816406
600519,788,5100,2600,2500,6384924.084472656
600030,609,104000,56100,47900,2789276.968193054
600030,610,110800,46100,64700,2971008.9513778687
601012,610,332500,121400,211100,3834938.938999176
600276,611,209000,86100,122900,9557356.064224243
600050,611,130900,90300,40600,550682.9957008362
601211,611,94700,41700,53000,1675820.002746582
688008,612,165251,49105,116146,37187064.56843567
600036,612,60600,31000,29600,2468968.054962158
601211,612,133900,82000,51900,2369699.07913208
603259,613,403600,194620,208980,68525544.48120117
600030,613,100200,39900,60300,2685160.971069336
600030,833,100400,81600,18800,2683741.905183792
600887,833,88300,41500,46800,2380860.9281539917
688041,833,28881,17099,11782,7290442.014801025
603993,834,46000,18900,27100,813929.0288925171
601919,834,166500,30800,135700,2723772.0977783203
603019,835,104000,9800,94200,8700030.965423584
601919,836,176100,76300,99800,2879111.064338684
600028,836,124700,73600,51100,661646.0055351257
600150,614,263346,205061,58285,10341555.03087616
601668,614,1279300,654600,624700,5552359.186792374
601658,615,1285500,1257500,28000,6813354.235458374
601668,617,3175620,112300,3063320,13782934.262609482
603501,849,57400,5100,52300,4758178.998565674
601012,849,48100,32100,16000,551547.0091819763
600900,850,161600,78300,83300,4538511.005592346
601398,851,185000,55500,129500,1495354.998588562
601658,852,128300,96400,31900,683519.9981212616
600760,619,15100,12596,2504,668883.0135345459
601398,619,1770300,1697800,72500,14251265.345668793
601888,854,8800,2300,6500,460101.99394226074
603501,854,20750,11800,8950,1719660.4976654053
600760,854,29200,7580,21620,1288894.0254211426
600276,855,61200,33000,28200,2793757.0316314697
600519,855,6900,4400,2500,8644743.920898438
601628,856,38400,29000,9400,1482432.9933166504
688981,856,92468,51154,41314,11269123.826072693
601088,856,24000,17200,6800,1136003.024673462
600030,622,97600,34200,63400,2614930.900707245
601318,621,185700,139200,46500,10049562.94708252
603993,622,883000,393600,489400,15579540.539360046
600519,623,15600,2900,12700,19686352.1484375
601127,623,45500,26400,19100,2163288.993835449
601318,816,78600,22600,56000,4238337.90435791
603259,816,37100,22900,14200,6218626.989746094
601668,817,208400,60600,147800,894642.0059204102
600050,817,59500,35600,23900,249065.99793434143
601628,818,69000,18100,50900,2657779.9770355225
601601,818,251800,25800,226000,7973714.001083374
601166,625,55500,17600,37900,993625.9828567505
601688,626,222860,11300,211560,4095910.658607483
601919,627,64200,44600,19600,1050936.022758484
600406,628,45500,22300,23200,1014549.9895095825
600050,628,177900,29900,148000,745700.0027656555
688256,884,14354,6998,7356,15808240.376098633
688981,884,64681,43383,21298,7857016.911247253
600030,884,406443,352043,54400,10904200.213760376
600887,884,115100,53600,61500,3102522.9959487915
688008,885,210306,64611,145695,46927946.73629761
601318,885,192700,97500,95200,10400056.95628357
601888,885,39600,19800,19800,2066822.6784439087
603993,886,331300,111000,220300,5838475.089263916
601658,886,131600,66300,65300,702091.0051345825
603986,629,47200,23100,24100,18880771.173095703
600031,629,54500,19700,34800,969752.0168304443
688981,629,30983,21748,9235,3763951.9169692993
601398,630,1172200,1112600,59600,9447336.478233337
600036,630,108900,59600,49300,4444275.02746582
600309,630,127661,62300,65361,9105212.912628174
601658,631,122900,118700,4200,653786.0201358795
601919,631,164700,78600,86100,2698964.9032592773
600050,632,4212000,126100,4085900,17648479.225444794
688041,632,53378,30492,22886,13645426.042541504
601658,633,1299600,37400,1262200,6900861.926078796
601088,633,64200,35000,29200,3042315.022277832
600183,633,81300,35800,45500,11751597.914123535
600309,634,112800,42400,70400,8033542.942810059
600089,634,39400,33100,6300,712288.995552063
688256,634,19716,9173,10543,21860272.841552734
601012,635,55900,23500,32400,641407.9978942871
601328,636,315600,65600,250000,2370338.066959381
603986,872,62300,20100,42200,24844419.256591797
600028,872,131900,71300,60600,698464.0112876892
600183,873,130000,37300,92700,18609195.770263672
601601,873,67800,36400,31400,2148141.0261154175
601857,874,155800,82600,73200,1672559.9475860596
600031,638,590500,55000,535500,10484223.065185547
601288,638,626100,334600,291500,4248304.048395157
601988,639,160200,81900,78300,1046925.0133037567
601668,640,1084700,958300,126400,4695486.94858551
603019,640,39585,11285,28300,3318839.433364868
600036,640,127800,100800,27000,5209815.985107422
603259,640,62545,22600,39945,10548947.549972534
601988,642,1318700,131500,1187200,8610460.259580612
600030,642,67600,31900,35700,1809390.0249481201
600089,642,35800,19500,16300,647362.9995346069
601211,805,221400,72800,148600,3885628.871536255
601012,806,54300,20100,34200,621935.9942436218
600028,806,184200,42300,141900,974841.0026550293
601088,806,29700,13300,16400,1404681.004333496
688012,808,8984,3488,5496,3136634.969055176
600900,808,112800,38500,74300,3164808.931541443
601988,809,197900,73200,124700,1298956.0054302216
603259,643,75200,35600,39600,12695433.045959473
603993,643,141500,73600,67900,2497054.9364089966
601328,643,462100,292600,169500,3465742.9998397827
601857,645,230200,97900,132300,2469980.909538269
603501,645,32000,22800,9200,2643774.0058898926
601318,822,91730,52300,39430,4943361.416893005
600150,822,107000,64000,43000,4139397.9236602783
603501,822,23900,5600,18300,1975220.021057129
601600,822,165000,134900,30100,1504520.9747314453
600930,823,120700,27800,92900,472215.01009464264
601658,823,108500,76800,31700,576903.0113697052
601628,824,39800,30300,9500,1532270.0050354004
603993,824,194500,52900,141600,3438949.063682556
600089,824,63100,32700,30400,1139281.9593429565
601328,824,544900,315200,229700,4097173.001384735
600760,826,11400,7600,3800,503754.9919128418
601919,650,145600,110800,34800,2391009.0169906616
601012,651,254400,72800,181600,2923177.9445648193
600406,888,130200,78500,51700,2912240.0959014893
600276,820,58800,23500,35300,2673569.033432007
600028,826,232900,122000,110900,1233261.019039154
600276,570,949560,484720,464840,43248468.28804016
688041,570,732136,314073,418063,188202331.02648926
600150,652,217172,110045,107127,8456830.053188324
601398,653,358800,334700,24100,2888099.0629196167
688111,655,9601,8072,1529,2182387.029663086
603019,655,17400,10200,7200,1459968.0351257324
600406,656,44500,19200,25300,992541.9704437256
600930,656,163400,96700,66700,641495.0115442276
601857,657,398500,365600,32900,4269422.012519836
600150,657,80300,44000,36300,3128737.021636963
600183,810,118800,27300,91500,17071266.23840332
601888,810,14200,6700,7500,739886.9926452637
601988,810,2653500,1758800,894700,17434881.38113022
688012,812,51797,8920,42877,18019526.57763672
601288,812,261200,170100,91100,1772637.0126247406
600930,813,128600,39800,88800,503224.01065826416
601888,814,14500,9500,5000,755682.9925537109
600050,814,91900,11600,80300,384257.98687934875
600036,815,129400,57300,72100,5255443.996810913
600030,815,56300,22700,33600,1503437.004852295
601601,815,119400,28900,90500,3782479.0338516235
601600,689,632100,154600,477500,5771060.072040558
601328,780,313700,275900,37800,2358689.002561569
600183,780,296760,65600,231160,42585068.507995605
601658,780,482600,108000,374600,2567495.075273514
600406,780,170400,84800,85600,3801342.9025650024
601728,780,323300,28900,294400,1981306.012392044
601600,781,589300,248600,340700,5382863.122558594
600309,889,109729,57700,52029,7847868.688285828
603259,890,98900,45300,53600,16602042.04864502
601398,891,2274600,580900,1693700,18405554.439544678
601919,891,221300,101100,120200,3617979.078102112
688981,892,119076,68687,50389,14437585.853889465
601127,892,96400,40300,56100,4552299.054718018
603259,892,117200,33500,83700,19682715.881347656
601318,572,566200,229900,336300,30682036.069488525
601728,572,937400,389100,548300,5724642.059421539
601127,572,264800,97000,167800,12572406.023025513
600030,572,681839,341902,339937,18340680.080781937
601688,572,300200,130100,170100,5559521.133232117
601600,828,90800,71600,19200,828812.0059967041
601728,828,173500,107500,66000,1061159.996509552
601919,829,41600,24700,16900,681238.9934539795
603501,829,9200,4000,5200,761313.9869689941
600030,830,88700,28200,60500,2370831.9566726685
600111,830,44700,23100,21600,1674211.9995117188
603259,831,44400,24722,19678,7456337.933349609
688111,832,2599,715,1884,590366.8909912109
603019,574,238900,117311,121589,20103679.520462036
600150,668,262300,94800,167500,10223645.989608765
600276,573,473800,207000,266800,21659004.8992157
600030,573,415200,232200,183000,11161500.872802734
688111,574,51693,13392,38301,11805011.508392334
601988,668,176700,94600,82100,1156564.0149116516
600050,668,94600,76600,18000,396194.0012931824
600887,669,47500,37200,10300,1280079.031944275
600036,670,81800,41000,40800,3333518.9712524414
601728,670,94900,1200,93700,580799.9894142151
601628,671,121600,89300,32300,4705425.983047485
600760,671,17532,9732,7800,776763.6025543213
600930,671,61500,35100,26400,240816.00494384766
601288,672,212600,172000,40600,1441022.0353126526
601601,672,33000,17800,15200,1050811.007118225
601088,672,37700,11700,26000,1779330.9913635254
688008,674,61665,30291,31374,13846589.290847778
601012,675,28300,19900,8400,325365.9980773926
600887,863,80600,46900,33700,2171581.04801178
601668,864,246900,63200,183700,1059833.0050468445
600089,865,67100,30300,36800,1213471.001815796
600900,865,96400,33500,62900,2708211.022377014
601601,865,65400,56800,8600,2070220.982170105
688981,865,27583,8501,19082,3356152.409385681
600519,867,6900,2600,4300,8640699.963378906
600183,867,155200,20000,135200,22259326.86767578
601127,879,21500,15000,6500,1016372.9866027832
600028,880,623600,211600,412000,3300960.0246429443
600930,880,300700,60600,240100,1176343.0252313614
601899,881,318500,218700,99800,9990347.24445343
600519,881,19700,5800,13900,24648337.01171875
603986,882,124300,79800,44500,49509269.955444336
601318,882,126500,88800,37700,6822436.932373047
601728,882,289200,212300,76900,1767842.006635666
601600,883,1213500,533500,680000,11061753.738307953
601658,883,390300,297800,92500,2083277.038383484
600089,575,242900,114300,128600,4406573.860168457
601600,793,150300,103600,46700,1371772.0065116882
600309,793,28400,17100,11300,2010059.9639892578
603993,796,126600,15900,110700,2245689.966583252
600050,797,189900,163900,26000,795421.0049152374
601899,797,240029,33100,206929,7557412.129861832
600309,797,48000,27200,20800,3395628.045654297
603019,798,25400,7300,18100,2126237.998199463
688981,798,34285,9802,24483,4160138.269226074
601600,798,281800,100000,181800,2571015.990638733
600089,798,82100,19200,62900,1482096.9417572021
688041,798,34617,14527,20090,8765856.442276001
601012,576,1452500,1081800,370700,16646233.068752289
601088,576,120900,42300,78600,5748914.953994751
688012,577,70050,38862,31188,24688205.403076172
600309,577,387400,105100,282300,27137759.52671051
601211,577,284200,187600,96600,5042208.946418762
600050,857,219000,166400,52600,914893.9754486084
600519,857,3800,1800,2000,4760321.887207031
688111,858,6187,4691,1496,1404600.478088379
601899,859,163900,117100,46800,5150021.018981934
601398,859,468500,407200,61300,3789552.05745697
600309,859,816500,653046,163454,58838573.095718384
688111,859,5985,1843,4142,1359008.9493408203
601600,860,343700,98600,245100,3138967.0619010925
688111,860,7431,6101,1330,1687700.9119873047
601919,861,128600,54700,73900,2101478.023147583
601919,578,385000,79700,305300,6295345.160484314
601668,578,442500,232600,209900,1900651.0363578796
601088,578,123900,66800,57100,5888292.977523804
603993,578,679100,486600,192500,12089913.64479065
600150,664,150703,58200,92503,5877524.084243774
688111,664,6354,634,5720,1443280.0548553467
600050,666,52600,29100,23500,220158.997631073
600309,667,51000,28200,22800,3617211.0389709473
601658,667,382300,134300,248000,2030020.9784984589
688111,667,6962,999,5963,1580469.5723876953
600089,579,368700,137000,231700,6687256.7529678345
688012,579,47475,24575,22900,16728872.769561768
600809,579,45800,21200,24600,5218521.009063721
600406,580,190300,34700,155600,4217355.978012085
601658,844,160900,80400,80500,856792.0076847076
600900,844,496100,404300,91800,13935300.072288513
600519,844,4400,3000,1400,5515411.03515625
600309,845,74700,31000,43700,5333681.075286865
603986,845,24000,12300,11700,9575642.971801758
601988,846,1132200,128100,1004100,7439835.162591934
600150,846,244500,149500,95000,9459868.962478638
603986,846,23600,14700,8900,9416152.98461914
600111,848,47900,28800,19100,1793357.9559326172
600309,581,530700,266200,264500,37129367.33093262
688041,582,181103,90363,90740,46460379.57424927
600150,660,156234,110907,45327,6099790.742225647
600031,584,219299,99900,119399,3886121.132692337
601012,658,141800,59200,82600,1629873.9810943604
601628,658,32300,24200,8100,1245613.020324707
688981,659,107434,38325,69109,13078869.269134521
600089,659,159700,10500,149200,2885866.953277588
601899,660,91700,42600,49100,2878888.953781128
601088,660,18700,7600,11100,882767.9973602295
600036,660,94700,39500,55200,3855271.0388183594
600309,662,60900,35400,25500,4315145.980834961
688981,662,74654,39082,35572,9087299.159934998
601919,662,26900,6000,20900,441488.99726867676
601328,894,367100,107500,259600,2762028.025865555
600519,894,45900,5700,40200,57421336.05957031
600030,895,280600,190000,90600,7516945.231628418
601899,895,641100,306300,334800,20131543.778419495
600809,895,15200,6500,8700,1734367.9862976074
601919,896,694460,372887,321573,11361096.367452621
688111,585,121228,24639,96589,27635525.69039917
600519,585,13200,5400,7800,16646278.137207031
601988,799,559500,457200,102300,3675219.0801143646
600809,799,4200,1200,3000,478567.0021057129
601012,799,154800,48100,106700,1770602.9746055603
601728,800,102800,22500,80300,628333.008146286
688008,801,59527,23073,36454,13373673.184753418
601988,802,185000,54200,130800,1213074.0092754364
600276,803,135800,41800,94000,6176670.110702515
600309,803,50800,29400,21400,3598044.9264526367
600031,804,96200,70100,26100,1700555.0233840942
601600,804,278300,193100,85200,2537833.9621543884
600036,804,167100,28200,138900,6783156.9622039795
688111,678,1138,938,200,258354.32077026367
601728,587,293800,255900,37900,1803552.9701709747
601668,676,94600,41800,52800,409090.0058746338
601211,680,151200,16900,134300,2673529.0533065796
600089,680,52100,10100,42000,941705.9900283813
688008,588,269331,144499,124832,61543731.50003052
601919,589,528200,347100,181100,8627724.01046753
601166,589,948900,304800,644100,16919828.949165344
601658,868,348500,76600,271900,1858270.9909439087
601088,869,44100,18500,25600,2087695.0141906738
601328,869,254000,213700,40300,1914757.0003032684
603986,870,38100,15000,23100,15201756.997680664
601688,870,248700,177400,71300,4566251.154518127
600809,871,9600,4500,5100,1097084.9960327148
603993,875,200600,134900,65700,3535920.941925049
688256,876,60544,10968,49576,66780510.81286621
688111,877,9597,4765,4832,2178438.7540740967
601288,878,4004200,1576100,2428100,27309390.65747261
688012,878,23478,7429,16049,8186193.046417236
600030,593,157600,84500,73100,4223465.948867798
600028,594,234300,130400,103900,1238408.0168247223
601398,782,271100,5900,265200,2185125.1094818115
600030,782,44300,24500,19800,1186326.0297775269
601888,782,36700,14100,22600,1915510.9874725342
601899,783,514500,346100,168400,16204422.946739197
688008,783,112218,43741,68477,25311623.65397644
601318,784,101800,24000,77800,5509712.003707886
601688,784,29700,16000,13700,545452.0217895508
600406,784,35200,24100,11100,785200.9786605835
601628,785,15300,7300,8000,591172.9965209961
603501,785,24100,5100,19000,1999739.0045166016
600036,785,79573,53500,26073,3232367.2397499084
688981,787,120819,59322,61497,14678710.667877197
600111,787,64800,11800,53000,2426879.01763916
688041,682,76953,35872,41081,19462130.157424927
601988,683,264950,107600,157350,1736498.5238552094
688012,683,28183,6188,21995,9814695.087158203
601919,683,152300,114700,37600,2503404.071998596
601688,684,21000,8900,12100,385649.01485443115
601658,684,138000,54100,83900,733321.004486084
601988,685,189400,92100,97300,1241491.013288498
600760,686,23100,14700,8400,1023741.0182952881
688012,686,19065,9325,9740,6636562.288848877
601988,686,425800,355300,70500,2792542.993116379
603259,687,68300,18700,49600,11438251.010131836
600150,688,121100,72600,48500,4716604.954528809
600111,688,45400,40200,5200,1699118.9491271973
601601,688,41100,19400,21700,1309502.0263671875
600030,893,354785,226345,128440,9503542.570886612
688981,597,101211,39013,62198,12309084.057693481
601088,597,41200,20200,21000,1954871.989440918
600050,598,52500,30800,21700,220282.99536705017
600760,598,8300,2700,5600,367999.0032196045
601012,599,411500,70800,340700,4728500.9141922
601601,600,142900,82800,60100,4546666.946983337
601127,600,86700,42600,44100,4147116.063308716
603986,601,211139,60515,150624,84935547.33978271
688111,838,3604,1221,2383,817829.2518005371
600028,840,156500,24400,132100,828128.9996147156
603019,842,40300,32800,7500,3372443.0114746094
601088,602,65500,39600,25900,3113992.0150756836
601688,603,190000,81693,108307,3505585.079574585
601318,604,156800,98500,58300,8506039.02015686
601668,604,473900,217400,256500,2058900.0184059143
601857,605,498500,148200,350300,5345295.981502533
600309,606,116800,40300,76500,8168012.144470215
688041,607,74263,17789,56474,19005848.05142212
600111,789,36600,21400,15200,1370597.9957580566
601088,789,50200,28700,21500,2374587.0155334473
601668,790,185500,51000,134500,800015.0010585785
601628,791,32700,4600,28100,1262197.9625701904
688256,791,7643,2890,4753,8460023.872314453
601688,610,24900,15900,9000,459066.01123809814
603259,611,206500,106300,100200,34961675.02288818
601919,611,100700,63600,37100,1648290.0465011597
601668,612,3627280,2520700,1106580,15742798.739528656
600089,612,125700,64900,60800,2277051.091003418
600760,612,40958,12000,28958,1807597.3742523193
600111,613,100300,40400,59900,3753862.940979004
688981,613,124692,24487,100205,15070912.728355408
600519,833,4500,2600,1900,5638415.026855469
688012,834,19872,8984,10888,6941889.069244385
601658,834,88300,68000,20300,470435.9982967377
600309,835,96700,67100,29600,6891682.015991211
601328,835,73100,68500,4600,550397.0142841339
603019,836,47300,13700,33600,3955037.017059326
600030,836,99400,82600,16800,2659727.0177841187
688111,836,11797,1500,10297,2677964.864593506
601888,614,137200,74300,62900,7225889.011383057
688041,614,54137,28889,25248,13801103.426605225
600111,615,166000,28900,137100,6208071.120452881
601899,850,211400,78100,133300,6646940.104484558
601728,850,65600,27800,37800,401094.00186538696
688041,851,26689,8637,18052,6732987.607940674
600050,851,59700,38300,21400,249928.9985179901
601919,852,592055,185800,406255,9670021.145181656
603259,852,42600,28000,14600,7152244.021606445
601012,852,162200,138700,23500,1860199.0379333496
600028,852,138400,66300,72100,731415.0125980377
600406,852,294600,177900,116700,6597068.842506409
600276,618,425400,91000,334400,19402842.85507202
601628,618,14200,8500,5700,549105.9951782227
688981,618,128050,69314,58736,15532036.702033997
600150,618,181300,105085,76215,7119765.034160614
600276,620,397879,139426,258453,18124269.035964966
601600,620,390000,119200,270800,3573591.9677734375
601166,620,39700,12200,27500,710751.9876480103
601328,620,494900,427200,67700,3720971.007347107
601728,853,347200,18800,328400,2121580.041694641
601888,853,35000,5000,30000,1830062.9863739014
600028,854,150100,43000,107100,792958.0208301544
601088,854,37900,24400,13500,1793538.0275726318
601088,855,24100,14000,10100,1140703.0178070068
601628,623,23000,4300,18700,889066.0049438477
600111,816,29900,17800,12100,1119267.9801940918
603501,816,25500,19900,5600,2105602.9388427734
601127,816,24400,15000,9400,1158193.0057525635
601919,816,25300,13600,11700,415055.9934616089
600028,817,231500,44100,187400,1225076.0012626648
603259,817,30100,17200,12900,5046034.020996094
601127,818,19600,4200,15400,929354.0100097656
600809,819,17500,8800,8700,2002269.9882507324
600150,819,189302,56900,132402,7320292.065330505
601988,819,434800,212300,222500,2856591.058588028
601600,821,268000,119000,149000,2443242.9483413696
601668,821,173900,69200,104700,746723.0092048645
600930,625,137300,73600,63700,538952.0097732544
601628,626,29800,15800,14000,1151534.0026855469
601601,626,33200,4200,29000,1057220.0080871582
600030,627,215200,43700,171500,5758516.04385376
600309,627,107300,58400,48900,7649197.0054626465
603259,628,67794,20606,47188,11448602.726196289
601127,628,63200,16700,46500,3003590.9717559814
601888,884,35600,15900,19700,1858089.9780273438
600030,885,218300,103400,114900,5857046.984672546
688012,885,41806,22218,19588,14538162.01296997
600089,886,120600,92000,28600,2180793.9987182617
601166,629,123800,87600,36200,2217239.980697632
601728,630,84900,41800,43100,520005.9998512268
688041,630,135708,81196,54512,34614688.08810425
601600,631,479745,384045,95700,4404295.226345062
603986,633,89300,36200,53100,35732250.90942383
601688,633,85700,31700,54000,1574238.0674362183
601888,633,32100,10600,21500,1681734.017944336
600519,633,11360,5760,5600,14286157.067871094
601012,634,67500,13800,53700,774363.0080223083
601919,634,115400,82300,33100,1889887.9848480225
601658,635,88200,43500,44700,467895.0060367584
601728,635,93900,12500,81400,574792.9921150208
600887,636,70300,17400,52900,1898631.0121536255
600760,872,40400,28900,11500,1781321.0041046143
601919,872,144900,63200,81700,2369266.058731079
601127,873,63000,50800,12200,2978053.949356079
603019,873,44900,16000,28900,3756715.9927368164
601899,640,161600,57600,104000,5077526.0135650635
600760,638,62100,3500,58600,2745601.0105133057
601012,639,64700,44400,20300,743388.9848709106
603501,639,51900,25150,26750,4294302.505493164
601166,805,79900,29800,50100,1427168.0522918701
688008,806,61590,29404,32186,13878626.274230957
600406,806,58000,41300,16700,1296133.0183029175
600089,807,44400,16900,27500,802032.9801559448
603993,807,294200,125100,169100,5205296.17767334
601728,807,93800,12500,81300,573243.0094242096
601988,807,245400,183500,61900,1611659.0279579163
600030,809,188450,29800,158650,5027726.054763794
601166,809,43900,34000,9900,784394.034576416
600050,809,178000,60300,117700,744642.9832458496
603501,809,14900,2200,12700,1231604.0176391602
601888,809,10700,1400,9300,557506.9915771484
688012,644,19357,4509,14848,6782845.202545166
600900,643,451500,315000,136500,12651584.219360352
600036,643,39200,26400,12800,1597643.9849853516
600050,644,52900,33900,19000,221460.9986782074
601398,644,137200,63700,73500,1103725.0093460083
601919,644,115700,108500,7200,1899722.0071792603
600309,644,51100,17100,34000,3638705.0033569336
601166,646,33800,15200,18600,604833.9828491211
688981,646,74108,23558,50550,8983529.401283264
601899,823,815100,73100,742000,25584102.459335327
600028,823,189300,50400,138900,1001901.0043144226
601600,824,208600,107800,100800,1901785.961341858
600036,824,96900,52700,44200,3934058.9363098145
688041,824,45566,19329,26237,11477668.148864746
600030,825,159800,89100,70700,4265743.059921265
601601,825,46800,33200,13600,1481681.9927215576
600760,825,8800,5300,3500,388836.99378967285
603993,826,114700,54000,60700,2028840.0566101074
601728,826,91300,44800,46500,558291.0010814667
600887,826,47300,34600,12700,1274671.0346221924
601658,826,156000,46200,109800,830382.0153236389
688111,826,9308,7679,1629,2111806.792755127
601988,647,113300,48800,64500,740337.0116710663
601688,648,1054000,24300,1029700,19346504.530334473
600111,649,81300,24700,56600,3041721.954727173
601166,649,31300,15700,15600,560113.9844894409
688111,650,9630,7214,2416,2185032.733642578
600050,651,145600,144200,1400,610050.0080108643
600887,887,94100,26700,67400,2535242.0545578003
601328,887,159000,60300,98700,1199463.007736206
600760,887,23800,12000,11800,1048134.8824577332
600276,888,246000,137700,108300,11199989.934921265
601398,888,578400,354100,224300,4682797.169303894
601211,896,402212,313362,88850,7101925.832580566
688111,811,2504,374,2130,567974.4238891602
603986,570,1417948,509407,908541,575504945.597168
603993,652,273700,166100,107600,4815709.072113037
601988,652,406000,81900,324100,2651497.0757484436
601728,652,292833,201433,91400,1791994.9333238602
603986,655,73700,46500,27200,29547057.037353516
688012,655,20848,7227,13621,7311517.046173096
601398,655,339200,211800,127400,2729286.0355377197
688041,656,33573,23715,9858,8572745.464996338
600760,657,44400,31000,13400,1959681.9953918457
601600,812,145600,46400,99200,1328335.9939575195
600760,813,48400,28400,20000,2136830.0636291504
603986,814,135800,23600,112200,54106553.61022949
600930,814,46600,13300,33300,182339.0038728714
601127,814,42837,20837,22000,2032585.8987045288
600519,689,25800,8700,17100,32309113.049316406
600089,689,92300,31700,60600,1668177.9790878296
600036,689,60100,31600,28500,2448246.001434326
603259,780,455100,82200,372900,76029824.52545166
600930,780,419500,165300,254200,1641898.0344295502
600183,781,138700,92500,46200,19894214.205932617
600887,781,144500,76100,68400,3890191.016769409
601988,889,420500,243300,177200,2773528.003835678
603993,889,443700,280200,163500,7816451.327133179
601012,890,233173,59700,173473,2663432.6914539337
600930,890,683400,208000,475400,2667340.06319046
600276,890,101900,52600,49300,4641052.005004883
688256,890,20291,9657,10634,22373042.258544922
600030,891,222400,80900,141500,5957840.180015564
603019,891,147500,37200,110300,12317969.89440918
600900,892,396300,311300,85000,11140121.244812012
600183,892,151558,49480,102078,21709589.501235962
600406,572,506300,99000,407300,11206734.755134583
600036,827,87800,38700,49100,3565874.984359741
600150,828,263700,173226,90474,10225905.750759125
601318,830,62400,31000,31400,3367944.0311431885
601888,830,15000,5400,9600,783777.995300293
600760,830,20200,4600,15600,892634.9788665771
601658,831,167500,142800,24700,892527.9933452606
601988,831,678800,619700,59100,4472701.090049744
688256,831,13311,4305,9006,14728911.301635742
600111,831,123800,111100,12700,4639779.05960083
601899,832,162000,139400,22600,5086627.934265137
600028,832,326300,264500,61800,1732034.9966526031
688041,832,39196,23044,16152,9893023.60661316
601318,866,120200,89800,30400,6482660.947799683
601127,573,307400,119600,187800,14553987.04071045
601601,573,375100,125900,249200,11966516.867256165
600050,573,1024400,428900,595500,4284197.881031036
600900,668,305800,264500,41300,8565045.060539246
601628,668,66000,35700,30300,2551044.0147399902
601688,670,12300,8900,3400,225794.00672912598
601211,671,162200,131500,30700,2871329.033279419
601899,672,192800,70700,122100,6058501.031303406
600050,672,36300,28500,7800,152019.00029182434
601398,673,101900,60600,41300,820901.0333061218
600406,862,42600,20400,22200,953591.9689178467
601166,862,65600,53600,12000,1173463.9572143555
600028,863,142100,32900,109200,752038.0021095276
688012,863,31838,25757,6081,11090367.566375732
601988,864,239500,54100,185400,1574056.0276985168
603019,865,35200,20900,14300,2947560.0036621094
600930,866,259200,190400,68800,1012858.0228328705
601688,866,190500,149000,41500,3495775.0749588013
688012,867,47657,11728,35929,16595176.757507324
600028,881,132100,64300,67800,699452.009677887
603501,881,48400,36800,11600,4006590.9492492676
600900,883,737000,145600,591400,20707493.230628967
601601,883,46800,29100,17700,1481675.9925842285
600519,883,12320,6100,6220,15412960.651855469
601899,575,989500,504900,484600,31319190.13156891
688008,792,120321,46222,74099,27087846.398895264
601601,792,251500,7700,243800,7991106.083106995
600809,792,5600,5000,600,636503.995513916
603019,792,32100,10300,21800,2688126.9744873047
688012,793,25616,20004,5612,8918580.444946289
600030,793,126100,47100,79000,3366484.077644348
600028,795,406549,329500,77049,2170201.214399338
601288,795,150700,127900,22800,1023024.9999046326
601658,796,55400,51800,3600,294692.0086860657
600036,796,191600,111300,80300,7789744.013977051
600809,797,5800,3600,2200,660704.9987792969
601211,798,165300,46900,118400,2903136.922454834
603986,798,43800,28900,14900,17489476.638793945
601888,798,37000,23900,13100,1930353.960800171
600809,859,11700,6900,4800,1338901.0108947754
600036,859,88100,35400,52700,3576332.9540252686
601318,861,88400,50700,37700,4767484.000015259
600406,578,148981,106881,42100,3302543.7730121613
600809,578,65400,51000,14400,7444883.990478516
601988,663,151900,28900,123000,992196.0247039795
601688,664,150200,132900,17300,2757596.0899353027
600276,666,86300,27400,58900,3933237.033843994
600028,666,285200,35800,249400,1517622.0400810242
601688,667,121300,11800,109500,2227229.0769577026
688256,667,16486,10114,6372,18239468.34375
600760,667,54100,28800,25300,2387155.98487854
601688,579,229700,96842,132858,4251244.041061401
600900,580,287100,216200,70900,8054686.816215515
603501,580,76100,43300,32800,6272480.99899292
601398,843,370600,88700,281900,2991628.9072036743
601988,843,277600,178500,99100,1825617.0033931732
601088,844,33900,19900,14000,1602966.9887542725
600150,844,163500,55200,108300,6328450.026702881
601318,845,89700,64700,25000,4836385.907745361
601658,845,162700,88300,74400,866447.0060348511
601398,846,394500,365000,29500,3187264.9631500244
601398,847,731900,381900,350000,5911138.884353638
688981,848,38803,27284,11519,4724695.476608276
601127,581,486800,314300,172500,23533839.093399048
600887,581,568900,304600,264300,15329656.212234497
603259,581,252800,131000,121800,42291904.56542969
600111,582,241900,109400,132500,9085878.081130981
601728,583,113100,21500,91600,693518.0076122284
600028,583,658400,540800,117600,3482858.9905261993
688008,584,345477,181219,164258,78303512.01646423
601899,584,616701,191100,425601,19430144.59299469
601728,584,365000,65000,300000,2238100.025653839
601988,658,198700,55200,143500,1296076.0088443756
603019,658,41600,15200,26400,3489204.9827575684
603259,659,124100,39600,84500,20825536.073303223
600276,659,594600,50102,544498,27057865.72402191
600900,660,328600,274700,53900,9198712.95223236
603993,660,108200,23800,84400,1902393.9971923828
600036,661,28500,19700,8800,1160719.0105438232
603501,661,28200,9600,18600,2339870.0050354004
601088,662,66900,48000,18900,3160789.9982452393
600150,894,694477,242698,451779,26775261.99654007
601601,894,176800,51700,125100,5591984.971809387
601600,894,989700,273300,716400,9018899.722766876
688008,895,144251,70985,73266,32257711.902557373
601601,895,201800,83400,118400,6382744.89402771
603501,896,66700,42000,24700,5519102.013397217
600809,896,16900,9586,7314,1928456.96383667
601127,585,133700,68600,65100,6425683.0810546875
600760,585,156500,17600,138900,6926943.943023682
688012,799,9743,7098,2645,3397165.1401672363
603259,799,43400,20100,23300,7271485.958862305
601601,800,317800,62200,255600,10090718.013000488
601288,801,233900,151700,82200,1585020.030260086
603259,803,31800,15500,16300,5332802.015686035
601988,803,94700,45300,49400,620738.0068302155
601857,804,150900,81800,69100,1613938.9554023743
601888,804,26900,11900,15000,1400664.0064239502
600887,804,79700,34400,45300,2145744.011116028
601600,676,360800,288100,72700,3297241.113090515
600031,676,88000,22700,65300,1560962.9762649536
688111,676,8266,1720,6546,1876018.006942749
601601,676,67100,19700,47400,2134830.9728622437
601601,677,35400,13300,22100,1126021.9799041748
688008,678,49329,29522,19807,11087784.528930664
600519,678,5300,3500,1800,6641619.0185546875
600030,679,29700,18800,10900,795554.0246963501
600031,679,147800,34500,113300,2619257.9040527344
601328,680,65000,15400,49600,487654.0035247803
601288,680,388500,208900,179600,2632234.040403366
600183,680,226600,41500,185100,32581710.177612305
601658,681,41300,17700,23600,219480.00168800354
601988,589,1304500,686800,617700,8551343.078517914
600031,589,161100,90500,70600,2857694.958114624
603993,868,497700,104400,393300,8781503.743743896
601211,868,117200,41100,76100,2070162.9915237427
603993,869,389400,95900,293500,6871016.808128357
600031,869,177700,102700,75000,3117884.990310669
601328,870,651000,582000,69000,4908804.992485046
601288,870,442500,302900,139600,3020879.000854492
601857,870,369400,189200,180200,3964209.861755371
601857,871,101200,36100,65100,1086233.9618682861
600309,590,150500,91700,58800,10514891.003417969
601600,875,559700,319500,240200,5107659.009075165
600900,876,71400,36500,34900,2005991.0192489624
600150,876,221500,96056,125444,8559982.116699219
600111,876,44200,28900,15300,1655426.9817352295
600028,877,119500,81500,38000,632970.0140953064
601888,878,51900,41300,10600,2709522.986984253
600760,878,68160,7500,60660,3004262.271347046
600050,592,152300,89900,62400,639035.9864234924
601658,592,577400,525800,51600,3062185.0614070892
601288,593,1078100,976800,101300,7351629.1618824005
601328,593,143900,112600,31300,1080376.0257720947
600036,593,244000,92800,151200,9967309.754180908
603501,594,27400,15900,11500,2260566.9799804688
688041,594,161652,80864,80788,41586211.05770874
603993,594,1585900,361400,1224500,27970165.78502655
601398,784,232000,188900,43100,1869489.087486267
601166,784,27000,20100,6900,482960.98194122314
601398,786,184500,143600,40900,1488505.9733390808
600050,786,34800,17300,17500,145636.99798583984
603986,787,81000,22400,58600,32410694.174194336
603501,787,16900,9200,7700,1399523.007965088
601988,595,471300,406700,64600,3097332.0541381836
688256,682,9247,1702,7545,10227513.522216797
600030,682,31000,10300,20700,830283.0236434937
601127,682,129800,33400,96400,6135853.985977173
688256,683,5299,2394,2905,5857065.071044922
600031,684,73100,11900,61200,1294674.9347686768
600406,684,98900,8400,90500,2207459.9700927734
600028,684,706600,126300,580300,3758338.1031036377
601398,684,145300,34100,111200,1171459.0362548828
600900,685,277500,94000,183500,7778247.18875885
603993,685,128600,36900,91700,2266301.0459899902
600887,685,40700,24800,15900,1096857.0247650146
601318,686,93300,57800,35500,5057727.981185913
601288,686,243300,167800,75500,1651252.0094394684
600930,688,96100,40900,55200,376160.00785827637
600309,688,31500,20500,11000,2230079.047393799
601658,597,796800,81100,715700,4231215.962648392
601728,597,74600,39000,35600,459179.99744415283
600111,597,182000,111800,70200,6825182.020950317
603993,598,554400,199200,355200,9796908.057403564
601728,599,494500,70600,423900,3040075.0191688538
601288,599,796700,552000,244700,5431047.080755234
600519,839,5300,3100,2200,6639680.969238281
600276,600,260200,139400,120800,11944275.011444092
601857,600,968300,540100,428200,10380544.859600067
600930,838,641300,137500,503800,2508858.0537319183
601318,838,88969,45700,43269,4799900.534671783
601899,838,198529,148400,50129,6239265.229112625
601166,838,122400,56300,66100,2187485.0622177124
603501,838,6900,3500,3400,571357.0022583008
600150,840,205400,70440,134960,7962447.56477356
601211,841,54600,38400,16200,961890.0421142578
601919,603,155000,61200,93800,2536026.0997772217
600150,603,324498,94794,229704,12702558.871551514
600900,604,183400,119900,63500,5148077.944946289
601211,605,149100,43100,106000,2635402.029800415
600809,606,93800,74000,19800,10814395.958709717
600050,606,479600,101600,378000,2015335.931777954
601658,607,1752100,59000,1693100,9269198.946666718
601668,607,2806400,1285600,1520800,12181688.37928772
600031,608,1514700,1267100,247600,27003442.80128479
600183,788,72600,33000,39600,10467850.939941406
601658,790,129000,55000,74000,685540.0052070618
688111,790,3659,1541,2118,831427.480758667
601688,791,55100,29300,25800,1010827.0151138306
601211,791,305700,85800,219900,5376146.021080017
601857,610,345100,263500,81600,3706513.924217224
601600,612,338500,181600,156900,3107074.078273773
600111,612,42600,26600,16000,1594995.9636688232
600406,613,307700,127500,180200,6885127.932167053
601988,613,435200,310100,125100,2840605.062675476
601328,834,58700,50700,8000,441931.01048469543
603019,834,35000,16700,18300,2929157.0106506348
601899,835,129700,74700,55000,4073326.9676208496
601600,835,131400,97400,34000,1200656.0373306274
600036,836,144500,94700,49800,5868453.009033203
600111,837,35300,12100,23200,1322809.023284912
600276,837,131900,27900,104000,5999477.109909058
601601,837,63700,28500,35200,2020608.9572906494
600930,614,90300,25600,64700,355135.0057840347
601658,614,215800,156700,59100,1143149.027633667
601318,615,98000,48900,49100,5307723.996734619
600183,617,155500,95300,60200,22417458.000183105
601328,617,321200,62100,259100,2412831.0581684113
601919,617,119400,25600,93800,1953517.0669555664
600900,617,510900,118300,392600,14326999.167060852
600050,849,96100,47200,48900,402169.99430656433
601688,850,39600,14200,25400,727022.0233917236
688012,852,9996,5716,4280,3493156.4695129395
601857,618,198100,83700,114400,2134374.030017853
601728,618,159700,104300,55400,980003.9924144745
601088,618,66000,24200,41800,3130188.9850616455
601668,619,133100,73800,59300,577061.0067367554
603986,620,170000,91700,78300,68062042.7084961
601857,620,312300,227600,84700,3359501.052093506
603259,620,175400,40200,135200,29579254.098510742
601658,853,107000,83500,23500,570074.9976634979
600111,854,62100,31700,30400,2325476.00440979
601601,854,118100,104700,13400,3732452.056312561
601211,854,152000,120200,31800,2682612.937736511
601857,621,171800,151000,20800,1848903.046989441
600111,624,28500,9500,19000,1067384.0087890625
601398,817,124700,88300,36400,1007211.9821548462
601088,818,26700,13600,13100,1263659.022140503
601688,819,79100,47800,31300,1448798.9686965942
688041,819,76668,45422,31246,19311193.852127075
600406,819,49700,21100,28600,1110878.0208587646
600930,820,144900,71400,73500,567273.0117559433
601728,820,198600,69500,129100,1213687.017583847
600309,821,32900,13700,19200,2331852.9747009277
688111,821,4365,2172,2193,989415.630935669
600036,625,51900,30300,21600,2118342.0204162598
688041,627,69503,29151,40352,17737426.976913452
601127,885,50100,17200,32900,2370695.009613037
688041,886,118603,38150,80453,29867491.40197754
601888,886,72300,16800,55500,3772372.982788086
600760,886,34100,22813,11287,1501665.0100708008
601088,629,33900,12500,21400,1605550.7341384888
600183,629,60300,27200,33100,8721932.182312012
601628,629,73700,15300,58400,2845121.947860718
601628,630,36000,28100,7900,1389539.0022277832
601899,630,799100,705300,93800,25141252.19478607
603019,630,67600,52300,15300,5670383.020019531
600809,631,15700,3500,12200,1800232.0022583008
603501,631,13500,8600,4900,1113912.9829406738
600887,632,85800,23600,62200,2317798.027420044
601728,632,102300,38200,64100,626457.9970359802
603259,634,59176,29400,29776,9977547.234375
600031,634,163600,145200,18400,2907276.077270508
601658,634,90700,52500,38200,481235.0042819977
601601,635,48500,24200,24300,1544918.0229187012
601012,636,209500,179200,30300,2405227.9247283936
600150,872,356200,133334,222866,13757364.908981323
600276,872,171800,98500,73300,7824925.0
600111,872,49400,19100,30300,1849773.98147583
600309,873,143200,64600,78600,10272732.053375244
601988,873,187240,70700,116540,1232746.2018966675
600930,873,252900,221800,31100,988735.0218057632
600089,874,29300,24200,5100,529986.0033035278
601318,874,121000,70600,50400,6527590.020751953
603993,874,166000,102400,63600,2926219.924354553
600036,874,234200,114600,119600,9509315.898513794
603501,874,24500,15700,8800,2028189.9871826172
600900,638,152700,82600,70100,4280167.1045303345
600030,638,64400,12500,51900,1722825.002861023
688012,638,28836,15993,12843,10138599.940979004
603993,639,162100,55300,106800,2863332.9900741577
600519,639,8400,5000,3400,10555632.055664062
688981,639,92989,42387,50602,11297059.036651611
688041,639,49364,19435,29929,12632066.95388794
688012,639,24308,12479,11829,8550648.756835938
600089,640,70700,32600,38100,1278305.9957504272
600031,640,47800,26600,21200,848237.9951477051
600519,641,8900,4400,4500,11180849.206542969
600276,642,262900,102100,160800,12024984.010696411
688041,642,55983,17740,38243,14340394.736907959
601857,805,100800,76700,24100,1078318.9752578735
688256,807,13513,5645,7868,14960744.880615234
600031,808,137000,63400,73600,2422729.0548324585
601668,643,138300,58400,79900,598040.0092601776
601600,643,256600,120400,136200,2349093.929672241
601728,643,89300,35900,53400,545982.0030212402
600930,643,74500,30200,44300,292342.0053958893
600150,644,875309,279973,595336,34041154.78022385
601728,644,189900,135700,54200,1161674.9909877777
600930,644,146600,97500,49100,575647.0102548599
601628,646,36100,11300,24800,1393633.9847564697
603993,646,8292400,1103100,7189300,145809883.7955475
600150,823,183500,118604,64896,7101236.948448181
601088,823,57900,36800,21100,2737905.978012085
600276,825,90700,53300,37400,4125121.989440918
600809,825,6600,5900,700,755001.001739502
601012,825,351100,321000,30100,4019793.9261436462
600930,825,81700,59100,22600,320038.0064487457
600900,826,103400,72700,30700,2903164.9850845337
601166,647,122500,34300,88200,2191867.9330825806
601127,647,25100,5300,19800,1191685.0135803223
601288,647,1175600,383500,792100,7960159.008407593
601888,647,26600,16900,9700,1391174.9908447266
601211,648,77300,21900,55400,1367897.0403671265
603019,648,60900,29500,31400,5100788.962554932
600809,649,15800,8800,7000,1801879.0237426758
601600,650,428400,260200,168200,3915326.1171340942
601888,651,75200,16400,58800,3933674.0173339844
688041,888,149132,83314,65818,37500706.474823
600930,888,470800,335800,135000,1839478.0416965485
601728,686,96500,47300,49200,591052.9997825623
601628,827,11900,8800,3100,458856.0085296631
600276,886,207500,72000,135500,9448742.987442017
601628,889,88300,33500,54800,3406182.0194244385
601888,570,430400,170570,259830,22389992.71686554
600050,570,2376100,357600,2018500,9987483.876562119
601600,652,97700,67600,30100,893653.9845466614
601888,652,58700,2300,56400,3069021.001434326
601166,653,133100,110600,22500,2382264.944076538
688012,654,13707,6744,6963,4811173.146972656
601318,654,72200,18900,53300,3905878.916168213
601988,655,1377000,418000,959000,8991593.28327179
600111,655,31600,16800,14800,1184536.0214233398
600150,655,127600,47300,80300,4971877.993774414
600089,655,69700,51300,18400,1260017.991065979
600036,656,74700,56300,18400,3040489.9982452393
600309,656,74500,15400,59100,5274989.03503418
600031,656,60300,36600,23700,1068881.966972351
600036,657,41700,31400,10300,1698379.0252685547
601166,657,77700,63400,14300,1389132.9587936401
601166,810,84200,62100,22100,1504433.0656051636
688256,811,14137,6236,7901,15625933.902709961
601857,811,212500,183200,29300,2274080.9670448303
600900,813,285400,45200,240200,8006416.834640503
601012,813,63800,14600,49200,730017.9765701294
603993,815,83300,6600,76700,1472810.0269317627
601988,815,230600,89400,141200,1515936.0174179077
600050,571,339600,188500,151100,1424808.9726924896
601668,781,134600,39500,95100,580521.0013389587
601988,781,893800,478800,415000,5862511.992835999
601127,781,15700,11800,3900,743364.0026092529
688012,781,24767,11892,12875,8639310.55557251
600519,889,17600,6600,11000,22017919.311523438
601088,890,147100,18300,128800,6953945.9884643555
688041,891,97932,53271,44661,24644806.450637817
601088,892,243600,150000,93600,11503707.065963745
601899,892,320300,180100,140200,10050729.863548279
600150,827,195713,90739,104974,7588516.915126801
603993,827,109700,70300,39400,1940199.0495681763
601857,828,91700,77600,14100,985635.9968185425
601688,831,117500,102900,14600,2157232.070159912
688981,832,64842,47919,16923,7896803.744949341
600887,573,302800,190300,112500,8114654.998779297
601899,573,1402500,772000,630500,44412457.99732208
601166,668,18200,7100,11100,325668.9905166626
601688,668,62000,40700,21300,1138282.036972046
600089,669,34300,13200,21100,619932.9925537109
603501,670,6500,3000,3500,538132.0053100586
601899,671,86600,43900,42700,2721352.0153045654
600887,672,115700,24900,90800,3118012.0820999146
600809,672,3900,3200,700,443923.9936828613
600089,672,38500,16000,22500,695854.9919128418
601668,673,76700,25600,51100,331600.00681877136
601601,673,6000,2300,3700,191063.00144195557
600760,673,42108,23792,18316,1868994.0460510254
601288,674,364700,299300,65400,2472012.061548233
601127,674,18200,4600,13600,862787.0098114014
600050,675,46399,26600,19799,194213.8181233406
600309,675,57900,20800,37100,4101470.0843048096
600089,675,37300,14900,22400,674159.9920272827
600036,862,212700,110200,102500,8632588.18435669
603501,862,17100,2500,14600,1416058.0101013184
601398,862,193700,117400,76300,1566270.0120925903
601600,863,1582000,146800,1435200,14448347.22442627
688008,863,50733,31532,19201,11368618.402404785
600887,866,396400,234700,161700,10681552.186775208
601728,866,119900,71900,48000,732109.005022049
601318,867,134500,40900,93600,7253039.898681641
600030,867,351400,282500,68900,9432752.080535889
601628,867,32600,11700,20900,1258071.9997406006
600276,879,120760,71900,48860,5498679.784622192
603986,881,70340,33400,36940,28027740.89782715
600030,881,74515,31100,43415,1997312.9502677917
601012,882,159700,77600,82100,1826146.9924926758
688008,882,137240,52969,84271,30674702.96470642
600183,883,176585,51285,125300,25276556.474990845
600809,883,16000,10000,6000,1828716.0041809082
601166,883,89000,67000,22000,1592879.961013794
600760,883,41700,14300,27400,1836611.014175415
600111,793,42400,19900,22500,1588334.0156555176
601668,794,294900,41900,253000,1271437.9927158356
600809,795,9000,2500,6500,1025204.0000915527
688041,796,74981,26034,48947,18969946.326263428
601668,796,200900,109100,91800,866970.0134754181
603986,797,35100,10200,24900,14019438.064575195
688256,798,9517,6287,3230,10550735.513793945
600031,576,283094,155100,127994,5027248.553329468
601127,576,434100,301200,132900,20819219.132232666
601628,577,148100,49300,98800,5700379.995727539
601166,577,185500,165000,20500,3316953.9344787598
601088,577,106600,50700,55900,5065861.012268066
601288,857,210500,184900,25600,1435354.0302753448
600809,857,8600,6400,2200,982864.9955749512
601600,858,101900,73800,28100,931085.028553009
600028,858,109600,22400,87200,580008.0009460449
601127,859,16800,9600,7200,794367.9958343506
601088,859,26600,19800,6800,1259496.9791412354
601328,859,284300,196800,87500,2141683.0352783203
601888,860,16300,2200,14100,852165.9873962402
688012,578,40168,20086,20082,14146108.850189209
600930,663,123400,35700,87700,482851.0102510452
688981,663,19252,13565,5687,2343508.1318588257
601318,664,70100,37500,32600,3790787.0655059814
601601,666,19500,11600,7900,620801.0011672974
600519,667,7200,2900,4300,9023721.020507812
688981,667,19864,10083,9781,2416975.6908340454
603259,667,53200,24400,28800,8930802.001953125
600276,579,431000,242500,188500,19730553.813934326
601888,579,210500,166000,44500,11038503.963470459
603501,579,104600,43900,60700,8625184.046936035
688041,843,29020,14391,14629,7328925.04649353
601288,843,393700,127700,266000,2678437.043428421
600050,845,299400,224100,75300,1251949.9590873718
603019,846,35200,20300,14900,2944129.978942871
601318,846,110600,69200,41400,5964229.932403564
600276,848,258500,201800,56700,11813358.005905151
603501,848,47100,38100,9000,3904505.027770996
600031,582,199301,101600,97701,3533772.632566452
601288,582,6586173,1163300,5422873,45067543.965436935
600030,583,538735,118780,419955,14441151.080007553
688041,584,85644,57828,27816,21969395.240356445
600089,658,31300,13900,17400,565729.9936294556
601318,659,56700,29700,27000,3067273.955154419
601601,659,67700,12000,55700,2152911.9554519653
600031,660,420700,157600,263100,7446220.315742493
600406,896,268240,202500,65740,6003387.040138245
601601,662,74100,43900,30200,2356161.9846343994
601728,662,58800,23000,35800,360085.99853515625
601888,894,57600,28700,28900,3001659.9739074707
601601,896,170800,83300,87500,5403310.882949829
601166,896,246800,112100,134700,4414629.835128784
601328,896,392700,289500,103200,2956549.0584373474
600036,896,229800,127000,102800,9340223.107528687
601628,896,262000,108700,153300,10108018.16482544
688008,585,845927,623565,222362,192831102.4787445
600050,586,251100,106500,144600,1050662.9812717438
601919,586,505300,179300,326000,8238030.653381348
601857,799,81700,58500,23200,873957.9791069031
601600,799,207700,54600,153100,1894769.9887275696
600036,799,103200,47400,55800,4197864.89944458
601318,800,80600,36900,43700,4357868.032455444
601919,800,201400,52900,148500,3297456.072807312
600150,800,169100,111600,57500,6536604.107284546
600030,801,318700,27800,290900,8501659.068489075
688256,801,8084,4206,3878,8966118.975341797
600150,802,205660,109060,96600,7954703.087921143
601888,802,77400,23000,54400,4030249.087905884
601628,803,90700,12700,78000,3493391.9116973877
601328,803,31700,18500,13200,238252.00266838074
600760,804,5900,1400,4500,261147.99308776855
601088,587,131600,61800,69800,6254343.994522095
601658,587,3649199,551800,3097399,19339295.2474432
603019,587,58000,35900,22100,4899737.12387085
600930,587,1643100,58100,1585000,6457317.109751701
600276,676,151600,40700,110900,6904663.004684448
601988,678,1008700,694600,314100,6606290.171194077
601318,679,69400,48900,20500,3759510.9157562256
600150,679,56600,37200,19400,2208395.9922790527
603019,680,17100,5200,11900,1430817.9847717285
601600,680,389100,135300,253800,3553836.0754966736
603986,588,270500,134500,136000,109820244.68078613
600150,588,1337024,652324,684700,52294334.30808258
603019,588,154600,48000,106600,13046680.085754395
688041,589,184910,104051,80859,47802906.918670654
601600,869,415800,178300,237500,3796083.0436706543
600809,870,11200,7200,4000,1280088.005065918
600050,870,1115500,980400,135100,4662441.818618774
600111,870,55100,20400,34700,2063147.9625701904
600111,871,79100,22600,56500,2961752.9445648193
601127,871,61500,30100,31400,2906038.9835357666
601211,590,167600,68400,99200,2957717.9264068604
600309,591,109900,50505,59395,7676016.873168945
601288,591,2014400,1617600,396800,13716167.933559418
601328,591,1023000,532800,490200,7662448.779153824
600519,591,13300,8900,4400,16762649.694824219
600760,591,43100,21000,22100,1909741.0095214844
600930,877,1067400,444900,622500,4172966.092157364
601857,877,202400,163000,39400,2173406.9452285767
603993,592,956032,175068,780964,16893571.844070435
600031,592,129500,97200,32300,2294416.9036865234
601899,592,657689,127800,529889,20669864.440933228
600519,592,17300,13100,4200,21824284.838867188
601601,592,105700,68100,37600,3364456.9925308228
601166,594,211361,119700,91661,3781940.1768341064
600519,782,22100,4500,17600,27647359.228515625
601328,782,442900,32000,410900,3326242.096710205
601919,783,85100,23900,61200,1396455.986213684
601166,783,75300,64600,10700,1347009.9515914917
601988,785,400100,303200,96900,2623687.001132965
600519,786,6420,4500,1920,8036498.1640625
600887,787,201400,32600,168800,5434015.916442871
600089,787,28600,17500,11100,516976.9952774048
601728,595,251500,219500,32000,1548919.9695587158
688111,596,22165,12073,10092,5044201.8594818115
600930,596,528800,357100,171700,2081755.0318956375
600887,682,33300,22300,11000,897657.9879760742
600519,683,5200,1700,3500,6514262.0849609375
600036,683,45100,9200,35900,1837869.9924468994
600150,684,65600,51600,14000,2556214.033508301
601088,684,39500,18700,20800,1866250.9838104248
601012,685,18400,13600,4800,211367.9946899414
603986,685,35600,8400,27200,14210537.930297852
601288,688,573300,379700,193600,3890771.026134491
601600,688,133100,94900,38200,1216152.0369529724
688111,688,10274,4827,5447,2334323.2542419434
603019,688,10800,6900,3900,903529.0267944336
600276,893,106800,51400,55400,4868859.021759033
688041,597,178032,118712,59320,45906256.66607666
601012,598,233439,82100,151339,2684369.495903015
601211,598,239400,69872,169528,4230989.036369324
600028,599,2143000,1753500,389500,11359213.19065094
688981,599,98090,19458,78632,11936827.042518616
600036,600,410400,272800,137600,16738614.78843689
688008,601,171792,78986,92806,38995706.076538086
600276,839,100100,63800,36300,4550630.950927734
600183,839,59200,28700,30500,8490697.872924805
601688,841,46700,21200,25500,857157.0226669312
601318,841,161300,49800,111500,8701859.967422485
600183,602,149300,68800,80500,21550374.919128418
603501,602,82000,14800,67200,6747766.05758667
600030,604,108900,69600,39300,2920609.9647521973
601658,605,155900,34600,121300,826616.021156311
600309,605,98500,39400,59100,6890944.236297607
601688,606,131007,41400,89607,2414804.127878189
601088,606,40400,17900,22500,1918026.0234832764
688012,606,22996,11263,11733,8031381.5798950195
600900,607,167700,129200,38500,4703817.900085449
600031,607,354300,184100,170200,6307995.763397217
601288,608,6343142,1149242,5193900,43008182.99823856
601919,788,88700,80800,7900,1452341.011428833
688981,790,26730,8322,18408,3252091.6895980835
601127,790,45700,35600,10100,2162991.0682678223
600028,791,326500,275900,50600,1743004.0382385254
601888,609,362600,328200,34400,19109184.003829956
601127,610,195900,28900,167000,9379366.16897583
600809,612,77300,12400,64900,8923890.02609253
688256,613,55200,21168,34032,60822026.98815918
601888,833,19300,7600,11700,1008723.9898681641
601688,835,31800,6300,25500,583593.0135726929
600031,835,126196,47596,78600,2225155.381416321
601668,835,133900,43700,90200,576207.0147037506
600309,837,70700,18100,52600,5042706.04095459
601988,837,265800,57300,208500,1749536.9928359985
603501,837,17800,5300,12500,1474062.0162963867
603259,837,54300,27300,27000,9115259.034729004
601601,616,38600,22000,16600,1230467.9948806763
600276,617,249000,43500,205500,11375426.958465576
600519,849,5300,1900,3400,6644005.9814453125
601888,849,55400,50000,5400,2896799.988555908
601988,851,136900,51900,85000,899952.0106315613
600760,617,28000,16700,11300,1239405.995941162
601398,618,170300,108900,61400,1370301.0184288025
601888,620,90300,16100,74200,4742332.972717285
600760,620,21996,18092,3904,974603.7849273682
601919,620,104500,39000,65500,1708665.041923523
600036,620,66600,39300,27300,2717316.989135742
600089,620,49200,17100,32100,889307.991027832
601211,853,77400,55200,22200,1365231.950378418
688111,853,8139,7039,1100,1846768.235748291
688981,854,42592,21284,21308,5189922.613235474
601601,855,104200,82900,21300,3295070.0059890747
600050,856,123800,116800,7000,517413.9804840088
601166,856,229500,220000,9500,4104494.831466675
601012,817,43500,21400,22100,497853.9866447449
601688,622,93300,35900,57400,1716145.9512710571
600089,622,202600,166100,36500,3663236.9897842407
601166,623,89700,2000,87700,1606532.9864501953
601988,623,666800,206400,460400,4374389.966011047
601668,624,1738400,87500,1650900,7528146.887397766
600031,624,153300,72200,81100,2728612.90435791
600031,816,209000,168700,40300,3695444.0711975098
601211,817,189100,60400,128700,3324193.981361389
601318,818,659600,103900,555700,35542461.56730652
601600,820,210700,141400,69300,1921227.9677391052
688012,820,20932,12189,8743,7280793.39743042
603501,820,7700,2400,5300,635728.9978027344
688256,625,8385,4551,3834,9287448.716308594
601328,625,48300,43100,5200,363164.0003681183
600760,627,17000,3500,13500,753096.992111206
688008,628,45744,16907,28837,10321517.605987549
600183,884,84400,33800,50600,12084627.909851074
600406,885,74700,50600,24100,1671759.9676132202
603259,885,118400,58700,59700,19899246.14715576
601988,885,2534400,2017100,517300,16701241.356945038
603019,885,81400,42700,38700,6801920.904541016
603501,886,18600,6500,12100,1538254.9659729004
601127,886,44500,18300,26200,2105359.033203125
600036,886,138100,78600,59500,5613741.053009033
600309,886,138100,37100,101000,9886877.941894531
603019,629,57100,15000,42100,4788507.994842529
688012,629,22783,19280,3503,7981924.514038086
601318,629,197200,121100,76100,10662043.05343628
600111,630,37100,24300,12800,1390515.9973144531
600760,630,29483,17983,11500,1304259.0976982117
601166,631,251100,109000,142100,4497520.969009399
600183,631,101100,59300,41800,14598212.042236328
688012,631,64538,55607,8931,22637458.378204346
688981,631,59296,38188,21108,7207338.115600586
601127,632,38000,13700,24300,1807024.994277954
601600,633,223500,115400,108100,2050649.0434646606
600930,635,174200,120400,53800,684068.0121421814
688041,636,53740,21318,32422,13737892.578231812
600150,636,110434,71834,38600,4315985.872238159
601658,636,904300,35000,869300,4793140.163803101
601728,637,274400,4200,270200,1679369.9695587158
601988,637,159000,98800,60200,1039258.0088615417
688256,637,11404,2268,9136,12651741.558105469
601728,873,483600,175900,307700,2955114.0438079834
600809,874,17000,8100,8900,1944764.6956253052
688111,874,3477,2577,900,789185.6025085449
688041,641,24839,11989,12850,6357594.670547485
600150,638,235988,172188,63800,9221372.324401855
600089,639,39300,27200,12100,710422.9942321777
600900,639,99600,68600,31000,2791723.0669021606
600111,640,71087,4000,67087,2662806.1664237976
688012,640,31987,14793,17194,11251756.055419922
601919,641,44800,17700,27100,734896.9869613647
601688,642,27200,14000,13200,499532.0198059082
600150,642,264800,113900,150900,10312849.905776978
603501,642,32909,19109,13800,2725563.7418518066
600276,805,76200,38400,37800,3464612.0349884033
601888,806,27500,16100,11400,1432546.0067749023
601899,806,210000,149700,60300,6612577.944564819
601688,807,35100,16900,18200,643280.9949874878
603259,807,41300,20800,20500,6925859.957885742
600089,809,105300,20300,85000,1900842.947769165
688041,643,66194,17170,49024,16940099.98477173
601988,644,1628100,850100,778000,10615515.975999832
688111,644,18762,1031,17731,4260428.8614349365
601601,645,50000,47200,2800,1591246.9903945923
601628,645,28100,16400,11700,1084864.9951934814
601127,645,18900,6500,12400,898297.9930877686
600183,646,81600,23146,58454,11761113.74508667
601288,646,1018200,611300,406900,6892527.997589111
601600,646,363500,112900,250600,3319884.067440033
688041,646,31524,9485,22039,8046745.6424713135
688256,822,6551,4151,2400,7234392.133544922
601668,823,203500,90300,113200,873918.0129051208
601919,823,123400,59500,63900,2019419.088935852
601127,823,22700,12000,10700,1074999.9824523926
603501,825,12400,5700,6700,1025046.0159301758
600031,825,534500,137400,397100,9444595.04032135
601988,825,196600,103100,93500,1292693.008184433
600050,826,73100,53900,19200,306096.9997882843
601398,648,250100,150000,100100,2012304.0247917175
688981,650,35738,23798,11940,4338460.714050293
600183,651,114900,80600,34300,16621035.98022461
688981,651,13944,10735,3209,1693798.552368164
600760,651,15168,2300,12868,669811.8796234131
601919,887,368278,89222,279056,6017874.581047058
601088,887,67400,38300,29100,3187056.9984436035
600031,887,432100,149900,282200,7568539.155387878
601658,888,238600,85800,152800,1272596.0014343262
600809,888,25300,9500,15800,2884325.0091552734
688256,888,23974,7177,16797,26400609.223510742
600760,879,57800,5600,52200,2546702.066421509
601658,879,390000,365000,25000,2082350.0537872314
601628,793,14000,2600,11400,540000.0
601857,570,3848106,2188300,1659806,41491486.12330055
601688,570,1375800,679300,696500,25388142.72918701
600036,652,343700,144300,199400,13992759.116744995
688256,653,17663,6381,11282,19639589.201904297
600028,653,344200,134600,209600,1832490.0257110596
688256,654,11524,6017,5507,12812016.895019531
603993,654,211700,101000,110700,3724187.041091919
600900,655,881300,117800,763500,24685986.219406128
600309,655,78200,53200,25000,5535563.931274414
600031,655,168300,89100,79200,2983166.9048309326
600050,655,154600,144700,9900,647675.0065803528
603259,656,241100,51400,189700,40518410.021972656
600028,656,1201900,200200,1001700,6396110.156679153
601398,656,386000,300200,85800,3106442.0539855957
601601,656,32900,19000,13900,1046485.9809875488
601398,810,255900,186500,69400,2065457.933998108
600309,810,25900,16900,9000,1835051.968383789
601899,811,290100,57300,232800,9123799.034881592
601658,812,42100,17500,24600,223726.0015964508
600150,812,216800,152227,64573,8395136.897052765
601600,813,77700,46500,31200,709089.001750946
603259,813,45700,18300,27400,7655870.01953125
688111,813,16182,1508,14674,3670377.5162353516
601668,814,664900,370300,294600,2858870.122241974
688012,815,16788,10318,6470,5837851.144073486
601012,689,68200,43900,24300,782712.9849433899
688041,780,195974,89570,106404,49828161.235061646
688981,890,95004,62378,32626,11529270.169174194
603986,891,133300,59200,74100,53136100.830078125
688012,892,35242,15894,19348,12299345.587615967
688041,572,273032,140956,132076,69657837.65545654
601601,827,92300,40300,52000,2924804.0451049805
601166,827,69200,46200,23000,1236374.052810669
600030,828,103045,77745,25300,2752163.8956832886
601988,828,152000,94200,57800,1001102.0099639893
600760,828,9100,7000,2100,402131.99577331543
601668,830,119300,39300,80000,513383.013010025
600887,830,29700,20500,9200,800323.0205535889
600900,831,329300,303700,25600,9243893.90964508
601601,832,196900,36100,160800,6240465.094947815
603019,832,39291,24091,15200,3289066.5784225464
600809,574,92000,57600,34400,10377601.07345581
601012,573,790720,522000,268720,9019604.837818146
600406,573,180000,92000,88000,3987097.933578491
603259,574,279800,154000,125800,47111094.97261047
601988,574,5488800,423800,5065000,36252733.09760094
603501,574,197581,73962,123619,16228124.448265076
600930,668,112400,98000,14400,440464.00871276855
601857,670,114100,72800,41300,1222739.0210151672
603259,670,112100,30000,82100,18772709.887695312
600519,671,4300,2700,1600,5388885.9130859375
601628,672,41800,10700,31100,1616921.9886779785
601919,672,159800,5900,153900,2625349.0449905396
601318,672,104300,43200,61100,5653305.953979492
688981,672,25222,8324,16898,3064047.040725708
603993,673,68800,26400,42400,1212437.0273590088
601628,673,24800,9600,15200,959334.9941253662
688256,674,8408,5118,3290,9287800.994262695
600050,674,121800,92200,29600,510046.00019454956
603019,675,45100,17300,27800,3774961.911010742
600031,675,84800,74800,10000,1505283.0018997192
601328,675,172600,149600,23000,1295996.0342407227
601688,862,30000,14800,15200,550648.014831543
601658,862,743500,740800,2700,3962841.944026947
600111,862,36200,20100,16100,1356253.0097961426
601628,863,61700,47600,14100,2381687.940979004
601328,864,130800,109900,20900,986023.0001926422
600930,864,766000,183000,583000,2994631.0661554337
600031,865,318600,89500,229100,5588316.184806824
600406,867,88200,53700,34500,1974930.9492111206
601919,867,428600,70400,358200,6997363.928985596
603259,867,44700,11900,32800,7509732.025146484
600050,880,916900,73700,843200,3824210.051679611
601288,880,304800,235900,68900,2081094.9938297272
601988,880,175900,64100,111800,1158063.0012512207
600089,880,59700,33200,26500,1079657.001876831
603501,880,38800,13000,25800,3211439.9909973145
600183,881,154000,94223,59777,22033794.236846924
601899,882,629700,383600,246100,19757426.021957397
601088,882,59700,14700,45000,2822672.9496002197
601127,883,29100,15900,13200,1376946.0117340088
688008,575,934800,504635,430165,212147232.79736328
601658,575,3159600,354600,2805000,16779554.978704453
601658,792,134500,58000,76500,715513.0224227905
601728,792,79000,31800,47200,483120.99986076355
601668,793,193000,56800,136200,832398.0019569397
601211,793,135300,51000,84300,2377730.9703826904
600276,794,39860,8100,31760,1816220.0257873535
600183,795,78600,19300,59300,11306850.151062012
688008,795,106957,68577,38380,24050730.780410767
601127,796,33300,15000,18300,1575845.0109710693
600150,797,334181,138700,195481,12916841.928344727
601919,797,52200,20600,31600,856807.9967498779
600900,797,736700,484500,252200,20705555.379104614
601012,798,285800,200300,85500,3269403.903770447
601688,798,295300,10400,284900,5409999.912261963
601919,576,658600,233900,424700,10780588.27457428
600150,576,1234146,593082,641064,48618730.6142807
688012,576,110752,62343,48409,39105384.89474487
600276,576,320100,118600,201500,14621115.898895264
688111,576,48223,27528,20695,11061168.127365112
601919,577,318900,175100,143800,5215367.15259552
601288,858,341800,225000,116800,2329908.03194046
603501,858,11400,10300,1100,944370.9716796875
601288,859,2850700,2705900,144800,19443335.42532921
600036,860,121400,64000,57400,4928440.900039673
601088,860,42900,20300,22600,2030735.0193023682
600028,861,1042400,139600,902800,5515001.583175659
601211,578,283800,90024,193776,5031073.854064941
600036,663,55100,38200,16900,2245510.9687805176
601601,664,42000,20600,21400,1336266.9832229614
600111,664,50600,9500,41100,1895254.008102417
600089,664,33950,14100,19850,613277.9850959778
600028,664,548300,526500,21800,2922220.963573456
601857,665,220800,166300,54500,2365177.0177841187
601668,665,625200,350000,275200,2700777.1050930023
601658,665,132900,62800,70100,706327.0067691803
601628,666,81300,69700,11600,3137891.9898986816
603993,666,303500,178100,125400,5340706.095314026
688256,666,10663,5906,4757,11795295.860473633
601288,667,188200,142800,45400,1275542.029094696
601012,667,38400,12600,25800,440957.98530578613
600111,580,174000,68900,105100,6550277.114486694
601398,580,1900700,1382300,518400,15375795.27015686
688256,580,30337,16068,14269,33845205.03088379
600150,843,155600,43100,112500,6025316.014862061
600030,844,263100,109000,154100,7033671.902656555
603993,847,124800,28900,95900,2209249.0467071533
603986,847,26200,13100,13100,10459746.884155273
600050,847,160700,50300,110400,672228.9839267731
601601,848,133400,73900,59500,4220381.912994385
601919,848,119700,26600,93100,1955861.0174179077
601988,848,1250400,352100,898300,8225329.98175621
600028,848,127700,67900,59800,676212.0106697083
601688,584,127300,30400,96900,2349684.961128235
603259,658,113000,54300,58700,18969661.102294922
600030,658,55600,29500,26100,1488499.0274429321
601601,658,55100,32800,22300,1752717.970275879
601600,661,88000,58000,30000,804020.0233459473
601211,661,7600,2500,5100,134317.00115203857
603501,662,28500,15700,12800,2363778.0067443848
601668,662,105300,71300,34000,454556.0102939606
600050,662,167100,159700,7400,700075.0078678131
601658,894,2765600,132600,2633000,14732920.988464355
600930,894,1396900,349000,1047900,5451400.129890442
603501,894,60700,24162,36538,5023306.004333496
600760,895,52500,18300,34200,2312710.9817504883
600150,895,504802,275188,229614,19469186.50919342
601398,585,3059100,1723600,1335500,24673582.034397125
600089,585,277200,178500,98700,5025172.850799561
601888,586,69500,41200,28300,3650806.0264587402
601658,586,2818884,390500,2428384,14958913.116678238
600309,799,35800,23800,12000,2532679.965209961
601601,799,52000,8900,43100,1651609.0139389038
601628,800,29900,13200,16700,1152941.0270690918
600111,800,21300,4700,16600,797275.9998321533
603993,800,157500,44000,113500,2784752.0515441895
688041,800,40977,16065,24912,10382184.33631897
601899,800,440500,91600,348900,13859343.86920929
688041,802,61536,19195,42341,15583591.19367981
601728,803,84500,16800,67700,516463.00711631775
603259,804,75000,49900,25100,12589349.035644531
601888,587,127800,55600,72200,6704551.982879639
600809,676,8400,5800,2600,956823.0239868164
600309,677,47400,14800,32600,3357707.9467773438
600111,678,25800,10800,15000,965801.9897460938
600900,678,73700,37600,36100,2065450.0423431396
600887,680,51300,23900,27400,1382359.0330123901
688111,680,3778,1651,2127,857872.6989135742
600900,681,128800,65800,63000,3610403.091621399
600809,681,3600,2300,1300,410139.00451660156
688012,681,12960,1476,11484,4516468.16015625
601888,589,74400,36100,38300,3897927.9891967773
601318,589,287000,124900,162100,15539695.068740845
600150,589,368760,193656,175104,14444164.81010437
601688,868,41200,29500,11700,756315.0224685669
600900,869,331101,217201,113900,9301264.145101547
601318,869,74076,25600,48476,3993614.358947754
600089,869,67400,21400,46000,1218805.9997558594
603019,869,49900,21600,28300,4177191.9677734375
600150,870,389100,232940,156160,15028275.53111267
600036,870,289300,209700,79600,11742734.984588623
600050,871,94000,85200,8800,392831.9860458374
688012,590,53439,19400,34039,18872414.151641846
688041,591,134999,87837,47162,34851495.333496094
601988,591,5086200,2015600,3070600,33314960.90722084
600183,875,123500,56300,67200,17697173.336257935
600760,877,27100,15000,12100,1194502.0275115967
601328,878,415200,245800,169400,3130821.9893932343
601398,878,524400,203100,321300,4244427.126502991
600900,878,138000,67100,70900,3877091.0364151
600809,592,97100,75700,21400,11094400.071716309
603259,593,261000,103100,157900,43994606.78405762
601600,594,1125600,402900,722700,10317417.986679077
601211,594,189700,92200,97500,3350553.981399536
688008,782,56900,32420,24480,12812457.510635376
601601,782,25700,15500,10200,817988.9970779419
600050,782,648100,81400,566700,2715403.0316352844
601899,784,229700,72500,157200,7235808.005905151
600089,785,24000,17500,6500,433854.9966812134
600406,785,62500,51100,11400,1394260.964012146
601288,786,186100,64500,121600,1262403.0230522156
688041,787,37624,8367,29257,9538074.570144653
688008,787,78301,40555,37746,17651848.165603638
600036,595,144100,97400,46700,5888086.9873046875
601600,596,635900,520100,115800,5841122.018623352
601688,596,107300,49000,58300,1979102.0685195923
601088,596,74800,30300,44500,3553835.974884033
600309,682,34800,12600,22200,2463241.97845459
601600,683,64100,38200,25900,585563.0148887634
601888,684,6800,1400,5400,355643.9987182617
601899,685,195000,128500,66500,6137480.899238586
600030,686,98700,79100,19600,2644600.0064048767
601012,686,284100,54800,229300,3261512.8783226013
601288,687,511500,209500,302000,3470065.055370331
600309,687,32800,20200,12600,2321402.9273986816
600406,687,36300,26700,9600,810119.9867248535
601888,687,20700,5500,15200,1082145.9907531738
601919,687,53500,45000,8500,879072.0178604126
601127,893,88753,54306,34447,4191738.7146759033
600050,597,129000,113800,15200,541647.9791641235
601888,597,62800,35300,27500,3302594.0032958984
688041,598,86524,50743,35781,22277986.47994995
600111,599,123100,30600,92500,4612748.097991943
601919,599,212700,50300,162400,3470670.9215164185
600030,601,136290,67790,68500,3654892.8491401672
688256,601,22241,8679,13562,24693903.22216797
601628,838,29900,10500,19400,1154171.9856262207
601919,839,316400,148100,168300,5172341.102409363
600089,840,45200,15900,29300,816922.9898452759
688111,840,10488,636,9852,2378900.4592285156
600809,841,10400,8700,1700,1191688.981628418
688008,842,131119,60707,70412,29328045.10133362
600309,602,193900,75400,118500,13574045.991516113
600150,602,410099,113795,296304,16069244.803699493
688008,602,224744,90479,134265,50912721.19267273
601658,603,585000,277700,307300,3107124.9865055084
601728,603,108000,58800,49200,663707.9990386963
600760,604,23700,11900,11800,1049957.00340271
600030,605,104000,33400,70600,2789103.9642333984
601899,605,496500,98942,397558,15593167.880821228
688008,606,125177,60394,64783,28306107.59590149
600030,607,177700,52500,125200,4760662.139892578
600887,607,262900,121500,141400,7128256.092071533
601601,607,139300,17800,121500,4430133.981895447
601658,608,2173500,796100,1377400,11496095.959758759
600930,608,244300,47500,196800,960574.0158557892
600760,789,26900,9600,17300,1191645.9983825684
600930,789,300100,199100,101000,1175382.023859024
601211,789,1038300,86900,951400,18320556.47945404
601919,789,376900,233400,143500,6175614.854431152
600036,791,107400,36500,70900,4360802.939987183
601628,609,50900,18300,32600,1965783.010482788
601658,610,866900,794800,72100,4585608.974170685
601888,610,255400,187700,67700,13481120.924377441
600276,610,213324,83900,129424,9759591.80682373
600809,610,167000,90900,76100,19332006.982421875
600276,612,162800,72600,90200,7442226.964569092
603259,612,159144,100425,58719,26953942.60571289
600150,613,244528,125728,118800,9582833.19985962
601211,613,64000,52800,11200,1132774.043083191
601988,833,245300,140000,105300,1615474.0133285522
601857,833,176000,150400,25600,1891764.9946212769
600150,833,152200,73968,78232,5905517.682937622
600406,833,60200,39300,20900,1348872.9860305786
603019,833,27300,11582,15718,2285041.9662475586
600111,833,31600,23100,8500,1185230.961227417
600760,833,10300,4900,5400,455205.99632263184
600028,834,89900,69100,20800,477161.00001335144
601728,834,120600,82300,38300,737688.9956951141
601919,835,262400,110600,151800,4290554.107284546
601988,836,145200,77200,68000,955926.0005950928
600900,614,396490,160800,235690,11122980.241241455
600089,615,154600,20600,134000,2795556.9971084595
600031,616,204400,62000,142400,3640886.902809143
600809,617,58300,16780,41520,6707175.1695251465
601398,617,280800,144500,136300,2259077.0223617554
601628,849,24300,10700,13600,937987.979888916
600809,850,13400,6500,6900,1533276.0070800781
600028,851,1741500,261100,1480400,9212181.955099106
601668,851,211900,101900,110000,910070.0152397156
601166,852,507900,209300,298600,9076424.383926392
601857,852,660966,579366,81600,7086638.617238998
603993,852,509000,90100,418900,8996728.100585938
603993,619,729700,133300,596400,12859660.22567749
601888,619,41462,11614,29848,2178335.085121155
688041,619,29041,18649,10392,7428382.658432007
601899,620,371000,107600,263400,11624505.996322632
601658,620,1717300,1528500,188800,9136135.288190842
600030,855,322500,154000,168500,8640099.227523804
688111,855,5089,3655,1434,1154916.8442230225
601398,856,282400,178900,103500,2283581.0194015503
601899,856,509300,406900,102400,15991267.788505554
600276,856,106300,65100,41200,4853248.042678833
601211,856,139600,86200,53400,2465733.9878082275
601601,621,62500,51800,10700,1990331.017112732
688256,621,11282,3235,8047,12476265.055053711
600183,622,224000,116500,107500,32475748.13079834
601211,622,35500,14300,21200,628138.0222320557
688256,623,30971,10670,20301,34234776.16833496
688008,623,76490,48274,28216,17250964.142608643
688012,623,14463,6819,7644,5050457.807342529
601888,623,103900,10800,93100,5455696.963882446
688981,624,68456,33203,35253,8289053.082260132
600036,816,63600,26600,37000,2582799.9938964844
688008,817,54700,29661,25039,12259811.653778076
600406,818,45000,14800,30200,1006207.0276260376
601601,820,91700,55400,36300,2903168.9847946167
600309,625,309700,220700,89000,22123554.111480713
603019,625,76127,53627,22500,6386607.261245728
600089,625,111100,81200,29900,2008388.9846801758
601166,628,263500,135100,128400,4719409.962654114
601328,628,302500,39100,263400,2271095.053577423
603986,885,116002,38500,77502,46178136.75140381
601288,885,591500,362400,229100,4043569.0378189087
601668,886,408300,209000,199300,1749614.0338420868
600309,629,142100,62200,79900,10153765.937042236
600519,629,11200,3300,7900,14112164.0625
600030,630,88000,59700,28300,2355557.035636902
601127,630,104400,55000,49400,4959947.988891602
601318,631,183700,141400,42300,9943745.10307312
601857,632,113300,71000,42300,1217551.9903182983
601318,634,95900,53000,42900,5193292.959976196
688111,634,31142,19060,12082,7062869.580307007
601088,635,38100,12200,25900,1808150.9941101074
601318,872,82400,45600,36800,4443898.957443237
601628,872,51900,38900,13000,2002445.0214385986
600276,638,45300,29100,16200,2071103.0113220215
601318,638,90200,40200,50000,4882330.023956299
601628,638,30600,11200,19400,1181118.977355957
603501,638,28100,24800,3300,2321533.0223083496
600406,639,26600,22200,4400,593401.9847869873
601166,639,229700,13900,215800,4111485.9090805054
603019,639,32700,10600,22100,2741970.9617614746
603993,641,359600,60500,299100,6346551.853942871
600111,641,52313,26100,26213,1959029.8645362854
601888,641,66500,39100,27400,3476798.9627838135
600760,642,16700,11300,5400,737733.971786499
688012,805,43185,24565,18620,15074323.341552734
600887,805,157700,116200,41500,4246957.050323486
601601,805,111200,33500,77700,3526786.912727356
600031,806,179500,125400,54100,3173639.0565872192
603259,808,44300,16100,28200,7422507.028198242
603986,808,36200,13900,22300,14476113.046264648
601318,809,172100,27100,145000,9287906.113815308
603259,644,125300,55500,69800,21109347.06878662
601127,644,38700,14500,24200,1839820.0149536133
600036,644,74800,23700,51100,3048396.98677063
600809,644,11800,9200,2600,1346287.0056152344
600183,644,62573,36400,26173,9027951.053192139
688981,644,42827,10023,32804,5195886.47517395
600028,645,123200,34700,88500,657002.9985427856
601728,646,125600,63200,62400,768048.0010986328
603019,823,35200,16100,19100,2942150.9925842285
601328,823,152600,135000,17600,1147376.0014533997
601211,824,64000,43000,21000,1124909.990310669
600519,825,5600,2600,3000,7015125.09765625
688111,825,5576,4437,1139,1264064.3429412842
688981,825,35954,25517,10437,4369844.722572327
688256,826,14114,6323,7791,15606167.263183594
688256,647,11990,6508,5482,13297192.792236328
601658,648,519200,422100,97100,2751882.0959568024
600760,650,21132,7900,13232,933542.1189422607
601899,651,177300,81000,96300,5566635.918998718
600036,651,118100,52700,65400,4810582.025909424
688111,651,16159,3580,12579,3666004.904434204
601628,887,96500,35200,61300,3723481.057357788
601328,888,185000,101000,84000,1395910.0160598755
601988,675,532600,186700,345900,3485071.022415161
601919,826,100500,26000,74500,1644440.0672912598
600150,570,2299900,929700,1370200,91644860.65951157
601318,652,85900,39400,46500,4649589.008331299
600760,652,34400,7500,26900,1518162.018585205
601628,653,20700,8700,12000,798373.006439209
601328,653,85500,74400,11100,641138.9974594116
601127,654,21500,11900,9600,1021322.9877471924
600150,654,100034,72734,27300,3896613.322090149
601211,654,68500,28900,39600,1211369.027519226
601728,654,258467,39200,219267,1581449.0204763412
600930,654,108500,24500,84000,425565.00804424286
601668,655,331400,57400,274000,1432222.0426559448
601288,656,768100,594200,173900,5198298.028469086
600050,656,98800,81500,17300,413799.0016937256
600809,810,13500,6800,6700,1541682.0114135742
600183,811,82100,26500,55600,11803817.074584961
600089,811,51800,12100,39700,934957.9710006714
601600,811,501500,299500,202000,4576675.0111579895
601988,813,261800,106300,155500,1721089.0185832977
600809,814,32553,27653,4900,3722726.2758483887
603986,815,96314,39714,56600,38340384.96575928
600809,815,21300,6200,15100,2438044.0063476562
601628,571,242300,158700,83600,9352854.862976074
601012,571,870207,369914,500293,9873865.346967697
600900,689,67300,38000,29300,1887393.01071167
601398,780,2702946,390300,2312646,21782035.553510666
601127,780,148600,88794,59806,7033353.005981445
688041,781,61605,30299,31306,15644251.540679932
601601,889,98200,46900,51300,3109747.001838684
600028,889,522200,142400,379800,2763862.0126724243
600028,890,296800,106600,190200,1571138.0130767822
601166,890,259000,199700,59300,4635506.887626648
688008,891,98733,52290,46443,22036452.51019287
600887,892,165500,98100,67400,4458286.0818862915
601668,892,1125400,138600,986800,4818098.201751709
603019,892,107134,44200,62934,8946239.077819824
601398,572,1999800,517400,1482400,16205001.283454895
688981,827,15870,6383,9487,1930945.4116134644
601288,827,9312000,4510200,4801800,63381386.342191696
603019,827,19400,7800,11600,1622368.9895629883
600930,827,47100,22300,24800,184384.00382995605
601012,828,135200,100600,34600,1549840.015411377
600150,829,235868,143936,91932,9151439.734985352
601988,829,230300,175200,55100,1517126.022529602
600028,830,130600,92400,38200,691798.016166687
601328,830,309700,271600,38100,2331660.056257248
600031,830,42400,21800,20600,749426.0082244873
601668,831,208200,108200,100000,896342.0128822327
600760,831,14900,8500,6400,658403.9916992188
600028,831,906200,885500,20700,4803752.149820328
601318,831,56200,40600,15600,3033824.0242004395
601328,832,391200,66000,325200,2945639.079809189
601166,573,482400,277000,205400,8616345.223999023
601328,573,924200,703200,221000,6957114.145565033
688041,574,401388,187710,213678,101923202.5145874
601668,574,802400,316000,486400,3445456.0417175293
600406,574,211500,150700,60800,4686642.963218689
600111,574,499800,124700,375100,18808457.861709595
603986,668,68000,12800,55200,27195151.147460938
600760,669,146900,97000,49900,6508191.020965576
600276,867,99500,27000,72500,4533364.019775391
601600,669,188600,77000,111600,1722688.0392074585
600183,670,94300,31400,62900,13555278.97644043
601888,670,17300,9400,7900,904537.9989624023
688256,670,15316,5207,10109,16910030.776123047
688111,670,4586,667,3919,1041129.4572296143
600028,670,135300,8700,126600,719883.021068573
688256,673,7203,1217,5986,7949549.37902832
601628,674,74300,43200,31100,2875157.0030212402
601211,674,56300,31700,24600,996521.0302352905
600519,675,7000,1500,5500,8771473.576049805
601857,862,85100,49800,35300,914471.9919204712
600276,863,85080,33100,51980,3881650.805053711
603501,863,17000,3600,13400,1407498.0140686035
603259,864,30300,18000,12300,5089307.011413574
601318,864,114400,53500,60900,6168313.836288452
601658,865,899100,350700,548400,4792031.946468353
601988,866,949370,827400,121970,6245634.857811928
600519,866,7300,4100,3200,9142377.062988281
601127,881,56100,45800,10300,2652768.9868927
601919,882,195300,65400,129900,3193296.0777282715
600276,882,148520,88920,59600,6763063.81401062
600111,882,81800,32900,48900,3062251.954650879
600887,882,143100,59900,83200,3858631.891822815
601398,575,5403800,1579200,3824600,43637889.08023834
600036,575,489000,290200,198800,19946618.898773193
603986,792,37487,12187,25300,14983614.222869873
601328,792,70400,33200,37200,529740.0062561035
600028,793,446500,361800,84700,2383463.0487442017
600183,793,43100,20100,23000,6200835.012817383
600276,793,41700,10900,30800,1900111.0088348389
600760,793,1600,600,1000,70843.9998626709
601328,794,258400,245100,13300,1945619.0511703491
600930,796,95400,78900,16500,373803.00743579865
600276,796,74600,31600,43000,3398107.9887390137
601600,796,286200,261900,24300,2612763.027191162
600028,796,445300,405200,40100,2377501.058769226
688256,796,9473,6169,3304,10482129.44128418
601728,797,80300,12400,67900,490757.00764656067
601318,797,45700,13900,31800,2471404.0615081787
601658,798,44100,44100,0,234612.00757026672
600150,798,215300,83400,131900,8322042.138290405
688041,576,179622,84617,95005,45918836.556762695
603019,576,242200,158300,83900,20450949.012756348
601601,576,613200,331500,281700,19538571.080207825
600183,577,284907,141275,143632,40887343.65940857
601988,577,696000,382800,313200,4597172.016429901
601899,857,292400,154400,138000,9185827.990722656
600183,857,113800,31700,82100,16366820.1461792
600276,858,80500,13100,67400,3673645.012283325
603993,859,75100,39200,35900,1328649.043083191
600406,859,46600,23400,23200,1043607.9769134521
600406,860,21200,16400,4800,474831.990814209
688041,860,33376,18317,15059,8409614.877182007
600030,861,273700,218600,55100,7339635.893630981
603019,861,23736,16136,7600,1987337.973236084
601857,578,463000,334500,128500,4980584.076309204
600276,663,148500,94000,54500,6761523.017120361
600809,663,17400,6300,11100,1979804.987335205
601628,663,28000,12300,15700,1079022.9976654053
601166,664,144100,55300,88800,2578373.921775818
601398,665,387200,259200,128000,3119552.133178711
600111,665,42200,30600,11600,1580545.0050354004
603019,667,33500,6500,27000,2807240.005493164
600930,667,95300,33200,62100,372955.00786304474
600150,579,1283362,611787,671575,50224498.22062683
601601,579,212300,75500,136800,6766275.018882751
688008,580,529179,290564,238615,120481020.38005066
600150,580,844536,390672,453864,33093464.544387817
600930,843,186300,70900,115400,729142.0153141022
600183,845,50900,24500,26400,7302738.917541504
601668,845,147000,60000,87000,631230.0081253052
600900,846,206500,155900,50600,5802144.067192078
601899,846,251100,143400,107700,7891851.071548462
601919,846,212000,40700,171300,3464261.036491394
603019,847,26571,15771,10800,2222801.215232849
601888,847,34000,26700,7300,1777364.9787902832
601127,847,17800,5500,12300,841812.0079040527
688041,847,40112,24006,16106,10123655.465957642
688981,847,27668,19682,7986,3367622.7583999634
600050,848,168300,77100,91200,704264.9887561798
601888,848,26700,15200,11500,1395677.9872894287
600028,581,2106800,148600,1958200,11173055.191326141
601398,582,3265919,329000,2936919,26354213.74086094
603501,583,85600,15400,70200,7054819.922637939
600150,583,412827,188927,223900,16187851.442012787
601318,584,182300,74200,108100,9883354.037475586
600276,658,120800,45900,74900,5501554.98008728
601288,658,572500,496400,76100,3875064.007949829
600930,659,255000,27800,227200,999878.0191898346
688256,659,6711,3414,3297,7454021.232543945
600150,662,176097,104800,71297,6876351.945201874
603019,894,130090,47684,82406,10859974.15699768
601728,894,286200,130700,155500,1747127.002620697
601628,894,88300,38200,50100,3404769.038772583
600089,895,189600,89800,99800,3428866.006088257
601088,895,85825,57600,28225,4054680.2474975586
688256,895,29118,9873,19245,32131363.504882812
688041,896,112456,55256,57200,28311328.91670227
600089,896,238300,143849,94451,4311035.550676346
603986,799,36500,22400,14100,14581248.919677734
601899,585,1142197,228000,914197,35948521.28117752
688256,585,35703,16650,19053,39849965.885009766
601601,586,239600,87000,152600,7625058.94947052
688256,799,5329,3348,1981,5911949.42565918
601658,800,60900,49500,11400,323874.0078449249
601088,801,44600,26400,18200,2107681.964492798
600150,801,305500,139600,165900,11808499.073410034
688981,801,39067,27284,11783,4748936.317855835
600050,802,63200,17400,45800,264349.9931335449
601668,804,364200,43000,321200,1566490.0588035583
600036,587,550000,176600,373400,22402348.11820984
601988,587,3427100,918500,2508600,22472867.049074173
600900,676,55300,44100,11200,1550046.0376739502
601398,676,136300,77000,59300,1097985.0436210632
601658,677,47500,5800,41700,252282.99860954285
601658,678,80500,17900,62600,427633.9994907379
601899,678,225100,151400,73700,7081790.945625305
600930,678,45200,35900,9300,177091.00353717804
600760,679,15100,7200,7900,670047.002029419
603501,680,19000,16700,2300,1574603.002166748
601600,681,1144500,143500,1001000,10448808.120059967
600030,681,45100,28000,17100,1207843.0324554443
600309,681,89600,9800,79800,6343320.146942139
600276,588,390200,255400,134800,17887699.02496338
688041,588,306525,172203,134322,79363675.02667236
601288,588,6706300,883600,5822700,45672269.87285614
601288,589,2323000,735500,1587500,15803755.260705948
601211,589,197600,74800,122800,3484927.862548828
600900,589,338900,161900,177000,9501603.197097778
600930,589,266800,128300,138500,1047139.0191316605
688111,868,6305,4315,1990,1431292.6798858643
600030,870,222400,145100,77300,5966635.974884033
600031,871,105800,77400,28400,1855448.0903625488
603986,590,252200,117700,134500,102423204.89807129
688111,590,39109,29670,9439,8887340.903533936
600760,590,25100,13300,11800,1110799.9996185303
600030,591,260800,99600,161200,6987152.99987793
601919,591,176699,79998,96701,2891994.5301647186
601857,876,111000,73800,37200,1191767.966079712
601127,876,23400,8400,15000,1106541.0018920898
601398,877,267100,156900,110200,2162408.0766677856
603986,877,55828,34328,21500,22234127.3538208
601600,877,790700,100400,690300,7212187.9324913025
601600,878,714700,76700,638000,6518830.935764313
600050,878,144000,76800,67200,601247.9919433594
688256,878,17034,6068,10966,18774697.670288086
603259,878,45020,23340,21680,7559776.374206543
603993,593,1241768,806436,435332,21934939.812217712
600309,594,63700,30400,33300,4452790.111541748
600519,594,12200,5100,7100,15387036.889648438
600276,782,63600,34500,29100,2898897.010421753
688041,783,51468,30554,20914,13081409.108215332
601658,783,97400,55200,42200,517746.00706100464
603259,783,58600,24700,33900,9788655.014038086
688981,783,34703,24471,10232,4223006.669845581
601211,784,74700,23500,51200,1319436.9939804077
600276,784,70300,21700,48600,3203729.0119171143
601318,785,43600,14000,29600,2359336.003112793
601166,785,63200,52600,10600,1130865.9664154053
600030,595,217858,91758,126100,5836086.368778229
601857,682,203000,59700,143300,2172696.9749450684
600031,682,24100,6300,17800,426873.9793777466
600028,682,74400,6600,67800,395874.0111351013
688111,682,1817,1287,530,412511.7311401367
601166,683,129500,19000,110500,2319470.9831237793
688256,684,5798,3715,2083,6410512.541259766
688256,685,3078,1265,1813,3403511.541748047
601600,686,154100,58100,96000,1407514.0309333801
600276,686,83400,45300,38100,3801724.0730285645
600036,686,85700,47800,37900,3493804.9198150635
600111,686,44300,27300,17000,1657599.9382019043
601899,687,571300,216800,354500,17976565.70186615
600031,687,107800,84400,23400,1909915.9364700317
600519,893,17700,4900,12800,22144358.068847656
601888,893,64298,35331,28967,3349474.4490890503
600030,598,122510,59820,62690,3284414.032764435
600406,598,77400,35300,42100,1722668.011856079
600030,599,108490,20400,88090,2908375.836544037
601658,600,511600,497600,14000,2716455.9741973877
601012,600,463500,83100,380400,5321029.799747467
600760,600,17600,11900,5700,779936.0153198242
601628,601,76900,47900,29000,2973065.991592407
600089,601,220900,165740,55160,3992894.960784912
600028,601,5917860,4512600,1405260,31624923.089504242
601600,601,230900,178700,52200,2119140.058517456
600406,838,53700,23400,30300,1202576.972579956
601658,838,89600,76600,13000,477437.9963874817
600809,839,13500,4800,8700,1547181.997680664
600519,840,2800,1300,1500,3507939.9780273438
600930,841,159800,28900,130900,625107.0134401321
601919,842,194300,82400,111900,3175002.032852173
601899,842,274100,143800,130300,8619092.163467407
600183,842,88900,71400,17500,12767070.053100586
601012,842,40000,33100,6900,458731.0091018677
600089,602,216200,81400,134800,3907473.950958252
603019,602,130300,48900,81400,10937852.978515625
603986,603,303125,124540,178585,121744956.13464355
601288,603,727000,643300,83700,4957303.105640411
688012,604,62249,50007,12242,21710116.5368042
601288,606,12561100,426500,12134600,85399490.9222126
601988,606,14596600,1483400,13113200,95243821.26412392
603501,606,72400,17300,55100,5956521.794128418
601012,607,1264500,1202200,62300,14573478.087615967
601328,608,1199200,289500,909700,8984902.791786194
600406,608,506800,365000,141800,11317447.975158691
601688,788,46900,33000,13900,861414.0361785889
688256,788,8254,3600,4654,9139469.026367188
688111,788,1434,534,900,325787.45751953125
600519,790,6300,3600,2700,7891242.077636719
600111,790,28100,11600,16500,1052774.0077972412
601318,791,75100,41200,33900,4061821.0681915283
601127,791,20200,15300,4900,956059.9994659424
600519,610,54490,38125,16365,69185750.15441895
603259,610,394400,196100,198300,66931570.2041626
601919,610,173700,115000,58700,2840686.0820770264
601688,612,93336,41600,51736,1720192.1487045288
601899,611,391800,192500,199300,12321221.119880676
601601,612,130000,73400,56600,4139880.0354003906
601668,613,1704620,270100,1434520,7398248.006391525
600760,834,8400,4100,4300,371236.9972229004
600887,835,70000,51000,19000,1887246.9484329224
600031,836,76500,39100,37400,1349085.9447479248
600030,837,189400,60500,128900,5065319.974136353
601658,837,171000,88500,82500,910605.0074100494
600809,616,53900,29500,24400,6207811.902618408
601088,617,51100,18500,32600,2424777.994155884
601088,849,29900,11600,18300,1414165.9996032715
600309,850,155000,89600,65400,11083389.919281006
601688,851,26800,13900,12900,491919.0134048462
601318,851,50000,34800,15200,2695545.984649658
688012,851,15886,6332,9554,5551870.896942139
601988,618,1918900,1495800,423100,12545375.031709671
601888,618,68038,24238,43800,3574546.4998168945
600887,619,122000,70800,51200,3299095.0550079346
601601,619,32300,19900,12400,1028661.0101699829
601318,620,202000,119400,82600,10927475.970077515
601728,620,87800,23100,64700,538445.0043201447
600887,853,119300,50200,69100,3210667.9887771606
601012,854,33900,18000,15900,388674.0054130554
603259,854,35500,20200,15300,5959293.043518066
601328,854,151400,104400,47000,1140200.023508072
601668,854,467300,84100,383200,2005558.001422882
603501,856,21600,15000,6600,1789193.0053710938
600309,621,304500,179100,125400,21698916.735076904
601919,621,173900,73600,100300,2845047.1071243286
600519,621,19300,3700,15600,24368481.286621094
601601,816,57500,32200,25300,1822005.0268173218
601328,816,29500,22400,7100,221769.00119781494
603986,817,39300,16200,23100,15656330.145263672
600519,817,8600,3200,5400,10780406.884765625
603019,817,52500,22900,29600,4389752.07824707
601658,818,71700,69200,2500,381419.01173591614
600276,818,60600,33400,27200,2753467.951965332
600183,818,80700,32700,48000,11568673.93951416
600887,819,280700,181900,98800,7570762.843322754
601088,819,48300,20800,27500,2285444.0227508545
688041,820,147721,91628,56093,37223628.9551239
600900,821,158300,61100,97200,4442462.928390503
600028,625,1188900,624400,564500,6376801.03058815
600809,625,34900,6900,28000,4007105.9577941895
600406,625,105700,33300,72400,2359490.973854065
688981,626,49480,33795,15685,6004481.083602905
603993,626,252100,172500,79600,4453499.993896484
600887,626,108300,42200,66100,2925159.0242385864
600028,628,1101300,710100,391200,5904958.088874817
601857,628,116400,87500,28900,1250684.985923767
601211,884,139860,100100,39760,2470212.58518219
603019,884,55300,28800,26500,4620862.920379639
601318,884,280000,166300,113700,15107484.943008423
601628,885,141500,93500,48000,5464755.012893677
601658,885,259800,190800,69000,1386642.0238494873
600183,886,121844,56432,65412,17441103.59814453
600050,886,168100,126300,41800,702239.981508255
601658,629,136700,98700,38000,726864.0147686005
600276,630,77100,47700,29400,3521099.9923706055
603993,633,265400,105700,159700,4693882.117271423
600036,633,62000,32300,29700,2527484.9716186523
688981,633,46982,27106,19876,5710076.562652588
601628,635,64200,52400,11800,2480187.031555176
601398,635,121500,102200,19300,979097.0465660095
600406,636,85600,72000,13600,1909338.945198059
601688,636,111500,16800,94700,2049913.918876648
601166,873,110700,64700,46000,1981058.9469909668
601628,873,41900,24600,17300,1616097.0279693604
603259,873,66300,27100,39200,11132360.977172852
600111,873,45700,22400,23300,1711231.985092163
688111,873,3034,2534,500,688531.8048706055
600050,874,59900,47600,12300,250258.99276733398
601728,874,128200,70000,58200,784001.9997596741
603986,640,58900,17000,41900,23569998.8861084
688981,640,80686,43267,37419,9800477.322868347
601728,641,120100,67700,52400,734487.9992485046
603986,641,43500,16100,27400,17401964.01977539
600930,642,140700,76900,63800,552313.0100011826
601658,805,43100,28300,14800,228713.001203537
601899,805,243200,113100,130100,7653343.829345703
600930,807,141400,33900,107500,553213.0118131638
601688,808,82800,74900,7900,1517644.9918746948
601127,808,14600,11400,3200,693208.0020904541
600036,809,170500,74582,95918,6919718.356620789
600150,643,367000,95900,271100,14285590.871768951
600519,643,12000,5200,6800,15069923.999023438
601088,645,176600,14500,162100,8353789.995574951
601318,825,130500,58200,72300,7039196.936035156
601628,825,54600,44600,10000,2103173.9658355713
600028,648,72500,43500,29000,386135.0016593933
600183,648,124100,81600,42500,17920250.85144043
688008,649,123694,76968,46726,27858570.374801636
601318,649,137396,72296,65100,7430960.669692993
600519,649,7900,4900,3000,9911501.07421875
601398,650,228300,168000,60300,1837212.0297431946
688256,650,22098,10940,11158,24519352.5859375
603993,651,210100,110700,99400,3695297.0237731934
601398,651,272236,247900,24336,2191256.486354828
601857,651,79300,45700,33600,851318.9735412598
600406,651,61300,36400,24900,1368889.9967193604
688256,887,19978,13030,6948,22012400.0579834
601288,887,484600,216900,267700,3311987.0126724243
600309,887,109000,42300,66700,7797251.902008057
603993,888,516850,302650,214200,9101902.819442749
688008,888,134502,63811,70691,30005691.35545349
600028,641,255400,59600,195800,1361877.9941558838
600030,570,2076700,1051000,1025700,55683235.00080109
601166,570,1072100,680700,391400,19182067.1918869
600930,652,274000,30700,243300,1074387.020611763
601668,652,244800,215700,29100,1059692.988538742
603993,653,205000,92400,112600,3608651.0931015015
603501,653,16600,14800,1800,1374114.0182495117
600028,654,104600,53600,51000,557008.0046653748
600900,654,191900,178600,13300,5375712.057495117
601398,654,214600,116700,97900,1726551.01852417
600028,655,148700,80400,68300,791888.0055904388
688256,657,30001,2945,27056,33353471.344604492
601857,810,293100,175500,117600,3136072.9418754578
600760,810,33500,7600,25900,1480618.9910888672
601658,810,1622100,1370800,251300,8613472.91135788
688041,811,52826,27670,25156,13368806.46560669
600406,811,57000,28500,28500,1274805.0413131714
601857,812,194700,144100,50600,2085445.0121879578
601601,813,74800,38800,36000,2371419.012069702
601628,815,28900,16200,12700,1114307.0045471191
600036,571,549300,411300,138000,22425504.209899902
601288,689,1221700,904700,317000,8292469.024658203
601688,780,655900,157600,498300,12032781.181907654
600887,780,569200,354800,214400,15325251.095199585
688256,781,12570,7503,5067,13943967.872192383
600111,781,59700,52100,7600,2236048.9685058594
600406,889,129500,68720,60780,2896805.0886154175
601919,890,198922,65844,133078,3252385.5561294556
601658,891,552200,148600,403600,2944711.991882324
600406,892,211100,95100,116000,4722894.039916992
603986,892,118890,67480,51410,47380806.25579834
600036,892,133900,57100,76800,5440207.029724121
601628,572,141500,83900,57600,5458267.086029053
600050,828,94700,69300,25400,396538.99960517883
601899,829,300600,141200,159400,9429744.208145142
601857,830,85100,53600,31500,914509.9927902222
601012,831,295900,257188,38712,3399763.931941986
600030,832,184600,53000,131600,4934123.910140991
603259,832,44100,20600,23500,7403976.950073242
688041,669,54678,22717,31961,13855641.042373657
601628,573,107700,43100,64600,4152858.039855957
600809,573,22500,5700,16800,2543195.990753174
600183,574,229593,102193,127400,32935122.437301636
601888,574,140667,57834,82833,7339416.694889069
603259,668,52400,20400,32000,8789688.986206055
600309,668,36100,16300,19800,2560940.016937256
688041,668,112221,29830,82391,28455752.79953003
600031,668,57900,31000,26900,1025139.9921417236
688012,669,14658,2265,12393,5121056.244354248
600031,670,58900,36600,22300,1043484.9544525146
601728,671,266900,208800,58100,1635495.0167655945
601658,671,96700,52800,43900,514005.00655174255
600309,672,56000,24100,31900,3968643.035888672
601088,673,24400,16100,8300,1151825.001525879
601919,675,203318,7200,196118,3339756.804698944
600036,675,184200,45300,138900,7496440.013504028
600309,862,311300,108400,202900,22488121.911621094
600111,863,39900,17800,22100,1494964.0281677246
603259,863,35900,15700,20200,6030842.984008789
688981,863,26248,13908,12340,3195166.086502075
601127,864,28100,7800,20300,1328065.9664154053
600887,864,51700,42800,8900,1392741.0263061523
601688,864,285800,75000,210800,5243978.098678589
600809,864,12500,4900,7600,1430830.990600586
601899,865,264700,68400,196300,8314910.975265503
601888,865,30900,2600,28300,1615193.009185791
601288,866,345200,209800,135400,2356362.0072364807
600150,866,255702,139328,116374,9871552.783752441
688008,866,72562,39288,33274,16245068.69152832
600276,880,82340,49800,32540,3748957.1477508545
600887,880,105900,49200,56700,2855594.91519928
600309,880,97302,39500,57802,6975803.423339844
600406,880,103100,87900,15200,2306195.0830459595
601601,881,67200,43500,23700,2127069.9787139893
688041,882,59659,22020,37639,15055548.87876892
601857,883,248900,85100,163800,2669305.9931755066
600900,575,445883,233200,212683,12510865.722488403
600150,575,1802519,481719,1320800,71107420.2350502
600030,794,58900,29300,29600,1572922.9957580566
601211,794,110600,18800,91800,1943429.970550537
688041,794,40847,10030,30817,10344147.586929321
601088,795,17200,13800,3400,814361.9926452637
600111,795,21500,10100,11400,805275.9994506836
600089,795,49400,10200,39200,892265.9759521484
601628,796,26500,17900,8600,1022262.0254516602
600030,797,182800,52501,130299,4882832.875823975
600030,798,322049,31100,290949,8598048.521633148
601601,798,42000,16200,25800,1334082.0133209229
688012,798,38977,32681,6296,13578126.843048096
688008,576,571938,320064,251874,129716533.4733429
600089,576,137800,82300,55500,2502667.984008789
600036,857,79000,23000,56000,3206813.9793395996
600930,858,339100,302200,36900,1325512.0294570923
603986,858,34300,12000,22300,13690956.951904297
688012,859,42419,25427,16992,14776859.489746094
603019,859,31100,15500,15600,2603579.013824463
601658,861,794900,310000,484900,4237079.948663712
600519,861,5900,2100,3800,7391099.951171875
600111,578,171700,93400,78300,6463344.089126587
601211,664,499300,254400,244900,8823780.06439209
601127,665,15400,5900,9500,730587.9955291748
600036,666,107300,56300,51000,4368974.974822998
601668,666,564200,354200,210000,2437269.0930366516
603993,667,652400,225300,427100,11465580.8675766
603986,579,199443,116786,82657,80331128.62026978
601988,579,1277500,512100,765400,8446913.09595108
601318,580,260200,97500,162700,14113713.005447388
600406,843,64500,34400,30100,1444132.9601287842
600036,843,119800,58900,60900,4862815.026473999
688008,844,60880,21139,39741,13612394.63772583
601127,844,42300,21100,21200,2002204.047012329
600760,845,31100,9200,21900,1371915.0066375732
601688,845,28000,17000,11000,513410.00175476074
600089,846,162300,116300,46000,2933586.9693756104
600030,846,110600,76200,34400,2958205.992126465
688981,846,24238,15385,8853,2947613.6156845093
601328,847,421900,278700,143200,3177065.0774002075
688041,848,35208,19839,15369,8888042.486557007
601728,581,234100,78100,156000,1438154.9866199493
600030,581,242401,116000,126401,6505539.855474472
600930,582,308700,21600,287100,1213407.0204019547
601888,582,174700,40100,134600,9164042.994609833
601601,583,181100,110900,70200,5758057.035827637
600930,584,322000,102400,219600,1266484.0205192566
601899,658,141300,77300,64000,4436179.93144989
601658,659,431300,31900,399400,2286209.0743541718
601328,660,301400,136800,164600,2258853.96232605
601888,660,90400,6900,83500,4725900.004959106
601398,661,268600,173800,94800,2161282.029533386
601658,661,52200,36900,15300,277029.0008068085
688012,661,33005,14967,18038,11551529.2477417
688012,662,18241,14275,3966,6379266.968475342
688012,895,36070,16910,19160,12592636.55923462
601658,895,801400,300400,501000,4266410.064077377
601888,895,71200,26000,45200,3712004.04548645
601668,896,585500,323600,261900,2509176.0426044464
601012,585,1049200,524300,524900,12101435.2368927
600276,585,417215,219015,198200,19134924.215221405
600150,586,551629,242729,308900,21608860.888389587
601012,586,2802100,2005300,796800,32353882.30857849
601899,586,942000,557000,385000,29628539.932632446
601398,802,1997100,389900,1607200,16118078.471946716
601688,800,103000,17400,85600,1887020.9699630737
601328,800,112900,85900,27000,849867.0175075531
601899,801,118300,51000,67300,3719862.0748519897
601601,802,164200,19100,145100,5209146.903800964
601318,803,301138,42300,258838,16261874.929000854
688041,803,40129,9325,30804,10163614.015167236
600809,587,66700,20400,46300,7592488.939666748
601328,587,1537870,92500,1445370,11516424.032859802
600887,587,249900,108700,141200,6719214.915275574
600050,587,567100,274700,292400,2373224.9655246735
603986,677,20100,5300,14800,8026274.920654297
601127,678,25600,7600,18000,1213089.0048980713
688041,678,36076,19656,16420,9131308.395584106
600031,681,65400,40500,24900,1158138.9617919922
688008,681,60334,16255,44079,13550482.17301941
601857,681,123000,89200,33800,1316991.9969558716
601919,681,54900,34400,20500,901802.0120620728
688111,681,1709,900,809,387950.0053100586
688012,588,114889,75423,39466,40662496.75592041
600183,589,847700,484584,363116,123362444.6516571
688012,868,65504,28602,36902,22802198.951385498
601668,869,655600,264600,391000,2815170.0355529785
688012,869,18093,13679,4414,6305802.82623291
601888,870,27000,6000,21000,1408839.977645874
601088,871,45500,26700,18800,2153919.0170288086
688256,590,39457,18788,20669,44005113.58532715
600030,590,192364,133564,58800,5153980.918144226
600930,590,1018300,903400,114900,4001868.0680274963
600031,590,652280,443280,209000,11579833.022640228
600028,590,1283400,647200,636200,6788484.00478363
601668,590,2099000,2040700,58300,9088086.854314804
603501,591,31600,17400,14200,2609660.959625244
601600,591,2201500,335200,1866300,20215816.262435913
601318,591,211300,71200,140100,11450223.99559021
603259,875,50400,23300,27100,8462622.979736328
601919,875,174300,57200,117100,2851943.11542511
603259,876,40900,18200,22700,6867140.948486328
600183,877,64307,32700,31607,9207630.009811401
601127,877,25400,7000,18400,1200914.98336792
688008,877,69412,36288,33124,15507905.86680603
600183,878,162593,67000,95593,23279614.623672485
600809,878,11400,3600,7800,1302341.985321045
600089,878,71900,26300,45600,1300215.0005340576
600183,592,296800,112800,184000,42793589.91394043
603501,782,24900,14300,10600,2068367.9916381836
601288,782,1914800,483100,1431700,12982970.386219025
600050,783,57400,47900,9500,240411.0011100769
601288,785,900700,638900,261800,6107513.164901733
601988,786,513900,456800,57100,3370612.984752655
600036,787,39600,11100,28500,1609408.006286621
688111,787,3424,2742,682,777810.8598175049
601398,787,131200,116800,14400,1058639.9703979492
601919,595,209000,124100,84900,3422551.96723938
601668,595,851500,415800,435700,3691153.030204773
601211,595,305900,118700,187200,5405559.030342102
603986,596,141440,67200,74240,56993497.576293945
603019,596,94000,59700,34300,7905040.8767700195
600809,596,80600,70300,10300,9224401.991271973
600760,683,10600,3900,6700,469184.9864959717
688981,683,26794,4830,21964,3252900.17338562
601888,685,10000,2800,7200,522900.00190734863
600028,685,82300,45200,37100,437465.0056362152
600887,686,48299,17199,31100,1301771.0671195984
600309,686,28600,14000,14600,2023899.9801635742
600089,686,32500,20000,12500,587474.9946594238
600276,687,52400,27300,25100,2388033.0574035645
603259,688,69300,13700,55600,11602477.104187012
600036,688,79800,8300,71500,3251339.0029907227
603019,893,117834,42068,75766,9839647.4118042
601728,598,411300,58900,352400,2530084.024620056
600036,598,157200,36800,120400,6414976.034164429
603986,599,200463,70063,130400,80933038.30609131
601988,599,2477600,910300,1567300,16251958.88915062
600406,599,77600,59200,18400,1727192.0135498047
600150,599,423900,281100,142800,16604051.823425293
601288,600,394900,203200,191700,2691301.02391243
600519,600,13000,5700,7300,16363065.246582031
601088,601,84400,53100,31300,4010535.963821411
601211,838,427005,208400,218605,7527847.783613205
600276,838,66300,20500,45800,3014149.97215271
600030,838,364949,293800,71149,9759477.193429947
601628,840,31200,13100,18100,1203775.0205993652
600887,840,125700,17200,108500,3385089.0380859375
600028,841,129400,71600,57800,685242.0114517212
600760,841,25300,14100,11200,1115643.995666504
688981,841,28593,16233,12360,3478687.1892700195
688041,841,46442,21943,24499,11716937.364013672
601888,842,12100,5200,6900,631331.9919586182
688256,602,24122,8353,15769,26741148.107666016
688012,602,80740,26250,54490,28200026.441986084
688981,603,544031,137938,406093,65847099.06443024
688256,603,28892,8991,19901,31983617.80883789
601728,604,100300,76100,24200,616603.004026413
601328,605,747300,287700,459600,5613398.137426376
603019,605,163636,52136,111500,13701106.767578125
600760,605,16600,8900,7700,735136.9983673096
601728,606,315700,78200,237500,1938316.9635295868
600900,606,225400,105000,120400,6320879.092597961
601166,606,212100,90800,121300,3797390.937423706
601628,606,104700,38400,66300,4043434.976577759
600519,607,70100,46100,24000,88749272.96142578
600028,608,202800,161800,41000,1082542.021560669
601211,608,171200,157100,14100,3026804.0519714355
601600,608,551700,417800,133900,5062086.101722717
600276,788,73600,17800,55800,3353288.0599975586
603259,788,55900,26500,29400,9366438.995361328
601601,789,92500,39900,52600,2943093.9659118652
603019,790,14700,5700,9000,1231984.001159668
601919,791,173080,99000,74080,2840428.77784729
601211,609,208724,138124,70600,3694978.8331069946
600031,610,818471,564400,254071,14631757.98867035
601988,610,5118200,2565700,2552500,33318682.00778961
600183,610,152000,86900,65100,21847314.056396484
601628,611,44900,18600,26300,1736157.958984375
688012,611,38766,16792,21974,13536442.843383789
600089,611,121200,26600,94600,2195198.080062866
600930,612,199700,16600,183100,784987.0131731033
600050,612,149100,22200,126900,626441.9766426086
600028,612,423700,120600,303100,2263764.0347480774
600309,613,544500,227900,316600,38795346.283721924
688256,833,4210,1652,2558,4654936.737915039
603259,834,52400,21900,30500,8797549.95727539
600089,834,113500,91000,22500,2053324.0198135376
603259,835,49600,29000,20600,8327424.063110352
601658,835,92200,63100,29100,491135.0001811981
601899,836,451100,363900,87200,14175555.080032349
603259,836,40800,25400,15400,6849676.020812988
600887,837,33200,16700,16500,894906.9972991943
601628,837,48900,33200,15700,1888080.0010681152
601899,837,273800,105200,168600,8606508.10585022
603993,614,283300,97600,185700,4998396.849632263
600089,614,127500,21400,106100,2307424.0411758423
601127,614,53700,9900,43800,2561872.992324829
601728,614,169000,35100,133900,1036321.0106372833
600276,615,144100,69400,74700,6593702.997970581
601398,615,508400,433000,75400,4087338.976097107
601012,615,185300,118200,67100,2128425.9422302246
601211,616,102100,78600,23500,1807333.0474853516
688008,616,126077,37233,88844,28370810.32244873
601668,616,195180,28700,166480,847368.2226657867
688008,617,183459,115271,68188,41383888.70135498
600519,617,17200,5200,12000,21723700.10986328
601658,617,74300,58600,15700,394375.99964141846
600089,849,46300,19000,27300,837261.0000610352
601857,849,157700,57400,100300,1692526.9371032715
603986,850,51700,18600,33100,20635978.826904297
600760,850,25800,6900,18900,1138360.1887512207
603986,852,24743,7500,17243,9875016.244110107
688256,852,11013,3813,7200,12187721.87512207
688256,618,12429,8762,3667,13740052.11352539
600760,618,16595,13000,3595,734940.6048583984
600036,619,69500,51700,17800,2835498.03276062
600183,619,231300,164700,66600,33420289.665985107
600406,619,109200,31590,77610,2438444.0918540955
600930,619,173600,36100,137500,682609.0112447739
600150,620,120900,61300,59600,4749257.970428467
601728,854,946200,150100,796100,5780314.095783234
601127,854,40700,32500,8200,1923539.995956421
601328,621,1018900,679200,339700,7662373.988819122
601668,621,118500,41600,76900,513521.00048065186
601919,622,113300,85400,27900,1854369.0809249878
688008,622,81217,34500,46717,18327508.08465576
600036,622,52500,26400,26100,2143235.0299835205
603986,622,124300,43800,80500,49711748.7487793
688041,622,36955,15044,21911,9427625.150772095
600150,622,164500,72100,92400,6458897.99118042
600276,623,407626,67000,340626,18577325.1828537
603259,623,91000,46800,44200,15369501.107788086
601127,624,109500,80100,29400,5204029.018783569
600150,816,84700,49300,35400,3279759.0576171875
600183,816,154200,32600,121600,22116675.020507812
601328,817,88600,75000,13600,666136.0016822815
600760,818,16100,1200,14900,710987.9955291748
601127,819,13800,3900,9900,653729.9968719482
601899,819,700200,103600,596600,21988689.78805542
688981,819,216771,162671,54100,26321376.59007263
600760,819,19500,3500,16000,861044.0097808838
600150,820,254820,170140,84680,9855269.14352417
603259,821,57400,35900,21500,9628449.980163574
688041,821,49883,23338,26545,12574769.249832153
601668,625,508500,27800,480700,2202082.967567444
600030,625,387385,60600,326785,10372303.523263931
603019,626,48500,32800,15700,4071898.93951416
601728,626,101100,15100,86000,618882.9918861389
600089,626,105600,77300,28300,1908982.9858779907
600900,626,308700,137300,171400,8656705.139923096
601318,627,73000,29900,43100,3950133.0169677734
600111,627,22300,13900,8400,835943.0194854736
601728,627,106800,21600,85200,653831.9927215576
601628,628,67800,16200,51600,2618840.964126587
603986,884,106900,45500,61400,42569276.10848999
603259,884,105000,31900,73100,17641349.072265625
600028,885,599300,422000,177300,3174517.073726654
600406,886,119700,68800,50900,2678376.984977722
600809,886,11700,4900,6800,1334591.990661621
601988,630,375300,156200,219100,2452271.0400104523
601398,631,779300,563500,215800,6281430.286407471
688041,631,62959,41812,21147,16050049.459991455
601688,632,279300,117000,162300,5131522.1031188965
688008,632,115475,75133,40342,26115645.99243164
688981,632,42713,18052,24661,5194792.6700668335
600809,633,11700,5200,6500,1338263.0081176758
601628,634,29000,18100,10900,1120373.013305664
600406,635,35300,16500,18800,786984.0072631836
603986,635,302000,28600,273400,120622507.67822266
601600,636,414700,67800,346900,3802895.0338363647
601899,636,340791,201191,139600,10740292.443042755
601688,637,14700,7700,7000,270142.99507141113
688041,872,45979,18279,27700,11592823.058029175
601398,873,308405,146500,161905,2496461.5305900574
603993,873,350800,157400,193400,6179353.254508972
688012,873,38327,19985,18342,13356343.153961182
603993,638,117500,31200,86300,2076561.0166549683
601211,638,62400,11600,50800,1103972.0359802246
601601,638,75600,34200,41400,2404314.953994751
601899,638,217300,93500,123800,6833694.069290161
600030,639,314245,18900,295345,8406242.754325867
601127,641,5400,3100,2300,256698.0010986328
601857,642,1651399,334100,1317299,17684588.298478127
688111,642,6642,2694,3948,1509563.0572662354
601328,805,590500,313300,277200,4440587.989807129
600150,806,174100,126800,47300,6741098.996353149
601888,807,18400,11500,6900,959170.0031280518
600036,807,53900,15500,38400,2187870.997238159
603993,808,230200,35000,195200,4071311.1017227173
603259,809,45300,21300,24000,7587765.939331055
688008,809,48107,17686,30421,10827322.500488281
600031,643,77600,25800,51800,1376105.9703826904
600760,643,18500,13600,4900,817497.9965209961
601166,644,217100,145900,71200,3884036.8701934814
688041,644,34897,13036,21861,8932798.70173645
601919,822,52300,13300,39000,855761.0349655151
601211,822,39100,23500,15600,686830.9844970703
600276,823,69700,37700,32000,3169434.0518951416
600887,824,67300,20700,46600,1813903.020477295
601088,824,23100,13200,9900,1092606.003189087
601328,825,113832,80200,33632,856818.6561851501
603993,825,81600,53800,27800,1443153.0355453491
601857,826,357300,294900,62400,3837194.913482666
600111,826,75000,64900,10100,2807511.976623535
601628,647,58000,24500,33500,2237778.036880493
600930,647,69500,22600,46900,272666.0050868988
688111,647,4080,1400,2680,925656.5365447998
688981,647,50947,37709,13238,6177153.294891357
688008,648,58169,26187,31982,13110343.7734375
601601,649,52900,21200,31700,1682352.9640197754
600887,650,109900,65700,44200,2962280.008506775
600111,650,52600,40100,12500,1969106.9751739502
603986,888,100800,51808,48992,40124710.23382568
601919,888,143400,37000,106400,2343336.0260009766
601288,883,345500,137100,208400,2361136.0050201416
600900,652,104700,57400,47300,2933221.0371017456
688041,653,33593,15755,17838,8570740.164627075
601919,653,208200,184600,23600,3422965.1147842407
601888,653,30900,13400,17500,1616144.9924468994
600183,654,191703,128403,63300,27793782.540893555
601668,654,61200,31700,29500,264701.00264549255
601328,655,98900,72500,26400,741485.9939575195
688256,656,14406,6080,8326,16025438.629516602
601088,657,33100,26800,6300,1561660.986328125
603993,810,227900,80700,147200,4029713.0796432495
601628,812,57500,15500,42000,2216139.9982452393
688008,813,63694,19319,44375,14298255.545257568
600519,814,8500,5900,2600,10651162.097167969
600031,815,108700,79500,29200,1921524.0264892578
601857,815,233900,173500,60400,2505012.0076179504
600089,815,53600,15600,38000,967100.0228881836
601600,571,4158700,2672100,1486600,38917769.481658936
601318,571,727500,364300,363200,39513115.28625488
600900,571,951400,458100,493300,26654654.349708557
601127,571,358800,118906,239894,17105064.564994812
601857,571,1033094,470600,562494,11119276.486211777
601919,571,552400,271000,281400,9077673.200798035
601211,689,46400,21900,24500,820398.0152130127
601857,689,130200,55400,74800,1393693.9878463745
601899,780,1957016,1179916,777100,61575927.891685486
600089,781,46700,35500,11200,844238.994216919
600276,781,53900,30400,23500,2454497.9698181152
601728,781,79000,15000,64000,483629.994392395
603986,889,118616,63432,55184,47225793.927490234
600036,889,841000,430200,410800,34165017.10166931
601318,890,139600,48700,90900,7527245.866394043
601318,891,151400,54000,97400,8161225.102615356
601628,891,81600,34600,47000,3146534.0671539307
688041,828,31416,17436,13980,7923909.30657959
601658,828,111100,76000,35100,591812.0002269745
601211,828,68900,55900,13000,1212510.0233078003
603501,828,19100,14000,5100,1579038.988494873
601398,829,133000,85600,47400,1075496.0094451904
688008,829,41341,16873,24468,9249308.36404419
600309,832,50100,21400,28700,3561671.9764709473
600276,862,120420,95800,24620,5491805.117645264
688008,573,691296,384076,307220,155913538.95924377
601919,573,397400,243600,153800,6525685.956954956
600760,573,109200,46003,63197,4845516.3697013855
600111,573,272200,138200,134000,10257308.962249756
688012,574,136491,74750,61741,47988694.988861084
601899,668,74500,34800,39700,2339847.98412323
601288,669,447700,260800,186900,3033537.051153183
600887,670,39300,16100,23200,1058927.0252227783
601012,670,130800,44100,86700,1504099.9977111816
600809,670,15800,7200,8600,1799112.995147705
600519,672,6700,2300,4400,8396555.726074219
600930,672,170600,121500,49100,668261.0134840012
601166,673,24100,16500,7600,431554.9945831299
600036,674,888730,545130,343600,36175583.54122162
603986,675,38700,11500,27200,15458605.004882812
600809,862,10500,8400,2100,1202133.0116271973
601088,862,16600,8900,7700,785514.0026092529
600089,863,43280,29000,14280,783225.2132415771
603993,864,449600,50700,398900,7945892.067718506
688981,864,27226,11863,15363,3313653.8229599
688256,866,18415,10481,7934,20324732.334228516
601668,866,219500,91300,128200,942568.0125236511
601658,867,304200,132100,172100,1622707.0070266724
600028,879,1180800,32600,1148200,6246757.962417603
601600,879,1157600,301900,855700,10557193.864822388
600887,879,120100,20800,99300,3239736.932182312
600030,883,180500,114700,65800,4839740.485860825
600900,881,616429,506987,109442,17322187.147325516
601600,882,828000,414300,413700,7547222.810554504
600519,882,12200,6800,5400,15263822.729492188
601988,882,585800,480500,105300,3859369.065284729
603259,883,182040,116840,65200,30585186.1529541
688041,575,242059,117472,124587,61618310.578308105
601012,792,956500,27800,928700,10957151.937198639
600887,794,61700,17500,44200,1661701.0215759277
601919,794,75000,43900,31100,1230868.991279602
601628,795,21100,6400,14700,813702.0183563232
600900,795,329200,237800,91400,9238245.844650269
601318,796,53683,34300,19383,2902820.8528823853
600406,796,930374,893774,36600,20782377.433124542
601012,797,35100,4000,31100,401233.0078125
600183,798,67000,31100,35900,9647880.92803955
600111,576,234200,145300,88900,8823611.00769043
601127,577,461702,297208,164494,22174263.990333557
601328,577,831500,436000,395500,6240610.0997924805
601658,577,796200,610800,185400,4235125.0864982605
600028,857,498300,167200,331100,2636009.983444214
600150,858,175593,72900,102693,6788364.293457031
600519,858,4600,1900,2700,5762405.017089844
601728,858,90800,36200,54600,555150.0031471252
601288,860,437500,380600,56900,2987555.9807300568
600900,860,83500,33500,50000,2345015.001296997
601899,860,158000,106400,51600,4966089.051628113
688111,578,31782,9738,22044,7285899.420806885
601127,663,14000,3500,10500,663850.9826660156
601857,663,104500,50200,54300,1119697.0154762268
601288,664,868700,612400,256300,5882304.018163681
601728,664,41600,4200,37400,254633.99620056152
600309,664,90200,30100,60100,6393903.997039795
600760,664,38600,10600,28000,1703275.0064849854
688041,664,81600,33023,48577,20781522.49546814
600276,665,84600,42600,42000,3855348.0262756348
688008,665,52957,25351,27606,11960377.535095215
688041,665,27726,14121,13605,7056480.549758911
601899,666,336300,67500,268800,10564418.976974487
603019,666,29200,6100,23100,2447249.9923706055
601398,579,559700,167300,392400,4528794.104194641
601728,580,147300,94300,53000,905365.0019168854
601328,580,630300,567400,62900,4740975.015449524
603993,843,160600,20500,140100,2842825.088119507
600089,844,99900,24800,75100,1804967.9643630981
601601,844,176800,54200,122600,5590751.080131531
603986,844,32700,12000,20700,13047813.040161133
600887,845,23200,20200,3000,624746.0063934326
601668,846,870900,98300,772600,3737143.989276886
600930,846,706100,319300,386800,2756983.0642938614
600028,847,159600,32000,127600,844604.0012359619
603259,847,30500,15500,15000,5122706.96105957
600930,848,1384200,718300,665900,5405563.125157356
600183,581,253500,138600,114900,36362897.79663086
600183,582,308700,196930,111770,44264228.98057556
600150,582,376609,144779,231830,14759148.218048096
601628,582,89264,41000,48264,3441963.9954223633
601688,582,307619,63900,243719,5679140.313623428
600089,894,237500,105300,132200,4294518.50374794
600050,583,1569630,245800,1323830,6576819.778351784
600031,583,106000,35800,70200,1878677.935409546
600028,584,1001001,487701,513300,5305754.468634605
600809,658,19300,6100,13200,2195834.0072631836
601166,658,68900,36300,32600,1231898.9711761475
688981,658,21863,12670,9193,2660626.629951477
600760,659,5600,4000,1600,247176.0040283203
601318,660,115100,29400,85700,6225187.1170043945
601600,660,106500,97100,9400,973316.034412384
601166,661,67300,26600,40700,1202917.011833191
600406,661,53600,17200,36400,1195590.9662246704
600031,662,92000,57400,34600,1628054.0622711182
600089,662,52500,12600,39900,948318.9758300781
600030,662,191700,18700,173000,5128158.004188538
603019,662,33085,14885,18200,2773327.6792526245
601012,894,421300,107200,314100,4808104.9602508545
601919,895,267640,140400,127240,4377325.134391785
601899,896,457300,194400,262900,14360041.844367981
600930,896,1236700,506300,730400,4828193.11311245
600028,896,2646100,993800,1652300,14003478.036737442
601857,896,671900,429900,242000,7201197.093677521
601658,585,564000,96600,467400,2995805.9898376465
601600,586,1484300,677000,807300,13657896.776676178
603019,586,105300,73600,31700,8893971.029663086
603993,586,789600,480400,309200,13991790.81401825
600309,801,45800,27200,18600,3242841.9593811035
600111,801,44200,19100,25100,1654329.9575805664
603993,803,185500,41400,144100,3280926.0860443115
601012,803,83700,38200,45500,959029.999256134
601899,803,248771,97300,151471,7827891.467857361
688041,587,292247,170240,122007,75563914.22976685
601127,587,206400,83000,123400,9893645.06263733
601318,676,59700,28300,31400,3235274.9824523926
601127,680,27100,6700,20400,1283508.9935302734
600887,588,260400,182000,78400,7009229.002952576
600111,588,143600,54300,89300,5393567.037200928
601166,588,613800,65100,548700,10954541.193199158
603993,589,563600,294300,269300,9987335.620880127
688008,589,319615,156358,163257,73149356.6103363
601601,589,326008,61800,264208,10351442.935768127
688008,868,74627,51041,23586,16699747.668502808
603986,869,150005,110340,39665,59820241.95648193
601166,869,164400,131300,33100,2941757.914352417
603993,870,266200,112900,153300,4695867.839813232
600183,870,229500,110500,119000,32887986.848449707
600760,870,104900,26300,78600,4625794.932174683
601166,871,218900,77100,141800,3916376.872253418
601988,590,2208300,549000,1659300,14469855.285072327
601688,590,244600,219500,25100,4500474.902915955
601012,591,452000,132800,319200,5199542.035293579
600050,591,104100,18600,85500,436365.0013446808
600036,591,162500,54200,108300,6620218.0057525635
601628,875,54400,38400,16000,2098987.0414733887
601668,875,305900,103800,202100,1313349.0120887756
601398,875,376700,231000,145700,3049813.1103515625
600276,876,124200,56800,67400,5656234.780807495
600406,876,84200,60700,23500,1884070.9815979004
600930,876,196600,33500,163100,769041.0165548325
601628,877,29100,16300,12800,1123006.9885253906
601166,877,99600,50500,49100,1782348.950767517
603259,877,63800,35700,28100,10712507.916259766
688041,878,41299,24301,16998,10417357.278869629
688008,592,429102,195706,233396,98295699.21505737
600930,592,267400,22900,244500,1051111.0176324844
600930,593,226000,100700,125300,889187.0141267776
603501,593,32800,20100,12700,2704392.9931640625
603019,594,294700,87300,207400,24791082.801818848
601012,782,115100,32000,83100,1321467.9500579834
600900,782,119800,61500,58300,3360198.945617676
601628,782,22800,11600,11200,881470.9873199463
688981,782,23376,9291,14085,2841563.5514297485
601857,783,184900,107700,77200,1983204.9713134766
603986,783,34500,13200,21300,13819446.017456055
600036,783,450900,37800,413100,18324722.171401978
688111,783,10501,3939,6562,2383009.9921875
601088,786,49100,16600,32500,2323561.013031006
600276,787,95200,53600,41600,4334280.991363525
601288,787,159400,47200,112200,1081204.0217399597
601166,684,35600,5500,30100,637650.9958267212
600183,682,63600,27900,35700,9137615.040588379
601988,682,1491900,638100,853800,9772182.278251648
601658,682,93600,56900,36700,497585.0076675415
601601,684,16900,10500,6400,537862.9972457886
601628,686,19500,12800,6700,754387.9844665527
688981,686,20964,11168,9796,2543814.8322906494
688111,686,3266,1387,1879,741397.4402618408
600519,687,4900,2700,2200,6139534.069824219
601398,688,495300,206000,289300,3994178.0585289
688256,688,7584,3137,4447,8404724.939331055
603993,893,508100,282100,226000,8955542.952919006
600031,893,560952,292204,268748,9831597.381881714
688981,893,85951,44337,41614,10419729.43234253
600036,893,165300,91300,74000,6715654.949951172
600809,597,37000,18000,19000,4240273.976135254
600760,597,21500,3900,17600,954220.9846496582
600887,598,283500,199500,84000,7653436.975669861
600309,598,113700,44400,69300,7952904.081726074
601127,599,140700,45700,95000,6728917.995834351
601888,601,60100,22100,38000,3159293.0294036865
600036,839,133400,96500,36900,5418940.002822876
603501,839,25400,15100,10300,2102452.020263672
600030,840,179551,44455,135096,4800343.679449081
601688,842,121300,29800,91500,2225977.049064636
603993,842,160700,73600,87100,2846520.8839416504
600031,842,243500,75600,167900,4282948.0321884155
600406,842,73600,37100,36500,1647968.956565857
600760,842,17700,8700,9000,781468.0068969727
600900,602,283300,245800,37500,7953944.952774048
600031,602,197600,118300,79300,3502831.8954467773
601658,602,137200,92400,44800,729456.0132980347
601601,602,216900,182400,34500,6911729.04586792
600519,602,24600,16100,8500,30935391.2109375
601899,603,437600,155700,281900,13737455.760192871
688111,604,53725,12196,41529,12196940.307815552
603986,604,95500,53300,42200,38420762.909851074
603993,605,960100,169100,791000,16918976.19342804
688111,605,45447,24016,21431,10314275.34211731
601012,608,648795,487800,160995,7490035.392565727
601857,608,349600,304600,45000,3752316.868495941
601628,788,10000,4600,5400,386281.0001373291
601888,789,93600,26600,67000,4882132.965087891
601600,790,212200,101000,111200,1938396.0474014282
688008,791,117510,40881,76629,26487817.220581055
601398,609,670800,324400,346400,5389767.895126343
600887,609,318300,113900,204400,8627545.15838623
600887,610,339300,139500,199800,9186999.945640564
603993,610,317200,109200,208000,5600378.920173645
600406,611,160000,75800,84200,3573225.997543335
600309,612,1024400,717700,306700,72752950.0579834
601088,613,42000,21500,20500,1992397.9824066162
600028,613,479000,224100,254900,2560101.017522812
601668,833,140300,53400,86900,603824.0135192871
601668,834,268500,50700,217800,1155057.038640976
603993,835,134100,46200,87900,2372691.0821914673
601668,837,232200,132300,99900,999783.0114841461
600276,614,186100,67000,119100,8512043.06716919
603259,614,525647,424147,101500,89357554.67254639
603501,615,40800,14300,26500,3356597.0527648926
601728,616,141900,68400,73500,870530.9992790222
601857,616,460200,389900,70300,4960790.913772583
600406,616,186600,129400,57200,4173575.0408172607
601088,616,46700,15700,31000,2217921.0079193115
601328,849,144000,131500,12500,1085634.9976062775
600028,849,285400,202500,82900,1511791.0354614258
600809,849,10900,2500,8400,1247120.0012207031
688256,849,9970,5832,4138,11026882.845947266
600150,850,255000,191900,63100,9866520.835494995
600031,850,463800,307900,155900,8152800.946235657
600031,851,511300,29800,481500,8985839.896583557
600809,852,17300,8700,8600,1976901.9996643066
601328,855,778400,737700,40700,5863608.105230331
603993,618,272700,74200,198500,4808331.785583496
688012,618,38012,15816,22196,13287799.050811768
603986,619,102580,69380,33200,41036542.115478516
601211,619,62600,29000,33600,1107476.035308838
601398,620,1059400,661100,398300,8534728.33776474
600809,620,65400,15200,50200,7521321.999359131
600030,853,97500,82900,14600,2611879.085922241
688012,853,20338,13700,6638,7108779.97958374
600050,853,147100,48300,98800,615360.9858036041
600030,854,74400,51200,23200,1992944.0628051758
600036,855,177800,98800,79000,7215519.136810303
600900,855,224800,187900,36900,6310702.9443740845
601919,856,178500,59400,119100,2920266.109085083
601728,856,244200,173300,70900,1492085.0203037262
600406,856,75400,45300,30100,1688658.9643478394
601658,621,912300,559000,353300,4853496.15354538
600930,622,172600,16100,156500,678479.0113687515
601668,623,85700,19500,66200,371275.9979248047
601328,623,41700,28700,13000,313454.0024280548
601857,624,498800,145400,353400,5359285.935592651
600930,624,99300,38000,61300,389636.00721359253
688111,819,15900,4624,11276,3604164.9664764404
688256,820,8842,4153,4689,9756908.716430664
600050,820,338300,28500,309800,1414378.9484500885
600809,821,11900,8900,3000,1360358.0154418945
688256,821,19207,15245,3962,21207189.88684082
601668,626,1976400,126900,1849500,8556672.878789902
600111,626,84100,51100,33000,3151305.556980133
688111,626,19232,6690,12542,4366830.659347534
601857,627,111000,82100,28900,1191951.9702911377
600036,627,58600,51000,7600,2393478.966140747
600111,628,39900,28400,11500,1495767.0490264893
600900,628,215400,63300,152100,6041123.003196716
601888,628,27800,12700,15100,1456689.0060424805
600089,884,85000,48700,36300,1537287.00466156
600111,884,68800,24200,44600,2575425.9803771973
601668,884,503000,241900,261100,2155259.0455532074
600887,885,195500,90900,104600,5269018.049621582
600031,886,801000,259600,541400,14033323.362159729
603993,629,160800,76300,84500,2841289.011192322
600030,629,115700,73400,42300,3095898.0211257935
688981,630,46948,11639,35309,5701013.456687927
600809,630,16400,7400,9000,1881191.007232666
601688,630,158400,127200,31200,2909558.1268310547
600900,631,157500,125500,32000,4417554.933547974
603259,631,97200,40400,56800,16376918.734741211
600183,632,67600,24900,42700,9782891.726242065
601899,632,427200,215600,211600,13458874.047470093
601012,632,183500,168400,15100,2104652.0468711853
688981,874,46831,24440,22391,5697362.493156433
601601,633,33700,12500,21200,1072566.995048523
601899,633,405800,116700,289100,12780404.947471619
601668,634,98000,77100,20900,424130.9977054596
601728,634,85400,13800,71600,522785.99338531494
603501,634,32900,8800,24100,2714483.97064209
688256,635,13723,7366,6357,15235946.19152832
600183,637,86500,31700,54800,12492823.136901855
601211,872,94280,47720,46560,1665067.5875091553
601601,872,111900,76300,35600,3546024.0577697754
600809,872,14500,7600,6900,1657847.0031738281
601318,873,170300,118300,52000,9185243.950653076
600900,873,748600,544600,204000,21030046.157073975
601888,873,12700,3900,8800,662756.9942474365
601658,874,196200,154600,41600,1047292.0204162598
601600,638,178500,96400,82100,1636023.9948272705
688981,638,34820,16434,18386,4231911.372314453
601668,639,227600,190500,37100,985136.9918346405
601688,639,46300,13600,32700,850667.0160293579
688256,640,5770,1553,4217,6403777.090087891
601398,639,271100,212100,59000,2182021.044063568
600089,641,94300,75100,19200,1704895.9917068481
600887,642,169700,22100,147600,4574246.025466919
601328,642,778400,159200,619200,5838824.018859863
600809,805,8400,5900,2500,958930.9997558594
600309,805,43300,18000,25300,3070216.00189209
601888,805,42100,23500,18600,2192452.048110962
600887,806,95100,65800,29300,2561074.0297317505
688012,806,19772,9315,10457,6905556.4509887695
603986,806,56800,32500,24300,22731692.99621582
601166,807,85500,52900,32600,1527559.0642929077
601328,808,121400,23000,98400,912948.9981651306
601857,809,224600,177300,47300,2402260.948085785
601288,809,272500,160700,111800,1846432.031583786
601166,823,115800,57500,58300,2067715.0598526
601601,643,60700,27200,33500,1930547.960281372
601211,643,75400,45000,30400,1334713.0304336548
601857,643,535500,429400,106100,5742196.004772186
601127,643,31900,14800,17100,1516402.9808044434
600030,644,61800,20800,41000,1654340.0272369385
600028,644,636120,434580,201540,3390421.5737342834
601728,645,122100,70800,51300,746738.998746872
601919,645,206700,74600,132100,3394715.031814575
601658,645,151200,29600,121600,801656.0214996338
600809,646,9300,5000,4300,1062440.9873962402
600309,646,124000,29000,95000,8819032.070159912
688008,822,54603,29306,25297,12210529.771820068
600930,822,132600,25000,107600,518716.0111427307
601398,824,394600,235400,159200,3188311.968612671
600309,826,31600,16900,14700,2240731.046295166
600089,826,35300,27000,8300,637434.9792480469
601658,647,434800,167100,267700,2304525.0808238983
600809,647,20500,3800,16700,2341219.980621338
600150,647,913000,211414,701586,35502271.00697708
688111,648,18584,1831,16753,4215456.522994995
600031,649,92500,33800,58700,1638512.9230499268
603993,649,342500,190700,151800,6015517.852783203
601328,649,78800,65700,13100,590868.997001648
601857,649,138300,126300,12000,1483838.945388794
603993,650,438700,205500,233200,7717422.082710266
601127,650,36900,19700,17200,1749804.9896240234
603986,650,204300,170600,33700,81546135.75439453
601919,651,138000,37200,100800,2266058.0127716064
600930,651,182400,39500,142900,715403.0135393143
601127,888,62900,9900,53000,2975447.0069885254
601166,888,69600,47000,22600,1245613.9682769775
601600,659,106300,67200,39100,971191.027545929
603019,808,53200,15900,37300,4455237.984466553
600809,653,17500,4300,13200,1997351.0139465332
601127,653,15100,11600,3500,717285.9939575195
688008,653,50592,34993,15599,11427085.903503418
601088,654,73400,6500,66900,3464633.0154418945
601888,654,13000,9300,3700,680101.0051727295
600887,655,51300,15200,36100,1381688.0197525024
601658,657,148500,98000,50500,788030.0040245056
600930,657,68900,21200,47700,270300.0050544739
600031,810,79200,60500,18700,1400861.038017273
601919,810,560040,474940,85100,9194927.421455383
603993,811,147500,12400,135100,2608392.0585632324
600031,811,58300,44500,13800,1031189.0279769897
603986,812,55400,17100,38300,22107922.86376953
688111,812,3469,1400,2069,787015.5668487549
600036,814,98000,50400,47600,3979739.9589538574
601211,571,650554,361654,288900,11499539.296646118
601398,571,1915700,957700,958000,15544445.59583664
601398,689,103200,48000,55200,832272.0085144043
603019,689,13000,6800,6200,1087526.0307312012
603986,780,185800,93300,92500,74212548.43307495
601318,780,177800,72100,105700,9631109.030532837
601398,781,1428000,959500,468500,11514020.28465271
600930,781,83600,34000,49600,327216.0068511963
601658,781,169800,160800,9000,903246.0270881653
601211,890,146862,15900,130962,2592265.2474327087
601288,891,750300,312900,437400,5127678.014373779
600309,891,59800,35900,23900,4278416.123962402
600183,572,437300,259900,177400,62793474.93286133
600309,572,314199,97500,216699,22072752.792053223
600036,572,557200,188800,368400,22740178.12728882
600900,827,502100,266200,235900,14094023.84853363
600028,828,199700,147900,51800,1057892.026233673
601127,828,18400,9200,9200,871586.9960784912
688041,829,34290,16221,18069,8650404.114364624
601166,829,82700,56100,26600,1477848.0503082275
601888,829,29200,26000,3200,1524947.0001220703
600309,830,152200,69800,82400,10829539.96963501
601088,832,45300,15400,29900,2144162.02583313
600150,573,939996,429960,510036,37225678.10839844
688981,573,513870,263476,250394,62412848.597465515
600760,862,19000,4600,14400,838223.9925384521
600519,668,8500,1900,6600,10652941.076660156
603019,668,36600,6400,30200,3065209.0118408203
600050,669,75800,47900,27900,317322.99795150757
600900,670,313200,236800,76400,8779411.189460754
603259,671,119900,30200,89700,20060679.22668457
600309,671,49400,19600,29800,3502204.020690918
603019,672,46100,21200,24900,3858818.003845215
600031,672,105200,84300,20900,1866218.9752578735
603259,673,79900,31800,48100,13357716.909790039
600519,674,8700,3600,5100,10901645.092773438
600028,675,871400,61600,809800,4633164.087963104
688008,675,65393,31666,33727,14691089.297027588
601318,675,62100,27300,34800,3365520.9869384766
601288,862,421500,231400,190100,2876944.014978409
688111,862,10903,1191,9712,2475549.6094055176
600030,863,149900,127700,22200,4020095.9491729736
600031,863,257600,141700,115900,4523196.856498718
601012,863,29600,20700,8900,339423.0058670044
688256,864,9619,4472,5147,10620439.119140625
603993,865,416700,41500,375200,7358945.936965942
600050,866,151300,125900,25400,632179.9803256989
688111,867,8591,5200,3391,1950020.607711792
600031,879,261600,164000,97600,4582256.097412109
601919,879,196200,49100,147100,3209786.11869812
601328,879,144000,44000,100000,1085993.0018424988
603501,879,35300,11800,23500,2922784.044647217
688012,879,34231,16991,17240,11928023.767120361
688256,880,27861,12045,15816,30693518.931762695
600760,880,73700,12500,61200,3246313.97895813
600519,880,13800,5400,8400,17268027.42919922
601211,881,97400,31000,66400,1719359.9685668945
600887,881,86700,22700,64000,2337571.9261169434
601857,881,278000,132100,145900,2983576.887989044
603993,883,167800,67000,100800,2955628.117752075
601328,575,1599100,1388600,210500,12010310.316514969
600031,575,433500,311300,122200,7695956.030464172
601127,792,34100,13200,20900,1614843.9823150635
601600,794,178500,155000,23500,1629470.0150489807
601127,795,37800,5502,32298,1789004.023361206
603993,795,201100,77600,123500,3567536.954498291
601601,796,53100,43400,9700,1686767.0192718506
601988,796,155300,62700,92600,1020948.0111122131
600111,798,44717,14700,30017,1674276.4530448914
603993,577,1808900,403500,1405400,32233069.48738098
600030,577,195900,110100,85800,5273867.02041626
603501,857,14300,6900,7400,1184548.9891052246
600900,857,97700,71300,26400,2743166.986846924
601658,858,107900,95700,12200,574984.9947929382
600760,858,14500,2500,12000,640196.0186004639
601211,861,72900,26200,46700,1287675.9948730469
600276,578,383600,237200,146400,17549645.975112915
600519,578,43609,30600,13009,55028911.18017578
688008,663,50372,35203,15169,11380202.910095215
600028,663,134000,20300,113700,713083.0179691315
600887,664,63100,20400,42700,1700503.0447006226
601600,665,273000,154200,118800,2491302.0040512085
601318,665,97300,63600,33700,5265181.990432739
601166,666,32200,13000,19200,576187.9833221436
601600,579,281100,144000,137100,2601615.0329589844
601888,580,181300,126900,54400,9513345.054626465
600276,843,61300,27200,34100,2789166.9971466064
600809,843,4900,400,4500,561368.0099487305
601628,843,22600,15400,7200,871746.0117340088
601668,844,237700,114100,123600,1020874.0170478821
601658,846,131700,114900,16800,701792.9941177368
601318,847,79000,44300,34700,4260423.987579346
601012,847,245100,208600,36500,2810932.057094574
601668,848,602200,184500,417700,2585283.019256592
600930,581,353300,45200,308100,1388921.0231542587
600760,583,132000,1800,130200,5850224.001312256
603019,583,160400,28700,131700,13544118.943786621
601668,584,2087200,1234400,852800,8979780.267858505
600111,658,31000,12000,19000,1162310.0318908691
603501,659,11400,5400,6000,944993.9994812012
600028,659,335700,177400,158300,1787698.01363945
601668,661,77300,42000,35300,333583.00518989563
600900,661,59800,33900,25900,1674140.9940719604
601988,662,2034100,1762300,271800,13282345.414066315
603986,894,158400,60100,98300,63217722.93395996
600030,894,280600,71100,209500,7515377.213478088
603986,895,169200,83642,85558,67529739.48950195
601988,895,838200,407700,430500,5519433.02936554
600887,585,214200,111800,102400,5762015.919113159
601088,586,85900,34800,51100,4088705.002593994
600887,799,38900,18000,20900,1048146.0248947144
600030,800,151200,28400,122800,4035515.0804519653
600809,800,9000,2200,6800,1024847.0138549805
600309,800,69900,44600,25300,4945129.030609131
600276,801,113700,63000,50700,5170084.02633667
603986,802,32700,8600,24100,13061875.036987305
600028,802,153200,7500,145700,810502.9958724976
601600,802,137600,101600,36000,1254551.9760131836
603259,587,205171,81971,123200,34385131.94517517
600089,587,591800,63900,527900,10721186.395072937
601166,587,253300,52800,200500,4523712.149429321
601728,676,75800,18700,57100,464082.99560546875
601088,676,23700,13900,9800,1117930.978012085
601166,677,79400,29600,49800,1421555.976486206
688012,677,10992,5339,5653,3832916.5502929688
600050,677,51900,38900,13000,217330.99999427795
600036,678,289300,211400,77900,11775131.197738647
601888,678,12200,7700,4500,638137.0071411133
601166,678,64600,54000,10600,1156879.9877166748
603986,679,23400,8400,15000,9354613.027954102
601088,679,23100,18400,4700,1090629.0073394775
601318,680,27200,15500,11700,1473578.9833068848
600930,680,181700,89800,91900,711345.0147390366
600406,680,29300,18000,11300,654267.9977416992
600028,681,278500,105100,173400,1481735.0449562073
600030,588,196500,93800,102700,5255684.984207153
600809,589,15300,7500,7800,1739999.0020751953
600050,868,264800,160600,104200,1106288.978433609
601857,869,253100,150800,102300,2715612.9135131836
600309,869,107700,47500,60200,7728100.979614258
601728,869,165400,75700,89700,1009697.0015525818
601601,869,48900,34000,14900,1548514.0003204346
600900,870,426800,169800,257000,11989094.07157898
603019,590,106300,52800,53500,8966704.985046387
601088,591,136000,51100,84900,6442393.005371094
601899,591,645600,159600,486000,20313667.90370941
603986,875,65200,28100,37100,25957281.896972656
600760,875,16140,6400,9740,711342.8063964844
603986,876,53300,28700,24600,21219853.005981445
600809,876,22600,9000,13600,2583612.004852295
601088,876,53300,15200,38100,2521771.014022827
601328,876,277700,58100,219600,2094439.0027046204
688111,876,5541,460,5081,1257718.4149932861
603501,877,34300,22100,12200,2839648.0155944824
600930,878,466000,304884,161116,1821535.0404977798
688008,594,219436,106487,112949,50005079.564697266
600036,594,255000,169100,85900,10418455.002975464
600900,594,362300,290800,71500,10167649.841117859
601628,594,33100,6900,26200,1277618.9952850342
601857,594,398900,191800,207100,4267800.914096832
601318,782,70600,14400,56200,3823356.990814209
601658,782,60000,40400,19600,319004.00581359863
688256,782,11260,6326,4934,12496284.348632812
600930,783,85900,65500,20400,336524.00674819946
600519,784,7200,4700,2500,9009834.033203125
600031,785,493800,17800,476000,8741831.134223938
688041,785,64293,22808,41485,16330762.991699219
601888,785,32100,2600,29500,1675844.0059661865
688008,786,68502,23505,44997,15451624.20942688
688111,786,2470,1240,1230,561034.3036499023
601601,786,71900,22600,49300,2288342.9891586304
688012,787,25182,9632,15550,8789286.108642578
601166,787,246200,211800,34400,4405302.867698669
601857,595,574400,403900,170500,6156215.954208374
600028,596,947700,124900,822800,5014522.9914188385
600887,596,379300,115200,264100,10245989.11190033
600031,596,109200,45400,63800,1934385.9104156494
601211,596,247400,123700,123700,4372552.041625977
600809,682,7400,4900,2500,843273.0026245117
601888,682,13800,6500,7300,721812.0029449463
600809,683,7700,2700,5000,877708.9988708496
600809,684,9500,1800,7700,1082290.0230407715
603019,684,88900,38400,50500,7431083.99810791
603259,684,66400,16600,49800,11137289.042663574
600089,685,55000,20100,34900,994050.9878158569
688041,685,60667,32621,28046,15358799.603042603
688041,687,34340,19297,15043,8702415.580703735
600809,688,8300,4100,4200,946506.9938659668
600406,688,29900,15500,14400,667223.9875793457
601688,688,114600,102400,12200,2105083.0934524536
601398,893,535500,413700,121800,4330977.053833008
603259,893,148600,58200,90400,24957725.094604492
600406,597,207100,97500,109600,4610890.066719055
600089,597,379400,99000,280400,6858611.949539185
601601,597,137100,73000,64100,4362628.960609436
601166,598,247100,81800,165300,4425642.964172363
600183,599,874700,491100,383600,127432811.5020752
601688,599,99400,31500,67900,1831137.0119094849
600089,600,177300,22400,154900,3203127.9302597046
600309,839,87000,59000,28000,6202487.111663818
601888,839,6600,4700,1900,344459.99603271484
601088,839,13700,9300,4400,648511.0084533691
601398,840,83100,44300,38800,671891.0037994385
601628,842,69700,27200,42500,2687371.0319519043
600111,842,23100,15600,7500,865455.0010681152
600150,842,135100,84800,50300,5232912.144088745
601919,602,311800,207800,104000,5103819.110870361
600183,604,274700,153400,121300,39519112.951660156
600519,604,32100,28200,3900,40499592.70019531
600276,605,290500,85100,205400,13301997.997665405
601988,605,1157800,960300,197500,7581615.175628662
600930,606,400300,43900,356400,1573618.026304245
601328,606,387600,218900,168700,2909994.063091278
601888,607,72800,48800,24000,3829133.9420318604
600050,607,801700,412700,389000,3367114.8537158966
600036,608,386000,134300,251700,15708504.958343506
601127,788,35798,20200,15598,1694162.3920135498
603019,788,18600,10900,7700,1558216.9578552246
601857,789,435300,136000,299300,4651411.962985992
600036,789,203300,103200,100100,8245377.131652832
600050,790,43400,14700,28700,181558.99591445923
688256,790,10518,4915,5603,11650424.487304688
600030,791,727900,95900,632000,19447314.476776123
603986,609,355000,125100,229900,141965020.5657959
600406,609,202000,95900,106100,4511707.008552551
601288,610,648200,310700,337500,4397903.058958054
601600,611,349600,115000,234600,3210274.0341186523
600309,611,653000,497200,155800,46140999.15924072
601728,611,120700,44800,75900,740339.0027046204
601318,612,172664,83964,88700,9349125.539672852
600031,612,209200,89900,119300,3732940.050506592
600809,613,84300,61700,22600,9747884.020996094
601127,613,30500,11900,18600,1456809.9838256836
601688,833,20200,12700,7500,370797.0106124878
688981,834,52919,23605,29314,6445603.996986389
601988,834,2172800,161600,2011200,14297650.848722458
688012,835,20538,7161,13377,7169242.49230957
601127,836,15500,8100,7400,734998.9883422852
601318,836,187100,138100,49000,10093728.894042969
601211,836,74900,44000,30900,1319827.045249939
601668,836,170500,84200,86300,733992.011642456
601398,836,235700,197800,37900,1906434.0272903442
601318,614,136413,77434,58979,7391115.061367035
600036,614,134300,68600,65700,5469734.019470215
688041,615,43710,22110,21600,11141409.808135986
688041,616,58177,24361,33816,14822940.416229248
600276,616,140100,31300,108800,6408868.984222412
600150,617,149300,61300,88000,5864296.2847595215
600930,849,1904300,1068000,836300,7440372.168636322
601166,851,51100,33200,17900,913488.987159729
600183,851,98700,32400,66300,14172899.211120605
688111,851,10221,4990,5231,2319154.5195007324
600111,852,34300,13000,21300,1284415.000152588
601012,618,533900,117200,416700,6129521.817207336
688111,618,21289,2231,19058,4833180.214492798
600031,853,366600,197200,169400,6424839.213752747
601988,854,153500,50700,102800,1009002.0137786865
600519,854,4800,3000,1800,6014122.009277344
600183,855,159900,100500,59400,22969703.898620605
601600,856,341000,314300,26700,3116473.110961914
600900,622,214100,160700,53400,6003412.167358398
601600,623,182600,169800,12800,1676176.0536193848
601688,623,56100,14100,42000,1031819.9689865112
601288,623,1832400,255300,1577100,12461558.30655098
601988,624,219100,87400,131700,1437456.991481781
603019,816,48100,11500,36600,4022617.9946899414
600050,816,112200,82600,29600,469821.99964523315
601899,816,116200,63300,52900,3653961.0765457153
600150,818,192200,61000,131200,7433448.561061859
688041,818,193000,67407,125593,48630089.33267212
603259,818,37600,14500,23100,6303633.047485352
600050,818,80200,53600,26600,335771.998500824
600276,819,96700,58700,38000,4394522.99118042
601899,820,313000,82900,230100,9826398.839378357
688981,625,30521,17813,12708,3699821.5677261353
601628,625,22000,12200,9800,849870.0035095215
601857,625,313300,92100,221200,3361547.918701172
600150,626,168200,46800,121400,6583406.100463867
601328,626,84100,59700,24400,632188.0044460297
600183,627,139800,74900,64900,20253539.923095703
603019,627,30600,7800,22800,2567976.035308838
603501,884,22700,9700,13000,1878609.0118408203
603019,886,95958,36000,59958,8017773.927520752
600900,629,146000,56500,89500,4093749.125289917
688008,629,77827,33597,44230,17550021.483428955
601127,629,63600,48700,14900,3022175.9971618652
601600,630,125900,65100,60800,1155154.0245056152
603986,630,84600,18100,66500,33827036.01989746
601211,631,76000,33600,42400,1344531.0426712036
600276,631,89400,53600,35800,4082900.9662628174
600089,631,88600,40300,48300,1601404.9821853638
601601,631,59400,33500,25900,1891818.0210113525
603501,633,12300,2500,9800,1014969.0093994141
600276,634,124220,81800,42420,5675179.9685668945
600519,634,5100,2700,2400,6413903.918457031
601166,634,51600,26000,25600,924415.9980773926
600760,634,10600,7800,2800,468726.9958496094
600183,635,215200,63350,151850,31006089.394378662
601988,635,179300,96300,83000,1171792.0137405396
600050,637,62000,50300,11700,259663.00086975098
603259,637,73700,31000,42700,12418461.911010742
600089,873,84900,28500,56400,1535277.0000457764
600809,873,14400,6500,7900,1647367.0127868652
600900,874,153200,65600,87600,4304044.038391113
603019,638,86800,54300,32500,7276601.012420654
601658,639,84000,8000,76000,445280.01403808594
601211,640,35700,15600,20100,631689.0226364136
601601,642,75500,16400,59100,2401345.952606201
603986,809,42900,12000,30900,17141146.03881836
600030,823,845200,80200,765000,22560070.44734955
688008,644,31750,10689,21061,7163725.612533569
688256,644,8079,1580,6499,8959957.73022461
601899,646,485500,227900,257600,15242172.756958008
601288,822,454200,317500,136700,3087193.055343628
601888,822,10000,4000,6000,521632.99407958984
688981,823,25867,9977,15890,3142790.8741989136
603986,647,126095,108095,18000,50316703.025512695
601600,647,294100,247600,46500,2687609.0903282166
601288,648,854000,445100,408900,5780999.003171921
603501,649,8900,7600,1300,735045.9907531738
688256,651,10687,7071,3616,11870332.860473633
600900,651,98700,81600,17100,2765504.0435791016
601127,651,63125,37750,25375,2994050.993537903
600276,887,241500,79600,161900,10994481.93359375
600036,888,222900,103300,119600,9059690.071868896
603259,830,37800,17300,20500,6346574.984741211
600276,790,132952,37700,95252,6060563.196609497
600050,811,193000,160400,32600,808344.0035820007
601088,570,574000,317400,256600,27331037.926483154
603501,570,166200,75205,90995,13767946.93069458
600089,652,70500,24900,45600,1274183.9841842651
603986,653,58100,31400,26700,23267697.229003906
688111,653,7190,5375,1815,1634231.146636963
603259,655,79000,22400,56600,13302047.94921875
601728,655,106900,63566,43334,653806.9982051849
600760,655,32500,24900,7600,1434473.9929199219
601318,656,67700,13500,54200,3661968.9975738525
601888,657,8300,4600,3700,434140.0043487549
688012,811,20697,7682,13015,7207378.389221191
600900,811,98700,43000,55700,2770434.968185425
603501,812,15400,2700,12700,1272456.9885253906
600519,813,9000,3700,5300,11277465.051269531
601899,814,153700,117900,35800,4834068.057250977
601919,814,28700,12600,16100,470805.99193573
603501,815,11800,7800,4000,974152.995300293
601328,571,1104400,757800,346600,8353115.062046051
688111,571,90667,32603,58064,20704950.672836304
600111,571,298400,109400,189000,11247188.945388794
600150,689,99900,33100,66800,3889581.9316864014
600760,689,67720,22800,44920,3003368.763885498
600809,781,7100,3400,3700,806752.001953125
603501,781,166100,133700,32400,13798012.983703613
601012,889,233100,84700,148400,2662849.03717041
601211,889,146000,73600,72400,2577635.961151123
600150,890,355400,205773,149627,13712885.130413055
600089,890,132300,40200,92100,2391062.968826294
600111,890,112300,54600,57700,4202016.85295105
600036,891,110500,44800,65700,4490221.017837524
601601,891,158000,53300,104700,4999489.912033081
600050,892,314825,168600,146225,1314506.232213974
600519,827,4900,3500,1400,6141226.0009765625
601127,827,14400,6900,7500,682131.9938659668
600111,828,30100,23600,6500,1127722.0108032227
601328,829,155500,113800,41700,1170498.0230808258
688981,829,17613,9127,8486,2144262.289779663
601288,830,362600,244800,117800,2471754.035282135
600276,830,50100,18000,32100,2279109.057998657
601600,830,106500,93900,12600,972219.0093040466
688256,832,11965,6001,5964,13231725.49584961
600089,573,197270,68370,128900,3580760.431842804
600930,573,682600,389000,293600,2679682.048368454
601888,573,67100,26200,40900,3495017.0154571533
600031,574,211800,130300,81500,3756246.926689148
601211,574,414386,266100,148286,7354702.625148773
688012,668,12621,4553,8068,4413258.777862549
601857,668,95900,66100,29800,1027750.018787384
601668,668,64600,59900,4700,279025.0100135803
600036,867,90500,25000,65500,3672615.1092529297
601127,669,26600,18500,8100,1260867.0146942139
601601,669,51300,33000,18300,1633058.0001831055
688008,672,61357,31410,29947,13786248.489120483
600150,672,169803,106300,63503,6620991.961853027
600760,672,75292,59792,15500,3337724.2350769043
601318,673,43700,15400,28300,2368581.007003784
600028,673,79600,6000,73600,423532.0121765137
601668,674,77800,36500,41300,336461.00430488586
600031,674,85100,59400,25700,1510196.9924926758
600276,675,112200,22100,90100,5109314.02015686
601211,675,183500,131600,51900,3247931.1351776123
600150,880,252100,81800,170300,9737451.978683472
688012,862,28323,13552,14771,9859029.387390137
601328,863,279900,254000,25900,2110186.995744705
600406,864,65700,44900,20800,1470814.9551391602
600519,865,17594,3500,14094,22037121.676757812
688008,865,109918,19997,89921,24620568.398864746
600809,866,11600,4600,7000,1327079.0008544922
601857,866,149900,118200,31700,1609608.9584350586
603019,867,33600,19200,14400,2813155.0758361816
601288,867,437500,313600,123900,2986885.9973430634
688111,879,5858,3209,2649,1330002.6846923828
601601,880,110700,58000,52700,3502238.9253616333
688256,882,88761,15522,73239,97761736.94238281
688256,883,26483,7924,18559,29162506.924316406
688981,883,44589,14668,29921,5417041.655128479
601888,575,92233,34300,57933,4813455.888954163
603501,575,136200,49200,87000,11193862.94708252
600030,792,765300,47500,717800,20434344.443321228
600111,792,21800,13900,7900,816924.9973297119
600028,792,346400,270200,76200,1849014.0354156494
601668,792,138000,87400,50600,595654.0121078491
603993,792,155400,72400,83000,2757493.980407715
603986,793,34213,12400,21813,13671905.570831299
603259,793,73100,45900,27200,12240831.991577148
601988,793,2412900,2279300,133600,15852598.382472992
601888,793,14400,3800,10600,751473.9933013916
603259,796,42100,21500,20600,7051784.9685668945
603259,797,41900,27000,14900,7025490.028381348
601628,797,43000,5900,37100,1658722.0363616943
601857,797,125700,112600,13100,1346116.0017967224
601288,797,318400,183000,135400,2160582.0214271545
688981,797,44425,26146,18279,5390247.628768921
600900,798,428400,179600,248800,12034653.085899353
600036,798,75900,39500,36400,3086786.9091033936
601318,576,285500,151300,134200,15470072.009277344
601628,576,213600,76000,137600,8212072.075271606
600050,576,1395900,1027900,368000,5848702.072906494
601857,577,601600,318100,283500,6464497.938156128
601398,577,1607500,1457000,150500,12988593.877220154
601888,857,16700,13800,2900,873316.9929504395
601318,858,74200,33300,40900,4000671.9078063965
600089,858,50600,11100,39500,914958.9986801147
601688,858,66400,10100,56300,1218541.0276412964
601857,858,159100,76400,82700,1706876.9759178162
601628,859,48800,31000,17800,1883735.952758789
601601,859,31700,15900,15800,1002512.9999160767
603501,859,14600,10100,4500,1209559.967803955
600031,860,246100,120700,125400,4313660.158157349
601398,860,396700,328000,68700,3208616.044807434
601166,861,78200,69000,9200,1398905.950164795
601601,861,58900,51800,7100,1863126.9613265991
601398,861,352600,301600,51000,2852024.0421295166
601328,861,104000,73200,30800,783852.0036697388
601888,861,9800,5100,4700,512296.9959259033
600089,578,293800,62600,231200,5329855.828094482
600031,663,107000,86200,20800,1893692.0768737793
601328,664,116100,22500,93600,870975.0051498413
601398,664,349400,220700,128700,2812496.0626602173
603259,665,47800,16700,31100,8012067.96875
603986,665,25500,14200,11300,10217736.932373047
601601,665,44300,27800,16500,1409987.9947662354
601328,666,91000,49300,41700,682993.0112838745
601728,666,45200,5400,39800,276677.9960632324
600031,667,179400,136800,42600,3176273.963737488
600111,667,42600,16300,26300,1596385.0048065186
600036,579,583600,276300,307300,23889412.79220581
603993,579,444100,232600,211500,7914425.877380371
603986,843,42900,18400,24500,17134713.885498047
600309,843,54700,19800,34900,3904846.018218994
600050,844,849400,149900,699500,3550609.8583698273
601288,844,310500,188600,121900,2113286.0124588013
600887,844,98300,29000,69300,2646418.0116653442
600111,844,18300,4500,13800,685025.9986877441
601628,845,27400,10600,16800,1056887.0170593262
688111,845,8624,4496,4128,1956449.6917114258
601688,847,28500,19000,9500,522880.00869750977
603986,848,45200,33300,11900,18050308.938598633
688256,848,13724,8087,5637,15170863.758544922
600150,581,756064,350406,405658,29634259.20295334
601328,581,1211600,606500,605100,9111805.991983414
601398,581,985300,194000,791300,7963163.969230652
600900,581,570000,215100,354900,15988495.937347412
688012,581,72465,42553,29912,25537678.42501831
600519,582,16000,10500,5500,20178582.82470703
688012,583,69542,19320,50222,24544719.254821777
600183,584,705623,410747,294876,101758835.25463867
601328,659,104100,35600,68500,780064.9843215942
600089,660,63000,45400,17600,1138233.9767456055
603501,660,47800,28300,19500,3962708.000946045
601688,661,183200,89300,93900,3363473.1100082397
601919,661,166100,36500,129600,2727633.018875122
600111,662,19200,8600,10600,719126.000213623
601211,662,38500,29400,9100,680589.0096664429
600406,894,192500,94500,98000,4307349.975967407
601088,894,53400,25300,28100,2522453.0124664307
600887,895,185400,63100,122300,4995242.111968994
600276,895,271800,154300,117500,12389382.229232788
601288,896,2645600,1889400,756200,18062036.981916428
601668,585,1968700,189100,1779600,8467301.328611374
603986,585,557429,299429,258000,226276985.8875122
601899,799,111900,80200,31700,3521758.9292526245
600050,799,174000,81000,93000,728129.9886703491
600900,800,353700,176600,177100,9932318.982696533
603993,801,126600,38100,88500,2237403.0183792114
600406,802,126157,53157,73000,2818302.3982200623
601600,803,391700,193600,198100,3570820.921230316
600809,803,8100,5300,2800,924180.0003051758
600887,803,58200,44400,13800,1566756.0047149658
688256,803,15893,4798,11095,17604850.4017334
603019,676,202300,91900,110400,16928659.770202637
688981,676,15912,9599,6313,1932564.7843399048
601919,677,37300,10800,26500,612200.9967803955
600028,677,299500,128400,171100,1591629.0122509003
600519,677,5800,2886,2914,7267812.104614258
600309,678,30300,14500,15800,2146459.9586486816
601398,679,359800,166000,193800,2898050.1066207886
601668,680,106900,14100,92800,461949.01485443115
601288,681,629000,211600,417400,4260446.036434174
601088,588,69300,19500,49800,3292579.9633026123
601628,589,49800,14500,35300,1919755.023574829
600309,589,116500,52900,63600,8126381.97555542
600030,868,312600,166600,146000,8387931.996154785
600028,869,249000,176300,72700,1318973.0308532715
601658,870,501800,336300,165500,2677957.0386886597
600089,871,247400,220800,26600,4475574.240226746
601288,871,352600,241700,110900,2407149.000597
600150,590,396100,238500,157600,15536662.145614624
601728,591,482700,51700,431000,2964173.94490242
601398,591,2737800,368300,2369500,22015594.9798584
601288,875,467200,297000,170200,3189274.0065574646
688008,875,95109,19685,75424,21256704.726379395
601688,875,45200,36400,8800,829784.0255737305
601988,875,354550,159600,194950,2334535.0094795227
601012,876,195460,45200,150260,2236514.328327179
601919,878,185200,39500,145700,3029996.115875244
603986,593,203200,97000,106200,82183085.7055664
600031,593,118100,59800,58300,2092148.9055633545
601600,593,799800,355300,444500,7331927.009773254
600089,594,133900,29200,104700,2421203.9964675903
601088,594,106700,50400,56300,5053281.0176849365
603993,782,187100,18100,169000,3311808.11958313
688008,784,64579,35346,29233,14581620.326034546
601600,785,701710,325620,376090,6399420.115690231
603993,785,397200,332900,64300,7051594.02961731
600111,785,24400,6200,18200,914188.0115509033
601857,786,225600,45600,180000,2418868.028640747
601166,786,55300,25100,30200,989567.9719924927
688012,682,12771,3341,9430,4450493.812164307
603019,595,116300,56300,60000,9777864.936065674
603259,595,285900,119900,166000,48057412.86468506
600900,595,344200,268100,76100,9660652.871131897
600760,595,23200,14500,8700,1030116.9921875
601318,596,246800,93000,153800,13385444.088745117
601166,596,457600,266200,191400,8198824.003601074
601688,682,23100,11300,11800,424229.01668548584
601628,682,25000,13400,11600,966763.9846801758
600930,682,204000,140300,63700,799043.0161714554
600028,683,83600,43200,40400,445184.0036392212
601318,684,63500,53400,10100,3442693.9979553223
600276,685,62900,15200,47700,2867122.0264434814
600809,686,5400,1800,3600,615359.008026123
600050,687,20900,11700,9200,87687.99829483032
601857,688,127800,90300,37500,1368362.9962921143
601628,597,272700,138900,133800,10542955.865859985
688981,598,55158,18849,36309,6706341.7813568115
600089,599,201000,112400,88600,3632240.9425735474
601658,599,154600,86800,67800,820248.0079650879
688012,599,109512,17704,91808,38361277.22091675
601919,600,322300,133600,188700,5258432.867240906
600519,601,28700,8800,19900,36095865.087890625
601012,601,585901,209901,376000,6722697.450701714
600887,839,64700,38800,25900,1743577.0416259766
601601,840,104200,29600,74600,3300781.025505066
601857,842,305300,214900,90400,3275333.908367157
601600,842,304100,207900,96200,2776671.040248871
600309,842,225000,176000,49000,16063690.200805664
688981,602,297724,65809,231915,36122980.0399704
600050,602,1985701,1706701,279000,8340168.828457832
601398,603,1181100,363100,818000,9523297.232437134
600309,604,87000,33300,53700,6088891.078186035
601166,604,274800,205700,69100,4923264.994621277
601601,604,107800,62000,45800,3439276.9693374634
600183,605,162869,97500,65369,23449113.63673401
603986,606,123793,58479,65314,49772995.61236572
600028,606,864300,446200,418100,4625036.973524094
688111,607,35658,17766,17892,8085896.7906188965
601088,608,100100,66100,34000,4754376.948165894
600111,788,21600,8400,13200,808646.9871520996
601899,788,125000,89600,35400,3936637.9802703857
601728,789,101500,22800,78700,620393.0078983307
601728,790,85600,43200,42400,523448.0007171631
600089,790,49000,5200,43800,885481.9862365723
601398,791,506200,393400,112800,4088538.9261245728
601658,609,472000,269400,202600,2494854.032230377
600111,609,237000,130400,106600,8869907.201004028
601857,609,615700,399400,216300,6607573.750305176
601600,610,675500,260200,415300,6213376.854133606
601088,610,65800,33200,32600,3123647.0127105713
688256,611,46004,19090,26914,50865855.84399414
601166,611,308400,223100,85300,5517383.846664429
688012,612,24049,13420,10629,8390583.402160645
688981,612,56009,25668,30341,6780064.408592224
601857,613,351300,326300,25000,3783319.1519737244
688111,613,64915,54591,10324,14740115.480499268
601012,613,584400,56100,528300,6723425.064659119
601328,613,418300,229600,188700,3137652.00920105
600309,834,254200,219700,34500,18116646.03805542
600276,835,35000,15300,19700,1592367.0223236084
601601,835,92500,43900,48600,2929538.0084991455
600760,836,75100,17800,57300,3318630.9867858887
601211,614,122300,54100,68200,2164838.030052185
601088,615,49700,21500,28200,2359452.007293701
600183,616,175700,78200,97500,25290081.90612793
601012,616,114500,80600,33900,1315265.9660339355
601318,617,148500,41100,107400,8035705.952072144
601988,849,817300,252300,565000,5372808.0622673035
600887,850,163700,40200,123500,4406756.011390686
600111,851,47800,16200,31600,1790237.0151519775
600276,852,237600,156900,80700,10852688.795852661
688008,852,27732,13020,14712,6209825.936294556
601688,618,63400,26500,36900,1166824.981880188
601328,618,136000,105300,30700,1021825.0173568726
688111,619,6129,2565,3564,1391535.8511199951
600887,620,175600,16800,158800,4746351.116371155
600930,620,643700,8800,634900,2529829.0428876877
601668,620,125900,22800,103100,545374.9956130981
601328,853,298100,280600,17500,2244865.0530815125
601688,854,37100,14900,22200,680563.0090713501
688012,854,40204,10003,30201,14058914.48022461
600150,855,167700,68700,99000,6481604.136657715
600111,855,54700,31700,23000,2048803.998184204
688111,856,4494,3910,584,1019880.1209106445
600809,621,69300,10400,58900,7969112.998199463
601728,621,117400,28400,89000,719946.0063934326
601668,622,404900,64700,340200,1753863.9839172363
600028,622,449800,282200,167600,2413749.990081787
601328,622,332400,220600,111800,2500974.0290641785
601728,622,95100,21500,73600,583178.0055522919
600050,623,100100,53700,46400,419955.99241256714
600030,624,128015,96215,31800,3428050.7835292816
603986,816,91800,37100,54700,36563177.91748047
601628,817,20800,5600,15200,801612.0006561279
600031,818,46900,39900,7000,830060.0341796875
601919,818,104900,68700,36200,1719997.9516983032
601688,820,73900,22200,51700,1353330.9656143188
600309,820,32000,11300,20700,2267884.0408325195
601088,820,28300,6400,21900,1338163.990020752
601668,820,171900,61000,110900,738061.0074043274
600887,821,104200,25300,78900,2808766.0055160522
603501,626,15000,10000,5000,1235552.0141601562
600887,627,133900,111700,22200,3619390.0897979736
600031,627,104100,39000,65100,1852329.0298461914
600089,628,59000,40700,18300,1066536.9913101196
601398,884,528500,375600,152900,4279321.166610718
601728,884,248600,98800,149800,1519934.008693695
601211,886,225800,106360,119440,3988469.984817505
601600,629,276200,81500,194700,2533569.0397262573
600887,631,120000,65800,54200,3244907.0501327515
600031,631,103800,11800,92000,1845682.0739746094
601888,631,49800,16900,32900,2608607.9887390137
600760,631,21000,14500,6500,929873.9841461182
601166,632,94400,44400,50000,1691147.9957580566
601088,632,37700,7500,30200,1786898.0129241943
601888,632,49300,13700,35600,2582994.0032958984
688008,633,81025,53461,27564,18338204.25540161
601328,633,21700,12500,9200,162875.00286102295
601328,634,236300,168000,68300,1774928.043270111
601211,635,50700,41600,9100,896879.0269851685
600089,636,58400,37000,21400,1055850.9950637817
601628,636,16900,7500,9400,652947.0054626465
601919,636,284000,180200,103800,4657539.890289307
600900,637,134500,84100,50400,3770438.101577759
601127,637,29600,8100,21500,1406714.979171753
601398,637,1366900,299800,1067100,11004125.273990631
601668,872,191500,39300,152200,821928.0016899109
688008,873,73914,42559,31355,16526898.373794556
601857,873,172500,85400,87100,1851778.9405822754
688256,873,16783,9024,7759,18512975.447021484
601668,874,206200,77800,128400,885376.0099411011
600183,638,135800,76000,59800,19615507.011413574
600760,639,12800,3400,9400,565728.002166748
601166,640,101200,88400,12800,1811909.9712371826
601127,640,37300,6400,30900,1773779.0042877197
688041,640,39958,12648,27310,10232840.119293213
601398,641,655800,320700,335100,5279227.125930786
601628,641,34000,27500,6500,1312812.9707336426
603259,641,59100,36600,22500,9977165.026855469
688012,642,41901,10995,30906,14721700.401794434
603993,805,199100,91900,107200,3519018.0362701416
688981,806,48923,35870,13053,5960929.690010071
688041,807,60744,17159,43585,15406320.195617676
688012,807,20582,8162,12420,7186084.045837402
601919,809,62200,53800,8400,1019386.9604110718
600030,645,47300,30300,17000,1266051.0177612305
601211,645,115200,80300,34900,2039842.9531097412
601628,643,18900,10500,8400,729632.991027832
600309,643,71800,33000,38800,5114917.057800293
601899,644,215200,36200,179000,6760684.99584198
601988,645,2170300,1790000,380300,14172033.452939987
600519,645,7400,4700,2700,9295387.915039062
600809,645,9400,5600,3800,1073351.0093688965
600150,646,506296,303196,203100,19694022.454589844
600276,822,70400,38700,31700,3201055.0441741943
601668,822,306200,140800,165400,1315006.0205459595
600028,822,132400,30700,101700,700703.0019760132
600036,823,117000,68200,48800,4749852.889633179
600031,823,247000,113200,133800,4366732.070159912
601919,825,101000,42400,58600,1652784.0713500977
600036,826,78900,37000,41900,3204715.984725952
601211,826,150100,99600,50500,2640769.034576416
601012,649,88200,8500,79700,1013502.9817581177
600406,650,94000,76500,17500,2098648.984336853
601728,650,105100,62100,43000,642781.9986343384
601628,651,20000,7400,12600,771488.0184173584
601211,651,93300,53300,40000,1651339.06955719
601600,887,1565900,517900,1048000,14254869.22197342
603986,887,105104,37332,67772,41837324.85681152
601688,887,68300,54600,13700,1253893.0395126343
688981,887,75865,31500,44365,9208691.052879333
601668,888,494800,214500,280300,2119889.0506267548
601728,888,235992,99300,136692,1442904.1268863678
600900,888,517700,221900,295800,14549423.244476318
601328,661,49500,18000,31500,370934.99279022217
600036,570,2298134,1056634,1241500,94095037.86148071
601328,652,229700,83100,146600,1722753.0000686646
601211,653,60300,24600,35700,1066873.0360031128
600111,653,38300,26700,11600,1435428.992843628
600519,654,15000,6100,8900,18817287.927246094
603259,654,34200,11000,23200,5764402.95715332
688981,654,37594,21385,16209,4576000.438835144
688041,654,21676,16647,5029,5535193.592391968
600276,655,100000,29500,70500,4557359.0896606445
688256,655,17315,8736,8579,19247589.874023438
600760,656,28100,26200,1900,1240314.986038208
603986,657,73900,36300,37600,29656731.964111328
600183,657,81700,31200,50500,11815092.883300781
600150,811,308700,251800,56900,11948537.15248108
601688,811,73900,41900,32000,1354266.9870376587
688256,812,16704,4413,12291,18457388.017578125
688041,813,36167,14177,21990,9137986.017242432
688041,814,91451,23567,67884,23090767.956954956
601899,815,244300,77200,167100,7684342.948722839
603986,571,440092,237509,202583,177986653.934906
601728,571,271700,115700,156000,1661244.0075874329
603501,571,187700,58500,129200,15502899.040222168
600930,689,182300,102500,79800,713818.0146694183
601318,689,35800,13000,22800,1940376.9878387451
600030,781,108500,45400,63100,2905225.0652313232
601088,781,86000,61100,24900,4068507.985305786
601668,889,656500,279500,377000,2812615.068435669
688041,890,95252,43805,51447,23974871.76333618
600036,890,138100,77800,60300,5611106.004333496
600760,890,13900,3600,10300,612063.9930725098
600031,891,370500,311000,59500,6487166.078186035
601328,891,239400,43800,195600,1803120.0393676758
600089,891,125400,70300,55100,2266444.972419739
601211,892,386900,98800,288100,6823058.81061554
601288,892,3141800,671400,2470400,21458513.8548851
600406,829,114700,53800,60900,2569727.9664993286
601658,572,1446600,427100,1019500,7711482.984113693
600276,572,460000,158200,301800,21024203.924179077
600089,827,140900,123300,17600,2544740.9267425537
600030,827,276055,79100,196955,7370935.215873718
688256,827,7046,3663,3383,7795383.864135742
600809,827,34300,31100,3200,3925249.980163574
603993,828,142000,32200,109800,2510882.050704956
600887,828,94900,28900,66000,2556676.052093506
600276,828,61600,23300,38300,2801040.037918091
601628,828,45500,19800,25700,1754555.0243377686
688008,828,55985,31799,24186,12522586.996154785
600519,829,4700,3400,1300,5890879.9560546875
601600,829,103600,84100,19500,945673.0073928833
601658,829,103400,92600,10800,551013.9947891235
601600,831,478200,382900,95300,4366604.069328308
601600,832,118200,102700,15500,1080193.037033081
688012,573,104614,55545,49069,36745889.98535156
601288,574,3118700,536400,2582300,21371029.91271019
601318,574,517745,257600,260145,28065966.98413849
600030,574,449400,317800,131600,12095141.975975037
601398,669,471600,251900,219700,3798899.147605896
601728,669,193700,37100,156600,1185533.9802265167
600183,669,118700,44700,74000,17067060.11505127
601211,669,136000,87900,48100,2406001.0763168335
601628,670,29500,20500,9000,1140392.0028686523
603993,670,90700,69800,20900,1598243.04561615
688981,670,35750,4449,31301,4340177.80506134
601688,671,203500,195700,7800,3736439.128303528
601127,672,12900,2500,10400,611535.0070953369
600406,672,8800,6200,2600,196477.9987335205
600036,673,112600,74100,38500,4586298.00491333
688012,673,14441,3839,10602,5037287.491363525
603019,674,31600,12200,19400,2644519.0116882324
601088,675,90478,16300,74178,4267949.45967865
688041,675,50799,14657,36142,12858494.437606812
601728,862,95100,58100,37000,580691.0042285919
601600,864,1001400,277700,723700,9136409.96875763
601628,864,48800,42000,6800,1883955.9726715088
688008,864,50333,11877,38456,11280280.725479126
601012,864,51300,35900,15400,588257.0101737976
600089,866,93300,55700,37600,1687421.0056304932
600309,866,185788,89688,96100,13358142.356689453
600276,866,90800,41900,48900,4137458.0295562744
688981,866,35956,23824,12132,4374791.540924072
688981,867,21543,11935,9608,2622302.587348938
601988,879,1238900,628970,609930,8152371.038441658
600183,880,133493,71800,61693,19098404.732131958
600030,880,86000,40200,45800,2305201.943588257
601919,881,129700,47100,82600,2120866.0556793213
601088,883,80900,34700,46200,3825160.9550476074
600309,575,326900,81000,245900,22956422.06878662
600519,793,5800,1500,4300,7261963.037109375
601166,793,32300,20100,12200,578047.9848861694
600089,793,45400,27400,18000,820240.9830093384
688008,794,49639,21107,28532,11166097.465286255
601888,794,16200,8200,8000,845810.0078582764
601600,795,134800,104800,30000,1230424.0085601807
603986,795,51700,13100,38600,20641705.087280273
600309,795,43400,19500,23900,3072344.026184082
601728,796,80200,34800,45400,490370.00207901
601919,796,64700,50400,14300,1062231.001663208
603993,797,140500,24900,115600,2491128.937149048
600089,797,104000,40440,63560,1878019.8194198608
601728,798,68100,11000,57100,416201.0063648224
601688,576,211100,158900,52200,3911278.1356811523
601919,857,204700,26300,178400,3347247.087287903
601127,858,23400,14100,9300,1106154.9827575684
600309,858,489946,368800,121146,35266201.97128296
600900,859,170700,128500,42200,4794541.016387939
601688,859,31400,18800,12600,576378.0162811279
601857,861,288800,221400,67400,3102463.95111084
600150,663,136600,84800,51800,5331016.9793281555
600887,663,45800,29500,16300,1234042.0288085938
601888,664,16300,5300,11000,851945.9968566895
600406,665,52000,38800,13200,1160118.9722061157
601088,665,38900,19900,19000,1838203.9936065674
601088,666,15100,7600,7500,713523.998260498
601012,666,36900,3700,33200,423648.9839553833
600111,666,28400,14700,13700,1063891.0037994385
600150,667,114800,69100,45700,4477175.024795532
600028,667,90200,31400,58800,480178.0076980591
601888,667,15500,11100,4400,810487.9997253418
600028,579,1893200,331800,1561400,10063890.074300766
688256,579,59444,24117,35327,66364616.58129883
600183,579,408600,135000,273600,58525941.08276367
600887,580,744110,513200,230910,20040556.66540146
603019,580,163300,58300,105000,13808135.900878906
600183,580,257000,123700,133300,36864541.01257324
600930,580,206400,52800,153600,811680.0132751465
601211,580,290122,150222,139900,5130713.515197754
601600,843,397700,183200,214500,3629637.0142936707
600030,843,45300,26400,18900,1211132.9853057861
600760,844,16720,9000,7720,737695.3855895996
601988,845,298600,104200,194400,1962844.0254211426
601328,846,180400,175300,5100,1358400.0357151031
601857,846,244500,167000,77500,2623611.905860901
688256,846,13504,7504,6000,14909811.704345703
688012,846,12360,7582,4778,4315442.187255859
600887,847,100000,49400,50600,2694011.0536575317
601600,582,1225300,396842,828458,11288998.677963257
601088,583,111300,74100,37200,5290450.992202759
601600,583,2397700,375400,2022300,22059988.56897354
601857,658,255001,128400,126601,2731447.7185850143
601328,658,209000,177100,31900,1567180.9926986694
600519,658,6500,2600,3900,8154483.068847656
601127,659,14500,3100,11400,688012.996673584
603993,659,158500,30600,127900,2786804.9964904785
601988,659,105300,61100,44200,687167.0119762421
600030,660,130700,18100,112600,3497162.021446228
600760,660,35500,11700,23800,1566869.013595581
601628,661,31100,2900,28200,1198905.0060272217
601127,662,30200,22400,7800,1432253.9966583252
600887,662,28300,15800,12500,762306.0129165649
600028,894,722600,471200,251400,3827266.0802841187
600809,894,32400,22100,10300,3693909.9716186523
688256,894,51349,24333,27016,56704323.74731445
600309,895,168800,95400,73400,12077737.175750732
600519,896,16052,6700,9352,20083410.60595703
601688,585,753681,181000,572681,13883132.703687668
600030,585,449575,279800,169775,12039267.284440994
600309,585,355800,133000,222800,24799744.913482666
603501,585,87500,39400,48100,7205307.839202881
600930,586,462000,277200,184800,1818432.0281982422
600036,800,82400,27700,54700,3351019.897842407
600031,800,175700,73800,101900,3107114.0705108643
600519,800,12600,3800,8800,15786431.213378906
600050,801,54000,38300,15700,226102.99949645996
600519,802,4000,1600,2400,5011822.033691406
600309,802,29100,10800,18300,2060868.9628601074
603986,803,33300,11300,22000,13305474.84741211
688012,804,11231,6514,4717,3917159.827178955
603993,587,677000,197000,480000,12004675.723648071
601919,587,325300,204700,120600,5309043.9041137695
601688,587,481300,80200,401100,8855231.80065155
601658,676,156900,55400,101500,833693.0037021637
600089,676,16100,10700,5400,291033.99753570557
600406,677,40600,34100,6500,906532.9954147339
600030,678,74800,63300,11500,2003198.052597046
601318,678,77600,32900,44700,4204093.998336792
688256,678,15802,7386,8416,17497203.256591797
601601,680,59800,42400,17400,1902817.981338501
600930,681,243900,72500,171400,954374.020242691
600900,588,218300,80800,137500,6120290.169143677
688256,588,26634,11550,15084,29759379.03173828
601600,589,676200,229800,446400,6212545.847320557
601328,589,190300,130000,60300,1424743.9713954926
600150,868,153072,47700,105372,5908965.081314087
601601,870,140900,72000,68900,4461989.003562927
600930,871,437100,294900,142200,1708262.0382785797
600036,590,194800,91500,103300,7934697.002792358
600089,590,602824,171648,431176,10902231.70664978
601658,590,1143400,832400,311000,6059811.212587357
600276,591,345300,205800,139500,15860762.794494629
600809,591,22100,11200,10900,2522684.989929199
600900,875,180400,81900,98500,5068255.046272278
601601,875,76900,32600,44300,2436517.0309066772
601658,875,90600,68700,21900,483585.0088119507
601888,876,22900,15000,7900,1195090.9809112549
601888,877,13300,8100,5200,694203.9981842041
601899,878,381900,66600,315300,11986961.746788025
601668,593,1326100,1129100,197000,5753304.15725708
601728,594,1672600,1620300,52300,10291573.022556305
601628,783,12400,3000,9400,479352.0034790039
601988,783,99800,75600,24200,654446.000289917
600809,784,7000,2200,4800,795762.9951477051
600031,784,103100,43700,59400,1826725.9244918823
601601,784,35100,27100,8000,1116801.9874572754
601658,784,66100,46300,19800,351454.00681495667
600519,785,5500,3500,2000,6883895.007324219
600309,785,47000,20800,26200,3328869.487716675
600930,785,48300,26000,22300,189113.00389766693
601318,786,76210,32200,44010,4123605.9940338135
600809,786,16800,3800,13000,1907918.978881836
601600,786,135600,103500,32100,1237707.0081710815
601899,787,226600,68300,158300,7135937.958526611
603993,683,101473,37973,63500,1788833.206205368
603501,595,25400,7700,17700,2094894.0307617188
601728,682,111600,11600,100000,683107.9898834229
600760,682,13200,4200,9000,584653.9985656738
600406,683,31100,17700,13400,694469.9977874756
601658,683,64400,46700,17700,342431.0070037842
600030,683,37100,24400,12700,993782.0310592651
603259,683,28900,16500,12400,4847468.019104004
688111,683,1460,271,1189,331504.4928588867
688111,684,1567,600,967,355775.3301849365
601857,685,231800,122700,109100,2482521.007537842
600036,685,38000,15900,22100,1548360.0234985352
601398,685,293400,93100,200300,2365735.0556373596
688008,685,44221,18734,25487,9930743.971450806
601398,687,417300,260700,156600,3366044.986152649
600028,687,97500,62000,35500,518345.0086116791
600887,688,46800,21100,25700,1261003.0298233032
688111,893,15367,9542,5825,3483641.175338745
600309,597,134100,59500,74600,9381891.02859497
601601,598,140700,66300,74400,4477739.972305298
601899,598,506800,197200,309600,15917245.891952515
600036,599,88600,58200,30400,3613845.9728240967
603993,600,437600,239400,198200,7741714.246749878
600183,601,223800,100600,123200,32428791.25518799
601398,601,927700,851600,76100,7476501.371860504
601658,601,1052800,515100,537700,5590358.9431762695
600900,838,294500,138700,155800,8269968.9868927
600089,838,136700,18400,118300,2471407.98664093
601328,838,307400,268900,38500,2314677.0634651184
600150,839,277900,177707,100193,10787295.940979004
603993,840,359900,113800,246100,6366799.196052551
600309,841,109400,54000,55400,7809168.067932129
601318,842,169800,76300,93500,9155462.930297852
600519,842,5500,3300,2200,6891897.912597656
601668,842,185400,176400,9000,797130.0333023071
601668,602,873400,155000,718400,3792106.0948371887
603259,603,229500,118100,111400,38758499.12109375
600030,603,160600,99500,61100,4306671.936798096
603019,603,175300,37900,137400,14708194.081878662
600111,603,136300,42600,93700,5100950.8644104
688111,603,11404,3508,7896,2591151.755142212
600930,603,127300,29600,97700,500585.00821590424
601668,605,316200,161200,155000,1373920.008277893
600760,607,32300,9200,23100,1428315.0062561035
600030,608,133800,106000,27800,3586535.9594345093
601398,608,5939200,1540100,4399100,47751795.78781128
600050,789,48298,27700,20598,202162.63804912567
601398,790,405700,338200,67500,3274292.862564087
603993,790,189600,60300,129300,3367608.0505371094
601988,790,250800,237000,13800,1645537.9930973053
600809,791,4200,1200,3000,477165.0001525879
600760,791,13200,4973,8227,585058.0097198486
603259,609,619520,427620,191900,104993125.79559326
601318,610,99800,60800,39000,5405954.917144775
600930,613,61100,31500,29600,240438.00377845764
601398,612,1627600,559000,1068600,13087841.982269287
601728,612,83100,17000,66100,509573.0052947998
600183,613,245900,93000,152900,35222933.72192383
600930,833,113400,50400,63000,443898.0092525482
603986,834,23700,11300,12400,9472038.037109375
600111,834,38100,17800,20300,1429074.9786376953
600760,835,28200,4600,23600,1246203.9710998535
600930,835,170200,114300,55900,666625.0135183334
601288,836,316000,245300,70700,2154413.0380630493
600519,836,7000,4600,2400,8772819.055175781
688008,615,121374,45873,75501,27306684.410232544
601288,615,1770600,1395000,375600,12039222.311306
601888,615,43500,15500,28000,2289522.999191284
600519,615,18100,10600,7500,22914303.649902344
600050,615,263300,217800,45500,1105404.9610614777
601600,615,667800,76600,591200,6130755.1778793335
600887,616,132200,25500,106700,3577497.9331970215
600309,617,933800,695900,237900,66691729.79660034
600930,617,82800,21600,61200,325620.0053215027
688012,849,18249,7974,10275,6377801.054840088
600089,850,188240,164440,23800,3405323.630142212
600930,850,565300,280400,284900,2207684.0510368347
601988,850,256100,36600,219500,1682943.0348873138
601857,851,569700,197100,372600,6108081.0754776
603986,851,18200,6600,11600,7263470.959472656
600309,852,108300,64200,44100,7744393.032073975
600519,852,10600,2800,7800,13280314.111328125
688111,852,15195,6569,8626,3447659.1946411133
603259,618,125300,58100,67200,21186978.840637207
601318,618,321100,163900,157200,17369328.02696228
600930,618,141400,28600,112800,555988.0091667175
600809,619,43200,27900,15300,4970131.029510498
603259,619,135700,49500,86200,22927566.987609863
600089,854,42900,24300,18600,775883.0024719238
600036,854,95100,29200,65900,3859048.0884552
600089,855,34300,16300,18000,620307.0011138916
601688,855,287300,278100,9200,5272316.117858887
601600,855,112600,81000,31600,1028848.0314254761
600809,856,20500,8600,11900,2341035.012817383
688041,621,40527,17454,23073,10352512.543502808
603993,621,532000,455000,77000,9375244.271087646
601088,621,27400,13900,13500,1298206.0077667236
601288,622,1178200,597800,580400,8017738.076496124
601857,623,289700,63000,226700,3116998.062324524
603986,624,79200,37700,41500,31621145.99609375
601688,624,260663,58337,202326,4793442.407470703
601088,816,34600,22300,12300,1638433.9782714844
688111,816,2901,957,1944,657800.1342926025
600150,817,66500,19400,47100,2574080.006790161
600111,817,40600,12800,27800,1519840.9908294678
600309,817,49600,21500,28100,3517463.9991760254
600930,818,128200,72200,56000,501984.0103149414
601012,818,46300,23000,23300,529901.985836029
601919,819,121300,33500,87800,1987712.9169464111
600930,819,255400,90800,164600,999522.0210552216
600111,820,49200,17900,31300,1840971.9276428223
601288,820,463700,408100,55600,3152604.075717926
600028,820,112900,21600,91300,597457.0006370544
600150,821,138100,56700,81400,5341968.953704834
600150,625,342136,264872,77264,13390548.983459473
601600,626,140600,53200,87400,1289834.0229034424
688012,626,28388,16748,11640,9942030.282348633
601988,626,270700,16700,254000,1773252.0474910736
601628,627,41800,34900,6900,1615766.997909546
601688,628,38900,18600,20300,714779.0014266968
601600,884,466700,180100,286600,4253437.880992889
688256,885,26515,12359,14156,29193402.692260742
600089,885,167540,55200,112340,3029541.196784973
601919,885,289202,136206,152996,4728815.798629761
603501,885,47800,25100,22700,3953729.963684082
601668,629,115900,76400,39500,501452.00095176697
600930,629,166500,24100,142400,652921.0124731064
601919,630,100300,86900,13400,1643940.9393310547
603986,631,57000,28600,28400,22775222.064208984
600760,632,22400,5100,17300,991306.9946289062
601318,633,104100,66500,37600,5634484.977340698
601398,633,96500,8600,87900,776911.0203742981
600111,633,59551,23102,36449,2233109.5085144043
688041,634,41291,21352,19939,10554168.175231934
601857,635,116900,40700,76200,1255883.9818954468
601668,636,131400,55700,75700,568205.0087451935
601398,636,134100,105200,28900,1080557.0496559143
600276,637,83700,43600,40100,3826484.047317505
600809,637,15400,4100,11300,1761657.0030212402
600030,872,126600,45700,80900,3394325.9365081787
600036,872,141600,48500,93100,5747795.979309082
601328,872,586600,207800,378800,4423242.984008789
601628,874,47500,29300,18200,1832177.0557403564
688012,874,26253,9165,17088,9155027.793823242
601688,638,35100,7600,27500,644863.0167007446
601919,638,84100,15300,68800,1379982.9849243164
603259,638,77100,40300,36800,12984478.038024902
601328,639,45700,35900,9800,343109.0082168579
601919,639,166200,102000,64200,2727372.9753494263
603993,640,612200,85300,526900,10806942.803382874
600030,641,127200,75400,51800,3403500.0205993652
600519,642,30300,6300,24000,38055782.067871094
600036,642,68800,7800,61000,2804181.97517395
600031,642,127500,45900,81600,2261985.973930359
600309,642,118200,65800,52400,8416789.94216919
601012,805,96800,82800,14000,1109188.0004882812
600031,805,140900,97700,43200,2490680.0331115723
600183,805,54100,32200,21900,7790298.092651367
603259,805,81100,28200,52900,13608838.215637207
601127,806,78900,33900,45000,3747496.995162964
601211,806,150500,101900,48600,2642293.9085006714
600150,808,213100,117500,95600,8241389.84336853
600111,809,24000,8800,15200,899028.9852142334
600036,646,44300,28400,15900,1806131.0050964355
688008,643,48898,14595,34303,11035080.86643982
600276,644,164600,25300,139300,7524093.046569824
601211,646,39700,29800,9900,702987.9802703857
603986,822,36300,12200,24100,14449768.035888672
601628,822,29900,13300,16600,1150725.0137329102
600519,822,4800,2300,2500,6012180.95703125
601628,823,30100,18100,12000,1158512.0220184326
600150,824,106500,78902,27598,4122791.811088562
601288,825,2432500,1851000,581500,16543294.4003582
601211,825,131700,84100,47600,2315644.9981689453
688008,826,58964,46643,12321,13200285.376937866
601166,826,101500,39200,62300,1813239.0647888184
601899,647,112700,39500,73200,3538385.9479904175
600309,648,150900,15600,135300,10719582.064056396
601658,649,18500,11300,7200,98163.00072669983
600887,651,247300,215600,31700,6674248.934745789
601688,651,49500,22700,26800,908057.0127487183
601601,887,89700,44100,45600,2841270.0176239014
603501,887,27500,13100,14400,2273576.0330200195
601012,888,281400,55300,226100,3216121.063518524
601899,888,274300,115400,158900,8603202.193832397
600150,863,134600,78839,55761,5201847.645496368
601012,856,328700,228500,100200,3770019.0784454346
600406,570,1045006,430794,614212,23200455.77694702
600809,570,63400,31910,31490,7158733.747749329
601628,570,883000,625400,257600,34153397.76382446
600887,652,90400,66100,24300,2440586.995124817
601899,652,107900,66000,41900,3387672.9499816895
600089,653,84100,58000,26100,1520381.9902420044
601658,654,56100,16900,39200,297499.0065097809
601919,656,59700,19100,40600,981062.0225906372
600406,657,39000,26600,12400,869965.9763336182
601728,657,191400,41200,150200,1171523.9819049835
601600,810,271000,128500,142500,2472804.998397827
600309,811,68700,39200,29500,4867225.955963135
601088,811,19500,10200,9300,922331.9919586182
600036,812,100400,69900,30500,4077869.0113067627
600111,813,42800,6600,36200,1602791.9933319092
601012,814,28500,14400,14100,326183.9913368225
601658,814,48900,17500,31400,259834.00120735168
603501,814,38100,4100,34000,3146216.9815063477
600150,815,116700,68200,48500,4517454.005813599
600111,815,33700,18500,15200,1261238.9778137207
600309,815,47200,34000,13200,3347238.020324707
600309,571,228700,105900,122800,16057985.000610352
601728,689,515400,455700,59700,3158951.0430812836
600030,689,63200,32900,30300,1693238.0107879639
688256,689,5633,2449,3184,6236321.16015625
601088,689,23400,13000,10400,1106267.9977416992
603259,781,182700,90000,92700,30492106.156921387
600050,781,292200,24000,268200,1224558.0107688904
600030,889,232500,171500,61000,6230389.925003052
688012,890,42209,25139,17070,14702931.613189697
603501,890,22300,8800,13500,1844483.9904785156
600050,891,141000,78300,62700,588752.9913425446
600028,892,942800,362600,580200,4991038.047027588
688111,892,25969,7762,18207,5887262.346160889
601888,892,91200,28931,62269,4750646.007537842
688012,572,120480,63456,57024,42329485.08181763
688041,827,73537,20964,52573,18542842.009918213
601088,827,31200,16900,14300,1475974.0062713623
601688,828,182000,69500,112500,3336705.0008773804
688981,830,60347,39555,20792,7348003.751548767
600036,830,96600,48900,47700,3924985.9897613525
603993,830,178900,51600,127300,3161679.0254592896
600050,830,77300,40200,37100,323515.99593162537
600030,831,149000,105200,43800,3983152.940559387
603019,831,26300,13300,13000,2200947.0024108887
601127,831,19300,14100,5200,914535.0051879883
600276,832,79700,35200,44500,3627828.981781006
601318,832,153500,36300,117200,8284387.014007568
601127,832,19000,11800,7200,900516.0064697266
603259,573,343500,166700,176800,57926569.00024414
600309,573,77600,39100,38500,5459851.944732666
600036,574,443700,221900,221800,18107495.000076294
600150,574,672057,353878,318179,26603063.195594788
600930,574,410900,191100,219800,1612639.0295267105
688256,574,92090,46731,45359,101697527.84838867
600089,668,30200,12700,17500,545840.9936904907
601166,670,170800,102200,68600,3057360.935783386
600030,671,161600,138500,23100,4327033.096885681
601668,672,79600,35100,44500,344223.0049610138
688111,672,3583,500,3083,813748.8892059326
601211,673,26100,6800,19300,461731.01444244385
600887,673,82500,35000,47500,2223323.05355072
600031,673,110400,47700,62700,1958529.9755096436
600900,675,180600,101500,79100,5061242.1016693115
600089,862,31500,16300,15200,569998.0085372925
601398,863,559300,216800,342500,4521312.006950378
601166,863,83500,68300,15200,1493662.9455566406
601211,863,375600,22200,353400,6633104.942893982
601318,865,96100,34600,61500,5182047.895812988
601211,865,92676,32900,59776,1636950.9125595093
601919,866,67400,30800,36600,1100985.002708435
600406,866,99000,73400,25600,2216527.9376983643
600089,867,154590,84800,69790,2795835.2076148987
601211,867,61200,18200,43000,1080973.9948272705
601601,867,98900,26700,72200,3132064.005279541
601166,867,164700,143200,21500,2946569.9014663696
601857,867,468700,189700,279000,5030486.8282318115
603986,867,46600,25940,20660,18579195.720825195
688041,879,54041,27947,26094,13636367.727859497
688981,880,85602,35477,50125,10403152.122688293
600930,881,353404,128900,224504,1380458.6716213226
600309,882,126298,44802,81496,9053897.638504028
603259,882,65500,32800,32700,11000097.937011719
688111,882,7233,2735,4498,1641692.9616241455
601628,883,52400,34500,17900,2023266.0041809082
603259,575,205626,93670,111956,34552674.91296387
600050,792,68200,36900,31300,285444.99673843384
601857,792,181100,118500,62600,1938984.9932670593
601012,795,197900,6400,191500,2263747.934150696
601601,795,72700,22900,49800,2308792.0129776
601398,796,2588604,2474412,114192,20915684.117103577
601088,796,17700,10100,7600,838120.9930419922
600900,796,2899350,2522450,376900,81447187.54415512
601668,797,70200,38100,32100,302943.0047035217
603993,798,157600,15100,142500,2791091.9620513916
601328,798,38100,29100,9000,286803.0059337616
600309,798,30500,13600,16900,2157791.995239258
601012,577,1946673,1541938,404735,22353534.78184986
688041,577,165144,83035,82109,42187945.98675537
603993,858,254000,46200,207800,4491530.096054077
600030,859,206500,174100,32400,5534328.888320923
600930,859,561500,350900,210600,2193359.0502023697
601166,859,56800,49300,7500,1016076.9636154175
601012,860,57915,24900,33015,663954.9079084396
600036,861,94500,50300,44200,3836237.9333496094
600050,578,3247125,3189525,57600,13605968.921458721
601398,663,1141000,883200,257800,9184032.194328308
600406,663,52600,27400,25200,1172728.002166748
600760,663,8800,4900,3900,388305.00106811523
601628,664,83700,60600,23100,3225246.9314575195
603501,665,32500,21100,11400,2696617.00592041
688256,665,14671,8306,6365,16228636.175415039
601166,665,136500,121200,15300,2443403.9491653442
600031,665,349200,293900,55300,6181221.203804016
600031,666,223200,102500,120700,3950942.1157836914
601318,666,45400,29200,16200,2457260.0051879883
601857,667,74600,38800,35800,799354.0117263794
688041,579,215258,92584,122674,55156674.21606445
601857,579,925700,320200,605500,9960363.103675842
600111,843,123600,8000,115600,4629503.959655762
601668,843,1085040,52400,1032640,4655345.570602417
601166,844,60500,28800,31700,1080818.0435180664
601600,846,224800,101500,123300,2052679.0315628052
600760,846,14800,8600,6200,652812.9940032959
601668,847,158600,74900,83700,681143.0110931396
601628,847,47500,32700,14800,1833053.0025482178
603019,848,52400,46700,5700,4385716.937255859
601127,582,357872,210837,147035,17231342.583667755
600809,584,116100,82600,33500,13250162.952423096
601688,583,159800,33500,126300,2949674.9074935913
600276,583,356200,197000,159200,16326116.484298706
600036,583,199361,114144,85217,8143286.579666138
600930,583,150300,8100,142200,590760.0099563599
600030,584,569700,201900,367800,15256063.354301453
603259,584,189200,68500,120700,31760104.132080078
600050,584,207000,111200,95800,866371.9899177551
600150,658,218900,133400,85500,8534012.15248108
600028,658,463800,91600,372200,2468332.056903839
688041,658,27691,12562,15129,7062483.290588379
600036,659,43800,22900,20900,1784170.0241088867
601211,895,216000,157500,58500,3811566.898536682
603259,896,152644,61544,91100,25637237.2454834
600183,586,407300,255300,152000,58804967.08984375
600760,586,124600,71700,52900,5510435.959625244
600276,586,489500,122100,367400,22439341.22543335
600183,799,63700,40400,23300,9170115.02532959
688111,799,5141,1185,3956,1167576.6626739502
601668,800,188600,98300,90300,811963.011598587
603259,800,51400,15500,35900,8600345.956420898
601888,800,8700,2300,6400,453511.999130249
600809,801,7200,5800,1400,819615.0001525879
688111,801,8076,1700,6376,1832392.2684936523
601288,802,723400,510200,213200,4902520.102977753
600930,802,100900,44300,56600,394962.00823783875
601857,803,295200,236900,58300,3155553.9207458496
603993,804,119800,18900,100900,2117946.033859253
601628,804,18500,8400,10100,712685.9973907471
600089,804,68000,5600,62400,1226776.0528564453
600276,587,280800,82900,197900,12860099.011611938
601166,676,28900,27700,1200,517586.99531555176
601211,676,23800,13100,10700,421337.00466156006
601857,677,106300,58600,47700,1137995.9931373596
600809,677,3700,1100,2600,421357.0083618164
601600,677,67400,62200,5200,615984.0219497681
603259,677,68600,23700,44900,11484926.008605957
600111,677,56200,14300,41900,2103617.00630188
601012,678,146200,135600,10600,1681193.9975738525
601988,679,25900,21200,4700,169598.00386428833
600309,680,72300,11500,60800,5120406.946563721
600050,680,88500,38700,49800,370316.9936656952
601328,681,43400,39800,3600,325898.00910949707
603993,588,1796268,368000,1428268,31794043.91368103
601318,588,263100,99200,163900,14247266.046524048
601601,868,39800,21700,18100,1260284.9988937378
601988,868,165800,54900,110900,1089855.014848709
603259,869,39600,13000,26600,6650551.034545898
600930,870,406600,322300,84300,1588963.0357027054
601899,871,411700,257300,154400,12922975.742149353
601601,590,183700,102400,81300,5840160.005950928
601211,591,150200,76700,73500,2651940.9635543823
601888,591,47500,19300,28200,2492550.0255584717
601012,875,165925,31200,134725,1898493.9375162125
600760,876,15400,8500,6900,678767.0143127441
600406,877,78400,49400,29000,1754301.9828796387
601211,878,118800,52400,66400,2098007.9818725586
600036,592,184000,132200,51800,7509805.459667206
600028,592,652400,345600,306800,3444952.12597847
601857,593,468600,270800,197800,5019159.028244019
601127,593,74000,52100,21900,3548899.9870300293
601012,594,311300,205700,105600,3583989.0924453735
600406,594,157800,61700,96100,3513599.05834198
601398,783,1123600,356700,766900,9055058.440208435
603501,784,48500,9400,39100,4026003.0044555664
600150,784,155700,94400,61300,6033283.992767334
603019,784,28900,9000,19900,2424164.033508301
601127,784,28900,5800,23100,1369075.9895324707
601728,785,75400,9800,65600,461545.9936141968
688012,785,28464,8625,19839,9948758.221313477
600900,786,42500,25900,16600,1192064.9780273438
600406,786,15000,11000,4000,334609.9910736084
601658,786,59700,49500,10200,317502.0079135895
601728,786,79600,9900,69700,487184.991645813
601318,787,163900,26410,137490,8865753.653945923
600930,595,253500,90600,162900,997161.0160589218
601658,595,1192700,1130500,62200,6334391.960954666
688012,595,28301,17323,10978,9933370.147613525
601688,595,177400,128600,48800,3270800.0843048096
600111,596,63300,28900,34400,2373277.059173584
601919,596,234300,71700,162600,3834877.1419525146
601166,682,35100,22800,12300,628868.9998626709
601899,683,354000,209100,144900,11147920.929527283
601857,684,146900,114600,32300,1574584.0217590332
600519,684,4500,1800,2700,5636806.994628906
600050,684,116100,9900,106200,486558.0041885376
601127,685,92100,80300,11800,4355666.014862061
600760,685,30900,22200,8700,1368276.98097229
601668,686,212600,64900,147700,919081.0204029083
603986,688,34600,16000,18600,13819554.010009766
600309,893,143200,76000,67200,10246935.96420288
600406,893,233000,157900,75100,5213788.930511475
600809,893,14900,8600,6300,1698405.0048828125
601988,598,386800,190200,196600,2539310.0214004517
600887,600,206000,117000,89000,5557103.887939453
600036,601,364100,217200,146900,14847999.838638306
601211,601,173000,93100,79900,3056405.00164032
601398,839,330500,261300,69200,2673053.034591675
601328,840,78100,56800,21300,587880.011510849
601988,840,305100,192200,112900,2006463.003873825
600031,840,2012600,124900,1887700,35429706.92806244
688256,840,22539,3661,18878,24874592.091186523
600930,842,74000,57700,16300,289917.00580120087
601328,842,102000,99300,2700,768033.0207824707
601088,842,21000,10800,10200,993331.001663208
601166,602,329100,256000,73100,5897577.027511597
600036,603,228613,144100,84513,9330476.568454742
600276,603,235000,107100,127900,10780362.020111084
601899,604,604900,241100,363800,18987607.62615204
600089,605,100900,36900,64000,1823345.971107483
601012,606,259200,114600,144600,2982887.047767639
601899,606,334771,155184,179587,10513593.603134155
688981,606,127858,63387,64471,15480310.653686523
601688,608,185000,152000,33000,3408599.034690857
603501,608,35500,20800,14700,2922129.9995422363
600030,788,36100,8700,27400,966484.0185165405
601318,788,118100,79600,38500,6391255.987930298
600031,788,365200,200400,164800,6463976.270866394
600050,788,34100,22900,11200,142766.9993877411
600183,789,58800,29600,29200,8470397.100830078
601658,789,137800,103100,34700,732749.015712738
601601,790,137100,15300,121800,4359006.023597717
600031,791,180400,119600,60800,3191664.1052246094
601728,791,158300,92500,65800,968137.9981994629
600930,791,138200,81800,56400,541180.0110816956
600031,609,729900,582900,147000,13034721.294403076
600760,609,10400,4500,5900,460723.99978637695
688981,610,158947,91813,67134,19224707.63648224
688012,610,76509,50267,26242,26620925.62136841
600036,610,118000,48500,69500,4801830.00793457
600031,611,731529,308100,423429,13076948.7080307
600887,611,183300,85500,97800,4962392.95463562
600809,611,75200,26200,49000,8684206.021881104
600519,612,12800,7000,5800,16204121.911621094
603019,612,122200,45800,76400,10251961.85836792
603986,613,303300,150100,153200,120934152.9296875
601166,613,224300,95400,128900,4013063.8708114624
601919,613,180500,103400,77100,2955001.08127594
600309,833,90100,73200,16900,6404043.021392822
601601,834,148800,34700,114100,4713049.024009705
603501,835,25900,18100,7800,2146631.980895996
601888,835,13900,3700,10200,725916.0095214844
601688,836,169500,107000,62500,3111034.080886841
600089,837,59200,29700,29500,1070938.009262085
601888,837,12200,4300,7900,636652.9964447021
688012,837,27542,15675,11867,9611098.625488281
600930,615,84800,18500,66300,333449.005484581
600519,616,17700,3600,14100,22379497.05810547
600030,616,119400,77600,41800,3199457.9864501953
601166,850,44600,18000,26600,797182.0072174072
688256,850,11853,5961,5892,13105423.057495117
601328,851,127800,101700,26100,963351.0015964508
600930,852,382300,158400,223900,1492554.034948349
600519,619,7700,3800,3900,9730180.041503906
688008,620,116685,43209,73476,26380479.963134766
600089,853,45600,31100,14500,824804.0046691895
603019,853,29600,14800,14800,2478640.0115966797
600276,853,246300,178700,67600,11254058.934402466
601127,853,48600,14800,33800,2295499.0058898926
603259,853,43800,20600,23200,7353118.006896973
600183,854,68800,39500,29300,9869171.034240723
600930,854,93500,27500,66000,364925.0086545944
600031,855,312900,133900,179000,5483419.17552948
600930,855,154400,87400,67000,603034.0138912201
603259,855,73400,45700,27700,12318258.128356934
688008,856,42605,23816,18789,9545562.160461426
601318,856,97600,83800,13800,5262999.940872192
600519,856,8100,4800,3300,10149479.943847656
601127,856,29200,15500,13700,1379846.0014343262
603259,856,38000,22500,15500,6379743.9865112305
600111,622,235400,174194,61206,8825441.174316406
600028,623,1336100,722000,614100,7163230.101823807
600150,623,306600,96200,210400,12015065.935134888
601601,623,54900,14400,40500,1749607.0281982422
600183,624,364200,237300,126900,52809556.689453125
601318,624,171800,115500,56300,9298543.967056274
600809,624,22800,7600,15200,2618188.9541625977
601888,817,16200,11300,4900,844739.0102386475
601668,818,253600,129700,123900,1089241.0200119019
600089,818,69100,11800,57300,1246682.0434570312
601166,819,116000,99100,16900,2072751.0934829712
600089,819,88671,45629,43042,1600007.5669441223
600089,821,36560,13500,23060,659677.4108123779
601012,821,54100,26300,27800,619166.9833183289
600276,625,224800,66800,158000,10238955.2358284
600183,625,419400,307100,112300,60939475.61340332
601288,625,520900,237500,283400,3539286.034488678
688041,626,39906,13406,26500,10194927.3462677
600183,626,591495,447895,143600,86096376.95709229
601919,626,67400,22700,44700,1103098.0506896973
601888,627,121300,22200,99100,6355117.056274414
601600,628,97500,80300,17200,894878.0258178711
600760,628,21100,3500,17600,934240.9889221191
600036,884,113500,79200,34300,4613577.7692985535
601127,884,21600,13800,7800,1022086.0046386719
688111,884,21306,2506,18800,4835158.3824157715
601166,885,322200,203800,118400,5767318.875694275
601012,885,414300,74300,340000,4736192.072582245
600036,885,190300,102115,88185,7737510.730571747
601318,886,376600,83800,292800,20320483.81576538
688012,630,22916,8927,13989,8029735.844329834
600028,631,869600,727800,141800,4663593.051576614
688008,631,81078,61830,19248,18290895.796691895
600031,632,200000,41000,159000,3556019.137763977
601328,632,19200,13000,6200,144130.00297546387
601288,632,6434200,362400,6071800,43621614.25857544
603986,632,49200,19000,30200,19695749.880981445
600036,634,62700,38900,23800,2557151.0040283203
601899,635,369100,210582,158518,11628077.032661438
601088,637,33900,22000,11900,1607545.9785461426
601888,637,89000,25000,64000,4664137.023925781
601988,872,180300,47700,132600,1186850.9971618652
601088,872,83100,29500,53600,3932501.028060913
603019,872,52700,25300,27400,4408907.091522217
601658,873,337800,232000,105800,1802794.0273284912
600519,873,6100,2800,3300,7636347.961425781
688008,874,50051,21935,28116,11190292.542022705
601127,874,16600,10000,6600,785115.9957885742
601688,874,167800,158000,9800,3080710.10017395
600809,638,8800,3500,5300,1006629.9942016602
600028,638,399600,281800,117800,2128689.9987220764
600519,638,8200,3700,4500,10305130.004882812
688008,638,68067,31475,36592,15418677.929016113
600111,639,114700,19300,95400,4298664.003372192
601127,642,19700,5400,14300,936190.9950256348
601398,642,104000,80300,23700,836963.0144119263
688256,805,5926,4829,1097,6559028.750366211
603019,806,40500,27000,13500,3390655.973815918
600150,807,239500,73500,166000,9270202.085113525
601166,808,141800,101000,40800,2533828.1158447266
601211,808,285800,14000,271800,5015546.8379974365
600036,808,92882,42000,50882,3770739.286994934
600930,809,90798,18900,71898,355209.1876130104
601658,643,45700,13900,31800,242349.00527000427
603501,644,16700,5800,10900,1381379.0168762207
600406,645,83000,73100,9900,1851835.9580993652
601166,645,175400,67200,108200,3138063.896560669
601012,645,106600,17400,89200,1225007.9795837402
688111,646,7287,2359,4928,1653286.6069030762
601899,822,169400,104700,64700,5319302.938652039
600111,822,26600,13100,13500,995557.9830169678
601088,822,15300,3900,11400,723241.996383667
600183,823,65300,27500,37800,9356522.961425781
600050,823,4708000,53600,4654400,19679975.204086304
601919,824,131300,44500,86800,2148513.090324402
601988,824,374100,215700,158400,2458321.051645279
600900,825,184300,115600,68700,5173851.956367493
600150,825,125417,84734,40683,4856842.123023987
603986,825,50900,33100,17800,20269959.854125977
601318,826,98700,55800,42900,5325877.976989746
603019,826,29400,20900,8500,2458304.983520508
601668,826,460000,326800,133200,1978293.0783748627
601012,647,135300,21200,114100,1554771.9730377197
600089,647,40700,19300,21400,735234.9826812744
688041,648,63234,15768,47466,16112107.158691406
600276,649,89100,57300,31800,4065658.0280303955
601012,650,256400,145900,110500,2946500.9519577026
603259,651,49100,20400,28700,8273694.996643066
688012,651,16626,7973,8653,5828735.103881836
601288,651,674000,485100,188900,4562259.005498886
601628,802,66400,8300,58100,2559537.007522583
601899,684,334000,84100,249900,10512671.829223633
601728,570,1406600,708600,698000,8601197.000217438
600028,570,9090200,4710310,4379890,48344164.442873
603019,652,28000,22300,5700,2347994.937133789
600036,653,96500,35600,60900,3928045.006942749
600406,654,83800,10700,73100,1869919.9630737305
600406,655,41800,18000,23800,932390.9738540649
688981,655,94021,67508,26513,11438351.808105469
601658,656,68500,20000,48500,363250.0081062317
601328,810,678300,294000,384300,5101459.00182724
601012,810,298200,149000,149200,3414609.948158264
601668,812,406000,270300,135700,1745511.0708236694
600031,812,79800,65800,14000,1411522.0394134521
603019,812,19700,6300,13400,1648959.9838256836
600030,813,232100,119300,112800,6197123.157501221
600183,814,150900,25900,125000,21657455.238342285
600760,814,10800,2300,8500,476909.0015411377
600036,780,188700,114900,73800,7684930.049133301
601899,781,271000,143900,127100,8538333.04195404
601919,889,409800,287822,121978,6699917.1491622925
601166,889,144500,99100,45400,2586095.934486389
601211,891,108400,24186,84214,1913347.9606628418
601288,572,2431100,776000,1655100,16703912.986135483
601988,572,1073650,337800,735850,7116000.510978699
600887,827,72300,24500,47800,1948480.046081543
601668,827,128200,64200,64000,551902.0085334778
601601,829,77800,42500,35300,2466435.015487671
600183,831,115600,30200,85400,16575109.0133667
600183,832,86300,50400,35900,12384300.057983398
600406,832,58600,39400,19200,1313033.9866638184
688111,573,51128,26760,24368,11684550.70211792
600760,668,47800,43000,4800,2111818.9895629883
601088,669,28500,15300,13200,1346116.012954712
601328,672,91400,64300,27100,686143.014717102
601328,673,205800,35500,170300,1543855.0081253052
601919,674,221700,78400,143300,3644945.122909546
601398,674,186300,113400,72900,1500849.0614891052
601166,675,196500,39100,157400,3517578.930282593
601628,862,30700,14300,16400,1184801.9897460938
600406,863,51500,41100,10400,1152980.9661865234
688111,863,4674,923,3751,1061047.61378479
601857,864,135100,90000,45100,1450618.9609527588
688012,864,20168,8766,11402,7030167.222808838
600276,865,65400,16900,48500,2980634.0461730957
600406,865,47600,24200,23400,1065716.969871521
601127,866,95600,65700,29900,4518328.007507324
601668,867,341600,143000,198600,1466894.0196990967
600809,880,22200,6600,15600,2534800.998687744
600900,880,627600,191700,435900,17630577.12535858
600036,881,207900,150800,57100,8442042.94204712
600276,881,73500,39900,33600,3346853.995513916
601127,882,24700,12500,12200,1168640.0127410889
600760,882,46900,17100,29800,2065767.993927002
601919,575,389500,143300,246200,6394657.882118225
600276,575,306800,135800,171000,13996025.012207031
601088,792,25000,12500,12500,1183944.9913024902
601628,792,27800,7200,20600,1072636.009979248
603019,793,22600,5000,17600,1891792.9679870605
688008,793,100439,43480,56959,22599581.58277893
600030,795,135552,99001,36551,3620228.3472480774
688256,795,7836,2635,5201,8677486.950805664
600930,797,50700,19200,31500,198429.00416851044
601328,797,137900,121440,16460,1038248.0257511139
601658,797,20800,15700,5100,110605.00240325928
600406,798,29600,10500,19100,661631.0129165649
601668,798,5893400,365000,5528400,25393708.853960037
600887,576,195300,129000,66300,5231740.11554718
600519,577,34320,27440,6880,43235114.61669922
601888,577,176100,119000,57100,9218046.974563599
688041,857,56007,25137,30870,14119706.389160156
600183,858,110400,41700,68700,15875016.452941895
601088,858,24600,19500,5100,1164699.9843597412
600050,859,126800,111600,15200,529871.9820022583
601919,859,199800,43400,156400,3264377.0223617554
600183,859,87200,26425,60775,12536593.022155762
600887,860,127900,44700,83200,3442414.9948120117
601857,860,77800,52000,25800,835313.9762878418
600930,860,1604500,909100,695400,6268401.142668724
601288,861,415800,325500,90300,2839010.990667343
688041,578,140572,67091,73481,35982541.16859436
600183,664,54100,26900,27200,7806850.050354004
603986,664,41885,21115,20770,16779845.129852295
688981,665,68706,35565,33141,8358097.569694519
600150,666,68800,42400,26400,2683998.931503296
600276,667,136500,102600,33900,6228257.03125
601166,667,118200,64000,54200,2114640.928840637
688012,667,10266,5629,4637,3592165.7699279785
600406,845,59900,33100,26800,1341491.9710159302
601288,580,877600,248200,629400,6022762.05701828
600183,843,67800,27600,40200,9738119.123840332
600028,843,77500,29000,48500,410265.00368118286
688981,844,30531,15052,15479,3713851.009010315
600031,845,589800,159000,430800,10366557.906341553
601658,847,129100,74200,54900,687554.0037631989
601211,846,51400,36800,14600,905744.021987915
601600,848,168100,111800,56300,1535871.0448265076
601088,581,79800,28800,51000,3785739.002227783
600887,582,273935,101835,172100,7371596.758337021
600809,662,13900,4400,9500,1582206.9778442383
603259,583,303700,194800,108900,50923218.16558838
601288,583,879200,459900,419300,6013208.049917221
600111,584,322212,145812,176400,12086967.912734985
688012,584,32400,14006,18394,11416986.945892334
600309,658,69300,33500,35800,4913678.08303833
601658,658,101000,48900,52100,535789.0071392059
601658,660,75900,25000,50900,402520.00827789307
601318,661,55200,14600,40600,2985336.0801696777
603993,662,135800,54300,81500,2386746.975517273
601919,894,241400,147300,94100,3946226.076889038
600028,895,934500,581500,353000,4949320.097446442
688041,895,77481,39466,38015,19504964.193344116
603259,895,187400,86600,100800,31477263.023376465
601318,895,309300,143088,166212,16672592.1968956
603501,895,50000,15145,34855,4137486.050415039
688981,896,74499,40121,34378,9039487.626434326
600809,585,74000,25000,49000,8452029.9949646
600183,585,667144,406686,260458,96301725.07885742
600900,586,393300,251400,141900,11024354.273605347
601318,586,185400,83500,101900,10057653.02658081
601628,799,25400,13600,11800,979447.0199584961
688041,801,22672,9168,13504,5743015.234207153
600887,801,123300,65300,58000,3319348.01197052
601328,802,1346600,51600,1295000,10126433.980894089
601688,803,96500,30000,66500,1767214.955329895
600930,803,126400,50400,76000,494728.01036834717
601127,804,43200,14600,28600,2048894.9787139893
601288,676,270300,246100,24200,1832392.0511722565
600030,676,45100,23500,21600,1207694.029045105
600150,677,123900,61200,62700,4830363.059234619
688981,677,24808,6312,18496,3012960.3687210083
600406,678,84100,68600,15500,1878128.9976119995
600028,680,1623400,1099600,523800,8634991.244411469
601899,588,759984,365884,394100,23900706.635307312
688981,589,155209,98170,57039,18915959.40538025
688256,868,9005,2033,6972,9940182.923095703
600276,868,96500,37800,58700,4394653.999328613
603501,869,21000,5300,15700,1740304.9926757812
601628,869,105300,34700,70600,4060736.011123657
600309,871,135000,49700,85300,9681404.01763916
600276,871,117300,53800,63500,5341049.960708618
601628,871,36100,20100,16000,1392620.0286865234
600406,871,224439,55361,169078,5022680.688352585
600900,590,610600,444200,166400,17136306.754493713
600809,590,58400,40000,18400,6667052.963256836
603019,591,62200,21900,40300,5248268.995666504
601628,591,115300,83400,31900,4449463.04397583
601601,591,239700,136500,103200,7621395.978736877
600887,875,149500,64400,85100,4032109.899520874
601088,875,28500,19400,9100,1348615.0032043457
600887,876,139600,91900,47700,3765823.922729492
601688,878,79000,19800,59200,1449848.0346679688
600150,592,343200,174500,168700,13447033.974456787
601899,593,1035000,323700,711300,32509544.84653473
600089,593,212800,98700,114100,3848309.004020691
600150,594,296400,83600,212800,11605795.938873291
600031,594,574600,46400,528200,10172697.106742859
600760,594,32200,25200,7000,1428265.998840332
601318,594,108100,43300,64800,5867571.943283081
600309,782,58300,25000,33300,4142226.0704040527
601728,782,294500,29900,264600,1802314.96758461
600111,782,36600,11200,25400,1371016.9940948486
601668,783,143600,89000,54600,619806.0121536255
600930,784,228800,49500,179300,895103.0191659927
600050,784,46100,10100,36000,192798.99439811707
600183,785,80400,56000,24400,11572425.08392334
601600,787,802590,261200,541390,7318894.691534042
601288,685,452600,251700,200900,3071145.0325489044
600050,595,163900,75800,88100,687498.9905834198
601288,595,3266500,2535000,731500,22293925.15540123
688981,596,114478,72324,42154,13910847.853843689
601888,596,302300,236000,66300,15904087.829971313
600111,682,57200,26200,31000,2140181.938934326
603501,684,39100,28400,10700,3239964.988708496
601658,685,54400,24500,29900,289109.002494812
601328,686,1061300,1048800,12500,7981413.9941215515
601628,687,53500,43600,9900,2069933.9569091797
600900,893,342200,135400,206800,9617174.161529541
600111,893,196200,64800,131400,7338590.180206299
600036,597,73200,40200,33000,2989052.084350586
600887,597,145400,87300,58100,3923252.9417037964
601166,597,232000,209000,23000,4155064.9633407593
600150,598,309900,117500,192400,12133904.00390625
688008,598,170465,107146,63319,38804451.36798096
601166,599,259139,91900,167239,4639448.020830154
688111,599,21576,7458,14118,4905986.780105591
601628,600,57600,29700,27900,2226225.0106811523
600028,842,377500,145800,231700,1998433.0189704895
603993,839,196400,86000,110400,3475176.124572754
688008,840,90246,41976,48270,20160333.52433777
600406,840,50500,33200,17300,1130590.966796875
603259,840,62700,27400,35300,10513621.02355957
601888,840,21200,3500,17700,1106126.9855499268
600276,841,94900,63100,31800,4317729.000854492
601398,842,964800,424200,540600,7795745.930099487
601211,602,179800,105600,74200,3176224.994468689
601688,602,196800,129800,67000,3628367.0907974243
600887,602,207200,143600,63600,5594299.997711182
600028,603,2455600,1239100,1216500,13171769.086027145
600406,603,507300,380200,127100,11317382.744026184
600050,604,112200,87100,25100,472110.99853515625
601012,604,674800,460600,214200,7764522.0989227295
601288,604,568200,449600,118600,3873938.0703926086
601628,604,114200,76200,38000,4422067.064666748
601728,605,180100,53300,126800,1106346.9881534576
600276,606,318600,62100,256500,14568322.05734253
601888,606,57500,19300,38200,3026284.034729004
601088,607,64300,32500,31800,3053102.007675171
688008,608,166825,56125,110700,37635482.908203125
600760,608,16400,11000,5400,726321.0010528564
688981,789,22769,16345,6424,2769245.465484619
600900,790,137100,108400,28700,3845942.9056167603
600900,791,334900,313600,21300,9398440.84739685
601668,791,197200,71500,125700,850647.0050811768
601211,610,102700,24400,78300,1817521.0285186768
601127,612,32900,15600,17300,1572821.0025787354
600089,613,91200,52600,38600,1651884.0614318848
688008,613,134072,64860,69212,30118031.696868896
600050,613,316900,47200,269700,1331066.945695877
600031,834,214300,109100,105200,3777945.8780288696
601211,834,235200,150500,84700,4144177.1884918213
600036,834,110500,39900,70600,4487835.955429077
600183,835,48200,16300,31900,6916274.951171875
600930,836,163700,73900,89800,640806.0133457184
600406,837,83200,52700,30500,1863374.9612808228
603019,837,26700,21200,5500,2232752.992248535
601088,837,27300,14000,13300,1292578.9764404297
688111,837,13753,1680,12073,3121283.968170166
600809,838,10600,8000,2600,1214806.9999694824
601088,614,43600,20000,23600,2069023.0060577393
600111,614,137600,84800,52800,5147903.9306640625
603993,616,1036600,458800,577800,18282261.290359497
601888,616,111400,22700,88700,5859484.988021851
601728,617,168300,96700,71600,1032645.9952831268
601728,851,237900,32800,205100,1453897.0236301422
601688,852,115000,19800,95200,2110030.038833618
600030,618,215400,74300,141100,5768619.152641296
601919,618,81700,31800,49900,1335725.0295639038
600031,619,166500,101400,65100,2961375.0953674316
600150,853,297100,168500,128600,11482120.249938965
688981,853,79345,55462,23883,9665796.725578308
688008,854,46855,19108,27747,10497457.955978394
688111,854,4658,3711,947,1057118.9784698486
688012,855,17233,6448,10785,6019315.806793213
601398,855,325900,79500,246400,2634066.993331909
603986,856,39800,23143,16657,15889062.051391602
601127,621,32800,18900,13900,1560128.998184204
601988,621,296600,164800,131800,1947344.0207481384
601288,621,1386800,1265800,121000,9430321.248292923
601600,622,389200,219100,170100,3572839.102935791
688111,622,16106,5396,10710,3665046.2665100098
601658,622,94600,85500,9100,503181.01415634155
688008,624,64674,33408,31266,14588668.272781372
601398,816,144500,102200,42300,1167450.986480713
601658,817,97200,79600,17600,516928.0126571655
601318,817,218900,58500,160400,11802545.93963623
601728,819,325800,100500,225300,1991015.0341510773
600183,820,71500,34800,36700,10229665.000915527
601012,820,75200,31700,43500,860604.9757003784
603019,820,47600,24000,23600,3975820.9297180176
600030,821,94100,33600,60500,2512466.03679657
601088,821,47000,18100,28900,2222106.0096740723
601288,821,433400,244300,189100,2945229.0393829346
601728,821,82300,32000,50300,503173.00305366516
601398,821,615600,523200,92400,4977177.024650574
601688,627,99900,28200,71700,1835445.0365066528
600519,627,11700,9400,2300,14745747.119140625
603993,628,163100,72100,91000,2882350.020980835
601728,885,328700,147100,181600,2009828.0074119568
601088,885,55900,30700,25200,2643286.9926452637
600519,885,14400,7000,7400,18020512.915039062
600809,629,24800,5100,19700,2844456.9816589355
601888,630,66700,9100,57600,3494213.023376465
688008,630,76309,29268,47041,17208058.27671814
600089,630,57900,30480,27420,1046578.9897918701
603993,631,213700,158900,54800,3781717.145347595
601328,631,423800,171500,252300,3183142.076587677
600030,632,114800,33800,81000,3073272.0542907715
601601,632,27900,9600,18300,888040.997505188
600276,632,106900,41600,65300,4875967.03414917
601211,633,47600,11100,36500,841679.0170669556
600183,634,163700,39600,124100,23624073.989868164
601988,634,915400,222100,693300,5979783.136987686
601288,634,1602900,1438400,164500,10868561.311006546
600028,635,2959300,142100,2817200,15813547.145318985
601919,635,96800,51600,45200,1586406.9375991821
688256,636,15748,3344,12404,17472943.87109375
600309,872,153600,48200,105400,11013435.020446777
600183,872,74000,31500,42500,10590975.981140137
600050,872,171900,47700,124200,717300.0012874603
600028,873,225100,128600,96500,1192065.0208473206
600930,874,243800,64300,179500,953128.0210494995
603986,874,65400,26800,38600,26052717.864990234
603019,874,51400,21700,29700,4300250.102233887
601888,638,30600,14600,16000,1603349.0272521973
603986,639,123800,49500,74300,49529201.00708008
600276,639,104100,48000,56100,4760914.038467407
600036,639,158500,43530,114970,6454959.070968628
601318,639,157920,31340,126580,8548713.350906372
601888,640,136900,31300,105600,7160392.989730835
688111,640,1780,852,928,404059.2390136719
601211,641,47700,10900,36800,843922.0279693604
601688,641,74300,28000,46300,1364428.0517578125
601857,641,141900,77700,64200,1521944.9815750122
600809,641,19000,5100,13900,2169064.980316162
601318,642,114400,37500,76900,6191632.961654663
600089,805,80000,17700,62300,1443377.0435333252
600030,806,70600,57300,13300,1884887.050819397
601600,806,152600,133800,18800,1393050.0131607056
688041,806,120611,105289,15322,30575707.251800537
688111,807,4588,1083,3505,1042409.0408477783
601888,808,49200,10600,38600,2564153.971862793
601088,808,25000,15000,10000,1183092.0211791992
600809,826,14600,6500,8100,1669816.0026550293
601088,643,27200,18000,9200,1287492.0013427734
600309,645,68700,22000,46700,4890781.9984436035
601600,645,1207700,273500,934200,11029225.205135345
600887,646,74000,15100,58900,1995197.9515075684
601658,646,144400,52200,92200,765842.0145988464
601688,822,144900,27200,117700,2653390.928840637
600183,822,55596,35700,19896,7964963.962890625
600309,822,22700,13800,8900,1608874.9908447266
600050,822,69100,32200,36900,289159.99550819397
688111,823,5684,2153,3531,1288438.6092529297
600276,824,53100,22100,31000,2414666.0289764404
601658,825,1971000,1346100,624900,10485983.328151703
601688,647,41900,6300,35600,769347.027015686
600111,647,59700,22600,37100,2234189.9368286133
600900,648,183800,19700,164100,5150201.086997986
601012,648,158000,44000,114000,1815859.9739074707
603501,648,8400,4000,4400,693663.9877319336
603259,648,53900,16000,37900,9084116.986083984
688012,648,13784,4014,9770,4823338.994262695
601088,649,85500,35400,50100,4036953.0014038086
601857,650,329000,278700,50300,3531568.8923835754
688041,650,48377,21771,26606,12312060.160125732
601318,887,174600,48600,126000,9417717.95578003
601857,887,307700,107400,200300,3299070.040035248
688012,888,39066,16577,22489,13578279.223114014
601600,888,1144100,311800,832300,10414428.210449219
600028,888,1189660,195200,994460,6295253.399295807
601166,864,173900,104200,69700,3110373.8779067993
601012,881,309923,48800,261123,3545840.001112938
688008,883,109226,28912,80314,24405740.67298889
601658,570,9863100,7200700,2662400,52782534.18340683
688012,570,301104,161922,139182,105257316.47561646
688256,652,12933,5231,7702,14368252.329467773
600050,652,103700,95600,8100,434422.0040798187
601601,652,23400,9900,13500,744649.9942779541
601899,653,298400,154300,144100,9369877.88887024
600406,653,53200,27600,25600,1187916.995048523
600930,653,122200,22200,100000,479246.0091114044
601857,654,94500,52700,41800,1012622.0156669617
600036,654,41100,17400,23700,1672532.9807281494
601919,654,199500,36700,162800,3280194.1160202026
600519,655,7100,5100,2000,8906198.022460938
603993,656,253800,71400,182400,4462473.99597168
600887,657,52600,18500,34100,1416404.0134429932
601668,810,118800,30000,88800,509952.0023345947
601127,811,16900,7200,9700,802752.9983520508
601398,812,54300,39600,14700,438596.9924926758
600406,812,44000,12900,31100,983855.0271987915
601728,814,78200,21500,56700,478017.005109787
601857,814,149600,111200,38400,1602144.004058838
601211,815,61300,29500,31800,1077335.9880447388
688111,815,5062,3550,1512,1147588.933013916
603993,571,4432900,3070000,1362900,79633523.04267883
601166,689,79800,49600,30200,1429460.993385315
600276,689,42800,19000,23800,1950319.0296173096
600030,780,264000,112100,151900,7066295.098304749
688008,780,251427,158906,92521,56460686.94636536
601166,780,407600,155300,252300,7295458.831214905
601857,781,265400,107500,157900,2838293.9153671265
601166,781,164000,73900,90100,2935633.938217163
601328,781,280300,273700,6600,2107789.996290207
601318,889,253600,102200,151400,13674503.801727295
601857,889,485400,167800,317600,5204672.026634216
600760,889,64300,25700,38600,2831367.9725646973
688111,889,14580,5484,9096,3305981.813430786
688256,891,23464,8696,14768,25888208.557739258
601601,892,48338,20000,28338,1529130.9040107727
600900,572,696100,471702,224398,19516093.065288544
601919,572,432800,137300,295500,7100886.902809143
603259,827,56900,33000,23900,9553637.922668457
601328,828,64000,59800,4200,481878.01246643066
688111,828,2400,1400,1000,544850.0
601211,829,261200,181400,79800,4597904.1175842285
601088,829,44300,26400,17900,2094801.0105133057
600760,829,9700,9400,300,428737.00675964355
601919,669,42000,12600,29400,689766.0060882568
600887,574,197400,127400,70000,5292398.896980286
601668,669,92600,70200,22400,399808.0107688904
601628,669,78600,14900,63700,3039653.974533081
600036,669,98100,52200,45900,3996032.0503234863
601166,669,52900,30800,22100,946688.9747619629
688012,670,28608,10655,17953,9986476.391174316
601127,671,24600,14100,10500,1166279.997253418
603993,671,245300,183800,61500,4323991.901397705
601166,671,249700,220100,29600,4471727.952766418
600150,671,130881,90681,40200,5101139.418460846
601857,672,447600,156600,291000,4793715.015220642
600809,673,4300,1600,2700,489570.0019836426
601601,674,44100,21600,22500,1404215.008354187
601658,674,36400,24900,11500,193533.003616333
601328,862,288700,255300,33400,2176463.9972686768
600030,864,384700,144700,240000,10313093.779945374
601601,864,72000,58900,13100,2278541.9666290283
603259,865,75700,40700,35000,12720278.991699219
603501,866,15800,11300,4500,1308435.0120544434
601088,867,30400,17900,12500,1439144.0032958984
603993,867,187100,44200,142900,3303162.948036194
601728,879,90700,31500,59200,554454.0043354034
688041,880,69216,27886,41330,17459534.427886963
603259,880,58700,36400,22300,9856301.930236816
601857,880,125400,53600,71800,1346065.9545898438
601288,881,1005100,878500,126600,6863566.954708099
600111,881,81600,21900,59700,3054649.9725341797
601211,882,166400,100800,65600,2938273.9665985107
601857,882,543100,227900,315200,5828204.780864716
603019,882,49341,27100,22241,4123893.402610779
603993,575,1169387,412513,756874,20877324.997232437
688012,575,66263,40884,25379,23318010.353637695
600150,792,223400,44800,178600,8653056.034088135
688012,792,110639,42136,68503,38494646.77679443
688041,792,44137,25733,18404,11180550.139099121
688041,793,34296,12223,22073,8685965.995803833
603993,793,1505100,1293890,211210,26759822.17941284
601288,793,204400,90500,113900,1386737.02044487
688111,794,6133,4855,1278,1392470.8252563477
600519,795,6200,3500,2700,7769849.963378906
600887,795,95500,75800,19700,2573092.0516967773
601318,795,76331,49900,26431,4127031.871242523
601398,795,246100,215800,30300,1988184.9742889404
600887,797,61700,49100,12600,1662696.0437774658
600031,797,140100,116200,23900,2479199.0909576416
601857,576,709200,276200,433000,7626380.05361557
688256,576,61939,31374,30565,68960496.20385742
601600,577,1130300,378500,751800,10462307.160949707
603259,857,27700,10900,16800,4650043.017578125
601318,857,104500,40200,64300,5636392.938613892
603259,858,39802,14502,25300,6683174.7673950195
601668,858,293400,135200,158200,1260038.0197525024
601658,859,543500,500300,43200,2896422.9692459106
601728,859,95600,38000,57600,584496.0033416748
601888,859,34800,19700,15100,1819508.9920043945
601211,860,156800,37700,119100,2769464.984703064
688012,860,45412,18292,27120,15805372.979949951
600900,861,238300,101000,137300,6691755.988502502
601899,578,726856,273412,453444,22967798.857795715
603259,578,205000,81800,123200,34417297.19085693
600276,664,96000,68900,27100,4372779.062271118
600028,665,193300,103900,89400,1029395.0074195862
688981,666,17941,5646,12295,2184679.9061813354
603259,579,296000,161200,134800,49614310.15777588
600406,579,79919,35862,44057,1772057.431892395
603986,580,266300,132200,134100,107393691.77798462
600089,843,35000,4200,30800,632563.9919281006
601601,845,288400,40300,248100,9117094.1904068
600900,845,193900,120700,73200,5447606.051445007
688981,845,29812,9504,20308,3626492.9947891235
601288,845,312000,175000,137000,2123350.016117096
601600,581,2087000,888800,1198200,19261042.602443695
600809,581,46640,32480,14160,5314677.413787842
600406,584,401000,360700,40300,8894001.961898804
600150,659,88434,58768,29666,3448371.7232894897
603019,659,28800,4300,24500,2414157.977294922
600028,660,151100,51800,99300,804370.0130939484
601288,660,953100,388600,564500,6446842.12179184
600150,661,98900,65400,33500,3861660.0185394287
601318,662,317300,43500,273800,17153689.1330719
601658,662,50200,36500,13700,266425.0005245209
600887,894,170400,96500,73900,4590797.096061707
601628,895,76400,45000,31400,2946114.0155792236
600887,586,223800,110300,113500,6019629.945755005
600050,800,56800,37800,19000,237801.9989013672
601628,801,29400,6300,23100,1133463.9976501465
600111,802,26000,13900,12100,972968.9723968506
601166,802,474000,20400,453600,8473341.909217834
601919,802,175600,50200,125400,2872640.103149414
600150,804,127254,76451,50803,4925047.841449738
600519,804,4700,2600,2100,5888940.966796875
600406,804,33957,14428,19529,758696.3874015808
601728,804,130400,51800,78600,797262.0045661926
600309,804,68700,55800,12900,4869322.008514404
688012,587,91404,58735,32669,32320947.961975098
601601,587,253100,92800,160300,8050168.995475769
603501,587,52300,22300,30000,4317160.011291504
688256,587,26598,14804,11794,29746560.099121094
601668,678,64600,36800,27800,279440.0019645691
601857,678,164900,135600,29300,1765785.999584198
601600,678,238900,157200,81700,2183428.0793190002
600887,679,226400,42200,184200,6097086.063957214
601328,588,2846931,725930,2121001,21320437.31689787
688981,588,90599,39079,51520,11048146.053260803
600036,868,158300,75100,83200,6423354.183578491
601088,868,45100,33200,11900,2135091.012954712
688012,871,22087,13582,8505,7699054.59753418
600887,871,226200,131100,95100,6099479.884147644
600050,590,2047400,1177600,869800,8577533.047294617
603259,591,377200,224980,152220,63571251.099243164
688012,876,19114,8814,10300,6661528.637390137
601919,876,298000,157000,141000,4877230.226135254
601601,876,136400,10500,125900,4317934.96799469
600309,877,265500,200500,65000,19037171.055603027
688256,877,17209,7238,9971,18975722.38256836
603986,878,72770,37930,34840,29000349.174804688
600900,592,444000,209200,234800,12448743.32485199
600760,592,12900,7200,5700,571129.9903869629
600150,593,413099,217625,195474,16192035.008125305
601728,593,157500,109900,47600,968149.0041255951
601288,594,839800,636300,203500,5725401.097583771
600036,782,487200,99100,388100,19817730.780410767
601012,783,117700,13900,103800,1351296.951007843
601088,783,46900,18200,28700,2220330.9883117676
688012,783,19381,7117,12264,6771023.115783691
688256,784,9665,6375,3290,10739732.279296875
600809,785,16900,1500,15400,1920871.0037231445
688256,786,22085,5661,16424,24493590.46130371
600031,786,185500,138600,46900,3283988.0323410034
601328,786,58000,24400,33600,435824.0072250366
601919,787,539300,70600,468700,8837591.882514954
600809,787,12000,6900,5100,1362407.9711914062
600050,787,82500,13300,69200,344982.9888820648
600028,595,997900,672400,325500,5279416.992139816
601318,682,65500,26400,39100,3550224.992752075
601328,683,75800,42700,33100,569685.0067615509
601600,684,181400,142700,38700,1657609.0534210205
688981,684,24754,11058,13696,3004895.9283065796
601328,685,210800,50300,160500,1583611.0357761383
603501,685,23400,10400,13000,1938879.0046691895
600031,686,147000,30500,116500,2603358.888435364
600150,686,208871,110900,97971,8132825.834983826
688981,687,26831,18349,8482,3257326.2122268677
600030,687,225800,90902,134898,6050821.944154739
600930,687,210400,161800,48600,824282.0165157318
601328,687,81000,77000,4000,609890.016078949
600760,687,51900,47700,4200,2303111.015701294
601166,688,124300,64600,59700,2226858.995819092
601012,688,80400,20700,59700,922918.9684867859
688008,688,38881,21706,17175,8732936.983337402
601919,688,36900,21400,15500,606112.0077133179
601668,893,4396200,621800,3774400,18813507.85536766
600900,597,110800,49900,60900,3108438.926887512
603501,597,42400,23700,18700,3497422.9957580566
600050,599,181400,131700,49700,761382.9777240753
600309,599,177100,47600,129500,12382080.078125
600519,599,13700,3300,10400,17258488.049316406
601600,600,264400,196300,68100,2426511.0651016235
601088,838,25200,8000,17200,1192910.0143432617
601012,838,84200,76200,8000,966535.9672546387
688008,839,70622,29131,41491,15786980.69506836
601688,839,113400,103100,10300,2081532.0579528809
600900,839,137600,79700,57900,3863984.9935531616
600930,839,264200,44100,220100,1033463.0222558975
601728,840,143700,102700,41000,879033.9937210083
600887,842,66300,58800,7500,1785384.0185165405
688041,842,50590,38077,12513,12774827.714447021
600406,602,256900,200800,56100,5725717.165374756
688041,602,179063,101834,77229,45884027.736206055
603259,604,147400,77100,70300,24837288.04626465
600036,604,166000,96600,69400,6774186.077880859
600150,604,667762,302800,364962,26128383.420661926
600519,605,29700,21900,7800,37513034.033203125
600150,605,1041538,280262,761276,40688985.53418732
688981,605,150179,70105,80074,18165919.088035583
601668,606,3999100,389900,3609200,17357519.57473755
688256,606,51370,37455,13915,56919319.10522461
600276,608,283000,127000,156000,12925914.00756836
603986,788,25700,18300,7400,10277193.975830078
601211,788,148100,93700,54400,2615233.9725494385
688041,789,46115,14494,31621,11694540.13847351
601628,789,34600,8400,26200,1336917.9973602295
600309,789,44400,24200,20200,3149279.9980163574
603993,789,402300,315700,86600,7143145.053100586
603259,790,56100,26100,30000,9400979.092407227
601988,791,397400,316000,81400,2610104.0495872498
600050,609,427300,349100,78200,1794889.9237632751
600809,609,116400,92400,24000,13436508.959197998
688981,609,111244,32506,78738,13468559.238754272
601888,611,74800,21100,53700,3941310.0078582764
601899,612,309300,78700,230600,9712935.90297699
688111,612,9220,7220,2000,2093856.2422790527
688041,613,87290,22443,64847,22217287.432891846
601012,833,75900,10000,65900,872128.9834976196
600036,833,90400,39400,51000,3671827.9960632324
600183,833,60200,32100,28100,8645821.116638184
601398,833,107900,86500,21400,872697.0115661621
601600,834,114800,79600,35200,1048920.0313568115
601088,834,25400,11300,14100,1202032.0083618164
688041,835,37602,16714,20888,9488266.497161865
688008,836,80246,22742,57504,17950861.308273315
600050,836,135700,82700,53000,568052.995634079
601288,837,382700,312100,70600,2609308.0495357513
688012,615,19107,8644,10463,6658979.1636657715
603501,614,32600,18500,14100,2682336.2435150146
601628,615,57600,43900,13700,2228359.962081909
603986,617,114576,70976,43600,45856305.10269165
688041,617,42314,30050,12264,10801572.962966919
601600,617,358300,53300,305000,3286144.0395355225
601899,849,487900,282700,205200,15354051.677703857
601012,850,17700,11800,5900,202960.00337600708
600050,850,65800,38900,26900,275432.9976081848
603501,851,8700,2900,5800,720919.010925293
600760,852,7400,2180,5220,326607.0007324219
601127,618,134700,25200,109500,6413390.990066528
601012,619,791000,61501,729499,9068162.102985382
603019,620,39400,25500,13900,3306861.9674682617
601857,853,185600,150600,35000,1991253.9329528809
601668,853,293700,62800,230900,1260601.0031700134
688008,853,57521,31553,25968,12884211.193466187
600887,854,100200,31000,69200,2696638.9905929565
601658,855,135000,99700,35300,719196.9984531403
600809,855,28800,15700,13100,3287982.981109619
600887,855,69400,50100,19300,1867939.9982452393
601012,855,48320,24800,23520,553995.2075195312
603019,622,31700,11500,20200,2661091.9944763184
603259,622,128000,56529,71471,21604518.63671875
600309,623,184700,83000,101700,13164295.890045166
688981,623,74569,36376,38193,9029890.984939575
601628,624,26400,15900,10500,1019828.0193328857
688012,816,22492,7651,14841,7827458.857910156
601668,816,132400,36100,96300,568357.0032119751
600276,817,66700,45700,21000,3030383.99810791
601899,817,262600,31700,230900,8254383.099937439
688256,818,20954,6351,14603,23124159.571899414
600111,818,35800,9900,25900,1339942.9943084717
601288,819,2141300,1655300,486000,14539829.961204529
601857,820,138400,125200,13200,1483813.0144119263
601211,820,34200,17400,16800,600828.9880752563
600900,820,220300,83700,136600,6181818.886947632
601658,820,127700,124000,3700,679327.021074295
600183,821,92700,42600,50100,13281654.029846191
601211,625,152400,34400,118000,2694547.04914093
688012,627,24562,5099,19463,8596123.657989502
600900,884,298700,159600,139100,8394114.128684998
600111,885,118100,71700,46400,4421199.91569519
600930,885,273100,160800,112300,1066698.0245113373
600760,885,46500,31200,15300,2047715.0085449219
601600,886,3528200,502900,3025300,32141138.085842133
600050,630,74000,29800,44200,310357.99684524536
600150,631,205989,135032,70957,8056252.211849213
600028,632,211600,142500,69100,1133485.012435913
600030,634,119900,79300,40600,3209742.0553207397
600089,635,67600,15800,51800,1221689.9829864502
603019,636,83800,38200,45600,7028914.037322998
600031,637,59300,23000,36300,1054344.0404891968
601658,637,2545500,1804700,740800,13491181.483507156
601688,872,53500,17100,36400,982392.0356750488
600887,873,214700,130600,84100,5790921.8631744385
601688,873,67400,17700,49700,1236967.029762268
600028,874,269400,137000,132400,1426496.021080017
601728,638,242300,9600,232700,1482971.9744682312
688111,638,7211,2661,4550,1636861.139541626
600028,639,305000,240300,64700,1625002.992773056
601600,639,2539200,258900,2280300,23261660.671806335
688111,639,9015,3313,5702,2046154.5467834473
600150,640,1477824,288676,1189148,57600802.26488495
600030,640,71600,32700,38900,1915627.007484436
600760,641,95000,38400,56600,4195976.001358032
601166,641,32400,18900,13500,580148.9919662476
601600,641,196600,138500,58100,1800274.956703186
601668,642,93200,50300,42900,403127.0035266876
600111,805,28400,15600,12800,1063730.0132751465
601919,805,78600,66800,11800,1286631.0625076294
601328,806,326100,140800,185300,2452725.0041484833
601728,806,90000,34500,55500,550245.0034618378
688111,806,4764,3066,1698,1082520.422821045
601328,807,255600,45100,210500,1922212.9974365234
601688,809,40400,6300,34100,740190.989112854
600150,809,140527,88800,51727,5435239.259376526
688111,809,14177,1827,12350,3215732.343185425
600028,643,147500,114000,33500,785839.9970531464
688981,643,66746,19847,46899,8101471.427322388
600089,644,49700,16200,33500,898240.9885406494
600760,644,22100,12000,10100,976350.9716033936
601601,644,23400,15400,8000,744273.9856719971
601318,645,86600,41400,45200,4686974.008560181
688012,646,21686,8274,13412,7588773.304199219
601857,646,137000,126800,10200,1469907.9446792603
603019,822,43500,21400,22100,3636218.9239501953
601728,822,129000,53000,76000,788720.0040817261
601888,824,9800,4200,5600,511321.9913482666
688041,826,45733,24696,21037,11527761.169647217
603986,826,44000,20400,23600,17547844.05517578
601857,647,142300,70200,72100,1526638.952255249
603993,648,434500,130900,303600,7625265.859031677
601600,649,281100,232600,48500,2568790.085887909
688981,649,33211,27002,6209,4029006.467086792
603019,650,37135,18655,18480,3111882.049484253
688111,896,25820,8566,17254,5852929.4744262695
601899,818,206100,60800,145300,6475302.007484436
603259,570,576875,293156,283719,96544171.26712036
601988,570,9750100,6146300,3603800,64867994.02575493
601601,570,1768200,729700,1038500,56727205.64746857
601166,652,146600,77800,68800,2624349.9488830566
603986,652,29600,13400,16200,11838573.965454102
601688,652,79900,58700,21200,1465953.0256271362
688041,652,37503,23740,13763,9555959.28881836
601288,654,1263800,445500,818300,8547743.178796768
601166,655,67300,11800,55500,1202769.0366744995
601668,656,197600,51700,145900,854149.0211009979
601328,656,83300,49600,33700,624412.9922866821
603501,657,154400,105800,48600,12809477.016448975
688981,812,22114,4302,17812,2691008.9895629883
601728,813,139200,24700,114500,850759.0124607086
601857,813,206600,108900,97700,2213011.015319824
600031,813,268000,121000,147000,4738590.089797974
601318,814,77100,39500,37600,4158686.9438171387
600309,814,27500,19600,7900,1948812.026977539
601088,814,34500,18000,16500,1632911.0168457031
601288,814,431200,328100,103100,2926817.009115219
688008,815,56909,24978,31931,12757821.483413696
600406,815,58000,39900,18100,1297279.0445327759
600031,689,94900,15500,79400,1681689.9362564087
600309,780,361000,154400,206600,25540601.860046387
600111,780,873900,89600,784300,32679934.531402588
601688,781,77700,63800,13900,1426017.0347213745
600309,781,122100,91700,30400,8668599.02267456
600406,781,16800,14400,2400,374783.9904785156
601318,781,54700,28500,26200,2962958.006286621
688041,889,112202,50849,61353,28225958.923187256
601888,889,68300,25200,43100,3561012.0323181152
600900,890,322900,227100,95800,9076539.192962646
603993,890,316812,190400,126412,5581138.535774231
600519,890,10400,7500,2900,13011682.836914062
601600,891,681400,520100,161300,6206649.831581116
600760,891,159000,18400,140600,6999013.889312744
688008,892,141326,60470,80856,31553207.404815674
601166,892,333200,145000,188200,5961408.807182312
601899,572,1377720,799120,578600,43643848.600997925
601166,572,514400,196200,318200,9195159.04636383
600028,572,2103900,1072900,1031000,11198285.11519432
688012,827,19842,10061,9781,6918436.295074463
600028,827,604800,512900,91900,3204521.0943222046
600406,828,302300,185900,116400,6776426.996994019
600036,829,95800,45000,50800,3892338.018798828
601628,831,22300,14700,7600,860367.0108795166
603986,831,38400,11100,27300,15330271.826171875
688008,831,76794,35484,41310,17186559.613983154
600050,831,98200,77400,20800,411250.0008583069
603993,832,154900,30200,124700,2740350.086593628
688041,862,35124,16060,19064,8848056.212005615
601211,573,411400,199800,211600,7287638.470119476
603993,574,1328613,434213,894400,23750092.811187744
600028,574,8773900,2724800,6049100,46681857.04708099
601166,574,489500,293200,196300,8743394.319915771
688981,669,44807,12092,32715,5443952.576835632
600111,669,23100,7400,15700,865130.0113677979
600930,669,181600,58900,122700,710645.0150251389
601668,670,119000,111100,7900,514001.01861953735
603259,672,87920,27540,60380,14700432.563171387
688041,672,163969,119630,44339,41489941.01696777
601888,672,15300,6400,8900,800038.013458252
603501,673,36800,6100,30700,3047565.940093994
603986,674,26700,10100,16600,10659641.955566406
601318,674,77500,53300,24200,4200592.003631592
601668,675,119400,31300,88100,516121.0127353668
688111,675,7378,1980,5398,1674881.4499053955
688008,862,56785,28176,28609,12718413.605697632
601888,862,9300,7000,2300,486180.99250793457
601668,863,287300,93600,193700,1233453.0104637146
601728,863,114600,64800,49800,699708.0039024353
601658,864,347300,256600,90700,1851741.9884681702
601919,864,193700,122700,71000,3165081.0300827026
601328,865,132600,116300,16300,999640.9989833832
600028,865,144400,67200,77200,764548.0098724365
600028,866,120800,95200,25600,639984.0171813965
600930,879,209396,122092,87304,818721.3779888153
601288,879,1546500,1257000,289500,10555863.045930862
600309,879,88800,25400,63400,6367696.9161987305
601688,879,129800,47800,82000,2382308.0604553223
688981,881,57927,22263,35664,7039970.56275177
601668,881,421800,240400,181400,1807708.0288887024
603019,881,116400,26500,89900,9729050.946044922
600028,882,481500,186900,294600,2549004.024410248
600050,882,181500,131400,50100,758168.9812660217
601012,883,136000,34300,101700,1554823.0166435242
600050,883,623700,74300,549400,2601572.0291614532
600887,883,64600,37400,27200,1741432.9851150513
601166,575,642000,430100,211900,11463629.319381714
601988,792,257600,131100,126500,1691167.0152664185
600031,793,742300,307300,435000,13126041.276359558
603501,793,22500,5600,16900,1862044.9913024902
600406,793,24200,8600,15600,539745.983505249
600111,794,22100,13700,8400,827839.0014648438
601658,794,36300,27500,8800,193028.00421714783
688041,795,35409,11320,24089,8962596.826828003
688111,795,18966,13307,5659,4310837.333175659
688008,797,89584,28953,60631,20137246.95249939
601600,797,171700,134600,37100,1567329.012966156
688111,797,3137,1173,1964,712496.1052703857
601127,798,34000,21100,12900,1608713.020324707
688111,798,2052,786,1266,466082.80654907227
600183,576,328500,152099,176401,47261577.81190491
603993,576,929412,542600,386812,16616615.101226807
688256,857,16574,2179,14395,18315696.65258789
601919,858,134300,27100,107200,2194724.026489258
600031,858,180900,68200,112700,3171859.1398239136
600276,859,105500,64500,41000,4812913.943099976
603259,859,52500,18200,34300,8816219.854736328
600760,859,13200,2400,10800,582561.0034942627
688256,859,3263,1051,2212,3603983.913330078
688008,861,46437,20956,25481,10401165.258773804
600028,578,1047600,585500,462100,5573894.159889221
601318,663,81200,37200,44000,4390239.036941528
601328,663,504600,427000,77600,3784767.006111145
600111,663,49700,33300,16400,1861620.9926605225
600050,664,53600,30700,22900,224354.99782562256
688111,665,4565,2300,2265,1036514.845199585
601088,667,19400,8000,11400,916577.0122528076
601668,580,685100,275000,410100,2941829.036808014
601601,843,344300,79500,264800,10892114.803123474
601398,844,270400,79600,190800,2182923.935699463
600031,844,220200,46000,174200,3871575.9937286377
600031,847,173000,39600,133400,3040003.956222534
600030,847,115800,102800,13000,3097771.00276947
600809,847,14700,5800,8900,1682838.0256652832
601600,847,147700,87100,60600,1349372.0368385315
601127,848,39900,28100,11800,1887215.9942626953
600276,582,530280,270533,259747,24296879.394634247
601899,583,991477,203400,788077,31265383.447267532
601919,583,318300,181800,136500,5191506.830787659
688981,584,164359,43475,120884,20020708.243850708
603501,658,31800,20100,11700,2638967.018890381
688256,658,9595,6762,2833,10651942.62866211
600809,659,11700,8200,3500,1330827.9945373535
688041,661,46792,9806,36986,11913791.748977661
600111,661,174900,119100,55800,6550630.076217651
601888,661,40700,5600,35100,2126840.961074829
688256,662,20239,7777,12462,22414103.990234375
601600,895,967600,735100,232500,8822653.846740723
601328,895,517300,295100,222200,3893047.0576763153
601127,896,248300,119800,128500,11733817.882156372
601888,896,64043,31943,32100,3339284.0430603027
601857,586,749500,242300,507200,8045740.965652466
603501,586,98300,66300,32000,8113082.996368408
600150,799,281219,136900,144319,10866036.396232605
600519,799,4100,2400,1700,5138172.961425781
601288,799,656000,153400,502600,4449214.099597931
601088,800,45600,23800,21800,2154871.98677063
600183,800,89100,34200,54900,12829508.090209961
600406,800,33300,21700,11600,744139.0100479126
688012,801,17724,4624,13100,6179681.040893555
603993,802,57600,32000,25600,1018640.0238037109
601857,802,188600,47800,140800,2014726.0229110718
601088,802,38900,13500,25400,1838012.0037078857
600089,803,85600,13600,72000,1544309.0545654297
600406,676,26600,24300,2300,593954.9974441528
600276,677,180460,46460,134000,8215563.566131592
600030,677,96700,43900,52800,2588638.043785095
603993,677,122900,32600,90300,2166237.9873275757
601328,677,72200,41400,30800,541914.009475708
603501,678,16100,11500,4600,1332571.9917297363
600930,679,186800,26000,160800,730648.0157852173
601688,680,28300,21200,7100,519800.02212524414
600183,681,207190,71300,135890,29734794.65270996
603993,681,1056000,754100,301900,18588665.415000916
600150,681,117100,26800,90300,4565250.072479248
600050,681,56600,45900,10700,237047.00078964233
600111,681,66500,12600,53900,2488627.932739258
601988,588,1706700,739100,967600,11186276.142263412
603259,868,41300,15400,25900,6935367.979431152
601127,869,53000,13400,39600,2505023.9864349365
600036,869,163956,60656,103300,6651583.408416748
688111,870,5131,1731,3400,1164525.760269165
600036,871,169500,57600,111900,6881350.8644104
601012,871,192100,17100,175000,2199715.967273712
601166,591,120900,84300,36600,2159072.069168091
600930,591,347200,9000,338200,1364586.02309227
600406,875,86500,68100,18400,1934953.059577942
601688,876,46700,22200,24500,857167.022895813
603993,876,264800,135300,129500,4668298.908805847
688981,876,54475,17213,37262,6627996.872123718
601088,878,47600,20400,27200,2251034.030532837
601628,878,30200,10900,19300,1165318.0194854736
600111,878,85400,46600,38800,3198649.9996185303
600406,878,57000,24900,32100,1275339.0060424805
601628,592,82400,51100,31300,3181228.960418701
600089,592,190400,31000,159400,3445557.0569992065
600028,783,91630,21400,70230,488601.8979072571
603986,784,31400,18400,13000,12579946.990966797
601012,784,224900,34900,190000,2579759.04712677
603259,785,72600,52600,20000,12138952.949523926
601899,785,434900,271500,163400,13705963.151359558
603993,786,537800,423100,114700,9556065.231513977
601919,786,67900,54300,13600,1113423.9709854126
601728,787,85000,5300,79700,519656.0037612915
688256,687,23596,18978,4618,26130463.878173828
601012,595,389800,188700,201100,4485014.052963257
600150,595,393140,202100,191040,15390117.204284668
600887,595,442500,260000,182500,11953202.130508423
601012,596,173600,102100,71500,1995684.9836349487
601601,682,15600,4100,11500,496402.99549102783
601600,682,259810,153620,106190,2371863.225107193
603993,687,128300,84900,43400,2261519.960975647
600050,683,2480100,2081900,398200,10391652.138090134
601088,683,29100,17100,12000,1375897.00050354
600111,683,46800,7300,39500,1750913.971710205
600183,685,61100,18300,42800,8775172.932434082
603501,686,28200,8800,19400,2334914.008331299
601088,686,34500,28000,6500,1630730.9875488281
600276,688,62000,31400,30600,2825833.991622925
688012,893,28005,16515,11490,9775833.904693604
603986,893,100914,60814,40100,40247119.7583313
601318,893,237100,102900,134200,12780680.114746094
688008,597,430765,199217,231548,97928320.73963928
600930,597,153000,122900,30100,602519.0090417862
601988,597,678000,296800,381200,4453582.093143463
600809,598,43800,22500,21300,5018395.95413208
601600,598,782600,216000,566600,7187965.987968445
601658,598,162700,122300,40400,863533.0007076263
601318,599,93400,32600,60800,5063106.9984436035
603019,599,124600,66900,57700,10484008.975219727
600150,600,401476,152576,248900,15733900.8883667
601899,600,400700,244772,155928,12587249.247749329
601211,600,156900,94400,62500,2769056.934928894
600183,838,73300,22600,50700,10509451.933288574
601211,840,487195,321326,165869,8585203.63680458
600900,841,163900,98900,65000,4601661.972618103
601398,841,2819900,587600,2232300,22784047.767829895
601857,603,513900,252800,261100,5531865.166950226
600887,604,792900,591000,201900,21473221.97742462
601088,604,61500,23700,37800,2923382.011795044
600809,604,124500,100100,24400,14322885.956573486
601288,605,5965300,436600,5528700,40619032.82775879
601601,606,119500,60500,59000,3804171.0020065308
601988,607,4863688,1190100,3673588,31654553.787204742
600276,607,290600,114400,176200,13270322.92098999
601166,607,152100,49900,102200,2720353.890800476
688041,608,123040,50842,72198,31485850.977661133
601601,608,332700,62200,270500,10570282.141304016
688981,788,25076,7992,17084,3048054.4589385986
600760,788,4300,1000,3300,190394.9981689453
601328,788,72800,59800,13000,547326.0018348694
601318,789,113600,20500,93100,6147139.94178772
600887,790,34200,8000,26200,921770.0126647949
600406,790,22700,15500,7200,506364.9862289429
600930,790,84800,56400,28400,332132.00674057007
600406,791,27700,16700,11000,617876.9826889038
688041,791,49834,12892,36942,12630460.384933472
601688,609,143393,83593,59800,2644412.0010433197
601288,609,1842000,1682000,160000,12506204.95390892
600406,610,172800,95400,77400,3859578.0086517334
601601,611,63900,43900,20000,2032719.9672698975
688041,611,63590,33413,30177,16234857.543624878
603986,611,136000,69000,67000,54506652.15148926
600036,611,192100,122100,70000,7817109.909439087
600028,611,2354800,1207700,1147100,12575757.312440872
601318,613,200587,107674,92913,10858410.30234909
601728,613,115400,27600,87800,707678.006362915
600887,613,211700,48600,163100,5732467.97542572
601127,834,18200,9800,8400,862488.0062103271
603501,834,19400,7700,11700,1607170.0004577637
600809,835,10800,3400,7400,1237470.002746582
688256,836,9099,1801,7298,10058909.082641602
600183,837,39600,15500,24100,5681170.973205566
601857,837,97300,71800,25500,1045719.9941635132
601899,614,232400,75900,156500,7304242.068862915
601328,614,215900,172600,43300,1620420.0267791748
600760,615,28000,13800,14200,1238542.0112609863
603986,616,98300,51500,46800,39275299.10342407
688012,616,26838,17275,9563,9356486.873535156
603501,616,83000,20800,62200,6821649.952697754
688981,616,80592,42276,38316,9750814.77002716
601919,616,140700,109300,31400,2303725.9941101074
603019,617,82700,50100,32600,6933292.014312744
688981,617,65902,36995,28907,7991856.536895752
603259,849,108400,22300,86100,18209767.75817871
601668,849,361400,98500,262900,1551391.008758545
603993,849,743200,167000,576200,13163456.638717651
601211,850,149856,41256,108600,2644819.339653015
600036,851,77500,34400,43100,3145380.069732666
600887,852,249600,100600,149000,6717081.969833374
601601,852,239300,79300,160000,7561931.092453003
601668,618,109300,60700,48600,473876.0055541992
600900,619,128000,62700,65300,3588467.102241516
688041,620,47506,22006,25500,12150318.892120361
601899,853,354800,239300,115500,11137481.790542603
601988,853,240500,42800,197700,1580513.0306720734
600111,853,28000,15000,13000,1048663.0023956299
603993,855,96900,28100,68800,1713473.0360031128
601668,856,301400,131300,170100,1294319.0185546875
600519,622,6600,3600,3000,8332248.059082031
600030,623,173400,22700,150700,4643962.126159668
601899,623,377900,127000,250900,11873185.018920898
603501,623,9200,3300,5900,757401.0047912598
601211,623,49600,8900,40700,877445.0269699097
601919,624,134500,69700,64800,2201822.045135498
600760,624,17700,6900,10800,783756.9869995117
601012,816,39900,11100,28800,456566.9857978821
600930,817,243000,25400,217600,950384.020614624
603019,818,73300,20900,52400,6128088.932800293
601888,818,13700,8400,5300,714470.0157165527
600183,819,309800,72000,237800,44305944.96307373
601857,819,280000,226100,53900,3001088.017845154
603986,819,167600,96600,71000,66634348.666381836
688008,820,84430,37154,47276,18881830.912734985
601328,820,84300,59500,24800,633938.9993190765
600519,820,3500,2100,1400,4386655.017089844
688111,820,6588,2721,3867,1493161.7772827148
603986,821,91500,58600,32900,36389880.64575195
600276,821,43700,12600,31100,1986866.014099121
601127,625,118400,24900,93500,5623868.989944458
601899,625,206200,85000,121200,6478162.001037598
600031,625,73700,62700,11000,1311749.962234497
601857,626,921001,797101,123900,9882900.348410606
600050,626,57100,37600,19500,239624.9939441681
601888,626,92800,22500,70300,4864709.009170532
601088,627,24000,8300,15700,1137888.996887207
600309,628,374700,298800,75900,26772358.931732178
601658,628,114800,88100,26700,610469.013595581
601012,628,84300,45800,38500,966536.0136985779
601088,884,62800,26600,36200,2969165.941619873
601688,885,126400,76000,50400,2321058.0852508545
600900,886,196700,108500,88200,5528355.099868774
600519,630,11200,4800,6400,14102227.062988281
600809,632,21200,5500,15700,2428081.997680664
601988,633,336100,53800,282300,2195271.05717659
603019,634,27600,10800,16800,2317807.0152282715
601127,635,30100,8300,21800,1429881.978225708
601288,635,698200,156800,541400,4735364.107608795
601728,636,100800,6500,94300,616960.9899520874
601601,636,43600,15300,28300,1388291.0081863403
601088,636,40600,20100,20500,1925385.9844207764
601127,636,22900,15300,7600,1088164.9906158447
600309,637,68400,31400,37000,4865848.0712890625
603501,637,12700,10200,2500,1048569.0078735352
600406,872,174768,76980,97788,3909552.557449341
601899,873,352500,294700,57800,11065304.792404175
601668,873,270900,65200,205700,1162813.0045890808
688041,873,51470,29341,22129,12975480.738510132
603259,874,49500,30500,19000,8310540.968322754
601088,874,46600,22300,24300,2205218.02444458
601988,638,221600,89200,132400,1447940.0243759155
601012,640,133000,32400,100600,1528197.970199585
603501,640,30500,18300,12200,2525011.9804382324
600887,641,76800,6600,70200,2072206.9681167603
688012,641,18603,8089,10514,6539116.334075928
603259,642,80700,47700,33000,13629752.967834473
601288,642,4881500,393800,4487700,33085447.76906967
601728,642,98400,51300,47100,601737.0004177094
688111,805,11666,10190,1476,2647946.6922454834
600406,805,44300,32300,12000,989985.0141525269
600809,806,8400,4400,4000,959018.0099487305
601398,806,404700,285700,119000,3266834.93680954
601919,807,69300,19800,49500,1134639.024925232
600406,807,260356,218556,41800,5820219.825340271
601318,808,116500,47200,69300,6289243.027496338
601601,808,47000,21100,25900,1490151.9939422607
601728,809,180000,30600,149400,1100106.01644516
601088,809,36100,21500,14600,1708771.0346221924
600028,825,289500,145400,144100,1532909.0222358704
603986,644,50500,14800,35700,20200442.935180664
603019,646,80500,15200,65300,6741188.0027771
688012,822,27769,21191,6578,9660993.317352295
600089,823,79600,28500,51100,1436941.9658660889
600760,823,6800,3300,3500,300457.99674987793
603259,824,52200,24100,28100,8762662.998962402
601166,824,131200,93100,38100,2343614.088821411
603259,826,51100,31200,19900,8582310.00213623
600050,647,102200,92400,9800,428120.0036048889
601728,648,95200,31600,63600,581988.0048751831
601668,648,119700,36600,83100,517470.011472702
600519,650,9100,4400,4700,11415580.065917969
601628,650,58300,30900,27400,2248559.0141296387
603986,651,44200,22800,21400,17677093.823242188
600031,651,229800,190000,39800,4072388.8498306274
601166,651,135200,118900,16300,2420343.9544677734
601899,887,639600,194500,445100,20060835.45856476
601988,887,224900,96400,128500,1483055.0104141235
688111,887,31009,12021,18988,7035333.286270142
603501,888,37400,26400,11000,3092318.985748291
601688,888,188800,62000,126800,3465074.0856170654
600089,817,57400,31600,25800,1035811.9995117188
600900,807,185400,66100,119300,5202344.90146637
601288,570,7925708,5763008,2162700,54559130.24009323
600887,653,115000,26800,88200,3102399.94430542
601988,653,1212900,255200,957700,7919358.228778839
600809,654,5800,1500,4300,661761.994934082
601211,655,93100,16000,77100,1646029.028892517
600887,656,30900,15612,15288,832328.0138015747
601988,656,491800,226800,265000,3210285.0764274597
601668,657,549900,418200,131700,2379749.9907016754
600150,810,249102,132847,116255,9636008.898246765
600028,810,151300,25700,125600,800634.0001106262
601728,811,87600,23500,64100,535471.0058689117
600809,812,12900,7600,5300,1474311.0076904297
601919,812,185700,35400,150300,3046973.963356018
601899,813,170400,32000,138400,5358750.09059906
601888,813,27700,18800,8900,1443267.0017242432
600031,814,205500,174400,31100,3633094.0593719482
688981,815,22350,12641,9709,2717517.5300598145
600183,571,1096500,639000,457500,156303462.06359863
600150,571,1046362,504200,542162,41522941.1190567
601899,689,196900,21200,175700,6187466.016578674
600111,689,54500,18900,35600,2039271.9409942627
600887,689,90600,37000,53600,2440999.051094055
600276,780,480850,194360,286490,21911956.073913574
688012,780,63655,27530,36125,22193664.78363037
601601,780,242700,157100,85600,7724241.960906982
603501,780,116211,67300,48911,9616031.941497803
601628,781,17700,10900,6800,683952.0114898682
600036,781,74000,26300,47700,3013751.0318756104
600900,781,81900,65200,16700,2297324.9492645264
603259,889,113328,57600,55728,19018818.57067871
600183,889,147322,63721,83601,21076806.054275513
601658,889,452800,336800,116000,2416792.042541504
600031,890,236000,169100,66900,4131691.0387039185
601600,892,666346,251476,414870,6070354.897539139
601728,892,354700,65600,289100,2164325.9811878204
600089,892,190994,136300,54694,3453061.502910614
601988,827,2828510,2618910,209600,18612930.70335388
601857,827,322900,267600,55300,3470671.9884872437
600809,828,13200,8700,4500,1512472.0016479492
603986,829,34400,13800,20600,13728094.906616211
600150,830,164400,65800,98600,6376292.950057983
601211,831,61400,32200,29200,1080962.0307922363
601601,831,78500,51500,27000,2488496.035194397
688012,832,13056,8884,4172,4557442.362243652
601658,573,3805900,822500,2983400,20244179.56261635
600406,668,36000,16800,19200,803276.9834518433
688111,669,3593,1218,2375,815954.427810669
601600,670,316000,73400,242600,2885814.052963257
601088,670,50000,8800,41200,2360728.0113220215
601211,670,184901,144001,40900,3270968.7903499603
600050,670,46600,37600,9000,195164.00060653687
603019,671,74900,18600,56300,6267758.043670654
600276,672,189620,31720,157900,8626759.670181274
603993,672,539500,223800,315700,9502050.142288208
601012,673,31600,6500,25100,363148.9942550659
688111,674,4908,1832,3076,1114372.2115783691
600150,674,130000,60100,69900,5074201.0330200195
601728,674,61300,18200,43100,375337.99715042114
601601,675,53900,16800,37100,1715856.0009002686
603993,675,121200,39300,81900,2138360.935020447
601127,675,8100,2900,5200,384073.98986816406
688256,862,12918,1977,10941,14262889.692504883
600809,863,9400,3800,5600,1076081.005859375
601127,863,48300,16400,31900,2283365.9801483154
600809,865,8900,3600,5300,1018259.0118408203
601988,865,179200,60500,118700,1177949.0157604218
601328,867,148000,119900,28100,1115639.0013217926
600050,867,739600,533700,205900,3091710.880756378
601988,867,423800,224300,199500,2786609.017133713
600050,879,394700,333900,60800,1649237.947320938
600031,880,388200,278100,110100,6801322.179031372
601166,880,81500,60600,20900,1458640.964126587
601328,880,252700,153900,98800,1905878.0024051666
688111,880,13225,4029,9196,3002520.3042907715
601628,881,29200,19300,9900,1126841.0022735596
600183,882,97000,58100,38900,13888618.898010254
601888,883,29100,13500,15600,1518965.000152588
600183,792,84100,29700,54400,12106553.952026367
600900,793,162900,91900,71000,4571031.914329529
601012,794,262400,42800,219600,3002283.8996887207
601899,794,303200,87800,215400,9555445.106315613
600050,794,134100,98900,35200,561526.9996166229
688012,794,10122,5684,4438,3526966.3762512207
601668,795,151300,54000,97300,652643.0037021637
601919,795,43600,36900,6700,715845.0017929077
601328,795,318600,308700,9900,2398959.06457901
600760,795,35200,3100,32100,1558797.0195770264
600030,796,57899,35000,22899,1546767.2335147858
601328,796,978900,784060,194840,7370891.200208664
688111,796,7945,1483,6462,1804141.1571655273
600028,797,5503851,2463800,3040051,29320835.314699173
600031,798,126700,44000,82700,2241702.0763397217
600050,798,51100,45000,6100,214048.00152778625
601088,798,35300,11200,24100,1669155.9944152832
688981,576,185207,92825,92382,22574645.99556732
600930,577,1181200,964000,217200,4639944.080924988
688111,857,8214,6937,1277,1864560.9986572266
601899,858,122900,47200,75700,3860760.992050171
600809,861,11700,10500,1200,1339155.9928894043
601127,861,25500,5300,20200,1205326.9844055176
600030,578,296200,79700,216500,7966328.853797913
600036,578,404100,169300,234800,16521061.117553711
603019,578,146218,80415,65803,12339553.001312256
601658,663,2341000,2225300,115700,12430814.875459671
600406,664,50200,42200,8000,1119467.967224121
600030,665,137800,70600,67200,3687309.026527405
601211,665,288200,218200,70000,5096561.115074158
600030,666,58300,35800,22500,1560466.0215377808
601328,844,139800,138900,900,1052685.0291252136
600887,579,976600,783600,193000,26245000.695228577
601658,580,272800,72000,200800,1452016.0289764404
601211,843,95600,36600,59000,1684531.0647964478
600887,846,143500,109200,34300,3864469.044113159
600028,846,159200,77000,82200,842938.0115509033
600276,847,463200,208200,255000,21132300.052642822
601166,848,74500,54900,19600,1331863.970375061
601211,848,97400,83600,13800,1717429.9251556396
600089,848,74800,51500,23300,1352378.994178772
688256,581,30106,14686,15420,33580215.70446777
601601,584,287300,136100,151200,9135459.929656982
600031,658,91400,31200,60200,1618587.9388809204
601088,658,48000,29500,18500,2266505.001449585
603986,660,34900,20700,14200,13984978.115844727
601127,660,40300,5600,34700,1910257.024383545
601288,661,574900,487100,87800,3891195.01080513
601688,662,47900,17200,30700,879195.0235366821
601288,662,531700,426900,104800,3598561.015844345
603993,895,663700,413600,250100,11706477.583885193
600183,895,169400,63200,106200,24281717.95349121
600406,895,240400,164600,75800,5379393.925476074
601012,896,549480,339600,209880,6272962.793884277
600031,896,870200,359022,511178,15257091.275318146
601688,896,147700,88000,59700,2711974.094772339
688256,896,29627,12083,17544,32687763.434570312
600930,585,428200,38400,389800,1683210.028219223
601166,585,261100,48100,213000,4666578.050422668
600050,585,745300,556700,188600,3122741.0370349884
601328,585,256300,37500,218800,1922625.0085830688
601328,586,1311104,148300,1162804,9831496.659183502
601728,586,152200,70600,81600,933691.999912262
600111,799,25000,3500,21500,935767.0032501221
600028,799,175800,127800,48000,934776.019191742
601398,799,288100,170600,117500,2327948.980331421
603019,800,25500,6000,19500,2133501.020050049
601919,801,71300,23000,48300,1166784.0507507324
600900,801,164000,34700,129300,4604681.977462769
600036,802,67100,11800,55300,2725887.989425659
688981,802,36908,28621,8287,4488876.963592529
688041,804,47260,18930,28330,11965048.335479736
600111,804,39600,18500,21100,1482990.986251831
601398,804,108900,89300,19600,879035.9899520874
601899,676,133000,59900,73100,4182837.0567321777
600089,677,39500,20900,18600,713973.992729187
600887,677,72900,25600,47300,1964652.0336151123
601398,678,127800,93800,34000,1029728.0458450317
600028,678,104200,43500,60700,553737.003993988
601888,679,11000,6500,4500,575365.0054931641
600519,679,27600,2800,24800,34583333.12988281
600406,681,79600,32200,47400,1777742.0001983643
601919,588,184200,86700,97500,3006572.953605652
600036,588,383600,137900,245700,15609943.943405151
603501,589,57100,18300,38800,4704026.966094971
600036,589,137600,88400,49200,5599875.975036621
601857,589,356300,136800,219500,3815280.9957504272
601398,868,584400,305800,278600,4725010.025405884
601398,869,357600,199500,158100,2891403.0183792114
601688,869,119700,79600,40100,2197291.0638809204
601899,869,305153,133100,172053,9578138.939706802
600089,870,130410,31700,98710,2358102.79668808
601088,870,67900,40700,27200,3213101.0440826416
601328,871,655800,359500,296300,4945967.006826401
600150,871,183700,68834,114866,7094552.002334595
601658,871,175600,129100,46500,937239.0161514282
601899,590,655000,403500,251500,20612924.58972931
603501,590,62600,34400,28200,5158507.975769043
601688,591,209800,98500,111300,3861877.9556274414
688041,875,36695,19825,16870,9255358.881820679
600930,875,513200,243300,269900,2006818.0438518524
601318,875,106400,60700,45700,5740015.957641602
600309,876,92700,27500,65200,6646700.9521484375
601601,877,207100,53500,153600,6551626.866531372
601919,877,71600,26800,44800,1171682.0503234863
601857,878,510900,163400,347500,5482587.780570984
601012,593,291500,168300,123200,3354924.061203003
601919,593,265700,135400,130300,4351951.882362366
601088,593,83900,47100,36800,3979838.9919281006
601899,594,1753600,287700,1465900,55010984.58442688
600111,594,137400,51600,85800,5148530.0941467285
600030,594,162700,58000,104700,4357847.117233276
688256,783,6394,4589,1805,7100041.268310547
603019,783,38600,15300,23300,3237929.037475586
603259,784,50300,23283,27017,8411811.30783081
601288,784,519000,330300,188700,3516933.065700531
600028,784,170100,87800,82300,907511.0071182251
601688,785,37800,28100,9700,694289.0295028687
688041,786,61893,26542,35351,15718292.696334839
600089,786,26100,14300,11800,471769.99530792236
601888,787,43900,17100,26800,2290606.955718994
600406,595,138900,65800,73100,3092539.0460968018
600519,595,7700,4600,3100,9708845.056152344
601658,596,196000,63600,132400,1041396.0033416748
601988,596,787100,183200,603900,5173079.089689255
603501,596,27300,16300,11000,2251528.0227661133
600276,682,53000,40900,12100,2414864.04838562
600036,682,79800,28700,51100,3252864.9208068848
603986,683,40900,15000,25900,16323632.977294922
600900,683,74100,48400,25700,2077507.061958313
600930,684,92900,63900,29000,363878.0073642731
600760,684,7100,4600,2500,314341.99714660645
600030,685,113000,96600,16400,3027106.0997009277
600930,685,90200,43900,46300,353121.0073232651
603019,685,31800,21600,10200,2659855.0079345703
600887,687,64601,26898,37703,1740944.993900299
603019,687,19400,6500,12900,1622937.0323181152
603993,688,42300,22900,19400,745554.9970626831
601668,688,858500,40600,817900,3707510.1172447205
601658,893,1248000,108100,1139900,6652920.929527283
688041,893,144195,77924,66271,36289091.31083679
600028,893,433500,321100,112400,2296426.056957245
601988,893,559800,187200,372600,3685356.000137329
600089,893,138900,65900,73000,2511101.9845962524
600519,597,7700,4300,3400,9711463.110351562
601600,597,481100,216100,265000,4420449.872493744
601318,598,197600,58900,138700,10716471.994781494
603501,598,25400,16500,8900,2095101.9874572754
688256,599,15693,9283,6410,17464753.14868164
603259,600,145300,73500,71800,24492697.023010254
600900,600,246200,220500,25700,6907947.858810425
601668,601,1369300,181600,1187700,5943698.1857299805
601318,839,86700,65100,21600,4678907.995605469
601318,840,73900,27469,46431,3987292.012023926
601600,840,148600,97600,51000,1356208.0053329468
688041,840,63477,19309,44168,15999106.58959961
601012,841,49000,41000,8000,561950.0112533569
601988,841,270200,169600,100600,1776910.0043296814
603259,841,58655,40100,18555,9847376.993637085
601288,842,326100,228500,97600,2219765.005540848
600030,602,321600,158200,163400,8620701.802444458
600183,603,324600,115500,209100,46742363.804626465
601600,604,236600,167000,69600,2169401.012992859
600809,605,60700,37300,23400,6997050.999450684
601600,605,634000,132700,501300,5812356.015777588
601088,605,87100,33500,53600,4133291.972351074
600111,606,231700,56800,174900,8664381.12449646
601600,606,334300,201300,133000,3064200.9950637817
601688,607,111600,48100,63500,2055377.0017623901
600900,788,70100,49700,20400,1966146.976852417
601728,788,46700,6100,40600,285398.0047225952
688012,789,24667,11037,13630,8608382.788909912
601127,789,16802,10404,6398,795054.6274795532
600036,609,191800,83600,108200,7804568.869400024
603993,609,267700,166200,101500,4721628.822898865
601988,609,1080900,654700,426200,7033163.167381287
688008,610,345875,176563,169312,77827533.31665039
601857,611,575300,497400,77900,6185955.033874512
603993,833,51300,20800,30500,907705.032157898
601166,833,98800,44600,54200,1765575.0736236572
600900,834,104800,83400,21400,2942569.9871063232
601988,835,296000,128700,167300,1947935.0060462952
600887,836,69800,37200,32600,1881872.9419708252
601600,836,188900,85700,103200,1725514.0412330627
603501,836,16300,7400,8900,1351155.0109863281
601088,836,19200,11100,8100,909132.9967498779
600028,614,616700,299200,317500,3296170.0199127197
688981,615,115912,61713,54199,14012808.047782898
601988,615,1051900,841800,210100,6868120.167636871
601628,616,45600,20400,25200,1764441.976928711
601328,616,105100,78900,26200,790090.004491806
601288,617,628900,364900,264000,4274662.07652092
600183,849,76200,25400,50800,10951402.043151855
601601,849,174300,24900,149400,5511819.018745422
601628,850,29600,9300,20300,1142413.9823913574
601127,850,38300,16100,22200,1810666.9845581055
601398,850,147200,28300,118900,1189658.9952468872
600887,851,27800,16000,11800,748257.999420166
601211,851,32300,17700,14600,569948.984336853
601127,852,59100,8100,51000,2792614.9768829346
601398,852,1085600,421700,663900,8771549.914932251
600030,852,96500,60600,35900,2584663.0752563477
601988,852,425300,109700,315600,2795318.0458068848
600031,618,231300,71000,160300,4113019.1703796387
601127,619,58600,34400,24200,2789459.0198516846
601088,619,137800,26500,111300,6527603.019332886
600031,620,174300,70500,103800,3099285.1249694824
603993,854,92200,35100,57100,1630447.0361709595
600309,856,610000,484800,125200,43752256.980895996
600276,622,161574,62674,98900,7367253.382049561
601166,622,253900,93200,160700,4547642.967987061
601088,623,27000,12000,15000,1278181.0039520264
601088,624,37400,24200,13200,1770898.9807128906
600887,624,70300,32900,37400,1900297.0500946045
601728,624,75500,22100,53400,463036.0031604767
600519,816,5500,3500,2000,6891857.019042969
601888,816,19240,6480,12760,1002739.7998809814
601688,817,56600,48700,7900,1036832.9809188843
688041,817,38005,17982,20023,9581166.401824951
603501,817,10300,2800,7500,850882.9902648926
601600,818,411900,84400,327500,3756937.962245941
601668,819,260000,46800,213200,1115868.000793457
688008,821,119704,56949,62755,26772125.01473999
601688,821,63000,20300,42700,1153732.9710006714
600036,821,140300,65000,75300,5695669.9295043945
600406,821,45500,25700,19800,1016727.0128250122
603501,821,20600,13200,7400,1702029.98046875
603993,625,204700,81600,123100,3613641.937637329
601688,625,147940,47900,100040,2719619.716890335
688008,626,92656,46267,46389,20932061.2104187
601658,626,77800,69600,8200,413814.0114784241
601600,627,244100,38200,205900,2238779.027366638
601899,884,609400,150600,458800,19120302.940559387
600150,884,535772,203900,331872,20671552.117019653
600050,884,600900,571000,29900,2511462.9042625427
601688,884,91100,49900,41200,1672974.0642547607
603993,885,495800,257700,238100,8737336.10496521
601919,886,131300,28400,102900,2145726.026535034
601088,886,50000,26900,23100,2364555.001449585
688012,886,26959,16352,10607,9374494.04864502
600276,629,55200,31600,23600,2520758.0001831055
600150,630,478900,250500,228400,18705183.75284195
600031,630,275200,45000,230200,4896145.176887512
601857,630,162600,105700,56900,1746132.9584121704
688111,630,12978,6156,6822,2943838.4573516846
600930,632,192700,89400,103300,756278.0138492584
601166,633,80200,34100,46100,1436722.9955673218
600930,633,103500,26300,77200,405983.007645607
601899,634,444400,286700,157700,13998886.00654602
600036,635,32900,19600,13300,1342080.9993743896
600183,636,67200,37800,29400,9679395.94116211
601211,637,256800,125400,131400,4542505.130577087
601318,637,57000,25800,31200,3085846.018218994
600406,637,63500,43800,19700,1416482.961845398
601328,873,196100,150500,45600,1480054.0260791779
601888,872,20800,7300,13500,1085426.9924163818
601728,872,286700,234300,52400,1751357.02958107
688981,873,38550,15206,23344,4690408.989028931
601919,873,28230,17300,10930,461733.51472854614
600036,638,34330,13200,21130,1398743.2342910767
601658,638,119100,87300,31800,632103.0010700226
600183,639,78000,23600,54400,11248306.005859375
601988,640,314700,157400,157300,2056565.02699852
600050,640,107300,95400,11900,449468.0034160614
601728,640,107100,33700,73400,654718.0059432983
600031,641,90100,56400,33700,1598937.9922866821
688981,641,36837,19752,17085,4471689.034263611
600050,642,75200,53500,21700,314870.9993362427
600900,805,140300,55200,85100,3940068.999481201
600050,805,48100,40800,7300,201466.00108146667
601601,806,55400,27000,28400,1757005.955505371
601899,807,200400,59600,140800,6310454.950904846
601211,807,89500,46400,43100,1571188.9423370361
601318,807,66200,28200,38000,3574132.082748413
600309,807,35900,6500,29400,2544507.0236206055
600760,808,11200,3600,7600,495382.99865722656
601668,809,352300,89700,262600,1512264.0070915222
600887,809,69900,51000,18900,1881625.0034332275
601688,643,55700,27100,28600,1022923.0401992798
600809,643,15200,5500,9700,1733078.9993286133
600887,645,41200,10800,30400,1111237.9734039307
600036,645,57000,31400,25600,2323525.960922241
603019,645,72200,21800,50400,6049844.09866333
600183,645,61200,21100,40100,8834959.020996094
688041,645,67689,21208,46481,17312965.263793945
603501,646,18500,6500,12000,1528283.0108642578
601398,822,256000,164300,91700,2068390.9784317017
600089,822,118418,104218,14200,2137476.8174438477
600519,823,5300,3000,2300,6638561.950683594
601899,824,225000,67700,157300,7059373.000335693
601658,824,99500,65300,34200,528998.0092525482
601012,824,41400,21400,20000,473829.98752593994
601600,825,258800,181900,76900,2360265.9706115723
600089,825,103200,58400,44800,1862870.9238052368
603019,825,26900,14200,12700,2248680.930328369
600406,826,90900,72100,18800,2032880.0636291504
603501,826,16300,8000,8300,1347351.0108947754
600887,648,81300,18700,62600,2189932.036781311
600036,648,123100,15800,107300,5014486.051940918
600519,648,31000,5400,25600,38906226.09863281
600760,649,6000,5900,100,264926.0070800781
600309,650,101493,41293,60200,7198355.8461380005
688012,650,17552,5742,11810,6145410.285949707
601318,650,128800,68300,60500,6968381.995391846
601318,651,64100,36300,27800,3469538.9904022217
603501,651,13800,7200,6600,1140941.0163879395
601628,888,34400,15700,18700,1327126.0383605957
601088,880,76500,34300,42200,3617024.946975708
600031,570,3966676,1542600,2424076,69899424.36086273
601919,652,31800,16400,15400,522320.00617980957
601127,652,22500,15200,7300,1068386.0187530518
600183,653,118700,50800,67900,17181799.23095703
600760,653,29000,10800,18200,1279742.9843902588
600309,654,131900,25800,106100,9340624.085235596
688008,654,80440,36180,44260,18196004.94140625
601288,655,613400,533400,80000,4151918.0081367493
600809,656,54200,1000,53200,6176971.008300781
600111,657,39300,26000,13300,1473274.0356445312
600036,810,120100,74300,45800,4876735.9981536865
601166,812,95500,66700,28800,1706573.0709075928
601988,812,335400,170200,165200,2205280.01537323
601919,815,181600,94400,87200,2979757.9654693604
601600,815,121700,53300,68400,1110436.9982719421
688041,571,377149,179386,197763,96504106.10487366
601088,571,218800,95700,123100,10410374.973678589
600809,571,41195,13395,27800,4664036.303062439
601988,689,658910,313000,345910,4322487.58705616
601398,889,1209800,689500,520300,9794177.342414856
601600,890,845865,674300,171565,7704114.333944321
601628,890,30600,8900,21700,1180225.0072479248
600406,890,133500,79800,53700,2986674.045562744
603993,892,269100,172000,97100,4741467.160224915
600519,892,18800,4600,14200,23520618.715820312
688008,572,677549,338129,339420,152262642.11312866
601668,572,736700,313400,423300,3163577.0436286926
601857,829,150800,124100,26700,1620849.994277954
601728,829,193400,130600,62800,1182979.9934387207
601088,830,53100,26400,26700,2510758.9725494385
600519,830,5100,2400,2700,6392802.990722656
601628,830,21900,13700,8200,844780.0132751465
600089,830,70700,49000,21700,1278746.005821228
601988,830,351700,254400,97300,2316730.0313949585
600276,831,74200,56400,17800,3376411.9861602783
601288,831,2493500,2173500,320000,17007503.381347656
601288,573,2062200,1081700,980500,14139924.116802216
601601,574,637000,212600,424400,20313032.949066162
603993,668,170600,107500,63100,3005086.122894287
688008,668,173604,38358,135246,39063131.88499451
601601,668,20400,14800,5600,649329.9983978271
688008,669,74065,30855,43210,16641638.130828857
601658,669,73300,69500,3800,389184.9967479706
601668,671,1305900,1211500,94400,5641744.214582443
601600,671,69200,35200,34000,632148.0159759521
600111,671,34000,13400,20600,1273093.9819335938
601888,671,21300,18900,2400,1113900.997543335
688012,672,19789,5462,14327,6909775.857055664
600030,673,45600,14600,31000,1221314.03465271
600930,673,128200,115300,12900,502415.0099039078
600406,674,34300,25700,8600,765489.9875640869
603259,862,67300,50500,16800,11305410.005187988
600900,862,324300,236000,88300,9109714.052391052
601658,866,284300,210200,74100,1516897.0145702362
601658,863,305800,196600,109200,1630096.9820022583
600309,863,204300,82200,122100,14749937.901306152
601857,863,179300,53300,126000,1925955.9652328491
600150,864,125300,66500,58800,4841542.966842651
688111,865,10227,1858,8369,2321614.4728393555
601398,865,348600,236700,111900,2819055.027580261
601600,866,329200,127400,201800,3005535.036277771
603993,866,285800,166300,119500,5047350.959205627
601328,866,246800,221400,25400,1860617.9968833923
600150,867,145026,54248,90778,5599812.0991744995
603259,879,54800,24220,30580,9200151.821899414
601899,880,735800,287100,448700,23081240.54851532
603019,880,79600,20700,58900,6654683.905029297
688981,882,84556,41553,43003,10276267.623336792
601328,883,215600,56900,158700,1626026.0010242462
688111,883,5862,3114,2748,1330416.0241394043
600111,575,296100,134800,161300,11135398.81401062
601288,792,1053600,400000,653600,7147408.121871948
601919,793,97900,15100,82800,1606681.9883346558
603019,794,24308,8300,16008,2034662.543548584
600050,795,45100,10300,34800,188620.9946155548
601688,795,207300,151200,56100,3799816.9843673706
600809,796,6800,1600,5200,774666.007232666
603019,797,25792,15384,10408,2157475.8240966797
601888,797,107300,21100,86200,5595177.040100098
603501,797,5800,1600,4200,480188.99688720703
600760,798,18500,600,17900,818937.9962921143
600930,576,639600,460300,179300,2511835.0444078445
601668,857,149300,66700,82600,641164.0095710754
600900,858,272200,223800,48400,7644264.999580383
601211,858,145700,35100,110600,2572231.958770752
601888,858,10400,6100,4300,543773.0003356934
601668,859,225200,70600,154600,966814.0075683594
688981,860,53250,12439,40811,6483503.809631348
600150,860,194171,67478,126693,7505997.877414703
688012,861,28444,9136,19308,9901705.964355469
601899,861,364300,89000,275300,11450233.117675781
600183,578,265190,122790,142400,37998396.10839844
601288,578,1074800,730200,344600,7374417.078971863
601600,663,1068000,195800,872200,9742546.932411194
600519,664,5900,2400,3500,7394752.9541015625
601668,664,1373900,755700,618200,5935891.21799469
601658,666,413500,22000,391500,2195904.9813747406
600030,579,721000,139732,581268,19373911.950302124
601211,579,447818,204562,243256,7933851.201385498
600036,580,567400,300100,267300,23243853.199386597
688012,843,10598,4340,6258,3700761.0008239746
600309,844,109700,76200,33500,7829063.969421387
688008,845,67496,33550,33946,15089047.14767456
688012,845,20972,17620,3352,7320175.220275879
601688,846,230000,212300,17700,4218333.038139343
601888,846,44800,41900,2900,2340449.018096924
603501,847,10500,8600,1900,869960.9916687012
601601,581,191500,106400,85100,6105928.925704956
600036,581,204561,127900,76661,8376702.334117889
600031,581,191500,148400,43100,3397608.9653015137
601288,581,1090300,581000,509300,7480224.109315872
601857,582,581600,298500,283100,6236645.958042145
600809,582,36818,13400,23418,4196705.295913696
688256,582,52797,31218,21579,59043854.263549805
601318,583,131000,65900,65100,7100803.9627075195
601857,583,694500,274400,420100,7452118.7618255615
600036,584,280239,102800,177439,11443053.763267517
601658,584,152600,83900,68700,811145.010471344
601919,660,396100,138500,257600,6511129.194259644
601857,662,105800,52900,52900,1133647.0161437988
600760,662,47200,13900,33300,2083010.019683838
601668,894,2937100,1855500,1081600,12570407.603693008
601288,895,1454600,821600,633000,9928588.045978546
601288,585,820300,317000,503300,5605819.009971619
600089,586,97400,44100,53300,1765817.200313568
601288,586,6692027,579600,6112427,45705725.007484436
688111,586,49250,12737,36513,11222965.2265625
600276,799,163640,26400,137240,7446357.931060791
601288,800,5317500,1077800,4239700,36042818.8832283
688256,800,21967,14345,7622,24363875.614868164
688981,800,15545,8345,7200,1888756.6446533203
601988,801,3611600,1598900,2012700,23692376.800775528
688256,802,6942,2955,3987,7696739.165649414
600900,802,153300,99500,53800,4303082.95211792
600183,803,70200,30900,39300,10109200.99029541
603019,803,22900,12600,10300,1916686.001586914
601398,587,5485181,319100,5166081,44146441.88413334
601328,676,112600,81900,30700,845319.0187454224
601919,676,34300,12400,21900,562986.9976043701
601628,676,39700,12600,27100,1535503.9924621582
688256,676,8262,3603,4659,9125810.490234375
601088,677,23900,11400,12500,1127437.9878997803
603501,677,14700,1800,12900,1216707.0022583008
601628,679,14800,8900,5900,572470.9915161133
688111,679,3348,2505,843,760514.541519165
601166,679,23100,9600,13500,413585.99338531494
601668,681,59800,18000,41800,258516.00580215454
688256,681,9543,4545,4998,10555836.745361328
600089,588,608900,137800,471100,11019914.205360413
601398,589,1453800,1261400,192400,11701166.233253479
600183,868,90307,50507,39800,12951541.52178955
600406,868,56300,23100,33200,1260642.9676055908
600050,869,126000,109900,16100,526518.9823627472
600519,869,24300,2900,21400,30424558.081054688
601919,870,365800,138300,227500,5975769.023704529
600276,590,477000,335700,141300,21895919.885253906
601600,590,486000,312700,173300,4464922.900104523
600031,591,406700,103608,303092,7218698.974826813
601857,591,584100,83500,500600,6249907.889461517
603501,875,14200,9500,4700,1175526.993560791
601328,875,156800,81600,75200,1183088.0126953125
600309,875,103900,42000,61900,7452974.053955078
601658,876,130800,83100,47700,697995.0090408325
600050,876,1087700,1069100,18600,4546399.817895889
600089,876,52800,19700,33100,954821.0004806519
603019,877,62200,25500,36700,5201140.10848999
601668,878,184200,110200,74000,789478.0113220215
600276,878,83200,30000,53200,3788116.965866089
600036,878,304800,154200,150600,12374498.805999756
601600,592,1572600,275500,1297100,14421848.14529419
600406,592,281400,138500,142900,6263527.054405212
688111,593,48456,10087,38369,11006322.238174438
600050,593,208300,80600,127700,873582.9919338226
688111,594,41567,24112,17455,9439681.166061401
600150,783,554172,319953,234219,21467470.38710022
600030,784,191000,139600,51400,5113950.107574463
601668,784,223600,40200,183400,964117.9964065552
601988,784,242600,206400,36200,1591093.9950942993
600050,785,36000,26500,9500,150744.99988555908
601127,785,19800,5500,14300,937051.0124206543
600150,786,172700,63100,109600,6697724.997711182
600900,787,157800,147200,10600,4426364.891242981
601888,595,239200,154700,84500,12566656.997299194
600900,596,347200,153900,193300,9745713.889694214
601628,596,168000,99500,68500,6486590.001678467
601919,682,83300,57200,26100,1368557.0240020752
601211,683,115500,33900,81600,2041963.0334854126
603993,684,40700,30300,10400,717436.9832992554
601328,684,125200,35200,90000,940604.0199279785
688111,685,3422,391,3031,776829.6524505615
600031,685,33200,28500,4700,588256.9761276245
601919,686,25300,16400,8900,415581.0054779053
603993,686,131300,54700,76600,2314053.0183792114
601088,687,41000,20600,20400,1938439.0029907227
600809,687,5600,3800,1800,638470.0073242188
601600,893,783273,326000,457273,7138876.835700035
601012,597,459661,323382,136279,5286410.507072449
600031,598,507400,150100,357300,8979427.329063416
601600,599,320700,292200,28500,2943897.0891952515
600887,601,476800,338100,138700,12872400.972557068
600111,601,213300,31600,181700,7988280.086517334
603259,839,46100,24700,21400,7733177.823791504
600309,840,628800,453573,175227,44941187.73625946
601857,840,375300,153000,222300,4027127.8487205505
603986,840,70800,23100,47700,28240447.05505371
600150,841,104700,33820,70880,4055673.6391448975
603993,841,597100,498600,98500,10569711.20891571
600519,841,5200,3600,1600,6515454.98046875
601127,841,26902,15304,11598,1273008.6858825684
601888,603,401200,340200,61000,21125209.985733032
603993,603,634400,203400,431000,11202024.869346619
600760,603,41500,30400,11100,1838075.9719848633
600930,604,335900,123700,212200,1321324.021244049
688256,605,38037,25332,12705,42140053.09765625
600028,607,801300,300800,500500,4279286.108875275
688111,608,160691,88903,71788,36435430.677978516
601288,788,1096300,82500,1013800,7431433.183526993
600089,788,50100,16000,34100,905466.9883728027
600028,788,220600,186900,33700,1177667.0259475708
601899,789,328500,231500,97000,10354264.149093628
600150,789,253600,178800,74800,9834437.008666992
600031,789,111700,51000,60700,1976483.0713272095
600519,789,5600,3800,1800,7012302.0263671875
600150,790,151200,82500,68700,5864202.936553955
601318,790,95900,17600,78300,5186225.127792358
688012,790,20888,5254,15634,7289333.391418457
600150,609,380877,304877,76000,14886274.329353333
688041,609,72804,30858,41946,18599479.86367798
601628,610,28100,13500,14600,1085872.9969024658
600309,610,533900,216000,317900,37528070.919036865
600111,610,128500,74100,54400,4810081.882095337
601166,612,216800,102000,114800,3882086.9485855103
600276,834,50700,13200,37500,2306972.9793548584
688008,833,42431,27127,15304,9496055.614074707
601088,833,17300,6100,11200,818664.0029907227
601211,833,114200,61100,53100,2011120.071029663
603259,833,40800,27200,13600,6849480.94329834
601688,834,170400,111600,58800,3127740.0856018066
601288,834,283800,235300,48500,1935031.0376167297
601398,835,136700,62200,74500,1105158.0038070679
603986,835,50400,23300,27100,20130966.995239258
600150,835,193600,96242,97358,7512407.935005188
601012,835,66000,26100,39900,757940.9757614136
601857,836,89600,70200,19400,963005.9955596924
601328,836,792300,529600,262700,5966001.165819168
601012,837,34000,22700,11300,390206.9926261902
601012,614,497800,193900,303900,5721017.915725708
600809,614,87700,41800,45900,10142411.958312988
603019,614,107800,74500,33300,9030733.028411865
600050,614,106500,80800,25700,447042.98605918884
601919,615,89700,27200,62500,1467564.0563964844
601728,615,171300,11300,160000,1050182.016801834
688256,615,30710,11364,19346,33874209.634765625
601899,616,275300,78000,197300,8637992.94872284
600028,617,1797000,716800,1080200,9640104.075288773
688012,617,37469,25294,12175,13085940.577331543
600036,617,118500,57300,61200,4832253.994369507
601211,617,199400,27400,172000,3527496.109008789
601601,850,390600,54400,336200,12346354.224395752
688012,850,17281,11821,5460,6039088.13293457
688256,851,19000,8233,10767,21031283.697753906
600183,852,86300,26800,59500,12385378.950500488
600036,852,256100,75400,180700,10391109.280014038
600183,618,208800,118800,90000,30151511.026000977
600111,619,70700,35900,34800,2645148.960494995
601628,619,21600,6200,15400,835529.9945831299
601318,619,89100,35800,53300,4821185.942459106
688256,620,20707,14391,6316,22919164.158203125
600050,620,62300,21700,40600,261253.9981842041
601318,853,119200,49600,69600,6423777.9945373535
601919,854,160900,93800,67100,2629777.039909363
600406,855,40500,36700,3800,907161.9836807251
600030,856,434301,378201,56100,11640390.568576813
600900,856,332200,287200,45000,9328870.990562439
688012,856,28059,14627,13432,9796468.216247559
600028,816,260500,37400,223100,1378418.9986228943
600900,621,350700,222200,128500,9831448.26889038
601888,621,39800,21900,17900,2090707.968902588
603501,622,23500,5500,18000,1935222.9988098145
601012,622,215300,121100,94200,2471564.908504486
601601,622,74700,59600,15100,2380544.0258026123
600900,623,64000,37600,26400,1794296.0525512695
600519,624,14100,3800,10300,17783281.909179688
600887,816,33200,22200,11000,894630.0228118896
601127,817,5100,2600,2500,242052.00004577637
600900,818,506200,337700,168500,14204297.737121582
601857,818,187600,86000,101600,2009125.005531311
601988,818,414500,271300,143200,2723552.0604133606
688008,818,232683,73432,159251,52080793.2171936
600036,819,163700,54900,108800,6645513.970184326
601318,819,158500,61900,96600,8537222.932434082
600900,819,96600,53900,42700,2711134.960746765
688008,819,62407,32795,29612,13961687.31513977
601166,820,55200,41400,13800,986290.043258667
601658,821,101000,60000,41000,536910.0079536438
600050,821,30500,22800,7700,127717.99998283386
601601,821,81400,11300,70100,2576422.971534729
688012,821,15246,7549,7697,5303825.064605713
601088,626,43600,25300,18300,2066613.03024292
600760,626,31796,3200,28596,1409370.8247528076
600406,626,114600,40700,73900,2557910.9659194946
600900,627,128100,79500,48600,3593298.9196777344
601328,627,464200,114400,349800,3487286.0778808594
601211,627,90600,59000,31600,1603508.066558838
603993,884,928900,324700,604200,16360756.589508057
600276,884,136000,66600,69400,6192928.425769806
688981,885,98776,33956,64820,11993569.260498047
601328,885,445400,381300,64100,3362129.0702819824
600150,886,389830,144954,244876,15035693.740959167
603501,630,27900,19000,8900,2301587.0025634766
601728,631,78900,26000,52900,483127.9969215393
688041,633,59372,29916,29456,15171217.883163452
600900,633,83800,22000,61800,2349134.062576294
601919,633,112700,36700,76000,1843969.0732955933
601211,634,325162,96524,228638,5748523.631435394
601688,635,340600,293937,46663,6263663.449113846
603259,635,79200,33400,45800,13372157.14263916
601888,635,21700,9930,11770,1136921.699295044
601857,636,349100,81100,268000,3746506.855583191
688981,636,32398,10159,22239,3932374.812324524
600111,636,31500,11600,19900,1180673.000717163
600887,637,65200,24200,41000,1760595.0044631958
601600,637,379100,104900,274200,3474267.981338501
600519,637,18700,4700,14000,23506397.778320312
601857,872,72000,43400,28600,772993.9769744873
600930,872,386400,218600,167800,1510255.0337076187
603501,872,25450,3300,22150,2107163.5276794434
600760,873,18900,8200,10700,833255.0144195557
601919,874,315300,247700,67600,5159409.217643738
601211,874,53000,27600,25400,935725.9860992432
601600,874,332100,162200,169900,3030373.999118805
601857,638,142200,109400,32800,1525477.9586791992
688256,641,10721,6915,3806,11902529.326171875
601088,805,48400,24400,24000,2289679.020690918
603259,806,51700,21200,30500,8673204.119873047
600030,808,97700,39300,58400,2607563.05103302
601600,808,104000,53800,50200,949018.0004119873
600276,809,107200,49500,57700,4869205.848312378
600809,809,9600,8600,1000,1096267.9992675781
600406,809,164800,94100,70700,3686509.0951919556
600030,643,65000,41600,23400,1740466.039276123
601398,643,56500,40000,16500,454660.0069999695
601668,644,161800,64300,97500,699619.0118312836
600111,644,32700,19900,12800,1225468.006515503
601318,644,105221,67163,38058,5693924.324996948
600900,645,195400,132200,63200,5478093.1577682495
601988,646,295400,98000,197400,1929608.0458641052
601919,646,54900,36000,18900,901588.0071640015
600887,822,42300,36300,6000,1140386.9710922241
600900,823,164200,138800,25400,4608839.944076538
688041,825,131392,93689,37703,33102738.397872925
600406,647,65900,37000,28900,1471100.9847640991
688041,647,54006,10724,43282,13771169.298797607
600050,648,73400,66200,7200,307474.00255203247
600809,648,8100,1800,6300,924135.9985351562
601328,648,177600,22700,154900,1331770.994758606
600089,648,60600,20800,39800,1094643.9723968506
601127,648,98800,11600,87200,4685496.0037231445
688111,649,3619,2167,1452,821012.8654022217
603259,650,50800,21900,28900,8552956.010437012
603501,650,8600,5300,3300,710661.9964599609
601601,650,38300,25200,13100,1218418.981742859
603019,887,183842,48558,135284,15357362.586151123
600028,887,183800,63300,120500,972935.0074768066
600183,888,241979,86632,155347,34624955.65245056
600519,888,15550,4350,11200,19454580.249023438
601988,888,1190300,60500,1129800,7844682.166624069
600150,813,253200,105700,147500,9796973.861312866
600030,866,549400,342400,207000,14736497.868728638
601398,652,214800,157100,57700,1728563.0277633667
688111,570,218179,73618,144561,49936395.134521484
601658,653,120300,66500,53800,638255.0064563751
601899,654,409500,159500,250000,12858297.84374237
601601,655,44800,28200,16600,1425071.9757080078
603501,656,7900,4200,3700,653777.0095825195
600030,657,40300,16200,24100,1078590.0129318237
600887,810,114300,101600,12700,3078622.046852112
600111,810,16100,9900,6200,603043.9956665039
600050,810,103400,62100,41300,432832.99646377563
603501,810,12400,5600,6800,1024571.997833252
600036,811,91500,38100,53400,3715646.978378296
601601,811,66100,25100,41000,2095187.0386123657
601211,812,168800,117900,50900,2966259.9586486816
601328,812,46000,9500,36500,346015.00129699707
601628,813,25200,10500,14700,971680.0029754639
600809,813,13400,5500,7900,1531538.0195617676
601088,813,43900,14400,29500,2077308.0223083496
603019,813,31500,7100,24400,2635868.999481201
600089,814,24300,4100,20200,438413.0153656006
688981,814,28102,8033,20069,3416678.799255371
603259,815,64000,38400,25600,10723988.989257812
601668,571,878400,483000,395400,3773166.077041626
601166,571,535500,273800,261700,9576535.97202301
600030,571,650201,362301,287900,17476494.810983658
601628,780,66500,20600,45900,2570167.9553985596
600760,781,21300,1700,19600,944919.0036773682
601601,781,53300,37000,16300,1696582.9969406128
603019,889,106815,52800,54015,8920368.765983582
600309,890,143800,53000,90800,10286782.988739014
600030,890,242000,37900,204100,6483500.16746521
600150,891,462866,236841,226025,17863948.895118713
601166,891,122800,75000,47800,2197641.942214966
688256,892,36263,10441,25822,39990360.97558594
601888,572,74000,30500,43500,3854311.0054016113
601857,572,516100,194300,321800,5547173.979377747
601658,827,65100,29600,35500,346628.0038356781
601288,828,213200,174900,38300,1453641.0278320312
603259,828,44461,27261,17200,7464051.84072876
688256,828,17788,4030,13758,19677042.754760742
601088,828,48000,16700,31300,2270339.9990081787
688012,828,14399,7785,6614,5023514.797454834
601127,830,21800,4800,17000,1032650.9979248047
601628,832,18600,9602,8998,717643.0206298828
601211,832,172700,86200,86500,3040956.0987472534
601888,832,17400,6800,10600,909542.000579834
600036,573,409400,245600,163800,16704148.06137085
600050,574,526100,189200,336900,2200989.952993393
601728,668,158100,24100,134000,967812.9874229431
600031,669,464700,371100,93600,8228323.021888733
601318,669,58900,44300,14600,3188820.9842681885
600150,670,114200,60600,53600,4449757.191082001
600406,670,43700,9700,34000,975665.9931182861
600111,670,42700,12300,30400,1598617.958831787
600887,671,41500,29300,12200,1118496.0172653198
601857,671,235200,212700,22500,2521119.0576553345
601899,673,191400,80000,111400,6012145.977020264
600111,674,28700,20700,8000,1074448.9738464355
600028,674,551800,10500,541300,2935681.092119217
600183,674,98100,53300,44800,14100978.981018066
601888,675,13300,9300,4000,695464.0033721924
601600,862,320100,94900,225200,2926663.041114807
603986,863,29100,13700,15400,11608619.99206543
601899,864,240200,66200,174000,7547120.01914978
600031,864,339300,81800,257500,5954292.839431763
600030,865,134200,96200,38000,3598857.9502105713
600760,865,16700,10000,6700,736736.9934082031
601728,865,880600,136500,744100,5373031.947422028
600036,865,133400,69900,63500,5413378.169250488
601628,866,50400,20866,29534,1945168.985748291
600887,867,130200,83000,47200,3509422.000694275
601728,867,560300,129400,430900,3419123.9761829376
688008,867,72764,31923,40841,16286052.964859009
600030,879,102800,56200,46600,2756044.945335388
600036,879,299200,163000,136200,12150041.90750122
600309,881,104600,44100,60500,7500642.891693115
603993,881,241300,148700,92600,4250780.181312561
601888,881,46800,6500,40300,2443555.98487854
601668,882,414600,214700,199900,1776635.033750534
600111,883,93300,46600,46700,3492684.9502563477
601398,883,463500,278200,185300,3752497.134399414
601127,575,362157,266571,95586,17214676.621177673
601288,575,2377000,1255500,1121500,16271235.051393509
601600,575,1318800,551500,767300,12237377.114772797
600030,575,498400,222800,275600,13411536.917114258
600887,792,144800,45200,99600,3902370.022010803
601398,792,806100,300500,505600,6505918.7702178955
600887,793,22300,7300,15000,600612.0084762573
601127,793,30300,10100,20200,1435412.0044708252
601601,794,49300,5000,44300,1565765.01121521
600089,794,69800,26600,43200,1260901.969909668
600276,795,42000,13400,28600,1913233.9965820312
601857,795,82800,61400,21400,886573.998260498
600406,795,43700,16600,27100,974675.9704589844
603501,795,12300,2300,10000,1017713.9801025391
600150,796,445100,172177,272923,17210767.860031128
600887,796,97400,38200,59200,2625101.0358810425
601288,796,217400,114400,103000,1475116.0172462463
600809,798,3500,1500,2000,398731.0028076172
603986,576,317800,160945,156855,128415741.0743103
600519,576,15700,8700,7000,19764998.852539062
601601,577,192200,109200,83000,6127501.996803284
601728,577,678900,642700,36200,4168895.931196213
603019,577,132800,82200,50600,11224250.602890015
601328,857,440900,126700,314200,3321105.064535141
601628,857,37900,12300,25600,1463168.9910888672
601398,857,158300,34500,123800,1279408.9958190918
688012,858,57658,33179,24479,20097934.503173828
688008,860,59748,32633,27115,13382941.680084229
601668,860,226900,62500,164400,974026.0056495667
603019,860,24300,12400,11900,2034533.0284118652
688256,860,11436,4783,6653,12629801.488769531
688256,861,7217,3468,3749,7969183.686035156
600760,861,11100,3400,7700,489769.9962615967
600031,578,266700,119800,146900,4734049.002838135
601328,578,4774300,3790700,983600,35896952.14467049
603259,663,65400,32800,32600,10964486.09008789
603993,663,241300,117897,123403,4242603.994178772
600030,663,63500,34100,29400,1698680.00125885
600031,664,104300,84800,19500,1845946.0746765137
601857,664,254900,111500,143400,2730436.020183563
601899,664,137400,53400,84000,4313412.92591095
601012,665,146900,92300,54600,1687334.95388031
603019,665,21585,13870,7715,1809158.8244628906
601919,666,94870,23200,71670,1558733.1293869019
688008,667,115141,27934,87207,25976377.67791748
688111,579,19414,8122,11292,4448746.31918335
601857,580,804600,525900,278700,8642524.841499329
601127,843,20300,9700,10600,960667.0093536377
688981,843,25237,15603,9634,3071265.9386749268
600031,843,231900,52000,179900,4077321.9942092896
601211,844,127100,36000,91100,2238386.081123352
600036,844,124500,89400,35100,5054743.968200684
601600,844,276000,102200,173800,2518246.9942092896
601888,845,37000,23100,13900,1931573.0167388916
601899,848,198600,147700,50900,6247446.9036102295
603993,848,681900,609700,72200,12082150.519943237
601857,581,1526800,518100,1008700,16386255.603122711
601628,581,148600,59000,89600,5739284.014511108
601688,581,199900,116800,83100,3695137.931060791
601601,582,896756,159100,737656,28525308.008918762
601127,583,325500,67100,258400,15645233.965301514
600900,583,252000,196800,55200,7058914.066696167
600809,583,44700,29318,15382,5091980.990600586
603986,584,213100,135500,77600,85868281.11572266
601318,658,51800,27100,24700,2802283.9527130127
601628,659,42200,23700,18500,1627564.0014648438
688111,660,6719,233,6486,1527299.842300415
600887,661,39600,5700,33900,1066701.018333435
601012,662,155500,17100,138400,1785310.9327316284
601899,894,454343,177200,277143,14263260.525512695
688111,894,33666,11033,22633,7631647.726242065
600809,586,38800,13500,25300,4424729.00390625
600036,585,257400,61707,195693,10495304.762443542
601127,586,119200,45300,73900,5720925.04196167
600089,799,471588,26000,445588,8510600.305221558
600930,799,75300,30300,45000,294726.0061740875
601658,799,47400,37300,10100,252067.00582504272
601211,800,219159,132300,86859,3850189.9631938934
601166,800,84800,56300,28500,1516786.9417190552
603986,801,27096,14600,12496,10821021.696166992
601728,802,98600,11800,86800,602564.0102386475
601127,802,22700,5500,17200,1074804.9900054932
600150,803,231500,142800,88700,8951987.784957886
601127,803,20200,15300,4900,957568.9952850342
600930,804,70900,34000,36900,277559.00576114655
601166,804,174200,19200,155000,3111404.1107177734
600150,587,775262,268028,507234,30347461.937660217
600309,587,204600,53600,151000,14273706.927490234
601288,677,416900,377300,39600,2826186.0784053802
601668,677,165500,25700,139800,715217.0220375061
603986,678,32100,7800,24300,12828362.966918945
601688,678,84300,14000,70300,1548543.0587768555
600028,679,303700,140900,162800,1614056.0148715973
603501,679,12235,4905,7330,1012729.9172592163
601166,680,149200,131300,17900,2672241.9788360596
601318,681,67300,57000,10300,3647032.9986572266
601088,681,26600,20200,6400,1256993.0000305176
601166,681,42900,21600,21300,768554.9983978271
601012,588,871000,161900,709100,10012592.910575867
600887,868,98000,45200,52800,2641567.997932434
601328,868,199400,182400,17000,1503305.9966087341
601919,868,180900,129500,51400,2954230.989265442
600809,869,13000,5800,7200,1486010.9970092773
601398,870,1846600,1615300,231300,14938275.265312195
601728,870,375500,301800,73700,2293568.0332660675
601127,870,92400,61600,30800,4365345.081329346
603501,870,25300,8600,16700,2095184.0019226074
603019,871,122759,11700,111059,10272130.436203003
601088,590,92000,39900,52100,4361562.010192871
688012,591,64168,31193,32975,22636226.381378174
688008,591,387360,158048,229312,88884419.88827515
600900,591,610000,277200,332800,17115310.87551117
688256,591,19691,9601,10090,21957231.830810547
600031,875,378900,97204,281696,6638577.659156799
600089,875,102800,71000,31800,1859334.0084075928
601728,875,186900,89700,97200,1142856.0027122498
601628,876,54200,37600,16600,2091387.0296478271
601211,877,210600,155600,55000,3718748.957633972
601012,877,199800,115900,83900,2286870.9426879883
688981,878,60072,18981,41091,7304938.872520447
603993,878,387900,163700,224200,6839776.703262329
688041,592,126343,69931,56412,32587982.174804688
603019,592,145200,43700,101500,12242246.997833252
601988,593,505800,231900,273900,3320367.0241355896
600050,594,76300,54900,21400,320245.9907531738
600809,594,56000,40800,15200,6403732.974243164
600089,782,45600,18400,27200,824165.9900665283
600183,782,124100,58300,65800,17854107.008361816
600183,783,95200,45200,50000,13728289.133605957
601328,783,217500,138000,79500,1633241.0455703735
600760,784,4891,1991,2900,216835.03610229492
601919,785,116000,34800,81200,1902342.9544448853
601088,787,55900,14900,41000,2643037.0029449463
688012,596,66795,23857,42938,23402847.12460327
601668,682,56700,31500,25200,245259.00192260742
603259,682,88200,47300,40900,14787295.051574707
601688,683,13600,10100,3500,249797.0106124878
601668,685,78500,46300,32200,339583.00199508667
601857,686,163700,130700,33000,1753462.0116233826
601857,687,141700,78700,63000,1517785.0094795227
601668,687,115600,74800,40800,500140.00129699707
601988,688,128500,67700,60800,842352.0077228546
601899,688,143100,76800,66300,4500149.096298218
600031,688,124100,108000,16100,2201184.963607788
601888,688,19200,2900,16300,1003457.97996521
601211,893,309400,229300,80100,5457744.832992554
601919,893,158199,85100,73099,2585851.7042808533
688111,597,19226,6841,12385,4377383.614471436
600111,598,108400,32700,75700,4063324.0398406982
601668,598,1313700,146900,1166800,5702927.164030075
601668,599,4690800,1773800,2917000,20357515.702724457
603993,599,879100,244700,634400,15531422.01499939
603259,599,175200,89900,85300,29530716.758728027
601288,601,2787400,1037000,1750400,18999713.239574432
600150,601,481008,288502,192506,18865400.52161026
601600,839,126500,77400,49100,1154454.003238678
601899,841,227800,146100,81700,7162750.138092041
600809,842,20000,9200,10800,2291780.9661865234
600900,842,110100,80300,29800,3091309.984779358
601127,602,110500,33600,76900,5278272.96257019
601988,602,1569600,780400,789200,10288684.105873108
600900,605,330700,70500,260200,9277747.799110413
603993,608,363000,191300,171700,6400647.834205627
601857,788,431400,60900,370500,4614101.874732971
600030,790,846600,46800,799800,22643032.91950226
600036,790,385300,252800,132500,15626761.961746216
601288,790,862600,123300,739300,5841035.011768341
603019,791,43500,10300,33200,3644886.9804382324
600519,791,4300,1750,2550,5386675.0244140625
601899,609,356300,255400,100900,11193222.987747192
601328,609,1014000,387300,626700,7595292.783498764
600519,611,30345,7100,23245,38501923.73840332
601688,611,111000,27500,83500,2045936.0385894775
603993,613,261600,160800,100800,4613974.8254776
601288,613,408700,321700,87000,2778290.058040619
600887,834,81200,37500,43700,2189168.939781189
601166,834,37200,19100,18100,664720.025062561
600030,835,638755,595600,43155,17090402.23482132
601857,835,116600,85700,30900,1253140.9929275513
688111,835,4166,400,3766,945814.6896362305
600900,835,155600,139300,16300,4369084.984397888
603986,836,31100,11300,19800,12416987.94555664
603993,836,92900,55500,37400,1643956.0623168945
601398,614,651900,448900,203000,5241254.974651337
601288,614,285900,262800,23100,1943889.049243927
688981,614,101726,49164,52562,12302886.034423828
600028,615,5048830,4876730,172100,27063441.425700188
603259,615,375200,136800,238400,63816383.38470459
600089,617,94800,36700,58100,1714721.0096359253
600309,849,319982,278882,41100,22857718.888153076
688111,849,3674,522,3152,833736.1794128418
601919,850,278100,137100,141000,4543558.028793335
600519,850,4100,1900,2200,5138789.978027344
603993,850,216100,63800,152300,3823442.099571228
600276,851,113800,40200,73600,5197463.860702515
601088,852,44400,24800,19600,2099771.0174560547
688008,619,136579,97854,38725,30871866.765930176
601658,619,1233300,1218100,15200,6549467.94667244
601088,620,92000,23200,68800,4354343.031692505
601628,853,23600,11100,12500,910412.020111084
688041,853,32577,16967,15610,8217317.003265381
601088,853,41300,27800,13500,1953735.0048065186
603986,855,36300,13100,23200,14488571.054077148
601857,856,212200,140700,71500,2276371.9549179077
600150,856,158276,105340,52936,6120170.120285034
601328,856,237800,171800,66000,1792352.0072937012
600183,621,397200,234000,163200,57645499.980163574
600050,621,46100,31800,14300,193476.9947528839
600111,621,28500,15200,13300,1067507.0068359375
688256,624,6218,3313,2905,6880033.234008789
601012,624,81900,14100,67800,938715.006351471
601166,624,21200,8900,12300,379568.99394989014
601211,816,199300,120700,78600,3502821.9648361206
601658,816,82800,69300,13500,440361.0111236572
600089,816,53500,28400,25100,965424.0013122559
688256,817,7379,3576,3803,8145885.250244141
603501,818,23300,5000,18300,1924027.9930114746
688012,818,39050,17023,22027,13581628.284301758
601328,819,258500,217800,40700,1943797.9980945587
603993,820,188600,151400,37200,3330950.9775161743
600406,820,25400,20100,5300,567637.0084762573
601398,626,233000,62500,170500,1878605.052471161
601012,625,118200,70900,47300,1355281.0207366943
601318,625,91900,42900,49000,4974145.981216431
601919,625,97600,34500,63100,1597927.038383484
603986,626,72800,34200,38600,29140000.869750977
688111,628,8137,3530,4607,1846189.7053527832
600276,628,138300,102700,35600,6311177.097320557
601857,884,628800,445200,183600,6747629.85458374
601919,884,205520,62520,143000,3359241.855278015
601601,886,136000,52200,83800,4308691.046333313
600036,629,139900,75700,64200,5709665.056991577
603259,630,119400,31800,87600,20135353.958129883
600930,630,175400,81700,93700,688385.0126028061
600111,631,34000,23400,10600,1274757.0400238037
600309,631,374500,182200,192300,26770429.161834717
601211,632,15700,15100,600,277727.0082473755
600030,633,143300,72300,71000,3835633.053970337
600028,634,152200,73100,79100,815001.0022163391
600809,634,16200,10000,6200,1852176.0070800781
601398,634,928200,659200,269000,7475976.267814636
603986,634,85800,19100,66700,34301288.079833984
600030,636,432800,281200,151600,11587306.226730347
600519,636,18640,8600,10040,23437818.46923828
600111,637,16500,9200,7300,618423.0014801025
601328,637,17000,9500,7500,127595.00217437744
601288,637,552700,463900,88800,3751945.000934601
601600,873,399300,220400,178900,3643820.004749298
688008,639,117959,40350,77609,26722249.142196655
601728,639,289400,63890,225510,1770790.9819602966
600028,640,1691900,1040200,651700,9019256.906080246
601328,641,180500,62700,117800,1354377.014350891
601601,641,21100,16400,4700,671316.9916152954
688981,805,64482,54444,10038,7849331.743080139
688008,805,52005,34911,17094,11701487.41708374
600183,806,91703,49703,42000,13219713.25654602
603501,806,10600,6100,4500,877104.0031433105
600183,807,71200,35400,35800,10271327.006530762
601398,807,306400,262400,44000,2472607.9458236694
601088,807,47000,18600,28400,2223247.035217285
601600,807,78500,62500,16000,716545.0053215027
688041,808,37819,12786,25033,9586244.55090332
688111,808,7998,527,7471,1816241.4214324951
601988,808,163500,59300,104200,1073153.0042171478
601398,808,175000,123900,51100,1412418.9834594727
600111,808,41700,19300,22400,1562355.0163269043
601318,643,95900,36300,59600,5189950.978469849
601888,644,36300,9700,26600,1898134.9731445312
600150,645,330124,192617,137507,12839676.648406982
601668,645,143200,100500,42700,619628.9996623993
688111,645,8256,800,7456,1873388.8816223145
601668,646,233800,174800,59000,1011763.9967918396
600900,646,134100,97600,36500,3759254.1019439697
688256,646,32828,8467,24361,36387209.533691406
601988,822,174900,48100,126800,1147825.001001358
601658,822,157600,129400,28200,838150.0205993652
601857,823,103100,81500,21600,1106046.968460083
601728,823,160100,81100,79000,979022.0012664795
603501,823,13100,5000,8100,1082755.0117492676
600887,823,38100,30200,7900,1027096.9783782959
601857,824,193800,140900,52900,2079555.9445381165
601318,824,82000,48400,33600,4421109.90562439
603019,824,26900,15200,11700,2248549.9336242676
603019,647,98852,55600,43252,8275634.460845947
600930,648,249200,82400,166800,977688.0182266235
601919,648,263100,77600,185500,4319630.009269714
600030,648,65600,13000,52600,1754930.0029754639
601899,648,269557,27000,242557,8459435.917959213
601628,648,119700,10500,109200,4614470.965194702
688041,649,61283,13451,47832,15598679.973052979
688008,650,90068,39297,50771,20284698.259109497
600276,650,89800,47100,42700,4097212.001800537
600031,650,440600,163600,277000,7804464.6505355835
600036,650,130000,80800,49200,5296815.113067627
601211,887,85900,40000,45900,1516850.98361969
601127,887,33000,19800,13200,1561288.0084991455
688111,888,18974,4741,14233,4303666.497268677
600309,888,75000,32000,43000,5363819.9058532715
603993,894,437200,242700,194500,7705890.95954895
601899,680,264600,75500,189100,8326744.813346863
600183,826,61100,29700,31400,8755768.968200684
600276,652,52400,27506,24894,2390022.9585151672
601728,653,169200,14300,154900,1035646.9839096069
600309,653,65200,23600,41600,4621526.992797852
601318,655,55600,14900,40700,3007801.944732666
603986,656,71900,33700,38200,28850426.94091797
603993,657,435200,210800,224400,7649501.936721802
600030,810,88000,37300,50700,2348161.0342025757
601688,810,327600,81900,245700,6001395.894622803
601919,813,21900,11800,10100,359277.99434661865
688256,810,27987,14936,13051,30936923.416870117
603019,811,33200,18500,14700,2779851.9577026367
688008,811,83614,14604,69010,18789178.247131348
601988,811,319500,230200,89300,2101075.006246567
601288,811,327400,128400,199000,2221056.0368537903
600089,812,41700,11100,30600,752710.9716415405
600519,812,7700,3300,4400,9646322.863769531
600309,812,28500,12300,16200,2020416.9944763184
601668,813,322100,259700,62400,1384406.047153473
601166,813,33100,17700,15400,591344.0242767334
603019,814,46000,8100,37900,3848181.0928344727
688012,571,127579,52527,75052,44790412.612213135
600089,571,187200,93800,93400,3399458.969306946
688256,571,122813,52902,69911,136148995.2652588
601658,689,1942500,1388000,554500,10335220.206308365
603986,689,54200,12400,41800,21634603.076171875
688008,781,181005,89799,91206,40685012.079559326
601688,889,151700,112300,39400,2784703.0809402466
600406,891,440500,219700,220800,9855608.067703247
601728,891,694400,61400,633000,4236453.9478302
688041,892,105202,49190,56012,26459577.78717041
601688,892,82316,25300,57016,1510751.6371917725
601012,572,608400,381900,226500,6927438.976478577
603501,827,17300,8000,9300,1429576.985168457
600050,827,81300,62400,18900,340458.0003261566
601318,828,93900,46200,47700,5066405.000305176
600309,828,36900,21500,15400,2618769.0322875977
600887,829,75100,51100,24000,2023369.0422058105
688256,829,10392,6640,3752,11493016.436401367
688111,829,25284,18090,7194,5739461.079071045
600183,830,90100,49700,40400,12935239.91394043
688041,830,55296,32010,23286,13953907.860855103
688111,831,18940,14011,4929,4301143.334625244
601658,832,71600,60500,11100,381516.9972896576
601166,832,83000,25100,57900,1483461.0275268555
688256,668,24483,3502,20981,27075078.967407227
600900,573,735000,523300,211700,20614147.837638855
601088,573,86900,41000,45900,4131984.9975585938
600276,668,115800,46300,69500,5282075.002288818
600809,668,5300,4600,700,603844.9996948242
601088,668,40400,4500,35900,1908263.0378723145
603986,669,70800,24200,46600,28290967.88635254
600406,669,65500,53200,12300,1462486.992073059
603501,669,15200,9700,5500,1257970.9999084473
688008,670,128168,31464,96704,28781078.730804443
600930,670,83700,40300,43400,327670.0067996979
601012,671,76000,61000,15000,873849.9965667725
603986,672,39100,18700,20400,15616350.964355469
603501,672,10500,5900,4600,869387.0086669922
601988,673,267300,256500,10800,1750707.0485115051
603259,675,62400,38200,24200,10445773.040771484
603501,675,15900,1700,14200,1316769.9798583984
601728,675,61400,13300,48100,375900.99601745605
603993,862,317300,69500,247800,5610575.113105774
600900,864,233900,94700,139200,6570687.045669556
600028,864,125800,32100,93700,665803.0025482178
600887,865,114600,100800,13800,3088260.036468506
601398,866,547200,472100,75100,4426097.066307068
600031,867,204100,173000,31100,3579603.1797409058
600809,879,12100,4900,7200,1382094.002532959
603501,882,22300,18800,3500,1845759.9426269531
601166,882,211800,192100,19700,3791022.9146957397
600028,883,230900,64600,166300,1222107.0059776306
601628,794,21800,9600,12200,840852.0030975342
601088,794,51700,18800,32900,2447466.0037994385
603259,795,55236,34836,20400,9246189.054199219
600183,797,73800,27000,46800,10630751.986694336
600406,797,173326,72300,101026,3878739.3793907166
601166,797,95600,66600,29000,1710949.956893921
600028,798,1032600,132900,899700,5493740.151834488
603501,798,11200,2800,8400,926962.9875183105
601166,576,187000,131000,56000,3340475.1291275024
600276,577,322324,206024,116300,14724390.813613892
603986,577,374001,160600,213401,150603880.83773804
600030,857,213600,41300,172300,5724712.891387939
688981,857,35219,14861,20358,4290638.1317977905
600031,857,377500,319100,58400,6617444.256210327
601166,858,126800,101000,25800,2268381.921005249
600887,859,109000,33100,75900,2934201.0065078735
600150,859,113550,79300,34250,4390635.849571228
601658,860,164500,158900,5600,876728.9888381958
600309,860,865900,657400,208500,62546009.72137451
603259,860,56500,25900,30600,9490210.971069336
603993,860,167000,116600,50400,2953905.0817489624
601628,860,24700,18000,6700,953388.969039917
601728,860,133200,41400,91800,814266.0075187683
601668,861,229500,85900,143600,985414.0109062195
601601,578,248000,98400,149600,7904033.038520813
601012,663,88400,14900,73500,1014980.9629440308
601127,664,15000,13700,1300,711485.9985351562
601088,664,24300,16500,7800,1148097.013092041
601328,665,153900,122000,31900,1155470.027923584
600760,665,54000,9000,45000,2383177.9846191406
601857,666,77500,49600,27900,830521.0143089294
688111,666,10444,1049,9395,2370914.4630126953
601988,666,353300,94400,258900,2311526.00812912
600183,667,88527,20001,68526,12760195.268112183
600031,579,216200,115000,101200,3836649.9794006348
603019,579,188897,87097,101800,15959740.781990051
601088,579,104400,36300,68100,4963409.015274048
600089,580,111000,45900,65100,2013715.9362792969
600809,580,46000,24100,21900,5238030.864685059
601318,843,70500,19000,51500,3801491.958618164
601688,843,35300,19400,15900,647721.0126876831
600183,844,39000,19900,19100,5598939.978027344
688041,844,31085,9160,21925,7843756.296569824
600028,844,98200,28600,69600,519764.0027999878
603019,844,24900,7700,17200,2082953.0517578125
600030,845,260000,187500,72500,6952661.946487427
601127,845,59100,10300,48800,2796243.027496338
600276,846,320900,228900,92000,14622807.870864868
601857,847,550700,394200,156500,5910465.8133506775
688981,581,174990,36317,138673,21294222.725013733
601012,582,2281037,1782965,498072,26250012.27268982
601166,582,193500,62000,131500,3463876.9313812256
600183,583,444722,215088,229634,63794705.257385254
601398,584,749100,538200,210900,6043696.885299683
603993,584,712200,204000,508200,12631151.762008667
601668,658,4784300,168600,4615700,20669862.77947426
688111,658,6805,2355,4450,1547995.139251709
600519,659,15500,2700,12800,19443832.946777344
688008,659,50900,18076,32824,11502867.35635376
601601,660,101700,24500,77200,3233152.0685195923
601668,660,91600,16600,75000,394961.99855804443
688008,661,39136,19255,19881,8835652.575653076
600930,661,10171800,74000,10097800,39870571.7787981
600089,661,56800,26100,30700,1026379.9827575684
600276,662,168500,66500,102000,7660448.991012573
600276,894,125700,69600,56100,5728446.083068848
688981,894,281320,151434,129886,34099725.464263916
601127,895,121600,54500,67100,5745987.9764556885
600930,895,1511000,434700,1076300,5897247.139954567
601728,895,1579900,223200,1356700,9639621.90041542
600519,895,15500,7600,7900,19391412.79296875
600183,896,262400,81816,180584,37650846.259628296
601166,586,280800,44500,236300,5015533.18157196
601088,585,111700,50200,61500,5322808.012008667
688012,586,59046,31672,27374,20855825.425628662
601211,799,140100,44500,95600,2460600.9353637695
688008,799,76055,42875,33180,17092364.310165405
603986,800,62000,35100,26900,24773875.747680664
601328,801,79100,43300,35800,595265.0084018707
601668,802,241400,37600,203800,1038396.0367202759
600519,803,5200,1000,4200,6514997.106933594
601166,803,37400,23300,14100,668197.0281600952
601668,803,299100,38400,260700,1286514.0475273132
601658,804,30800,26500,4300,163504.99930381775
688111,587,61590,14139,47451,14027779.1696167
601899,677,320400,66700,253700,10074221.145820618
601899,679,336300,72100,264200,10584004.865264893
601127,681,120155,18400,101755,5685829.755535126
603259,681,68700,15600,53100,11518751.895141602
600089,681,65000,4300,60700,1174592.981147766
600050,588,286400,83000,203400,1197981.969833374
600309,588,119100,48500,70600,8303052.84576416
601398,588,3057200,1884800,1172400,24604049.43637848
601668,868,311200,113300,197900,1336181.0140609741
601628,868,38100,19400,18700,1469915.0394439697
603986,868,48900,28100,20800,19489635.864257812
688256,869,15378,4626,10752,16970042.825683594
601600,870,579700,297600,282100,5291658.043384552
601127,590,175300,49000,126300,8403406.016921997
600887,590,929300,676900,252400,25062257.696533203
688981,590,155110,51322,103788,18887481.398719788
601988,876,242500,149600,92900,1597146.015739441
601988,877,1353000,131300,1221700,8904052.926826477
600150,878,396800,107700,289100,15325579.7353096
603019,878,73800,33300,40500,6171133.045959473
603501,878,27900,15900,12000,2310443.016052246
600309,593,203500,111900,91600,14209555.090332031
600183,594,361792,153900,207892,52192849.58630371
601088,782,40600,29500,11100,1921863.9980316162
603993,783,761500,622900,138600,13493773.606491089
600036,784,200600,92600,108000,8146635.001754761
600183,784,39500,21300,18200,5688845.004272461
688012,784,24420,9451,14969,8536489.365264893
603986,785,70200,31500,38700,28102388.305664062
688981,785,21277,12714,8563,2589153.906616211
600031,595,166600,98600,68000,2949974.945449829
601601,596,168800,67400,101400,5372221.971511841
600150,682,114000,65062,48938,4443057.026672363
601899,682,243950,167250,76700,7679525.887870789
601127,683,33400,16400,17000,1578836.9819641113
601688,686,35900,5800,30100,659182.0232391357
601688,687,225700,216700,9000,4146019.1873550415
601318,688,102800,44600,58200,5571894.975662231
601288,893,1233400,242200,991200,8414210.151672363
603259,597,290500,159400,131100,48892641.83807373
603986,597,169200,66700,102500,68320614.12658691
600276,598,398400,214400,184000,18281999.044036865
688041,599,120230,63222,57008,30963543.059143066
600276,601,163400,61800,101600,7497037.97416687
601668,838,194100,80700,113400,835437.0170116425
603986,838,27500,9400,18100,10980507.894897461
601398,838,481400,160400,321000,3891315.999984741
688111,839,5297,2220,3077,1201944.1828155518
601166,840,76300,46700,29600,1363399.0549087524
688008,841,127861,81521,46340,28579855.114013672
601288,841,460000,234800,225200,3130348.0295181274
601088,841,46600,17500,29100,2204886.0134124756
688012,841,10774,8170,2604,3760004.9656066895
600276,602,254900,120000,134900,11692522.00050354
601888,602,59200,30000,29200,3111247.029876709
600031,603,303200,227500,75700,5383339.035224915
601127,603,126200,56800,69400,6028714.970779419
600519,603,19840,14200,5640,24981755.368652344
601601,605,252600,20400,232200,8055972.920036316
601127,605,74300,12600,61700,3547377.9945373535
600183,606,111605,50000,61605,16120756.484527588
603993,607,455200,120600,334600,8024402.878189087
688012,608,46517,15128,31389,16231295.880523682
603993,788,188600,71500,117100,3346098.9645004272
600900,789,84200,54800,29400,2361813.9392852783
600150,611,335900,237600,98300,13147681.178283691
600760,611,178800,17800,161000,7893675.067901611
601628,613,19000,9300,9700,734843.9891815186
601658,613,117100,83900,33200,620298.0147361755
688981,833,24371,14205,10166,2968606.8279647827
601728,833,98100,70800,27300,600098.9955425262
600809,834,13000,7200,5800,1490535.019683838
688041,834,36818,15060,21758,9294912.90119934
601318,835,131100,53600,77500,7067877.9712677
601601,836,144500,86300,58200,4581430.983734131
688008,837,52874,31102,21772,11823679.031204224
600760,837,9600,2300,7300,424062.9871368408
601318,837,104500,31200,73300,5637946.941757202
600519,614,23100,9400,13700,29256944.885253906
600887,614,115700,40200,75500,3132234.9700927734
601988,614,754600,356200,398400,4923554.067134857
600036,615,73700,39000,34700,3002304.077911377
601857,615,367700,234500,133200,3960166.137313843
601688,616,74400,13700,60700,1370570.008468628
601600,616,277000,162300,114700,2543084.0626716614
601601,617,78900,27700,51200,2511422.9948043823
601628,617,32300,8100,24200,1248950.9880065918
601166,617,49400,25900,23500,884024.9757766724
600036,849,193100,60600,132500,7839173.846817017
600900,849,269400,115700,153700,7567310.037994385
600760,849,18600,9100,9500,820615.9912109375
601600,850,151800,88200,63600,1386816.0375595093
600089,851,45600,20000,25600,825104.0115356445
600031,852,1806500,121700,1684800,31693319.762802124
600150,852,426900,73400,353500,16504455.070877075
601600,852,362400,52800,309600,3309240.0535583496
601668,852,151300,98600,52700,650063.0167961121
600406,618,125900,59500,66400,2812430.015182495
603501,618,29300,7300,22000,2409931.9595336914
600050,618,128700,102100,26600,540273.9820480347
601857,619,379400,73100,306300,4085317.094707489
600519,620,33400,7500,25900,42202714.196777344
688111,620,7344,5207,2137,1669159.1107940674
603993,620,281600,110600,171000,4962606.093597412
600309,853,825800,711200,114600,59115833.96530151
603019,854,36300,14400,21900,3039576.022338867
601288,855,1160400,1019300,141100,7903240.961503983
600760,855,18500,11100,7400,816452.0076751709
603019,856,23400,17400,6000,1959291.0530090332
600930,856,437400,329800,107600,1709158.0385684967
600031,622,240600,124700,115900,4282641.840744019
603993,624,356700,87300,269400,6297480.903434753
601857,816,81100,63100,18000,868441.999912262
603993,816,114800,14500,100300,2029809.0383529663
601628,816,21800,6100,15700,840416.0102844238
688008,816,67934,22551,45383,15229413.33404541
603993,817,566000,59500,506500,10000316.022491455
603986,818,318400,25100,293300,126745186.89648438
600036,818,73800,27800,46000,2995920.952987671
601398,818,133700,115300,18400,1080111.9855880737
601012,819,291300,62900,228400,3333100.892162323
600519,819,5600,3200,2400,7017173.8525390625
600050,819,160900,89800,71100,673459.9929332733
688012,819,20048,8060,11988,6971027.669891357
603259,625,115100,32300,82800,19423222.96142578
601288,626,779600,565000,214600,5299134.099578857
600031,626,268000,59400,208600,4767942.20790863
600028,627,800000,703200,96800,4289572.0598220825
601668,627,2407200,2301500,105700,10422818.826961517
601012,627,440200,307800,132400,5044710.017204285
600930,627,74700,30300,44400,293127.0054101944
601088,628,63000,16300,46700,2985689.045715332
600183,628,138802,41100,97702,20092414.371948242
601288,628,4985500,206700,4778800,33841846.088552475
600031,884,235500,109700,125800,4127057.132911682
601899,885,615000,231700,383300,19289499.435424805
600276,885,160800,74600,86200,7323071.004486084
600028,886,167900,50200,117700,888693.0050849915
600028,629,352700,176400,176300,1890129.0301799774
601318,630,452400,342300,110100,24469889.90135193
601288,631,266600,212100,54500,1809669.0033435822
600519,632,23400,7000,16400,29431449.072265625
603501,632,30100,11100,19000,2484622.0176696777
688256,633,15810,8552,7258,17546287.264648438
688111,633,13594,5606,7988,3082943.1175079346
688012,633,28969,10311,18658,10168320.397064209
688981,634,47200,21092,26108,5734836.1937942505
603501,636,8300,4800,3500,684950.9902954102
603019,637,141900,71900,70000,11891820.197296143
600089,872,114000,64200,49800,2062679.0269851685
600887,874,281500,138700,142800,7594153.854751587
600760,874,49900,9900,40000,2199701.0082244873
601899,874,709000,405200,303800,22264593.775177002
688256,874,11004,6371,4633,12138961.036132812
688256,639,14088,6113,7975,15623755.462646484
600406,640,44800,28800,16000,999338.9726638794
600183,640,98400,19200,79200,14191313.99383545
600150,641,411091,253400,157691,16010425.55734253
603993,642,161200,40000,121200,2844551.924133301
601166,642,414400,82200,332200,7415826.797676086
601318,805,134410,53900,80510,7253903.620529175
600276,806,109500,93100,16400,4981581.037521362
601988,806,521700,191600,330100,3422816.9821739197
601857,807,495300,133800,361500,5292983.943748474
600519,809,6200,3300,2900,7765755.1025390625
600900,809,122700,93700,29000,3443059.9367141724
601688,644,130600,48900,81700,2398305.090904236
600276,645,146200,40500,105700,6679390.975570679
603993,645,393500,71000,322500,6934180.2110672
688981,645,33213,19140,14073,4029402.36995697
601328,822,100000,56200,43800,751562.0089530945
601888,823,14600,11700,2900,761770.991897583
688256,824,16248,4868,11380,17940892.59753418
601288,824,838700,783900,54800,5702612.147426605
600760,824,7800,4000,3800,344643.9956665039
601728,825,101700,61600,40100,622002.9983043671
600111,648,60700,16100,44600,2270947.9637145996
600050,649,119700,100100,19600,501347.00236320496
601919,649,40500,22400,18100,664828.9989471436
601601,651,41900,30100,11800,1333287.9878997803
688008,651,59942,23419,36523,13516426.355041504
600406,887,218100,102500,115600,4879129.105377197
688256,660,20188,5561,14627,22397573.896606445
600930,893,514500,185400,329100,2008404.0472984314
600028,626,640400,545700,94700,3433854.014492035
688256,570,131098,54000,77098,146247709.7331543
600760,570,151960,59561,92399,6771458.563819885
601012,570,874900,379200,495700,9929362.876125336
600089,570,909300,276600,632700,16515467.90008545
600111,652,19300,12700,6600,723278.0044555664
601658,652,112500,34900,77600,596599.0128040314
600150,653,185567,104593,80974,7225398.394042969
601600,654,536100,482900,53200,4904782.83405304
600050,654,108800,72800,36000,455511.99798583984
688008,655,141548,75118,66430,32032259.197891235
600030,656,38200,16600,21600,1022416.0129547119
600519,656,8400,3900,4500,10538033.935546875
601728,656,120000,32200,87800,733522.0080375671
603019,656,37700,19200,18500,3163508.090209961
600519,657,8300,5100,3200,10413160.046386719
600276,657,154800,46800,108000,7049488.07182312
688111,657,17231,7512,9719,3922296.3171844482
603259,810,68454,36054,32400,11472263.118408203
600276,810,127663,55600,72063,5801331.418762207
601888,811,16400,6600,9800,854437.9867553711
601318,811,45400,25000,20400,2450243.0114746094
600887,811,108000,56900,51100,2908525.03490448
600183,812,133800,87600,46200,19229033.94012451
601688,812,26600,18500,8100,487496.9961166382
601288,813,419300,245200,174100,2845306.027173996
688981,813,32388,4467,27921,3939222.783088684
600089,813,51529,2200,49329,929605.2034835815
600276,814,117300,66100,51200,5330124.904251099
601166,814,36500,19100,17400,652081.0266494751
600028,815,170600,24700,145900,902720.9991455078
600760,815,14300,7600,6700,631563.9850616455
688008,571,780534,439399,341135,175263560.94076538
601899,571,3330676,2144600,1186076,105626616.64131927
603259,571,309100,162400,146700,51986432.052612305
600309,689,78200,21100,57100,5535918.956756592
600519,780,24700,7300,17400,30933616.137695312
601288,780,2800000,315500,2484500,18991577.40674019
601857,780,3552300,1408601,2143699,37958313.58203888
600031,781,47500,46300,1200,842162.9779815674
601211,781,178700,105300,73400,3156896.9968795776
601888,781,8900,3700,5200,464554.9934387207
601857,890,293100,74400,218700,3142624.0317344666
601857,891,330100,136100,194000,3537192.053794861
601919,892,154600,81600,73000,2527162.046432495
603986,828,28900,15700,13200,11528643.98803711
600036,828,94900,52700,42200,3855520.0191497803
600031,829,96600,69800,26800,1707620.0233459473
600089,829,116900,99100,17800,2113725.9950637817
600809,831,9700,5700,4000,1111138.988494873
601088,831,58900,36300,22600,2787979.0142059326
600930,832,94500,39400,55100,369889.0077352524
601668,573,1263200,625200,638000,5425380.094909668
601600,573,1163400,723000,440400,10859853.047275543
601899,574,1182200,888900,293300,37460352.3683548
601088,574,150600,79500,71100,7164836.916526794
601600,668,388400,156100,232300,3546260.0482940674
600028,668,80600,4900,75700,428841.0126209259
600519,669,12786,3986,8800,16024066.491699219
603993,669,130200,27700,102500,2294384.0656280518
600150,669,99100,45100,54000,3861634.027862549
688981,671,41304,24962,16342,5016599.157241821
601688,672,24100,6800,17300,442544.01626586914
601211,672,249800,183000,66800,4420015.119743347
600183,673,67900,25100,42800,9767973.902893066
688008,673,52364,21375,30989,11757660.405731201
603986,673,52100,23100,29000,20796548.904418945
601919,673,112780,91680,21100,1852880.4322433472
688041,673,41524,16981,24543,10496959.191589355
688041,674,86132,64331,21801,21790637.15965271
601088,674,32800,16700,16100,1548180.0067901611
601857,675,142100,114700,27400,1521616.9991493225
601318,862,100200,48000,52200,5403206.906890869
601668,865,261700,64000,197700,1123333.0046653748
603259,866,73200,30600,42600,12298573.100280762
603986,879,44700,18860,25840,17815842.158203125
601601,879,45300,17300,28000,1433011.9659423828
601398,881,551700,172800,378900,4464981.1237335205
600050,881,104500,76400,28100,436528.98902893066
601166,881,86400,44900,41500,1546144.9575424194
603986,883,89000,30200,58800,35448410.025024414
600309,883,114100,42200,71900,8179715.040588379
600031,883,166700,140900,25800,2921993.108558655
688111,575,37165,19116,18049,8494838.112304688
600309,792,118100,21700,96400,8359501.914978027
601899,792,382900,233000,149900,12073304.273605347
601688,792,307000,4300,302700,5630385.046958923
600900,792,104600,59900,44700,2935674.957847595
601398,794,160700,140100,20600,1298249.9830245972
600760,794,141500,123100,18400,6268276.909255981
688012,795,20296,5970,14326,7067268.449737549
601127,797,41300,8700,32600,1954707.9959869385
688256,797,52405,49076,3329,58000786.646972656
601012,861,39400,29700,9700,451821.00830078125
601668,576,276600,107700,168900,1187691.014099121
600760,576,38200,28900,9300,1696248.030090332
600406,576,182854,135754,47100,4051500.0596351624
688008,577,778515,437232,341283,176642967.11608887
601988,857,448700,39600,409100,2948355.067205429
601688,857,21100,12900,8200,387314.0110015869
601398,858,330700,180600,150100,2673862.016105652
601628,858,17100,6100,11000,659959.9906921387
600036,858,103100,45700,57400,4184323.089981079
601328,860,302500,209700,92800,2278749.0315914154
600150,578,1592859,527437,1065422,62436701.42527771
600930,578,1044400,225000,819400,4103882.0703029633
601658,578,290000,211000,79000,1544909.9974632263
601166,663,84300,77200,7100,1508283.952140808
688008,664,60443,20027,40416,13649659.282119751
600900,664,169100,121300,47800,4735053.00579071
603993,664,880600,169300,711300,15471268.711280823
600089,665,60100,52400,7700,1085929.9798965454
601688,666,58900,16100,42800,1082085.033416748
688008,666,51085,17536,33549,11530584.215286255
601600,666,279500,183800,95700,2550878.010082245
601601,667,36100,14500,21600,1149008.9960098267
600900,667,66900,33700,33200,1873537.0077133179
601398,667,422000,234900,187100,3399449.1342544556
601127,667,177000,85300,91700,8382807.980728149
601919,579,502600,242500,260100,8218389.208030701
601127,579,434800,235500,199300,20950090.97213745
601600,580,2028800,363000,1665800,18752777.728557587
601088,580,91700,39000,52700,4356717.970657349
601919,844,74300,22600,51700,1214288.0165100098
601728,844,75700,39600,36100,462923.00028800964
603501,845,9800,3400,6400,811796.9886779785
600111,846,38100,24200,13900,1426343.968963623
603501,846,10500,4100,6400,869683.0062866211
600760,847,12500,10500,2000,551582.0041656494
688111,848,4842,2192,2650,1099101.2500152588
601919,582,425384,158200,267184,6933514.385749817
688012,582,101906,68580,33326,35983412.69403076
601012,583,757563,451652,305911,8718740.284852982
601398,583,1781700,743300,1038400,14369249.116420746
600089,583,264000,39600,224400,4783938.158988953
600760,584,35200,14200,21000,1559005.0113677979
603019,584,97300,56100,41200,8209201.970672607
601211,658,28100,20600,7500,497012.0132446289
600930,658,127800,44200,83600,501418.00932884216
600760,658,46700,14400,32300,2060862.9920959473
601688,659,98800,91000,7800,1813890.058517456
601857,659,137600,73600,64000,1474157.015800476
600900,659,93500,73000,20500,2616891.9746398926
688012,659,7240,3790,3450,2534878.2186279297
601211,659,34400,23400,11000,608426.0158538818
601398,660,515600,54200,461400,4145965.9927368164
600183,660,65200,13900,51300,9406788.073730469
600887,660,85000,43500,41500,2290403.046607971
600309,661,47600,20700,26900,3372960.0158691406
600519,662,4000,2010,1990,5012814.914550781
600036,662,23000,20100,2900,937013.028717041
603986,662,25400,13830,11570,10183376.749572754
600028,662,92600,53200,39400,493164.00270462036
600309,894,158500,58600,99900,11341401.091003418
600036,894,96500,43100,53400,3919626.9397735596
600150,896,1048904,376108,672796,40430756.56320572
600276,896,367800,225100,142700,16760953.300094604
603986,586,775400,427700,347700,315818630.2734375
600406,586,98900,41300,57600,2195993.006134033
601211,586,230600,59200,171400,4070357.9181671143
600030,799,139800,34500,105300,3731607.082557678
600760,799,24200,2200,22000,1070823.999786377
601888,799,89200,3700,85500,4649187.948989868
601600,800,2716900,500800,2216100,24773362.580013275
600930,801,230300,155300,75000,902026.0182857513
600030,804,142150,109800,32350,3793899.073982239
601899,804,88000,49700,38300,2768976.930809021
601919,804,99800,58100,41700,1632497.0556259155
601088,804,25300,17100,8200,1196258.992767334
600150,676,59000,22100,36900,2301256.9660186768
603019,677,33200,8100,25100,2778389.973449707
600031,678,30500,25400,5100,540713.9848709106
603259,678,30300,16100,14200,5081632.0388793945
603019,678,75400,14300,61100,6308283.0810546875
688981,678,34334,27484,6850,4172112.2096176147
601857,679,215600,101100,114500,2307930.982017517
600809,679,6200,3400,2800,706544.0002441406
600183,679,80100,32800,47300,11531250.106811523
600406,679,38800,17100,21700,866495.9991455078
601728,679,105000,9400,95600,642693.9901351929
688012,589,80147,30478,49669,28381860.285980225
601012,589,722008,546600,175408,8309871.950820923
600760,589,20400,12700,7700,902058.0078125
600028,868,90300,45500,44800,478142.0069694519
603019,868,29600,8500,21100,2477935.9985351562
600183,869,95400,67900,27500,13682961.798095703
688008,869,57719,31967,25752,12923696.426696777
600276,870,133900,79100,54800,6098981.023025513
688012,870,45134,19265,25869,15735304.442382812
688981,870,33285,11189,22096,4051560.968559265
688008,870,72587,34701,37886,16255123.656143188
601600,876,205600,105700,99900,1876129.0006637573
603501,876,13000,7400,5600,1076174.991607666
601688,877,79800,30800,49000,1464638.0374908447
688008,878,64115,27077,37038,14324230.185821533
600519,878,9500,2400,7100,11892320.935058594
603501,592,62300,35200,27100,5144422.00012207
600276,592,829934,652034,177900,38155689.82130432
601127,592,68700,34000,34700,3290287.9970550537
600030,592,230800,146900,83900,6182326.051521301
600111,592,198900,80350,118550,7456993.530654907
688012,592,109731,20249,89482,38561765.12799072
600519,593,22200,15100,7100,28024615.100097656
600276,594,506800,204400,302400,23312244.12841797
601328,594,178900,111500,67400,1342865.0255203247
688111,782,4065,2233,1832,922885.0169067383
600309,784,50100,25100,25000,3548917.044067383
601919,784,31500,14500,17000,516744.99130249023
601328,784,118500,81900,36600,889765.0232315063
600406,787,127300,25700,101600,2838850.905227661
600030,787,53600,22100,31500,1435438.0374908447
603993,787,533300,199600,333700,9467798.03943634
600930,787,70400,32800,37600,275592.0057296753
601398,595,1930000,1306300,623700,15555716.701316833
600760,596,47800,7000,40800,2122356.978225708
601088,682,24100,13800,10300,1139271.9863891602
600150,683,120400,38100,82300,4690474.978256226
600276,683,158800,103600,55200,7231339.892196655
601601,683,22500,14600,7900,716012.9945755005
601211,684,87800,52000,35800,1551492.0082092285
688981,685,27956,21409,6547,3393382.4754943848
688008,686,27948,16232,11716,6275988.692398071
601127,686,51494,45494,6000,2435901.1708602905
601658,686,191800,127900,63900,1019737.0182991028
601601,687,59000,42400,16600,1879214.0239715576
600050,688,57900,38400,19500,242984.9937915802
603501,893,66700,28500,38200,5519850.266952515
601899,597,691400,357000,334400,21688838.237571716
603501,599,25900,6100,19800,2136651.0040283203
600050,601,201400,165000,36400,845515.9706115723
601166,601,250500,138200,112300,4487836.993408203
601688,601,133900,33400,100500,2468652.0608901978
601919,601,363300,248400,114900,5931512.945365906
688041,601,78353,38920,39433,20109482.23788452
600031,838,303100,32900,270200,5343902.752113342
600150,838,254381,122602,131779,9869695.03673172
601127,838,21100,3500,17600,999320.0073242188
600028,838,2374451,323100,2051351,12584287.717535973
603993,838,71800,39200,32600,1270534.0473175049
600760,839,35400,9900,25500,1561994.9920654297
688012,839,24281,10845,13436,8473112.004608154
688981,839,24995,12625,12370,3041873.957572937
601658,840,374800,91300,283500,1994849.0417003632
600030,842,128300,74100,54200,3430502.9651641846
603259,842,42600,27800,14800,7154444.979858398
601601,842,261700,31500,230200,8284608.941459656
600111,602,196700,44800,151900,7363678.956985474
603259,602,275000,194400,80600,46375280.02624512
601988,603,823100,533200,289900,5396637.024784088
688041,603,226337,124783,101554,57936773.84857178
603019,604,212600,65927,146673,17822902.676620483
600111,605,309700,67500,242200,11584424.196624756
600028,605,2796200,1306800,1489400,14946078.063201904
601166,605,357300,140100,217200,6400277.969169617
601127,606,81500,26000,55500,3888170.018386841
688256,607,35364,15320,20044,39139838.69543457
601888,788,48500,18100,30400,2529940.9622192383
601688,789,147300,23300,124000,2704540.0924682617
600809,789,8300,1700,6600,942949.0104675293
601288,789,171600,120400,51200,1162936.0242843628
601211,790,1567290,163300,1403990,27584041.47792816
601688,790,159100,46200,112900,2919443.05973053
601601,791,48900,35800,13100,1554785.9937667847
601012,609,474800,206600,268200,5479335.985183716
600900,609,302100,248900,53200,8480707.925224304
601658,611,567700,187900,379800,3003130.9876441956
601318,611,139700,61300,78400,7561787.034606934
600887,612,133300,77700,55600,3610636.009788513
600150,612,486000,406300,79700,19026348.03765869
601088,612,56800,19600,37200,2695035.996246338
600519,613,18400,12600,5800,23297080.737304688
601658,833,89900,79100,10800,479058.9958190918
600028,833,112300,90400,21900,596093.999004364
601919,833,51300,12900,38400,839397.0342636108
600028,835,87300,80100,7200,463490.99678993225
600309,836,191700,122800,68900,13686043.092346191
601888,836,16100,2000,14100,840464.9974822998
600111,836,23000,7700,15300,862125.0087738037
688256,614,41290,27512,13778,45529441.091796875
601600,614,144900,123400,21500,1331415.9547805786
688111,615,10542,5863,4679,2395863.5050964355
601211,615,44200,31100,13100,782209.0307235718
600809,615,77700,31400,46300,8968391.97845459
600406,615,166900,111800,55100,3730103.061103821
688981,851,19631,13326,6305,2390811.1410751343
600309,616,851875,619275,232600,60732891.600608826
600050,616,111500,95800,15700,468142.9826259613
601857,617,290700,88300,202400,3133709.9618911743
601919,849,211800,34900,176900,3461003.0366897583
601888,850,13400,7400,6000,700755.0006866455
600900,618,139200,105100,34100,3902857.1187973022
600030,619,106900,48200,58700,2863278.0809402466
603501,619,40100,22600,17500,3297289.981842041
600050,619,142100,107100,35000,596469.9815750122
600900,620,343300,59700,283600,9622327.227210999
601919,853,304600,95900,208700,4975360.005187988
601398,853,232300,34800,197500,1877331.9902420044
603501,853,13400,8700,4700,1110507.0098876953
601899,855,153800,102500,51300,4827268.8943862915
688111,621,6724,5576,1148,1529599.9324798584
601628,621,25800,13900,11900,997315.0035858154
600930,621,167600,9500,158100,658763.011097908
600309,622,311200,229100,82100,22206104.860687256
601318,623,163700,73300,90400,8864241.970443726
600930,623,2455300,129200,2326100,9648159.165024757
601398,624,169000,69800,99200,1362838.020324707
688012,624,19078,13260,5818,6665419.941680908
601600,624,262300,165200,97100,2407850.059700012
600309,624,333000,219700,113300,23758583.197784424
688981,817,28280,16077,12203,3439916.2385406494
600406,817,123100,29100,94000,2752335.070991516
603993,818,1588800,774542,814258,28071593.063926697
600028,818,709400,293900,415500,3755665.040206909
688111,818,33242,3295,29947,7536337.585067749
603019,819,114100,16600,97500,9535466.091918945
600887,820,111500,56100,55400,3007604.9337387085
601988,821,473900,94500,379400,3113764.06955719
600519,625,8100,3700,4400,10211994.055175781
601899,627,250400,201300,49100,7865895.980834961
603986,627,82900,37800,45100,33163989.950561523
601668,628,1547600,289800,1257800,6701448.893785477
601728,628,90500,36900,53600,554228.9980888367
600036,628,167500,68400,99100,6839996.078491211
600519,886,9700,4300,5400,12136640.979003906
601328,886,186000,75900,110100,1403199.0102767944
601628,886,99300,51200,48100,3833038.8816833496
601857,886,501200,199900,301300,5374499.003505707
688111,886,10421,4548,5873,2364610.8858337402
600028,630,1124300,650800,473500,6025594.126987457
601166,630,119300,98700,20600,2136647.981452942
601899,631,344200,154000,190200,10843842.03529358
600930,631,99000,44900,54100,388529.0071249008
600900,632,212900,45800,167100,5970083.128547668
601628,632,75400,43600,31800,2910855.9253692627
600887,634,170500,106700,63800,4605157.03792572
600309,636,98000,44900,53100,6972420.049285889
600050,636,222400,219600,2800,931828.0120849609
600150,637,139791,42500,97291,5461732.871753693
600930,637,104600,96100,8500,410993.00706386566
688981,872,29064,8130,20934,3536696.431488037
600276,873,77100,38500,38600,3512650.0358581543
601166,874,89200,68700,20500,1596474.9612808228
601012,874,101200,40200,61000,1158129.9667358398
600111,638,25700,6700,19000,963061.0176086426
600036,805,47600,22900,24700,1932252.9788970947
601127,805,20300,11100,9200,963008.0104827881
601668,806,366100,78300,287800,1575013.0504131317
600050,806,72200,47700,24500,302272.99852371216
601288,807,1050900,248600,802300,7117079.036855698
688256,808,17823,2200,15623,19724809.518432617
600050,808,41800,5700,36100,174780.9941291809
603993,809,267200,166600,100600,4723430.0662994385
603993,644,872400,53100,819300,15385857.443618774
603986,645,43000,22000,21000,17187000.924682617
688256,645,8100,4113,3987,8980944.522338867
600930,645,110500,30100,80400,433461.008143425
600050,646,62900,51600,11300,263438.0010128021
600089,646,419070,19500,399570,7572136.061611176
601888,646,56900,14100,42800,2976087.999725342
600900,822,74700,43800,30900,2096519.9701309204
600809,822,13700,10700,3000,1567018.9994812012
688981,822,24900,12866,12034,3025444.2035751343
600406,824,61600,47400,14200,1376904.0267944336
600887,825,64500,49400,15100,1738181.0445785522
601688,826,177800,159500,18300,3259412.9941940308
601012,826,117200,106700,10500,1341964.9782180786
600030,647,110300,42900,67400,2951601.0246276855
601398,647,102100,67400,34700,821558.0115318298
603986,648,30400,16600,13800,12145128.005981445
601888,648,40900,22200,18700,2139922.0169067383
600150,649,405400,277700,127700,15772658.155822754
600887,649,78300,54800,23500,2109489.040184021
601688,649,305500,97400,208100,5601165.007591248
601211,649,308900,122100,186800,5465257.183647156
603019,649,37200,25900,11300,3115998.014831543
601166,650,143100,114000,29100,2561198.9387512207
600030,650,148200,92900,55300,3966538.0500793457
600183,650,69000,19800,49200,9980708.8180542
601600,651,135600,110400,25200,1240487.9665374756
601658,651,109800,69400,40400,582634.0037345886
603019,651,20800,9900,10900,1743502.9945373535
600028,651,108500,78400,30100,578003.9991855621
601888,887,63600,26700,36900,3317588.954925537
601288,888,675800,230500,445300,4618019.001197815
603501,683,13100,6100,7000,1084503.0029296875
600519,807,15900,1700,14200,19920161.254882812
600183,570,947937,325600,622337,135347237.31195068
601899,570,6147431,1949400,4198031,194406239.54213142
688981,570,595013,286603,308410,72542714.34919739
688008,570,1645354,1053280,592074,370175277.11099243
603019,653,79600,60800,18800,6678768.972015381
600031,653,250000,197800,52200,4430885.848617554
601012,654,72800,58200,14600,837053.9966583252
601919,655,128200,49300,78900,2106475.0425338745
601088,655,80900,42700,38200,3816743.9601898193
601899,655,150400,30900,119500,4721364.915275574
601600,655,998000,218100,779900,9123940.181732178
601688,656,39100,28900,10200,717774.0215301514
601088,656,28500,10800,17700,1344179.9983978271
688981,656,40070,28281,11789,4878612.71673584
603986,810,101704,16700,85004,40601370.26818848
600089,810,111400,69000,42400,2010461.971282959
600930,810,231600,179800,51800,907354.018163681
601088,810,70400,28500,41900,3330899.0184783936
600900,812,115600,86800,28800,3244603.958129883
601318,812,88000,68600,19400,4751591.067123413
688041,815,75598,13929,61669,19070547.30177307
601288,571,2425600,1195300,1230300,16686541.073989868
601988,571,2023150,797800,1225350,13423237.507009506
601127,689,28200,8300,19900,1334413.0214691162
688981,689,34920,6064,28856,4237649.627281189
601919,781,212200,69200,143000,3487632.0919036865
601328,889,643700,181900,461800,4853164.9919986725
603259,891,102400,52100,50300,17194895.85571289
603501,572,121300,63600,57700,9990799.005126953
600150,572,1289446,612986,676460,51115918.73714447
603986,572,388972,177711,211261,157080292.41201782
601088,572,125000,84500,40500,5931788.986587524
601211,572,333500,168400,165100,5904067.95539856
603993,829,289800,53300,236500,5124076.097869873
600809,829,16000,11000,5000,1833727.0042419434
601127,829,12300,8600,3700,582859.0030670166
600309,831,77300,31400,45900,5498785.980224609
600036,831,127000,68300,58700,5161590.001296997
603501,831,21000,8900,12100,1737541.008758545
600887,831,236600,171400,65200,6378371.924209595
601688,832,57700,16600,41100,1059497.038078308
600519,832,6200,2600,3600,7768298.046875
600050,832,890600,873000,17600,3731438.0469322205
600519,879,26100,4800,21300,32666292.236328125
601398,879,537500,451200,86300,4352887.185287476
603986,573,379500,183600,195900,153224789.20593262
601398,573,2291900,844800,1447100,18537672.262763977
603986,574,509279,150259,359020,205069738.30532837
600276,574,479400,245800,233600,21909929.08554077
601288,670,682800,622800,60000,4628784.129524231
601318,671,224634,176934,47700,12176735.828666687
601658,673,113100,90700,22400,601468.0142879486
600309,674,26600,7700,18900,1885301.976776123
601688,674,223500,145300,78200,4105300.168609619
600030,674,98600,56900,41700,2641530.0758361816
600887,674,41800,26800,15000,1126660.0023269653
600150,675,150100,67300,82800,5854693.947982788
601658,675,359800,62600,297200,1911163.9937400818
600028,862,213400,44400,169000,1129008.9962005615
603019,862,22000,8100,13900,1841840.0268554688
601601,862,61400,46400,15000,1942545.9590911865
601288,863,425700,230200,195500,2905576.015996933
601318,863,84700,50000,34700,4567268.918609619
600183,864,66400,23300,43100,9537897.882080078
603986,865,59300,15900,43400,23647835.858154297
601688,865,100100,37500,62600,1836791.0371780396
600930,865,739700,321700,418000,2891579.064106941
600031,866,144700,86500,58200,2537456.119155884
601899,867,149200,51000,98200,4685389.95475769
600183,879,135607,35600,100007,19404975.646591187
601658,880,233100,216400,16700,1244587.0317459106
601658,881,503900,234700,269200,2688134.015274048
601328,881,293500,128700,164800,2213396.0002422333
601688,881,279100,253000,26100,5122095.120429993
603993,882,232100,134700,97400,4088628.172492981
600036,883,112300,45700,66600,4564490.047454834
600150,883,330300,72702,257598,12749749.439567566
601919,883,202900,108400,94500,3317643.0826187134
603501,883,39500,20300,19200,3268989.002227783
600089,792,79440,28200,51240,1435192.769165039
600050,793,103400,55500,47900,432766.9949531555
603986,794,45700,12300,33400,18256823.895263672
600183,794,60700,28200,32500,8734416.818237305
603501,794,10000,2300,7700,827391.9876098633
603019,795,50492,15292,35200,4226337.504272461
601728,795,84300,8900,75400,515162.0090484619
688012,796,14230,7294,6936,4954934.541442871
600760,796,12300,2700,9600,544484.9933624268
688008,798,28053,10990,17063,6304608.826141357
601288,798,194200,117300,76900,1317849.0116596222
603259,576,378400,158000,220400,63575764.52484131
601888,576,211700,172199,39501,11057461.881881714
600809,576,26600,14000,12600,3014439.981842041
600150,577,1469445,510433,959012,57746323.439331055
600900,577,665800,314000,351800,18670179.41532135
600150,857,104307,38100,66207,4033842.564605713
601211,857,76000,35700,40300,1342093.9868927002
600111,857,40200,17700,22500,1506614.998626709
600111,859,25700,7900,17800,962847.9984283447
600809,860,5400,4800,600,617985.9992980957
601088,861,44000,20700,23300,2082538.0363464355
603259,861,59800,25200,34600,10044417.944335938
603986,578,290400,146300,144100,116767988.57727051
601688,578,220300,109400,110900,4080712.1181488037
601166,578,312100,186000,126100,5587098.892593384
688256,663,31327,12895,18432,34660048.85668945
601988,664,53800,50800,3000,351821.99869155884
600030,664,31200,16100,15100,834761.0036849976
603259,664,68600,31500,37100,11493226.036071777
600309,665,55800,31400,24400,3956371.047973633
600809,665,16800,15700,1100,1912547.0069885254
600150,665,165700,78300,87400,6461586.0023498535
603259,666,51300,19400,31900,8603898.8571167
601899,667,100600,25500,75100,3158863.962173462
603501,667,11600,1900,9700,961628.0090332031
601728,579,348300,127200,221100,2139833.9826107025
601288,579,845700,330400,515300,5804806.030988693
601668,579,8815100,4865100,3950000,37877602.01058388
600050,580,733300,426800,306500,3073726.0117530823
601888,843,17800,4800,13000,928749.9904632568
600406,844,86280,42060,44220,1932157.155303955
601688,844,132000,10000,122000,2420691.015815735
603259,844,39300,28900,10400,6596483.020019531
600028,845,135800,35000,100800,718732.0028305054
601088,845,28800,19300,9500,1361976.00440979
601127,846,64800,20600,44200,3064588.980102539
688008,846,55640,32742,22898,12440455.765045166
601728,846,142500,91200,51300,871586.9964122772
601688,848,95800,59800,36000,1758082.0400238037
600406,581,121900,64200,57700,2700890.9719467163
601211,581,124200,54100,70100,2195836.0374450684
688111,582,42675,13888,28787,9743103.124984741
601668,582,1288671,843200,445471,5536830.733834267
600900,582,742082,217100,524982,20794523.371406555
688981,582,121512,69655,51857,14821534.008392334
600050,582,218970,123900,95070,918723.2818078995
601328,583,550026,493200,56826,4130451.1187267303
600900,584,236600,69800,166800,6627864.0701293945
601600,584,748200,195400,552800,6877829.730129242
601398,658,225600,151100,74500,1815335.0259780884
688012,658,13308,6855,6453,4660706.166168213
600111,659,62400,14900,47500,2339479.076385498
600276,660,811497,88199,723298,36902372.60227585
601688,660,322100,128800,193300,5910532.122802734
603019,660,22365,10600,11765,1874452.7727127075
688256,661,12749,1700,11049,14127984.060546875
603993,661,88400,23500,64900,1554032.992362976
600406,662,46900,12300,34600,1045867.9737091064
688008,894,158627,77594,81033,35476442.58888245
688012,894,72819,35781,37038,25428225.435424805
601688,894,199800,73800,126000,3667068.093109131
600111,896,187300,107600,79700,7008685.772323608
600406,799,38300,30900,7400,855931.0129165649
601318,801,143876,18900,124976,7777767.691345215
601728,801,110900,27200,83700,677871.0080623627
688012,803,24816,4385,20431,8650613.402862549
601601,803,235000,26300,208700,7451122.9164123535
600760,587,58100,13500,44600,2569664.0098571777
601211,587,512500,90200,422300,9038522.686386108
601857,676,121800,93600,28200,1304195.9981918335
688041,676,39293,18917,20376,9944207.717437744
600111,676,22400,9400,13000,838546.9902038574
600900,677,99700,43800,55900,2793687.047767639
600036,677,529500,425300,104200,21552942.29888916
688012,678,18759,12024,6735,6546570.550842285
601288,679,487500,200700,286800,3302382.03663826
601328,679,174000,61900,112100,1305619.0141677856
603986,680,42300,9600,32700,16899021.951293945
601688,588,324000,197500,126500,5957436.7811203
603259,588,174400,101900,72500,29313064.06097412
601127,588,165900,60900,105000,7940843.029022217
600519,588,12659,8782,3877,15922802.301757812
600276,589,184800,82600,102200,8472938.911437988
603259,589,216417,129517,86900,36381644.322128296
601166,868,160500,88900,71600,2871179.898262024
600930,868,239000,175800,63200,934136.0208511353
601211,870,279200,176624,102576,4932939.009284973
601601,871,124500,84300,40200,3945641.068840027
688111,871,16011,2163,13848,3633414.0746917725
600183,590,535200,235500,299700,77444959.61303711
601728,590,678300,619400,58900,4166780.95908165
601211,875,182900,50300,132600,3228683.9416503906
600050,875,95000,76300,18700,396912.9883289337
601288,876,344600,164200,180400,2351814.0184402466
600031,877,320800,130800,190000,5618516.103363037
600111,877,95400,53800,41600,3572621.842414856
600519,877,6000,2700,3300,7511817.053222656
688012,877,36975,28459,8516,12890631.3961792
601127,878,48900,14200,34700,2311379.9655914307
601012,878,104000,60600,43400,1190365.9702301025
601328,592,743200,613600,129600,5574128.0029296875
603019,593,115900,59100,56800,9764366.107940674
600406,593,264500,141100,123400,5887319.050216675
601688,593,144100,104900,39200,2655961.0485076904
688041,782,30586,15507,15079,7769194.995956421
601668,782,44400,19700,24700,191561.0019683838
601899,782,160500,33800,126700,5053323.944473267
600089,783,29600,9700,19900,534968.9931869507
600111,786,19900,14500,5400,745710.0017547607
688256,596,20555,12907,7648,22846213.40661621
600050,596,534000,266700,267300,2240126.9644260406
601857,596,233100,71200,161900,2499460.0136756897
600050,682,78000,28700,49300,326326.9931793213
601728,683,81800,2300,79500,500638.99116516113
600111,684,46700,18800,27900,1747234.9613189697
688012,685,23244,10923,12321,8091678.471405029
603019,686,13300,6000,7300,1112683.017730713
600028,686,120400,98900,21500,640313.0157470703
600519,686,3500,2500,1000,4384704.992675781
601211,687,67100,55800,11300,1186500.0244140625
600183,688,72800,24100,48700,10464004.986572266
601166,893,109100,59700,49400,1951406.9244384766
601899,893,380400,233100,147300,11939875.747680664
601919,597,275500,118400,157100,4505625.13256073
600183,597,399992,231000,168992,57741089.63012695
600809,599,19700,7200,12500,2253479.009246826
688012,600,90276,50732,39544,31558751.59197998
600900,601,506000,305400,200600,14203217.840957642
600887,838,199800,74300,125500,5384823.097419739
603019,838,17900,6600,11300,1496836.0092163086
601012,840,137500,45200,92300,1576877.0225524902
600111,841,115900,30000,85900,4340814.965438843
603501,841,21000,18300,2700,1738768.0282592773
601658,841,83700,49300,34400,445777.00214385986
600036,842,69300,32700,36600,2813361.9499206543
600900,603,534400,258900,275500,15004788.932609558
603993,604,722700,227800,494900,12760385.832595825
600089,604,211700,138000,73700,3825276.932144165
603986,605,119351,54802,64549,47959722.96939087
601012,605,280100,156500,123600,3225516.0999298096
603259,606,108100,36600,71500,18180557.99560547
601658,606,1940400,107200,1833200,10284118.34230423
601318,607,472200,148000,324200,25549140.66581726
601600,607,223600,176200,47400,2049938.0062103271
603259,607,129100,64100,65000,21715374.94659424
688981,607,77666,42511,35155,9403610.428314209
603986,790,51800,17600,34200,20754223.974609375
600887,789,82800,24300,58500,2232349.9614715576
601668,789,206400,95300,111100,890537.0100021362
601919,790,168200,122000,46200,2759564.060649872
603259,791,44700,25700,19000,7485449.949645996
601127,609,92900,55100,37800,4441487.997055054
601899,610,529400,301500,227900,16652296.898651123
600760,610,85500,6000,79500,3779305.009460449
603501,611,31200,19600,11600,2568311.9819641113
601328,611,241300,84800,156500,1807886.957359314
603501,612,31300,8500,22800,2575482.0083618164
601318,833,129600,64700,64900,6990008.973693848
600276,833,49000,22100,26900,2229950.9521484375
688111,833,8179,3174,5005,1857178.883239746
600089,833,71700,52900,18800,1296865.0066375732
601888,834,12600,2400,10200,658437.9875183105
601127,835,22700,14700,8000,1076285.9970092773
601288,835,363000,236700,126300,2474397.033405304
600089,836,83700,62500,21200,1514198.0142593384
601658,836,336100,334800,1300,1791399.974679947
600519,837,5400,2900,2500,6767810.974121094
600150,837,132800,87500,45300,5153887.0807647705
603993,837,167900,40000,127900,2970551.0988235474
601919,837,81300,46000,35300,1329078.0269622803
601127,616,34600,12400,22200,1648047.0123291016
600887,617,154600,29800,124800,4178971.092224121
601127,849,36900,4000,32900,1744986.9903564453
603986,849,36500,17200,19300,14583898.889160156
603019,850,35500,17600,17900,2971145.0302124023
688981,850,20255,7982,12273,2466387.9976501465
601658,851,127600,92800,34800,679759.9988937378
601888,852,25800,10700,15100,1349633.0219268799
601288,618,742900,491100,251800,5049202.084064484
600028,619,411500,282500,129000,2208464.984893799
688012,619,21915,11934,9981,7665332.845214844
603019,619,46100,22400,23700,3868822.013092041
603501,620,57900,52500,5400,4763732.849121094
688256,853,15563,9467,6096,17221994.45263672
688256,854,21481,11109,10372,23767049.842163086
600809,854,13600,3000,10600,1553990.0039672852
600406,854,48100,30900,17200,1077267.9777145386
688256,855,12042,2701,9341,13309333.830566406
601211,621,126000,108520,17480,2229548.8690567017
600406,621,96310,29100,67210,2149714.272327423
600887,621,112100,10600,101500,3027460.0173950195
601857,622,87800,63300,24500,945361.0345840454
688981,622,42928,7388,35540,5205020.911529541
600887,623,179500,120500,59000,4853124.048233032
603019,624,46173,15200,30973,3872726.2518844604
601601,624,49100,19700,29400,1563690.015411377
600050,624,199900,62600,137300,838206.9959163666
600930,816,221900,129100,92800,868920.0178146362
600760,817,25800,6700,19100,1139394.9848175049
601288,818,1098500,1078400,20100,7458613.9630794525
603501,819,12400,3200,9200,1023728.002166748
600036,820,58300,26000,32300,2367349.9881744385
600089,820,39600,21800,17800,714601.9996643066
601919,820,32700,12500,20200,535750.9754180908
688981,820,29577,13859,15718,3592870.449951172
601328,821,85700,44400,41300,644051.008605957
601211,821,41900,15100,26800,735914.9810791016
600887,625,81600,29100,52500,2204872.038269043
601398,625,245100,48100,197000,1975987.0679855347
600809,626,17800,8300,9500,2041838.9793395996
600036,626,76400,67000,9400,3119046.0735321045
601658,627,68200,54800,13400,362690.0086402893
600406,627,404300,40400,363900,9016697.871780396
600887,628,115500,29100,86400,3122588.087463379
601211,628,65500,15900,49600,1158530.0312042236
601658,884,371200,245100,126100,1980947.0277786255
600930,884,233700,88300,145400,912313.0214452744
600760,884,44500,12300,32200,1959694.0044403076
601398,885,455300,338900,116400,3686766.147041321
600050,885,192500,133200,59300,804056.9816589355
688008,886,94910,45107,49803,21183414.64907837
603259,886,84300,41600,42700,14162953.970336914
601398,629,267500,81800,185700,2154193.06974411
603501,629,14900,9700,5200,1228843.9987182617
603019,632,35500,24800,10700,2982428.9833068848
600809,635,10900,5300,5600,1247130.9883117676
601288,636,231100,130200,100900,1568160.0162029266
600900,872,94700,29200,65500,2660304.0185928345
600183,874,81800,55000,26800,11720119.944763184
601601,874,51300,23000,28300,1625596.0250854492
603986,638,45700,22300,23400,18262320.040893555
600050,639,125100,82900,42200,523746.99749946594
601318,640,62000,17200,44800,3356330.0121307373
600406,642,32400,27900,4500,722820.982170105
600028,642,629700,171100,458600,3354718.991279602
601919,642,195500,80800,114700,3206187.9251480103
601288,805,458100,332400,125700,3104661.067342758
601658,806,121900,77600,44300,646846.0040092468
600309,806,46400,33500,12900,3288676.003265381
688981,807,55918,26629,29289,6811096.582771301
600276,807,443400,31600,411800,20159295.18585205
601628,807,15300,9600,5700,589883.0104827881
601127,807,38500,12700,25800,1829672.017288208
601628,809,57300,13700,43600,2208248.9917755127
601600,809,297400,210400,87000,2714392.0141220093
601328,645,334600,218100,116500,2509515.0003433228
600760,822,12100,5100,7000,534738.9949798584
688041,823,53192,20552,32640,13401559.54510498
601398,823,223500,149800,73700,1805374.9713897705
603986,824,37000,16900,20100,14720314.87121582
601668,825,3451580,3072180,379400,14841459.650621414
601988,826,189300,69700,119600,1244398.0152130127
601628,826,74500,44300,30200,2872463.041305542
603993,647,394700,147700,247000,6930879.792404175
601328,647,63400,5700,57700,475557.00130462646
601318,648,252800,29100,223700,13676106.7943573
601688,650,155400,47200,108200,2850508.034515381
601328,650,466200,405200,61000,3496357.996749878
600030,651,55100,38100,17000,1475079.0264129639
603019,888,213000,22600,190400,17786329.161071777
603259,888,109600,48600,61000,18394564.634399414
600760,863,15100,7800,7300,666197.9915618896
601600,570,7197400,3877300,3320100,66823501.82361603
603993,570,6164900,3249400,2915500,110373177.78224945
600406,652,55700,40200,15500,1243641.9925689697
601628,652,51700,36500,15200,1994080.0045013428
600030,652,73800,28300,45500,1975823.0382919312
601857,653,209300,51900,157400,2243671.040916443
600276,654,163503,19600,143903,7457027.727882385
600887,654,54900,5800,49100,1479224.0343093872
601127,655,15000,2100,12900,712322.0123291016
688008,656,62548,30089,32459,14160211.178466797
601888,656,20500,8800,11700,1072096.9932556152
688012,657,13737,6094,7643,4814724.010650635
688981,810,49886,28268,21618,6073885.475967407
600809,811,11900,8000,3900,1359198.0125427246
601668,811,5656900,4028020,1628880,24324338.071346283
688981,811,41956,14189,27767,5108367.098823547
600028,812,164200,11700,152500,868734.9964141846
688012,813,51948,14508,37440,18058494.336029053
600028,813,234700,39300,195400,1241956.0000419617
601328,813,444000,55300,388700,3339433.0041885376
688012,814,20002,8831,11171,6958434.193206787
601318,815,94000,27300,66700,5069467.972564697
601127,815,4900,1700,3200,232476.99851989746
600183,815,68098,17200,50898,9769612.051391602
603019,571,297700,79700,218000,25150952.851867676
601919,689,120100,41600,78500,1971884.0055465698
600028,689,226800,192300,34500,1206231.031036377
601668,689,180900,90800,90100,780587.0104312897
600150,780,875628,400346,475282,34061196.035720825
688981,780,320390,194593,125797,38886184.16521454
600031,780,176500,86800,89700,3127449.875831604
601012,781,56300,16100,40200,646484.9779129028
600089,889,206500,61800,144700,3732072.9511260986
600276,889,108272,62420,45852,4930736.213119507
601728,890,381200,76200,305000,2327753.0189037323
601899,890,430901,136200,294701,13520247.247724533
601328,890,153000,81000,72000,1152900.0120162964
600887,891,56800,33300,23500,1529957.0249557495
600809,892,15933,9800,6133,1815448.014465332
601328,572,1725600,331500,1394100,13015694.139575958
600050,572,6336100,657600,5678500,26515239.608812332
600089,572,425800,109000,316800,7725284.777832031
688008,827,56896,23814,33082,12732174.26397705
600309,827,49900,38000,11900,3539311.0145568848
600089,828,150290,129490,20800,2716563.272972107
601601,828,44800,29300,15500,1419605.0214767456
600900,828,205100,167500,37600,5757281.94026947
600900,829,78000,64700,13300,2189326.9731521606
603019,829,25400,12700,12700,2125166.014099121
600111,829,43600,18000,25600,1633415.9942626953
601919,830,102200,16600,85600,1673081.0682296753
603993,831,294400,249500,44900,5206865.132713318
601988,832,250800,170800,80000,1651972.019958496
601728,832,115100,61400,53700,703875.0001430511
600183,573,622300,362000,260300,89572752.96020508
600031,573,500600,249300,251300,8883942.96092987
600519,573,22700,17600,5100,28511661.1328125
600519,574,16000,13500,2500,20115461.482421875
601919,574,322000,183700,138300,5297569.969749451
601658,574,1169900,376700,793200,6225581.143665314
601888,669,10300,4600,5700,538529.997253418
601988,670,274100,177400,96700,1794388.0301475525
600406,671,61900,28300,33600,1381920.9882736206
601919,671,69200,39900,29300,1136687.0149612427
600900,671,81401,61700,19701,2281386.069393158
601166,672,24600,19400,5200,440533.99505615234
601288,673,357000,184800,172200,2418738.0354881287
600309,673,30900,13700,17200,2190213.9778137207
688111,673,3563,1000,2563,809174.572265625
601988,674,883000,253100,629900,5782964.149141312
600809,674,6700,5000,1700,763060.0036621094
601688,675,34000,25500,8500,624834.9857330322
600887,862,216400,137500,78900,5830518.131637573
600050,862,159900,143600,16300,668361.9730472565
600183,863,73200,47600,25600,10518836.94152832
600900,863,148700,111100,37600,4178094.0481185913
600050,864,173000,127600,45400,723267.9760932922
600309,865,144200,75900,68300,10385618.01071167
601166,865,66800,57900,8900,1194962.9571914673
603993,879,554200,78300,475900,9763466.391181946
603986,880,61160,35000,26160,24375742.24761963
601318,880,160800,73700,87100,8670540.899276733
601318,881,86600,34900,51700,4669809.911346436
603259,881,47600,25600,22000,7992218.948364258
601088,881,21400,16700,4700,1011960.009765625
600809,881,12800,10000,2800,1462064.9993896484
688012,883,48411,20349,28062,16854515.189208984
601012,575,900300,675500,224800,10289917.995738983
603019,575,106700,55700,51000,8997175.06866455
600031,792,105400,81900,23500,1864291.0509109497
601658,793,244100,170900,73200,1298577.0411014557
601398,793,203600,131000,72600,1643787.954711914
601601,793,42700,21700,21000,1356139.009475708
601328,793,125600,103200,22400,945544.0212249756
601127,794,19200,12300,6900,909531.001663208
601688,794,120200,90300,29900,2203110.9872817993
601288,794,163800,109500,54300,1111659.0072154999
688981,795,28564,3170,25394,3465449.190361023
601398,797,184996,107804,77192,1494578.6615600586
601919,798,348500,41000,307500,5717077.905464172
600309,576,437808,92000,345808,30700632.03945923
601318,577,236400,110700,125700,12817045.067596436
603501,577,104200,44000,60200,8584704.997253418
601088,857,24900,16000,8900,1178714.0117645264
601012,857,101640,24440,77200,1165928.8144874573
601127,857,17600,5000,12600,831985.0021362305
688008,857,68552,16779,51773,15361547.352416992
600030,858,145800,113800,32000,3907616.9160842896
600089,859,33200,21400,11800,600470.0023651123
600519,859,5500,2300,3200,6890844.006347656
601688,861,93800,63900,29900,1721869.0504074097
688981,861,44458,16113,28345,5412914.985084534
600887,578,109100,54600,54500,2923748.963737488
601668,663,2979800,2929000,50800,12872458.498430252
600309,663,36500,26000,10500,2587066.000366211
600089,663,92100,7000,85100,1663395.9524154663
603993,665,162800,65500,97300,2862375.9956359863
601728,665,111500,61600,49900,682996.0013389587
601288,666,503500,147400,356100,3410169.0241336823
600809,666,13900,5100,8800,1583478.0044555664
600089,667,41200,32700,8500,744582.989692688
603993,580,1127000,300000,827000,20072195.405578613
600050,843,570000,420200,149800,2382259.910583496
601899,843,174500,65500,109000,5486527.098655701
601899,845,256100,136900,119200,8048903.070831299
600031,846,220300,105500,114800,3871448.950576782
601088,846,20000,11900,8100,945949.9938964844
601288,847,2065800,1823600,242200,14067503.912687302
603259,848,54800,34500,20300,9208166.24143982
600519,848,5800,3800,2000,7271836.9384765625
601658,581,131399,50500,80899,699547.6900343895
600050,581,284600,186900,97700,1194342.969942093
603501,581,42100,15100,27000,3474731.0203552246
601988,582,2226177,272700,1953477,14679211.724767685
600150,584,560173,325873,234300,22003103.91238022
601628,584,109800,49400,60400,4237446.062850952
601857,584,884200,454800,429400,9495426.78823471
601328,584,1969200,721700,1247500,14795903.26051712
603986,661,26335,16900,9435,10558301.118469238
600050,661,94500,85300,9200,395863.0033016205
600183,661,76000,19300,56700,10969128.323364258
601398,895,663400,256900,406500,5362841.00818634
600900,895,379100,190300,188800,10650913.103485107
600309,896,133448,62593,70855,9549941.237243652
603019,896,126168,63568,62600,10534063.59777832
603993,896,700700,260100,440600,12367850.744056702
601628,585,140300,75900,64400,5430426.026916504
603019,585,81900,22000,59900,6915144.017028809
601318,585,264195,167295,96900,14336749.726638794
600031,585,232278,157994,74284,4117066.8057022095
688041,586,237050,137829,99221,61122099.50613403
600036,586,416500,194000,222500,16971987.127304077
600111,586,186345,117445,68900,7001549.246234894
600519,586,19700,7100,12600,24813574.13330078
600276,800,197280,26900,170380,8970519.419174194
601127,801,13100,2300,10800,620470.0038909912
601888,801,49200,6100,43100,2563569.972229004
600760,802,11000,2100,8900,486498.0037689209
601888,803,34700,12200,22500,1806450.025177002
600050,803,45300,27800,17500,189631.99858665466
688111,803,35965,1900,34065,8158142.129104614
600900,804,169200,152900,16300,4751696.999931335
600276,804,61500,22800,38700,2796173.013305664
601328,804,73500,58100,15400,552566.0024166107
600183,587,975300,742950,232350,141338310.47973633
603259,676,36900,14000,22900,6179004.971313477
601012,677,66900,30900,36000,768989.9917602539
601688,677,50600,3200,47400,929554.0370941162
601288,678,557800,455500,102300,3780861.0936164856
601601,678,68000,29300,38700,2162995.9617614746
601919,679,167300,51900,115400,2749085.0589752197
601088,680,26800,16200,10600,1265774.0013122559
600760,680,18900,8300,10600,837652.0137786865
600887,681,65200,42200,23000,1757300.0228881836
600519,681,6100,4500,1600,7641478.894042969
600031,588,189000,134200,54800,3350465.3019332886
600028,589,1410200,119176,1291024,7446206.287193298
601600,868,200600,65800,134800,1830888.0094528198
601899,868,476100,65700,410400,14947899.780845642
688981,868,34984,9025,25959,4257404.6000061035
601658,869,719000,455500,263500,3833227.978372574
600150,869,188964,94928,94036,7294378.9662323
601318,870,136400,79200,57200,7354228.86428833
600309,870,124800,39500,85300,8952453.985595703
601919,871,246600,171600,75000,4031959.0951919556
688111,591,30056,19682,10374,6835674.015533447
603019,875,52600,25300,27300,4400217.128753662
688981,875,92166,60220,31946,11214294.006752014
600028,875,237900,105700,132200,1259548.0151176453
601888,875,12200,7800,4400,636698.9894866943
601318,876,110700,36800,73900,5971140.975189209
688041,877,49363,21919,27444,12451526.470458984
600276,877,102200,46300,55900,4653652.996826172
600150,877,220700,74836,145864,8528217.955917358
601288,877,379700,187400,192300,2591428.0187129974
688111,592,34150,8675,25475,7763856.67124939
688256,594,48328,19426,28902,53680120.314697266
601857,782,1246400,664900,581500,13360694.856357574
600809,783,15400,4600,10800,1753028.003692627
601318,783,35000,12400,22600,1894991.005706787
600031,783,172600,39700,132900,3058868.8905715942
600887,784,276600,256700,19900,7461160.945701599
600150,785,139708,81216,58492,5417324.135528564
603019,785,30200,8400,21800,2532746.9703674316
600309,786,34600,18300,16300,2450404.981994629
603019,786,28400,14700,13700,2379801.0536193848
600519,787,6700,2700,4000,8388048.974609375
603986,595,215900,90600,125300,87064372.62878418
601127,595,202500,102900,99600,9754800.058746338
688041,595,100219,62667,37552,25773314.458892822
601899,596,589400,354800,234600,18489449.955558777
600276,596,313900,150400,163500,14425829.065322876
600309,596,83500,47400,36100,5846919.891357422
601288,682,1170700,798100,372600,7938158.225488663
600050,685,141000,14800,126200,590938.004398346
688041,686,72865,45349,27516,18448352.72038269
688008,687,45557,23777,21780,10233508.40170288
601088,688,41300,28000,13300,1952986.9918823242
601688,893,171200,61800,109400,3142138.0794525146
601688,597,163600,53100,110500,3017108.0947875977
688012,597,60891,37091,23800,21341055.04345703
601919,598,159100,51700,107400,2598919.006538391
601857,598,279900,121900,158000,2999597.0401763916
600276,599,186000,55300,130700,8530686.999893188
601888,600,99900,72800,27100,5248470.0271606445
688981,601,129232,74276,54956,15702224.353759766
600050,838,163000,124500,38500,682585.0005149841
600809,840,7800,4400,3400,893444.0010070801
600036,841,194300,101900,92400,7888178.875350952
600887,841,43900,23900,20000,1182027.00881958
601328,841,162600,162300,300,1224375.034046173
688256,841,17501,7537,9964,19311826.401611328
603019,841,38700,30600,8100,3236277.0042419434
688981,842,42043,26033,16010,5115928.870826721
601398,602,943200,817900,125300,7605292.159938812
601628,602,137900,90400,47500,5332375.904846191
600760,602,15600,6500,9100,691389.0068054199
603986,602,150909,65820,85089,60713186.60266113
601012,602,236200,167200,69000,2713441.942882538
600809,603,103600,85600,18000,11893533.042144775
601398,604,726600,433600,293000,5856485.19859314
601688,604,87093,37986,49107,1606655.9631404877
603501,605,42200,8200,34000,3472323.941040039
688008,605,148651,95422,53229,33570234.67271423
600050,605,82500,47700,34800,346976.99518203735
603993,606,321200,177300,143900,5660711.043357849
600183,608,188500,64338,124162,27129701.026916504
601127,608,55600,35800,19800,2654058.99810791
600887,788,53400,34100,19300,1439757.9704284668
603501,788,12300,2100,10200,1018954.9942016602
688111,789,6687,4697,1990,1519759.3944702148
603259,789,42800,24300,18500,7172399.020385742
601088,790,49900,30500,19400,2361705.014038086
601899,790,358700,219400,139300,11310116.25328064
603501,790,27600,11300,16300,2288225.0122070312
601328,791,161100,140900,20200,1212881.029176712
600050,791,81000,32800,48200,338907.9936027527
688008,609,193405,65204,128201,43552520.20724487
601728,610,861800,228500,633300,5285007.04407692
603993,611,394300,134400,259900,6963436.942100525
601328,612,992800,771500,221300,7446476.010894775
601398,613,933400,758700,174700,7503416.938781738
603019,613,60800,30700,30100,5093174.004364014
603986,833,25300,15800,9500,10104841.995239258
601601,833,43200,16600,26600,1368742.0169830322
600183,834,48100,19600,28500,6907776.00402832
688111,834,4861,2561,2300,1103781.8559875488
600406,835,81500,43500,38000,1826034.9788665771
601728,835,492600,376600,116000,3014999.9559879303
688981,835,29858,15297,14561,3635566.358642578
600183,836,52600,23900,28700,7547576.014709473
600150,836,91307,64255,27052,3542675.5342941284
600900,837,89500,77800,11700,2513938.0109786987
601688,837,30800,9300,21500,565255.0134658813
688008,614,114145,62955,51190,25687161.34272766
601628,614,42000,19300,22700,1624448.9673614502
601919,614,112800,51800,61000,1846230.044746399
600760,614,10400,7900,2500,460004.9964904785
601127,615,95300,35000,60300,4539909.020233154
603259,616,194800,80500,114300,33106805.158996582
600030,617,128700,34600,94100,3447871.0844039917
601127,617,55900,36600,19300,2663805.9566497803
600111,617,92900,64500,28400,3475096.019744873
601888,617,102100,24900,77200,5367439.06211853
601658,849,132400,123900,8500,705606.9920063019
601211,849,1089400,609400,480000,19233922.722053528
600150,849,208200,64200,144000,8055857.9025268555
601288,849,617700,232000,385700,4208857.017755508
688981,849,38734,24445,14289,4717716.123580933
601398,849,309200,21300,287900,2498548.981285095
600030,850,213900,125400,88500,5726020.09601593
601288,850,276900,147800,129100,1887167.0179843903
688008,851,44767,22400,22367,10023837.261932373
600760,851,10600,9900,700,467857.9978942871
600900,852,76200,25900,50300,2139192.982673645
601600,619,294800,194300,100500,2702511.0040664673
601127,620,75000,24100,50900,3567641.0232543945
603993,853,141400,92700,48700,2499146.0247039795
601288,854,569800,463600,106200,3879275.9937286377
600276,854,113100,41500,71600,5165195.0077056885
688041,854,29376,14988,14388,7410526.761001587
601888,855,19300,6600,12700,1008993.9826965332
601211,855,173400,118300,55100,3061462.9556655884
600183,856,130200,59500,70700,18724912.112426758
601288,856,376700,301900,74800,2568346.0475444794
601688,621,206537,73836,132701,3799193.326324463
603986,621,127800,60220,67580,51169728.10559082
601398,621,536800,391200,145600,4327313.174152374
600809,623,47400,8400,39000,5445173.912811279
600089,623,76500,8000,68500,1383387.0002746582
603501,624,10200,4700,5500,839863.9678955078
603259,624,91000,42700,48300,15355321.960449219
600276,624,142000,68300,73700,6468536.016464233
600028,624,794500,620000,174500,4263055.99322319
601211,624,65500,23100,42400,1158271.025276184
688041,624,27120,18768,8352,6916977.356613159
601328,624,116400,111700,4700,875280.9989452362
601857,817,212100,175100,37000,2272904.038143158
600887,817,59300,49000,10300,1598039.0419006348
601728,817,302600,38200,264400,1849268.0309295654
600309,819,28600,22300,6300,2026922.9804992676
601318,821,67900,30800,37100,3659049.988937378
601919,821,284700,30200,254500,4661491.998100281
688981,821,31585,17246,14339,3837917.3772735596
601600,625,519700,156600,363100,4768836.112117767
601601,625,31400,17000,14400,1000184.0141296387
688981,627,66243,35194,31049,8045065.541099548
601127,627,24600,16800,7800,1169017.99659729
601318,628,206500,28400,178100,11169873.946380615
600150,628,249400,107600,141800,9757571.068191528
600930,628,214800,131600,83200,843332.015132904
600406,884,122800,63000,59800,2748117.940711975
601601,885,127100,91700,35400,4026165.030479431
601601,629,62600,14600,48000,1991869.9794769287
600406,629,100100,40100,60000,2232011.984062195
688256,629,13804,8377,5427,15315808.565063477
600887,629,95300,31600,63700,2575240.048980713
601328,630,496800,418800,78000,3731517.0948028564
601668,631,141500,124600,16900,612525.9933948517
688012,632,24854,10174,14680,8730669.280914307
600028,633,649700,156600,493100,3477460.973882675
600276,635,106600,62400,44200,4874947.01423645
603501,635,18600,15900,2700,1534085.9939575195
601668,637,135300,87500,47800,585371.0015296936
600089,637,100500,29700,70800,1816961.9905471802
601166,872,179400,103900,75500,3209768.8974380493
601127,872,22700,12900,9800,1073105.9970855713
600050,873,148700,85300,63400,620931.9901943207
601899,639,280700,96300,184400,8823932.117271423
600276,640,78200,39300,38900,3576490.0539398193
603019,641,100585,77785,22800,8437262.5258255
600150,805,159600,97056,62544,6176362.568412781
600809,807,13300,6800,6500,1518083.992767334
600028,807,2264400,1831600,432800,11999921.398496628
603019,807,23900,11300,12600,2002327.9754638672
601668,808,506500,125100,381400,2174136.009311676
601658,809,151800,40600,111200,804946.0188865662
603019,809,22200,11800,10400,1858247.9934692383
601888,645,25900,13400,12500,1354082.9936981201
688008,645,69797,28522,41275,15748985.866149902
601398,646,342800,306800,36000,2759180.057144165
600036,822,78300,39900,38400,3178448.9696502686
601988,823,860800,555500,305300,5655175.131702423
600111,823,33400,15500,17900,1250128.9730072021
600028,824,192500,49400,143100,1018819.0039634705
600309,825,25100,16800,8300,1779487.0162963867
601288,826,666400,301600,364800,4534536.052322388
601600,826,279800,165900,113900,2551486.961364746
601088,826,33300,19700,13600,1575084.999847412
600887,647,71100,12300,58800,1916192.0440673828
600760,647,22000,10200,11800,970546.9989776611
600276,648,159280,29420,129860,7272847.9931640625
601988,650,404700,232000,172700,2642782.076025009
600809,887,9900,5281,4619,1128914.7186508179
601088,863,38100,18100,20000,1802609.0309143066
600760,821,16700,3000,13700,738144.0013885498
688008,810,72128,28441,43687,16225229.50630188
601127,570,550478,253318,297160,26292289.061561584
601857,652,142500,74600,67900,1529368.945980072
601288,653,459400,396400,63000,3109508.0068588257
688981,653,45302,38802,6500,5511384.820175171
603259,653,26900,12100,14800,4539766.030883789
601688,654,71200,24800,46400,1306768.032836914
603019,654,32800,19800,13000,2752590.032196045
688041,655,49136,21839,27297,12548073.307144165
601688,655,44000,24500,19500,807645.022392273
600183,656,50000,15900,34100,7239825.956726074
601919,657,140700,108400,32300,2313933.0823898315
600809,657,28000,6000,22000,3185266.0247802734
601398,657,286500,242700,43800,2305887.044620514
600050,657,106000,68400,37600,443763.9974594116
603019,810,19200,9500,9700,1606646.9940185547
601166,811,123000,66300,56700,2197948.1018066406
601318,813,201200,61200,140000,10861106.08177185
601398,813,209700,130700,79000,1693585.9659194946
600050,813,44100,21400,22700,184551.99732780457
603501,813,26700,2800,23900,2205510.983276367
600406,814,53200,33500,19700,1189684.0354919434
601328,689,495500,126300,369200,3726277.993583679
688111,689,4653,1263,3390,1056301.8050842285
688012,889,45925,33507,12418,15973809.548339844
688256,889,14847,7966,6881,16358698.084106445
601988,890,621600,125800,495800,4097299.0711688995
600276,891,518840,245640,273200,23655489.102783203
600519,891,12200,3800,8400,15264290.13671875
600930,891,447300,333500,113800,1747805.0394773483
600900,891,276000,208600,67400,7758222.165298462
600111,892,135745,64745,71000,5077909.031562805
600150,892,804671,325418,479253,31038665.421779633
601012,892,308220,29000,279220,3517080.1596069336
601688,827,45900,43500,2400,841782.0064544678
601728,827,125500,76100,49400,767565.9978866577
601211,827,105800,78900,26900,1861452.0259857178
600183,828,56700,32800,23900,8126476.077270508
601668,828,66200,64600,1600,285305.99660873413
600050,829,65000,48800,16200,272188.0000114441
600930,830,64000,46300,17700,250703.00505161285
601328,831,1158100,1051700,106400,8721252.220582962
688008,832,62132,38264,23868,13904612.167404175
600050,863,439900,193400,246500,1838861.9296073914
600309,574,136200,83594,52606,9577720.978286743
601318,668,41800,12800,29000,2262690.0341033936
600276,670,139400,96100,43300,6354595.046615601
601601,670,55000,29800,25200,1751057.0051193237
600050,671,22700,18500,4200,95071.00033760071
600111,672,22600,7800,14800,846120.991897583
601600,674,99300,45800,53500,907067.0218467712
600089,674,61800,14900,46900,1116874.984550476
600760,675,22200,7900,14300,985521.0052490234
601888,863,15700,7600,8100,820769.990158081
600089,864,118820,29800,89020,2149514.8195266724
600150,865,805392,97300,708092,31094635.644973755
601628,865,108500,32077,76423,4187824.987411499
601012,866,116900,41200,75700,1340086.0138893127
601127,867,59100,51400,7700,2794178.991317749
601166,879,43800,19100,24700,783772.9776382446
601728,880,190600,138100,52500,1164529.023694992
600406,881,147700,88200,59500,3303641.1003112793
601318,575,549500,226400,323100,29744026.88369751
600760,575,45300,12500,32800,2011636.9808197021
688256,792,11972,4372,7600,13243123.51953125
600930,793,221400,190900,30500,867583.0171823502
601899,795,96971,34400,62571,3054238.7820415497
600760,797,5700,1900,3800,252384.00230407715
688012,797,18121,8481,9640,6311390.386688232
603019,857,35364,12500,22864,2960589.815246582
688012,857,40908,7777,33131,14274540.91671753
600887,858,58600,42000,16600,1577443.0028915405
688111,861,7623,1504,6119,1731570.7858581543
600760,578,62600,20300,42300,2776345.9259033203
600519,663,10210,4910,5300,12796350.170898438
603019,663,13900,4400,9500,1165381.9641113281
600050,663,77600,57100,20500,324938.99974823
601658,664,86400,71000,15400,459494.0113067627
600900,665,202600,141100,61500,5673626.01890564
600519,666,14300,4000,10300,17922986.010742188
688981,579,148452,50441,98011,18093211.09828949
600031,580,203700,109100,94600,3612021.9163894653
688256,843,7015,3780,3235,7748318.028930664
600900,843,279600,247900,31700,7851478.985786438
601658,843,90200,55400,34800,480418.00174713135
600276,845,38000,16700,21300,1729459.9807739258
603259,845,146020,83520,62500,24534107.822875977
600050,846,424600,79700,344900,1775624.9453544617
601899,847,245900,185000,60900,7733218.144416809
600150,847,123275,85775,37500,4771713.239860535
688008,848,176222,120683,55539,39455081.96128845
601012,848,164200,55200,109000,1882284.0188980103
600031,848,121900,60100,61800,2142383.9765548706
600183,848,118100,91700,26400,16956526.943969727
601888,581,166500,117800,48700,8738947.059249878
688041,581,179524,99032,80492,46046770.51171875
601899,581,1281100,175800,1105300,40474143.04447174
600089,581,388100,205400,182700,7037016.69178009
688111,581,30567,9402,21165,6989299.8037109375
603501,582,53512,23412,30100,4413362.142791748
601166,583,211339,76700,134639,3782379.615913391
601919,584,387900,148100,239800,6323341.495307922
600036,658,67000,31700,35300,2729844.055557251
600050,658,118700,82800,35900,496993.9985752106
600030,661,78600,13600,65000,2102686.003112793
600050,894,335400,167700,167700,1400294.9840068817
688111,895,25737,11071,14666,5833888.953262329
601600,896,631900,395700,236200,5766885.018253326
600406,585,123900,64400,59500,2751255.99193573
688041,585,271222,159848,111374,69622914.55645752
600900,799,231700,91600,140100,6508719.041442871
688041,799,29383,19369,10014,7441263.413146973
601398,800,410100,321300,88800,3313759.972190857
600036,801,160200,99100,61100,6512210.986328125
601318,802,564300,20200,544100,30490532.69958496
601899,802,123200,79500,43700,3875217.985534668
601211,803,608001,96200,511801,10671629.20359993
600519,676,4600,2343,2257,5764047.543212891
603993,676,209700,56000,153700,3697795.855331421
603501,676,11200,2500,8700,927368.0206298828
600930,677,118300,65400,52900,463207.00953006744
601211,678,72400,59300,13100,1281349.0522384644
601601,679,35500,9300,26200,1128992.9750442505
688041,680,68132,34959,33173,17247712.743927002
688012,680,17248,7731,9517,6015605.784637451
601899,681,203800,74350,129450,6414040.370464325
603986,681,67399,19700,47699,26896986.81680298
601628,681,23000,10600,12400,889653.9867401123
600406,588,85800,17900,67900,1904081.0499191284
601888,588,87700,24200,63500,4592171.971893311
600809,868,7100,2500,4600,811744.0048217773
600276,869,91200,44900,46300,4153607.007598877
601888,869,24800,11600,13200,1294668.0000305176
601628,590,128400,69500,58900,4954988.968658447
601919,590,390360,251400,138960,6392393.091011047
600809,875,14900,8900,6000,1703942.9977416992
600276,875,234020,133620,100400,10658188.610916138
600030,877,176500,137600,38900,4731159.892463684
600887,878,244500,154100,90400,6598114.922523499
601688,592,148400,76700,71700,2731645.96824646
603986,782,50900,15800,35100,20363662.127685547
600111,783,22700,12200,10500,850389.9917602539
601601,783,49200,19400,29800,1565762.9899978638
600519,783,6500,4000,2500,8132294.030761719
601728,783,273000,185800,87200,1670484.9797725677
603993,784,633495,449900,183595,11236631.169071198
601088,784,42800,24400,18400,2026444.9928283691
601328,785,143300,82400,60900,1076516.0121440887
600030,785,48210,20200,28010,1291167.835483551
601601,785,42500,37800,4700,1352853.9985656738
601211,785,199900,109888,90012,3531842.00630188
601688,786,38900,31800,7100,714522.0310211182
600036,786,84900,54900,30000,3450819.058227539
601668,787,182000,69900,112100,785119.0055847168
601628,787,25900,3800,22100,1000404.9896240234
600760,787,23100,16600,6500,1022646.0094451904
688981,595,134073,44829,89244,16292553.460983276
603259,596,230100,102800,127300,38698532.165527344
603993,596,466700,207800,258900,8229119.870567322
600900,682,52100,31100,21000,1460674.042892456
601398,683,163100,44700,118400,1315033.0360412598
600031,683,53900,4100,49800,954609.9515914917
601318,683,47500,37500,10000,2574538.0084991455
601628,684,29700,22300,7400,1148646.9928741455
601988,684,68800,35300,33500,450993.0043697357
600519,685,3600,2200,1400,4509593.029785156
600406,686,21000,16700,4300,468676.9926071167
688111,687,8118,4139,3979,1843303.9759521484
600030,688,138530,114600,23930,3711074.5158958435
601688,598,239600,122500,117100,4417690.115737915
601328,598,477700,84300,393400,3588042.096567154
600519,598,5200,2600,2600,6556271.911621094
601398,599,737300,352600,384700,5938791.22133255
601328,599,187700,89400,98300,1408644.0204620361
600760,599,21100,6400,14700,935275.0228881836
688981,600,156902,40162,116740,19066597.614601135
688041,600,125847,50947,74900,32331219.809570312
600031,601,248300,131300,117000,4397444.840049744
600809,601,32000,9500,22500,3654715.044403076
688256,838,10235,1333,8902,11306017.169433594
688012,838,10312,5819,4493,3599611.797515869
601668,839,550800,97500,453300,2369415.080881119
600406,839,73425,34100,39325,1643972.7048873901
600760,840,277942,9000,268942,12258096.476837158
601088,840,25000,12400,12600,1183240.0318145752
601857,841,140600,112400,28200,1508393.9542770386
688012,842,47538,35096,12442,16599404.304260254
601888,604,156300,96100,60200,8235824.921417236
601628,605,143900,64500,79400,5570255.033493042
688041,605,60433,30920,29513,15489766.322296143
600406,605,125600,78500,47100,2801546.933364868
600760,606,23300,6000,17300,1031062.98828125
688041,606,81124,45255,35869,20782004.580169678
688111,606,29173,5508,23665,6618532.036193848
600406,789,35800,29000,6800,798629.9793243408
601728,607,200700,55300,145400,1230844.009256363
600111,607,374287,327587,46700,14012909.049293518
600930,607,229300,105200,124100,902201.0143041611
600150,608,1105596,605240,500356,43149276.85750961
601166,608,322300,100000,222300,5763425.746154785
600309,788,73478,55878,17600,5201266.174499512
600276,789,73500,33200,40300,3350049.005126953
600028,789,256100,197300,58800,1366986.0256195068
688256,789,12728,5002,7726,14095920.546875
601166,789,101800,69600,32200,1821361.9415283203
600309,790,37400,23300,14100,2652239.047241211
600183,790,69700,33800,35900,10042557.96508789
601012,790,48900,38500,10400,560779.0106773376
600028,790,311100,288400,22700,1661047.042274475
601166,609,458800,184400,274400,8202383.993530273
688012,609,71633,20786,50847,24937169.742156982
603019,610,205900,99400,106500,17231214.210510254
600028,610,301500,138800,162700,1608383.0087661743
601127,611,39800,17000,22800,1901216.0076141357
600183,612,217600,62700,154900,31249099.139404297
600900,833,163100,152800,10300,4578196.949768066
601899,834,146900,73400,73500,4613205.956459045
601628,834,27600,8000,19600,1064410.0200653076
600150,834,189400,81800,107600,7348682.973480225
601398,834,89500,56400,33100,723724.0060806274
600036,835,96600,40000,56600,3922426.9466400146
688256,835,2007,1117,890,2220054.212158203
600900,836,335900,319400,16500,9434469.02923584
600809,836,13800,6300,7500,1580731.9961547852
600309,614,482900,296200,186700,34316286.67602539
601668,615,891200,741800,149400,3867706.1336040497
600028,616,1551000,1289500,261500,8331048.902273178
601318,616,198300,131300,67000,10740320.923995972
603259,617,145100,70500,74600,24585565.97290039
600887,849,139900,23200,116700,3766126.0110855103
600406,849,42600,19600,23000,953756.972694397
600036,850,135400,66000,69400,5496289.95475769
688041,850,43986,18481,25505,11098483.094177246
600309,851,119100,63000,56100,8517389.901733398
601899,851,878000,191200,686800,27573823.77090454
600809,851,9600,4100,5500,1097646.997833252
600150,851,209848,71200,138648,8118735.612258911
600406,851,141700,57100,84600,3173233.9265823364
601601,618,88000,58600,29400,2800966.9916152954
601288,620,260500,191400,69100,1770709.033870697
601988,620,943601,395401,548200,6190073.514851093
601211,620,116562,41162,75400,2060809.1954116821
600111,620,55900,25900,30000,2092910.9828948975
603986,853,28800,12843,15957,11494521.984863281
600519,853,5200,2900,2300,6515066.052246094
601012,853,58912,49100,9812,675622.5334854126
600760,853,14600,8400,6200,644256.0031890869
600150,854,152800,92300,60500,5906092.11769104
601728,855,137200,89000,48200,837810.0072860718
600050,855,1274500,318800,955700,5327372.7821826935
688256,856,10725,5381,5344,11854837.471191406
600760,856,13600,12800,800,600382.0083618164
600028,621,474100,387600,86500,2545051.967191696
688981,621,69802,33911,35891,8472966.895103455
600183,623,191201,130101,61100,27703110.9586792
688041,623,43180,15228,27952,11010534.095962524
601899,624,165100,98000,67100,5185875.976753235
600406,816,78500,36600,41900,1755486.0530853271
600519,818,6900,3000,3900,8645338.977050781
601398,819,602500,518400,84100,4867850.946044922
600111,819,45100,15500,29600,1688213.985824585
601888,819,24000,12300,11700,1252172.9808807373
600809,820,14800,5800,9000,1693374.0058898926
601398,820,733400,280600,452800,5928408.002090454
601888,820,21500,12100,9400,1122169.995880127
603019,821,61400,40900,20500,5129730.068969727
688012,625,15777,8620,7157,5518959.584197998
601012,626,365900,31000,334900,4193524.021053314
688256,628,11413,8401,3012,12658947.55102539
601899,628,187400,141500,45900,5890941.0791397095
601919,628,154700,105100,49600,2534012.9583358765
600809,628,14700,7900,6800,1686977.9975891113
688041,628,24776,8494,16282,6319413.897354126
600028,884,380300,163200,217100,2013419.022846222
601166,884,139000,120100,18900,2487910.9426498413
600183,885,161415,51700,109715,23108808.35510254
600887,886,135800,81000,54800,3659112.0651245117
600150,629,451506,153200,298306,17637617.523765564
603259,629,68320,38220,30100,11533068.067016602
601888,629,51500,15700,35800,2699442.974090576
688041,629,22808,13096,9712,5819074.806671143
600406,630,48400,16000,32400,1079153.9934158325
601688,631,62500,52500,10000,1148649.9643325806
601127,631,35100,20600,14500,1669806.003189087
600036,632,72900,32500,40400,2972365.979385376
603993,632,113600,82300,31300,2010477.0811080933
600050,633,74000,38900,35100,309708.9962005615
688008,634,106980,50324,56656,24211935.815948486
601668,635,97500,45000,52500,421650.00557899475
600111,635,50400,2600,47800,1889879.0161132812
600930,636,64000,50200,13800,251382.004404068
603993,637,370600,59700,310900,6556848.156929016
600406,873,66800,28800,38000,1493936.0473632812
601088,638,28100,12900,15200,1332771.9821929932
601127,638,30100,12500,17600,1430360.9832763672
601088,639,29300,14800,14500,1389689.994430542
600519,640,11500,4400,7100,14450435.05859375
601088,640,75600,20500,55100,3584623.959350586
600760,640,9600,5400,4200,424412.9955291748
601012,641,123380,81800,41580,1417653.1721496582
601600,642,240000,214800,25200,2198147.957611084
603019,642,38100,17200,20900,3197920.024871826
601728,805,58900,11100,47800,359990.00511169434
600760,805,19500,6200,13300,862971.9890594482
601318,806,109300,67400,41900,5900345.069503784
600930,808,214500,181100,33400,840506.0166835785
600309,808,33400,14300,19100,2366403.9741516113
601919,808,254300,101300,153000,4163995.036315918
600183,808,76300,31000,45300,10997205.993652344
688256,809,33677,7010,26667,37241098.857666016
688256,643,20140,9088,11052,22326608.389160156
688012,643,22496,11581,10915,7890098.686309814
600089,643,96200,7500,88700,1739312.9930496216
600406,644,79800,47100,32700,1780010.949897766
600031,645,143000,131100,11900,2537822.9902267456
600111,645,51500,18700,32800,1929901.0284423828
603259,822,33700,16500,17200,5654632.051086426
601166,822,84900,49900,35000,1515964.0438079834
601012,823,142500,107700,34800,1631276.964855194
600900,824,172300,116400,55900,4836167.940711975
688981,824,15714,6144,9570,1909418.3133850098
600111,824,38300,13600,24700,1433740.9923553467
688111,824,3560,2071,1489,806985.6026000977
600050,825,217400,196400,21000,910696.0076332092
688012,826,23620,11568,12052,8231531.7515563965
600031,647,154400,40300,114100,2738916.961479187
601728,647,113500,54800,58700,694033.0015659332
601919,647,63500,43200,20300,1043102.0147323608
600276,647,75200,39800,35400,3435878.96194458
600031,648,469900,24300,445600,8326814.681625366
601288,649,597400,385300,212100,4044110.009622574
600900,649,129800,57900,71900,3636277.0429611206
603259,649,44900,14700,30200,7558360.119628906
600089,650,333089,203489,129600,6017769.212053299
601658,650,132700,80700,52000,704117.0053005219
601668,651,210400,146500,63900,910392.999792099
601012,887,363100,33100,330000,4150564.086818695
600150,887,278600,119900,158700,10744987.238693237
600150,888,423568,200704,222864,16335162.58189392
600050,888,316600,194900,121700,1322170.9758281708
