Symbol,minute,OrderKind,events,volume
688111,648,65,119,52373
601328,666,65,65,125230
688981,641,65,264,205103
600276,600,68,245,161200
603019,817,68,414,63600
601601,678,68,66,54800
688008,859,65,327,150577
603259,623,65,529,182900
600760,865,65,88,22600
688012,636,65,416,146811
601728,677,68,17,323300
601988,803,65,194,727600
601318,815,68,79,57700
601628,866,65,200,116416
601600,608,68,188,1175600
601988,673,65,326,625700
600887,674,68,48,37700
603993,793,65,487,1047300
603993,888,65,478,812250
601012,576,68,233,781740
600111,578,68,118,153100
600406,579,65,271,279581
601166,621,65,158,372600
600111,878,68,74,40000
601658,624,68,46,307500
600050,844,68,109,877700
688041,886,68,329,145787
600930,659,68,172,288000
601318,811,68,78,56600
600309,601,65,536,236100
600900,638,65,543,414900
600809,819,65,82,35900
601899,623,65,971,757600
600406,784,65,55,48400
601012,874,68,106,136300
601012,579,65,676,1334100
601899,788,68,153,373600
601088,571,68,243,84400
600809,809,65,59,21700
600760,854,68,24,18280
601601,579,65,516,425900
688256,609,65,440,118280
603259,625,65,521,236920
688041,797,65,468,170324
600089,798,68,29,74500
603501,843,68,33,14000
688008,875,68,229,100423
600760,648,65,83,53500
601398,806,65,536,2354100
601988,841,65,261,328600
601628,630,68,107,39200
603019,656,68,134,47100
601668,817,68,53,362800
600150,818,65,333,329833
603986,883,65,707,149500
688012,609,65,564,220738
601166,808,68,29,203600
600111,894,68,149,102200
601398,622,68,114,1510100
600930,629,68,81,208200
600406,685,68,55,57000
601288,819,68,363,1455700
601318,602,68,214,196600
601127,796,68,43,18200
600050,584,65,246,1949700
600150,801,65,545,438600
600030,674,65,129,184900
601688,798,68,14,16100
688012,642,65,460,194518
600036,596,65,391,228200
601688,891,65,127,282800
601288,804,65,273,956000
600028,825,65,218,700700
603019,663,65,94,32100
600760,617,65,84,40200
688012,886,65,359,125187
601601,831,65,139,105900
601919,643,65,225,295700
688981,874,65,246,210813
601211,864,65,155,237676
601166,886,65,147,218200
600309,681,65,169,90800
603501,630,68,145,26500
603019,574,65,1564,546761
600036,589,65,621,466500
601888,597,65,389,281200
600028,886,68,229,1224815
601601,895,65,275,233300
601658,616,68,93,411100
601211,819,68,32,101300
603501,785,68,57,20753
601088,666,68,26,12700
600519,858,65,58,6900
600036,612,68,81,35900
603019,603,65,445,273927
600760,579,65,224,113929
601088,624,65,165,60100
600760,678,65,65,56300
600309,801,68,62,43400
600150,822,65,294,226689
601628,634,65,148,101200
600030,665,65,162,213300
600030,800,68,89,65700
601398,861,65,221,587600
688981,870,65,195,131806
601728,592,65,251,768100
601857,872,68,89,152500
601166,896,68,185,624400
601211,575,68,152,196886
603019,632,65,154,85700
688008,857,65,425,177699
600089,584,65,366,822900
600111,832,65,974,401000
601601,890,65,437,216000
600030,689,65,119,86300
601888,842,68,11,7400
600406,855,68,46,78300
601888,622,65,199,136399
601012,828,68,85,224704
601398,596,65,566,4389600
600519,833,65,94,10981
603019,585,65,642,272400
600030,586,68,105,263401
688981,643,65,305,248250
603259,781,68,169,95200
600089,839,65,87,118700
688012,807,68,299,104017
601601,871,65,274,150300
600183,874,65,760,230300
600111,891,68,118,104600
601658,615,68,163,888100
601288,868,68,182,560200
600519,824,65,82,11400
603259,646,65,307,111800
600030,624,68,49,160800
601127,885,65,220,82400
601919,818,68,76,63300
600900,884,65,378,470800
601628,585,68,104,86800
600030,579,68,138,344300
688012,629,68,274,96740
601166,635,65,66,146300
688981,611,68,800,439154
603501,639,65,214,101100
601888,607,68,110,115800
603019,680,65,133,40100
601088,587,68,121,67915
601658,640,65,99,591500
601012,688,65,482,423400
601988,683,65,276,604100
688981,818,65,259,188532
600930,645,68,36,175500
601668,625,68,83,1331400
688256,823,65,229,54337
600887,864,65,145,107500
600030,872,65,276,451100
601899,889,65,699,878400
601288,595,68,385,3707700
601398,600,68,118,1291200
601728,801,65,89,149800
601668,837,68,51,1473500
603986,850,65,505,89600
601127,895,68,146,480900
603993,679,65,195,382873
601728,587,65,249,573500
600036,621,65,327,145200
601127,673,65,47,28600
601658,787,65,74,331900
601166,895,65,151,357100
688041,634,68,390,145264
600183,791,65,496,163200
601919,838,68,141,121100
601127,662,68,39,34600
600760,781,65,85,47600
601211,665,65,210,478400
600406,783,65,75,109300
600028,648,68,97,478900
601211,847,68,25,70052
600900,625,68,104,376000
601628,788,68,44,14600
600276,845,65,152,130400
600089,580,68,49,83700
601628,635,68,24,11300
601919,867,65,343,330700
600406,794,65,60,69900
601988,835,68,115,1215900
600930,805,68,41,102200
600760,783,65,28,18300
603986,827,68,195,37700
601919,848,65,345,381100
603986,683,68,132,25300
600030,890,68,142,240700
601988,613,65,605,2345300
688041,639,65,445,176364
600030,784,65,154,293500
600183,863,68,267,100153
601398,647,68,83,444500
688012,808,65,197,68967
688256,579,65,690,179574
601658,633,68,304,1394200
600930,789,65,167,578800
688041,876,65,343,126636
601328,655,68,50,167500
601601,687,65,122,52700
601988,795,68,85,1798900
601127,650,65,188,109800
688008,601,65,1465,593083
601600,658,65,274,757400
601288,813,65,328,1593100
601012,659,65,634,520260
601398,851,68,78,235600
603501,829,65,85,27900
600028,584,68,235,1354799
601988,602,65,839,2216900
600036,659,68,52,31800
601088,619,68,64,26800
601888,649,65,76,87800
601668,598,65,663,6533480
601728,632,65,102,285500
600089,673,65,60,72900
600809,674,65,57,29900
601088,680,68,55,31800
601899,685,65,361,575500
600406,782,65,64,76100
600930,814,65,70,319000
600887,818,68,107,105500
600036,627,65,287,135500
601288,869,65,248,934700
600030,677,65,194,203500
688008,893,68,395,172706
600050,661,68,17,133100
601601,848,65,293,210700
601899,607,68,139,149400
688981,660,65,302,261674
600900,891,68,241,354300
600887,833,65,227,138300
601658,600,68,129,680300
688041,605,68,431,167441
601888,653,68,29,18100
601988,615,68,219,1446300
601600,670,68,106,426900
600031,849,65,308,377800
601888,863,65,55,42000
601127,604,68,142,55900
601398,882,65,279,1819100
601988,828,65,176,1260800
601728,895,65,159,438700
600030,613,68,47,130800
600050,807,68,39,419700
601688,847,68,55,54300
601288,633,68,241,2697000
601888,635,68,38,78040
600089,606,65,259,489970
688111,586,68,381,178777
601166,583,65,327,510800
601600,601,68,98,264700
601166,620,68,27,99200
601600,627,68,63,140600
601688,590,68,69,157100
601857,647,65,200,447200
601728,789,65,91,200700
601166,622,65,233,419500
601211,791,65,418,825600
601166,806,65,120,130500
688256,817,65,249,60376
600036,819,65,463,220000
688012,805,68,377,129272
600030,823,68,51,64200
600309,807,68,60,29100
600760,826,68,14,6900
600406,653,65,131,135900
603501,840,65,112,39400
601899,848,68,155,180500
600309,591,68,166,116100
601628,643,68,40,14100
601012,588,65,784,2053800
600028,601,65,1684,7658870
601398,797,65,487,1334000
601012,571,68,120,427927
600183,575,68,1144,435298
601166,577,65,326,1086900
600111,666,68,40,25800
600031,618,65,352,496900
603993,833,68,73,236300
601318,840,68,42,30700
688981,617,65,697,413773
600900,633,65,436,330800
601988,626,68,76,942300
601288,831,65,510,4308200
600406,842,68,74,39300
601601,788,68,15,36100
600809,847,65,80,19600
601601,680,65,270,144700
601012,833,68,66,151900
601988,855,65,252,1309400
600030,864,65,347,399700
601318,875,68,95,45400
601166,880,68,71,210400
601728,804,68,36,110800
601668,887,68,169,662800
601012,631,68,48,183400
600031,799,68,54,59400
600900,863,65,181,216100
601988,605,65,768,2470400
601628,840,68,50,28100
600031,849,68,88,68200
688111,860,65,113,52793
601919,867,68,81,94400
601328,596,68,87,1171500
601899,884,65,790,698700
601318,826,65,322,303700
688111,857,65,109,48104
600760,800,65,42,37800
601658,813,65,55,373600
603019,867,68,88,25900
601988,887,68,159,1426830
600036,893,65,297,224000
601211,642,65,240,237900
600809,665,68,62,10500
600276,875,68,109,77169
600930,600,68,77,375900
600050,890,65,132,555700
600050,894,68,182,600800
600930,657,65,81,338000
600406,872,68,79,146600
600406,810,65,224,162800
601012,671,65,132,167200
601728,634,65,106,193700
603019,847,65,164,54029
600887,636,65,185,243000
601288,851,65,196,1092600
601728,667,65,103,146800
603259,803,68,94,22400
600031,805,68,53,42100
601211,839,65,129,223000
601127,826,65,119,84600
603993,873,68,140,449200
600900,591,65,893,1329600
600519,674,68,70,9300
600887,875,65,383,318500
601166,629,65,136,650400
600519,588,68,83,11500
600050,850,68,66,523800
601988,844,68,82,488400
688008,809,65,437,188315
600031,808,68,56,45700
601668,810,68,40,250400
600183,597,68,1557,476808
603501,850,65,90,21000
600183,605,68,832,245176
600900,835,68,106,144900
600760,634,65,71,77000
688012,882,68,254,89040
601919,658,68,123,171500
601211,580,68,289,552204
600089,643,65,219,410700
603259,607,68,224,96000
688981,801,68,144,117152
601688,680,65,119,168700
601600,657,65,346,1625400
688981,801,65,341,268558
601988,655,68,54,2238700
601899,826,65,556,629800
600031,832,65,297,527800
603501,858,65,65,41000
600406,829,65,319,393200
601398,800,65,394,688852
601899,894,68,450,539300
600406,614,65,623,683920
600111,586,65,1384,570200
600028,640,68,108,391000
601688,666,65,89,108200
601012,813,65,123,272700
601328,652,65,221,972200
601318,816,65,267,193600
601728,836,65,177,397400
688008,625,65,584,246644
600030,841,68,92,373350
688041,798,68,306,120423
601328,623,68,25,146700
601600,788,68,77,523100
600036,889,68,233,618400
688008,882,65,821,341980
601601,807,65,180,136500
600406,622,65,305,466300
600031,633,65,332,442000
601899,835,68,131,139700
601988,850,68,75,1028200
601668,864,68,96,1328000
688008,879,68,248,123091
601728,597,65,196,944000
688256,845,65,235,56974
600050,672,65,60,309300
688981,854,68,164,119205
688008,863,68,318,137939
601166,606,65,296,537800
600050,626,65,74,343600
601600,635,68,57,125900
603019,676,65,238,165300
600930,687,68,61,144000
688981,794,65,219,176384
601728,835,68,434,623800
601857,847,68,62,258200
600519,638,68,63,6600
601668,619,68,81,663800
600183,660,68,201,77800
688111,803,68,125,53682
600111,601,68,83,188474
600089,895,65,210,273700
601919,836,65,287,369200
601166,647,65,106,92100
600183,826,68,233,73400
601328,845,65,376,573971
603019,785,68,69,26200
600519,656,65,116,13750
600028,658,65,121,296280
688256,585,68,469,108335
601919,608,68,74,302300
601318,662,68,38,82600
600760,813,68,20,73400
600183,805,65,322,100400
688041,615,65,546,209663
600031,626,65,258,596400
601127,604,65,246,130000
601688,577,68,41,87800
601288,628,68,402,3489300
601988,570,68,676,4350200
600030,635,68,50,61000
600406,653,68,36,31600
600276,663,68,194,175900
603019,830,65,121,70300
601658,887,68,84,555000
600276,605,68,154,184300
601601,798,68,25,33300
601668,580,65,276,2334200
601919,884,65,379,280200
600809,683,68,24,3700
600183,636,65,1218,342000
600030,788,68,27,49800
688008,809,68,292,129243
688008,602,68,696,335161
600036,846,68,51,58200
601398,667,68,55,580800
603993,681,68,159,572073
601988,613,68,144,1193100
601628,628,68,46,25900
603993,577,65,1436,3322700
601668,614,65,381,3275400
600150,594,68,127,161500
688008,623,65,551,259883
601899,791,65,486,582100
601288,808,65,284,1935400
601600,577,68,175,1098165
600887,584,68,113,216700
600930,667,68,46,240200
688981,838,68,101,88798
600030,853,65,148,176400
600150,664,68,97,61700
601127,832,65,162,36900
603993,860,65,240,396700
601211,809,68,65,134149
601628,653,68,13,8300
601658,576,68,180,1895900
601127,861,68,38,10200
601166,574,68,105,375700
603019,675,65,247,122800
601211,861,65,88,87500
600183,878,65,494,183807
600930,876,65,201,747400
601012,879,65,144,180700
600183,596,68,758,242365
688008,615,65,749,366672
688008,671,65,676,325283
601919,887,65,418,369822
600036,824,65,173,114900
600036,887,68,107,169900
601919,860,68,38,35400
600406,810,68,50,70300
688256,889,65,311,68692
688012,825,68,225,86671
601166,674,68,47,50700
600050,682,65,34,123700
601988,810,68,191,2191100
600887,596,65,534,630600
600309,620,68,343,199300
688256,607,68,322,81428
600809,602,65,223,71100
600031,619,68,99,132100
601658,841,68,62,1232764
600028,632,65,413,940400
600519,593,68,149,25700
601600,782,65,504,1100610
600887,607,68,116,263400
600050,689,65,56,423200
601899,860,65,629,509300
603259,871,65,258,67400
601728,873,65,354,1154700
600030,889,68,173,173025
601688,594,65,197,352300
600028,793,68,86,528400
600519,590,65,365,51800
601088,841,65,192,64800
603993,800,68,145,246100
601628,800,65,134,52400
600760,826,65,38,164400
601988,852,68,93,394100
603501,599,68,72,23900
601012,659,68,538,387260
603986,884,68,246,61000
600111,862,68,41,25600
600309,625,68,208,182900
601127,833,68,23,10700
603019,879,65,153,90315
603993,586,68,442,961100
600760,805,68,34,28000
600031,609,68,189,456700
688008,819,65,633,261960
688111,785,65,83,57425
601398,571,65,1327,7095260
600030,647,65,195,241700
601857,832,65,166,439400
601899,843,68,106,231000
601857,802,65,189,448200
601688,804,68,23,23400
601012,866,65,100,206300
601601,862,68,46,37000
688012,582,65,674,244585
601658,618,65,117,771600
601919,674,65,225,307700
603259,859,65,226,114228
688256,578,68,407,97399
600276,616,68,121,103300
600089,612,65,188,196700
601888,847,65,89,94200
603259,857,65,224,59000
601318,848,68,23,9800
600276,895,65,398,470000
600887,574,65,452,490800
601328,854,68,63,840800
603501,632,68,181,42100
600030,572,68,127,260661
600930,662,65,278,2016500
600111,679,68,28,13700
601628,869,68,80,47000
600276,618,65,619,478874
603501,630,65,245,66300
601398,631,68,132,779800
601668,854,65,250,3179180
601398,655,65,202,880400
601127,783,68,40,66600
603993,884,68,205,316100
603259,657,68,275,116900
601899,819,65,680,965098
600030,678,65,88,211200
600036,789,68,74,64200
688008,589,68,655,330066
600030,671,68,85,290800
601127,808,68,32,12800
603259,582,68,312,125502
688008,570,65,6010,3606549
600089,781,68,25,68800
600089,676,65,63,154500
601628,781,68,133,67400
600036,672,65,403,274000
603986,658,65,649,119700
601919,683,65,174,188400
601600,816,68,69,102100
603986,867,68,162,41278
600406,578,68,101,91000
600406,600,65,201,226600
600036,792,68,131,156300
601088,842,68,23,15700
601288,843,65,245,1250300
603986,786,65,598,136500
601012,608,68,251,498100
601600,866,65,403,1030600
601988,575,65,1692,6177904
601288,673,65,292,919400
601857,798,65,341,1186100
603259,846,68,300,57600
601668,674,65,75,479800
601988,782,68,64,783600
601688,600,65,293,682800
600030,653,65,127,141200
601127,803,65,374,97200
600150,836,65,231,152600
600519,597,65,161,22200
600036,648,65,361,179300
600900,786,65,153,222300
601857,790,65,365,1250800
600406,857,65,253,148912
603986,879,68,175,43300
601398,846,68,75,393200
601857,685,65,219,448000
601857,853,65,165,329300
601288,798,68,100,311800
688012,577,65,747,295815
601318,621,65,325,252800
603986,622,68,292,99400
688256,676,65,254,61936
603019,799,65,100,55500
601668,861,65,145,434300
601127,885,68,67,28900
688041,663,68,261,116519
601601,830,65,179,165200
601288,875,68,190,1024900
601919,581,68,141,366900
600183,627,68,1066,371500
601288,795,68,107,236300
600030,651,65,110,159815
600887,803,68,60,50500
601211,825,68,47,165700
600809,644,65,127,41000
601398,825,65,254,2231100
688981,785,65,189,131269
600519,843,68,41,6100
600150,889,65,903,715061
601888,592,65,211,181000
600150,630,65,855,864007
600050,620,68,21,241900
600111,677,68,34,24100
601012,791,68,61,110100
601728,654,68,43,152900
601127,871,68,80,29500
600150,889,68,169,237707
601688,608,68,123,164200
600183,836,68,171,50100
601088,662,65,233,101200
688041,663,65,409,180560
601601,581,68,126,174100
601166,682,65,79,85000
600111,824,65,103,80000
603019,865,65,133,50900
601888,639,68,71,25500
603259,867,65,278,72300
600519,615,68,58,8700
600406,597,65,343,290400
601988,620,65,689,3027700
603259,598,68,263,69000
600030,599,65,188,287710
600887,650,65,228,265100
603986,604,68,404,114100
601628,852,68,23,12700
603259,812,68,94,26100
601857,878,65,450,846900
603501,628,65,93,60000
601166,832,65,97,100800
601668,883,68,142,531100
601127,865,65,173,70200
603259,600,65,854,281400
603501,606,65,113,48400
600111,787,65,136,120800
601318,876,68,201,91800
688012,673,65,221,92918
600760,598,68,43,38200
688008,603,65,1409,812095
600111,817,68,39,23500
600276,614,68,248,161060
600030,676,65,95,198600
601398,836,68,64,772600
688256,669,68,249,54011
600406,841,65,170,212000
600111,583,65,521,473300
600036,579,65,831,884800
600809,831,68,49,16100
688008,831,65,517,242481
688111,853,68,45,18813
600028,872,65,250,604900
600050,865,65,80,643600
603019,620,65,190,87700
600111,811,68,31,20900
688256,667,68,229,49936
601328,836,68,95,800400
603986,624,65,1065,221300
601398,840,65,310,1044100
600276,889,68,183,119300
601600,895,65,590,1171300
600050,627,68,43,802900
600809,653,68,29,10500
600050,886,65,104,616800
600030,590,68,122,149225
688041,650,65,549,222038
600900,624,65,483,577900
601318,637,65,190,135200
601668,623,68,62,344200
601398,688,65,145,546400
601012,597,68,87,238400
600150,856,68,123,71700
601211,640,68,33,107700
601288,669,68,189,304100
603986,885,68,311,63898
601328,577,65,463,2566600
600276,584,68,247,347500
600760,824,68,15,7800
601166,600,65,156,342900
600183,609,68,508,164735
601318,790,65,214,136300
600150,670,65,291,207881
600519,655,68,60,6940
600028,655,65,134,331010
601628,797,65,137,77600
600809,809,68,38,21300
601628,845,68,39,18900
601919,642,65,322,290830
601601,840,68,72,66000
601658,666,65,273,794000
601088,617,68,59,38500
600406,888,68,105,178000
601288,580,65,651,4066900
601600,649,68,78,250800
601088,828,68,51,41900
603019,584,68,174,82300
688008,891,65,528,222790
603019,892,65,246,93900
688012,638,65,449,161390
601728,625,65,258,650000
601919,644,68,20,54300
601919,617,68,116,67100
600760,596,68,40,37000
688256,850,65,269,62209
603259,574,68,648,205000
688008,682,65,360,151849
600809,787,68,13,2300
601601,795,65,216,101300
688256,822,68,201,45445
603501,600,65,290,72600
600887,580,68,217,445890
601988,881,68,80,527300
603501,606,68,47,23400
601658,853,65,98,370000
601288,795,65,300,1099400
600111,811,65,142,75600
600276,666,68,73,58700
601211,785,65,171,209096
688256,616,68,275,59231
603019,650,68,76,38900
600031,627,65,175,319300
603986,665,68,138,24800
600150,652,68,76,227541
601988,856,68,68,550600
601728,664,68,14,11700
601658,658,65,47,136700
603259,582,65,875,311000
600887,661,65,120,145000
601988,659,65,159,683600
601398,684,68,94,845100
601899,628,68,165,224700
600050,871,68,34,317200
600036,685,65,127,70600
603019,879,68,100,57200
603993,661,65,255,270900
601988,681,68,32,268600
600030,871,68,68,174400
601688,626,68,101,131800
600519,631,68,78,9300
601658,674,65,39,150500
600930,831,68,83,263200
600519,847,65,90,12300
603501,661,68,78,24500
601899,657,65,410,351900
601857,586,68,86,504500
600309,630,65,531,403300
600900,616,68,99,330800
600111,573,68,133,122300
601166,636,68,48,88800
603993,635,65,306,399100
601668,669,65,123,1212000
688256,646,65,334,84579
601728,624,65,89,308400
600406,671,65,111,120000
601127,672,68,16,11276
688008,626,68,371,165908
601166,614,68,44,239200
601688,622,65,108,142300
603986,635,68,446,142400
601601,683,65,76,56800
600809,784,68,14,7900
601988,617,65,366,1605100
600031,641,65,178,249900
603501,807,68,51,17000
601088,808,68,50,30300
688981,591,65,843,772149
603986,815,68,485,106900
601288,817,65,262,1563700
601888,838,68,24,15600
603259,637,65,399,136800
601888,811,68,27,11000
688012,628,65,346,118700
600760,670,65,235,98932
600760,806,68,19,14700
601899,615,65,610,688700
601628,598,65,278,189200
601899,675,68,191,293639
688008,839,68,281,130853
600036,842,65,274,170000
601899,880,65,1053,1365500
600111,789,65,107,136000
603501,794,65,86,53300
600030,882,68,73,118585
601600,887,68,151,614200
600028,796,65,368,696900
688008,599,68,975,390607
688981,829,65,202,146144
600183,846,65,427,136200
688981,893,68,231,311370
688981,796,65,290,192642
603501,645,65,170,77300
600406,854,65,130,173900
600150,649,65,520,753400
600887,830,68,57,41600
601601,641,68,27,13400
603986,872,65,658,123854
600809,789,65,82,23800
601688,836,68,30,59500
603259,676,65,247,61500
601919,649,68,20,59700
688041,794,65,509,214236
600050,832,68,60,748900
600050,865,68,50,235400
601857,827,65,288,464400
603986,645,65,351,72200
601688,855,65,232,345500
603993,827,68,52,98900
601288,576,68,429,4297200
600276,658,68,99,54000
601288,657,68,128,897000
603019,682,65,112,43700
603501,682,68,13,8600
600183,679,68,175,57800
600276,860,68,67,54400
688981,864,65,204,152664
600111,837,68,55,43100
600050,782,65,292,1602500
601398,874,65,257,1396000
601288,655,68,117,678500
601398,795,68,126,532100
601211,821,68,18,31600
600150,595,65,587,591076
601899,632,68,189,273100
601688,860,68,29,30400
688981,873,65,221,170562
600031,598,68,93,269400
601211,683,65,144,228400
601318,685,65,213,159000
601166,789,68,50,56000
688111,793,65,45,17134
601728,575,65,821,2452100
600183,858,68,204,78900
601888,851,65,86,87600
601166,873,65,122,196400
600930,804,65,93,391900
601728,681,65,79,119600
688041,788,68,298,113751
688256,789,65,263,62416
603259,575,68,381,128157
688111,623,68,138,64549
603993,840,68,91,147900
688041,891,65,618,278336
600028,782,65,331,1463300
600760,793,65,29,131200
600887,644,68,97,107900
603501,794,68,28,22700
688008,586,65,3371,1879321
601658,622,65,183,977300
688981,780,68,789,359677
601857,860,68,23,69200
603993,862,65,235,339500
601919,812,65,328,317500
688008,867,68,232,102891
600930,881,68,354,1163800
600150,896,68,325,358730
601857,596,68,82,185400
603993,642,68,90,361400
601012,602,65,649,1138700
688981,645,65,239,172720
603986,790,65,513,113300
603993,881,65,393,487500
600406,570,65,1749,2983294
601668,819,68,114,424100
688981,580,68,273,198676
601318,579,68,337,324600
601601,661,65,97,46500
601166,628,68,52,88000
601888,637,65,703,289800
601728,657,65,250,403600
601668,866,65,163,638400
601688,871,65,211,178400
600050,667,68,18,73600
600031,664,65,230,383800
601012,624,68,55,234400
600089,683,68,147,107643
600089,874,68,43,116480
600030,843,65,154,179200
601899,856,65,740,867100
600050,893,65,121,449300
600760,593,65,80,52000
603019,578,65,598,389633
601919,605,68,43,80600
600406,662,68,27,38000
688256,862,65,157,42509
688008,876,68,259,124361
600150,658,68,114,221800
601088,614,65,204,87400
600050,882,65,115,615100
600519,572,65,325,61700
601919,603,68,42,95800
603986,603,65,1802,489495
601088,604,68,99,40000
603259,587,65,903,355700
600183,684,68,152,54900
601012,870,65,172,260800
601857,649,65,86,101600
601628,887,68,68,59100
600519,633,65,162,26800
600930,685,65,110,389000
601600,620,68,77,601700
601899,864,68,190,176600
600111,585,65,695,502945
600930,876,68,88,548800
603986,792,65,556,113300
600089,668,68,51,38100
601328,673,65,77,304500
600276,808,68,120,182600
601288,828,65,326,1376500
601668,624,68,107,578900
601668,677,68,28,210700
600276,863,68,145,110700
600887,848,68,61,149600
600760,790,68,13,10100
601728,826,68,28,122800
601728,802,65,225,375100
600519,802,65,110,14000
600050,574,68,85,2400000
603019,573,68,238,187000
601628,787,65,121,44400
601728,645,65,106,244800
601318,652,68,51,61700
601600,593,68,170,752500
601628,804,68,37,21500
600028,851,68,194,648900
600031,859,65,407,518800
601328,859,65,288,1626400
603993,594,68,416,1073200
600809,578,65,396,118100
600900,640,65,421,577400
603993,867,68,121,245200
600089,871,65,243,207500
688111,603,68,170,89036
600809,688,65,51,14700
601211,807,65,184,264500
601888,873,68,37,20600
600809,854,68,25,3500
600760,605,68,47,25200
601628,579,65,386,306100
603259,570,65,3584,1499151
601318,878,68,79,42300
601288,891,68,376,2090000
601888,895,65,175,93643
600809,848,65,56,13700
601601,585,65,516,417200
601288,853,65,216,943100
600309,616,65,1486,1236025
600111,799,68,36,24900
600150,627,65,418,353331
601728,785,65,110,157400
601668,886,68,173,1280800
603986,682,65,393,74400
600183,675,65,461,163000
601628,600,65,278,129400
600183,574,68,955,384665
601658,605,65,214,1456400
601888,621,68,29,20100
688008,807,65,453,194654
601127,818,68,81,23200
601628,648,68,63,54600
601688,780,68,165,515200
600930,572,65,946,5528655
600406,591,68,156,237200
601127,664,65,70,42500
600031,570,65,3469,8259024
600089,805,68,36,56600
601628,808,68,60,24300
600276,817,65,191,158000
600519,786,68,67,8180
603501,853,65,64,23700
601166,611,68,58,127200
601328,676,65,97,175300
600028,684,68,63,306100
601211,789,65,274,466000
603259,608,65,989,459900
601888,792,68,35,30800
601127,848,65,133,51100
601601,861,65,167,107300
601688,863,68,31,41200
600900,894,68,285,459300
601127,866,65,238,151500
600030,645,65,78,119900
600111,655,65,112,103700
601398,863,65,208,1368800
600276,786,68,80,72900
600406,662,65,96,122000
603501,783,65,176,77100
603501,787,65,169,93200
601328,577,68,73,750700
601668,593,65,660,6560700
688111,792,68,73,34209
603986,804,65,303,51700
601668,674,68,50,333000
601088,622,68,40,17000
688111,810,68,111,66770
601601,604,65,209,361100
601600,680,68,73,205000
603986,590,65,2102,539082
688012,817,65,275,102888
601600,826,65,406,1292100
600150,594,65,494,621034
688008,591,68,636,362689
601127,850,65,104,51400
601398,862,68,89,540600
600050,868,65,824,2413200
601166,877,68,50,204000
600150,571,65,2033,2359907
601166,795,65,167,104700
601318,670,68,139,69800
601088,666,65,102,41900
601728,788,68,26,109600
600930,857,65,216,885300
600309,787,68,57,20800
601211,672,68,48,100100
603986,831,68,585,80900
600519,832,68,134,15500
600089,621,65,216,241100
601857,673,68,30,207900
601688,804,65,119,141300
600809,590,68,155,37400
601668,589,65,609,9261701
688041,832,65,410,154414
600150,836,68,70,63376
600900,882,68,129,128600
603501,895,68,132,69445
603993,826,65,195,648900
688041,795,68,327,108542
601127,683,65,152,106900
603259,688,68,62,22800
601888,615,65,230,122738
603259,596,65,1023,359820
601127,628,65,239,88700
601127,683,68,43,31100
601728,835,65,463,1071800
601127,859,65,128,55500
603501,830,65,76,26800
600309,861,65,1360,1058500
601658,868,68,101,366300
688256,838,68,172,41488
600309,795,65,168,87800
600036,869,65,359,265500
600930,667,65,145,948500
601318,682,65,204,131300
601628,832,65,91,42102
601688,885,65,283,236200
600309,794,68,98,60000
601600,875,68,111,363400
601127,616,65,512,164200
600809,894,65,94,40300
688256,804,68,232,56912
603259,578,68,284,73100
601166,594,65,218,446039
601600,607,65,354,688200
601328,620,68,287,291900
600089,845,68,29,88000
603019,814,68,395,79500
601288,874,68,143,1078500
688041,885,65,501,201191
600183,895,68,941,301200
600036,788,65,586,594273
601328,798,68,29,122000
600031,879,68,123,98600
600276,882,65,216,222480
688111,896,65,159,65038
688012,883,68,318,126868
600028,681,68,95,394500
601012,653,65,162,329500
601288,654,65,505,1476900
688256,599,65,426,102388
600030,606,65,195,309300
601728,847,68,29,91300
601688,861,65,119,152500
601668,891,65,201,1181800
600406,597,68,55,54165
601658,782,68,34,237600
601628,784,68,39,18800
600111,810,65,87,55800
600031,872,65,335,516800
601127,657,68,34,11000
600900,654,65,323,1109400
601899,780,68,1298,2090227
600276,612,65,396,325400
688981,608,65,551,353131
601628,797,68,32,34600
600031,831,65,350,687700
600050,634,68,77,862400
688981,858,68,153,125145
600309,628,65,634,873900
601857,595,65,522,836800
601728,627,68,54,218500
603259,841,68,124,47445
688111,869,65,119,49946
600309,879,68,97,38100
600406,893,65,167,197000
600900,872,68,137,205929
601988,896,65,137,832900
600900,790,68,72,532900
601888,623,65,112,87000
600900,653,68,136,172900
600760,602,68,38,26600
601211,636,65,106,161800
600276,680,65,256,341100
688256,835,68,140,34378
600183,671,68,221,75200
601398,847,68,91,622900
600809,841,65,61,23800
600050,869,68,58,223600
603993,816,65,163,445200
601658,608,65,484,4554500
603986,646,65,728,263795
600809,678,68,16,5700
601857,686,65,127,328900
600031,885,68,168,138700
601888,889,68,53,43700
601600,686,68,33,109500
600276,883,68,113,75480
600519,612,65,313,42320
600031,628,65,202,400200
601166,786,68,21,29800
600089,798,65,112,181700
601088,652,68,88,44300
600030,847,65,217,218300
601012,816,68,35,87400
601988,583,65,709,3367100
601668,784,65,100,320100
600887,612,68,86,87200
603259,580,65,1604,603200
600050,683,65,378,2854500
600406,875,65,169,155100
603993,686,68,48,86100
600276,859,65,168,177500
600930,880,65,323,682200
600809,585,68,77,34900
601728,599,65,297,1264500
601600,600,68,124,435400
601127,852,68,97,21200
601398,880,65,334,1937900
600809,636,68,45,7200
601600,875,65,365,714700
601398,810,68,159,1600400
600276,611,65,498,347000
600809,577,68,181,49239
600036,662,68,33,17500
600309,579,65,851,400050
601211,624,68,25,53500
603986,600,65,1303,311615
600519,577,65,385,58660
600028,809,68,100,533700
601728,598,68,57,266200
600111,587,65,399,317800
601688,797,68,24,19500
688256,790,68,227,49654
601088,815,68,41,26600
600930,829,68,198,473000
601899,841,68,113,179600
601211,649,68,54,83448
601899,855,68,141,178300
601988,688,68,54,336500
688008,877,65,385,168002
600760,621,65,54,44000
601318,680,68,24,20900
601628,662,68,31,11800
600519,629,68,79,8700
601688,588,68,57,103800
688041,783,65,519,219204
600031,653,65,314,346000
688981,806,65,246,182318
601398,830,68,156,698200
603019,877,68,64,22600
688111,889,65,166,77744
601398,811,65,158,1126900
601658,861,65,525,3078700
601211,585,68,66,78100
600276,875,65,288,249700
600150,789,65,570,431400
601899,649,68,127,94600
600760,607,68,48,70200
601127,595,65,587,487100
601398,689,68,227,320200
601088,625,68,62,50500
601899,660,68,81,95000
600031,640,68,45,133200
600089,683,65,123,151600
688111,801,65,99,46244
601899,825,65,423,654000
688111,874,68,83,36190
600930,681,68,76,338600
600028,875,65,153,762700
688981,587,65,648,502831
600276,676,65,230,270800
603986,889,68,380,87500
601728,873,68,133,686800
600887,823,65,133,68200
601601,626,68,38,33560
601628,641,68,23,5800
601398,670,65,244,1146800
688012,612,68,406,151026
600031,850,65,334,572200
601688,845,65,156,161200
688256,616,65,375,86276
601668,652,65,87,386400
601668,783,65,89,399800
688981,784,65,230,144668
601899,860,68,185,239500
601088,604,65,344,128300
688008,646,65,532,237762
601318,873,68,98,59624
603986,816,68,390,61586
600900,603,65,648,693000
688012,623,68,252,91893
600930,626,65,161,792500
601318,842,65,442,216200
601088,607,65,239,106300
601888,815,65,84,44900
600028,867,68,85,255100
688111,678,68,98,41429
601211,615,68,20,126200
600111,636,65,195,115600
600760,658,65,45,45600
601600,582,68,115,439946
601211,599,65,291,596600
601658,573,65,603,4193800
600089,886,65,165,181700
600050,591,68,44,403900
600809,664,65,53,11800
603501,673,68,44,25200
601899,580,65,1456,2107400
600030,860,65,220,201900
688008,642,68,597,231571
600089,842,68,47,83100
601688,866,68,109,176600
603986,875,65,615,130300
600309,824,68,60,28556
600183,822,68,258,75904
601888,885,65,85,56631
601919,825,65,258,189400
600887,895,68,182,163294
600028,824,68,70,144200
601601,657,68,20,11300
600809,625,65,219,48800
603259,644,68,512,115400
600036,782,68,147,129400
603993,861,68,93,220300
601668,656,68,50,615100
600809,838,68,20,9700
601328,587,65,662,2965430
601328,669,65,104,469200
603259,608,68,368,254400
601658,653,65,68,365700
601127,863,65,162,101000
601668,595,65,621,4987700
603986,846,68,129,20600
601668,887,65,317,890500
603259,790,68,149,40400
603259,830,65,220,65800
601728,675,68,28,45300
688981,684,65,182,137726
601127,649,65,154,99800
600150,671,65,316,280117
601600,852,65,181,301800
600036,863,65,304,183427
601988,653,68,80,546700
600309,675,68,90,41000
600930,852,68,50,244400
600031,578,68,131,170906
601088,862,68,12,4700
600809,586,65,291,85200
601088,572,65,571,291000
601328,781,68,22,372400
601166,789,65,170,360126
600309,610,65,702,786100
601888,588,65,702,299524
600760,849,68,26,14000
600031,878,68,128,253600
601088,596,68,137,69800
600111,599,65,326,280200
600887,842,65,175,97800
601601,679,65,83,46400
601888,575,65,416,369567
601166,820,68,48,206500
600089,875,65,112,137700
601127,647,65,117,32000
688981,854,65,227,171839
601288,595,65,1136,8669600
601088,670,65,180,69700
601899,670,68,120,119700
600406,687,68,22,24000
601628,869,65,192,107500
600900,875,65,207,234800
601628,636,65,93,43700
600050,653,65,56,264700
603259,816,68,73,23600
600519,611,65,572,88965
601658,796,65,59,181100
601328,668,68,126,247400
601658,869,68,157,615500
601601,784,68,21,10800
603501,863,65,72,34700
603993,810,65,222,595800
601288,842,68,185,416500
603993,645,65,436,1088500
601398,603,68,139,1087100
601668,662,68,76,827200
601211,667,68,97,561700
600930,790,68,47,90800
601919,843,68,38,64900
600930,894,65,154,1071200
600036,892,68,141,103500
601899,835,65,382,395400
601328,862,65,129,675900
603993,806,68,95,141400
601211,830,65,166,201000
688981,836,68,140,222174
688111,642,68,187,90790
601012,815,65,92,162300
600887,854,65,290,147400
603501,595,65,131,60500
601328,677,68,36,235300
600036,686,65,208,190800
600089,852,65,144,145900
600050,677,68,19,200600
603501,781,65,383,186100
600930,875,68,255,724100
601728,794,68,75,129100
600028,791,65,285,1024400
600900,855,68,212,261600
600050,633,65,164,1673900
600276,571,65,1324,1242662
603019,868,65,129,80500
600809,858,68,30,11200
600150,587,65,1078,1040334
600050,594,68,40,529100
601166,849,68,47,26800
601166,596,65,280,763500
688256,615,65,454,115641
603986,785,65,719,126400
601857,868,68,37,207600
600111,788,65,119,72700
600930,813,68,76,297800
601988,689,68,201,761110
601600,603,65,622,1287100
600406,633,65,165,315000
600519,669,68,46,6400
601988,666,68,74,491500
600036,802,65,330,171100
601888,671,65,33,28900
600150,871,65,524,306600
601857,586,65,475,1348000
601166,819,65,98,253200
601899,570,68,1609,4525989
601628,820,65,213,193800
601888,887,68,54,33131
601398,654,68,84,874500
600519,787,68,50,8050
600276,788,68,72,71800
600519,844,65,65,10300
688012,650,65,358,130657
603259,820,65,390,98100
601328,873,68,60,444000
600028,678,65,152,523000
601211,576,65,496,1233286
601658,831,65,151,861800
600930,884,65,191,463200
600406,884,68,99,79900
600183,582,65,1795,641922
688981,647,65,236,207663
601088,793,65,105,43300
600050,631,65,83,671600
600030,614,65,213,346900
601398,819,68,131,1150300
600809,682,68,14,3900
601919,812,68,50,75700
600809,590,65,286,85300
601166,818,68,21,51600
603986,808,68,180,28414
603986,582,68,820,194800
603019,588,68,887,232200
601398,656,68,82,668200
600900,853,68,102,170700
601899,883,65,825,693100
600309,656,68,147,100700
603259,666,68,214,59500
688981,597,65,1415,617247
603993,792,68,148,262000
601318,594,68,114,79300
603986,794,68,206,47630
600028,587,68,109,596200
603019,652,65,536,117200
600900,671,68,72,97100
600760,801,68,11,4500
600150,685,65,233,178949
600111,676,65,83,139100
601919,782,65,276,201600
601988,789,68,140,471100
601318,601,65,354,283900
601398,687,65,115,1258300
601318,834,65,202,168600
601658,595,68,220,1492300
600809,587,65,413,162700
601601,593,65,334,250400
601328,797,65,185,296800
603993,865,68,172,377000
601888,857,68,32,16700
603019,883,68,80,37359
600036,888,65,350,332800
603501,574,68,218,134000
603019,817,65,113,114500
601899,595,65,2041,1937700
601166,615,68,43,129600
600111,643,65,132,189600
600519,611,68,215,35145
600930,583,65,269,1429803
600028,642,68,136,1000600
688981,687,68,160,143235
600150,639,68,194,297025
601398,788,68,60,377600
601211,582,65,473,480800
601601,842,65,213,176400
600276,815,68,68,31800
601088,848,65,73,41600
603986,849,68,249,42000
600089,853,65,117,150600
601628,836,68,107,73200
600150,636,65,301,220888
603019,651,68,41,21100
601600,802,65,317,475500
601088,806,68,13,25000
600183,860,68,292,71500
688111,876,65,62,24369
601318,895,68,248,137903
601012,786,65,102,163400
600028,687,68,55,131600
600050,595,65,209,544200
601628,625,65,86,37000
600519,602,65,218,34200
601601,622,68,72,66700
600760,667,65,128,49700
601211,826,68,46,50500
600760,835,65,51,57800
600183,647,65,481,167300
600089,671,65,76,157200
601728,800,68,43,463700
600887,837,68,23,27100
601899,573,65,2283,3192300
688981,573,68,409,358508
601127,612,65,450,136700
688012,806,65,302,104755
600150,884,68,262,253833
601857,620,68,61,535200
601628,609,65,167,202800
600036,641,65,200,105100
600309,785,68,91,53746
601012,807,68,80,103700
601166,869,65,181,182600
600089,671,68,36,89100
688008,878,68,302,135527
600309,821,68,33,14500
688012,659,68,145,58951
603993,628,68,123,261800
600028,606,65,724,3666730
688111,575,65,496,202852
601127,789,65,52,58098
601328,781,65,177,632500
603019,780,65,2200,924500
600760,887,65,93,52600
600900,581,68,271,382400
600111,689,68,34,26400
600930,834,65,103,850600
600930,794,65,141,497400
688111,845,65,140,64095
603993,612,68,137,356100
601127,642,68,58,36600
600030,677,68,85,74400
601668,796,65,118,1351740
600150,617,68,115,95866
600930,654,68,53,241400
601668,888,68,362,1696700
603993,609,68,174,328800
600406,873,65,120,155300
600887,869,68,122,147300
600760,600,68,56,18000
601601,869,68,38,21200
601398,595,68,238,1633500
688111,624,65,172,77656
600406,656,68,24,42700
601668,670,68,43,153500
600089,814,68,42,83689
600030,854,65,153,153700
600031,787,68,37,57800
600519,838,68,72,12100
600519,861,65,88,10500
688981,579,65,765,480468
603019,634,65,142,75500
601988,640,65,163,1140800
600276,680,68,104,83900
601166,837,68,20,74100
601658,857,65,114,1249764
601688,861,68,21,21000
688041,867,68,305,121263
603259,870,65,315,77700
600406,870,65,179,168961
601601,667,68,26,18100
601288,852,68,266,1728300
603019,606,65,565,390500
600276,824,65,141,68300
601888,634,65,101,65900
601899,798,65,339,583500
600111,571,65,987,1001200
601211,620,65,283,412700
600809,814,65,90,40600
600030,842,68,65,78400
600519,620,68,95,25100
601668,575,68,74,792320
603986,784,68,195,34100
601988,683,68,51,354500
600930,683,68,85,363200
601919,874,65,414,495400
688111,783,68,118,75162
601919,877,65,215,246600
601919,788,68,66,55900
688256,804,65,277,73620
688012,855,68,291,104387
601088,791,68,37,16400
688008,888,65,567,302032
601728,782,65,219,629700
600150,818,68,159,160060
688981,886,65,307,248584
601628,822,68,28,10600
601211,596,68,110,248900
601688,628,68,25,68500
600760,679,68,21,17700
600150,838,68,144,99602
601012,852,68,57,71100
601127,580,68,371,276400
601166,783,65,157,176100
600276,803,65,308,175400
601888,679,65,25,29300
600036,629,65,420,201800
601127,860,65,167,45100
601328,784,68,40,208000
688111,637,65,114,49754
601857,641,65,110,336500
600900,822,65,228,166900
603259,889,68,139,54872
601012,790,68,63,132300
601088,838,68,22,8100
603501,593,68,77,31100
601688,625,65,209,265300
603986,861,68,135,25300
601398,875,65,298,682500
601600,573,65,1195,4108900
600050,674,65,53,107300
600900,782,65,251,518300
603993,843,65,208,404300
600150,684,65,189,131535
603986,634,65,777,288000
601328,629,65,92,431300
601601,855,65,264,246600
601328,625,68,21,616600
688008,805,68,399,148401
688008,604,65,1323,691675
688256,656,68,209,48082
600111,816,65,123,94500
601211,684,65,127,209300
601668,886,65,313,1287600
603993,590,65,816,1150100
601857,643,68,73,513800
601127,786,65,82,93700
600036,637,68,90,72500
601088,826,65,107,73800
600519,612,68,114,15920
600031,854,65,605,580800
600036,854,65,245,205500
600309,619,68,277,244532
601888,831,68,42,28200
601857,643,65,390,1191700
603259,808,68,105,44400
601328,676,68,30,106100
600519,809,65,76,13700
601318,888,65,347,225000
600028,784,65,186,901200
688008,815,65,402,194287
600276,626,65,515,389000
600519,599,65,219,30800
688981,623,65,462,314830
600519,655,65,145,19200
601899,679,68,294,531000
600809,793,68,20,3600
600930,808,65,126,295700
688111,594,65,329,150942
603993,607,65,720,1041500
600150,780,65,1846,1230053
600760,665,68,19,10400
600028,611,65,931,3653100
601600,615,65,397,801900
601988,662,65,629,1967300
601088,630,68,60,53475
600089,662,65,264,308000
601628,790,65,109,47900
600519,645,65,169,21700
688256,666,68,168,38505
601398,616,65,583,3263100
603019,846,68,54,14700
600028,624,68,142,1055200
601012,896,68,276,685073
600036,610,65,462,288300
601888,617,68,70,40600
688041,822,68,285,131429
600276,637,65,295,210100
600089,879,68,73,89200
600028,888,68,204,1291600
600900,874,68,117,186000
600111,682,65,103,180800
601688,866,65,256,383500
601628,890,65,135,94400
688981,895,68,252,180019
603501,859,65,58,19100
600887,850,65,198,226000
601688,582,68,130,401800
603993,662,65,320,369400
601658,802,65,470,2971900
600809,640,68,46,16000
688111,679,65,133,62782
601211,808,65,166,294400
600089,881,65,180,174661
601012,810,68,82,201200
601012,782,68,62,120700
600406,624,68,49,88400
600930,642,68,39,175200
600406,651,68,21,27900
600031,801,65,203,218700
600150,860,65,366,352000
603993,866,65,295,548000
600809,787,65,73,31600
601012,883,65,174,319200
600900,861,68,85,126450
600111,881,65,182,104800
601857,687,68,33,191300
601888,785,68,20,6500
601012,653,68,84,96116
601888,648,65,1150,259700
600887,670,68,14,10100
600111,648,68,49,78500
688981,686,65,163,128627
600930,803,68,42,205300
601012,648,65,242,281800
600031,571,68,126,174100
600036,650,65,283,148700
600900,678,65,204,270900
601658,793,65,150,648600
600030,825,65,222,463800
603019,812,68,36,45800
600276,843,68,52,31300
600183,628,65,1243,417100
601012,846,65,118,206300
600276,578,68,235,240000
600519,848,68,32,4100
600031,597,65,416,405445
600111,605,68,112,126500
601012,649,68,36,87000
600031,669,65,259,455000
601857,584,65,519,1494100
603993,587,65,1099,1556800
601888,627,65,175,132700
688256,833,65,115,31322
600111,627,68,43,32600
600183,857,65,510,191325
601600,808,65,255,850000
600760,868,65,70,37000
603019,877,65,166,95500
601628,629,65,164,60400
601166,838,65,134,127200
601688,589,68,98,252200
600028,635,68,237,1224600
601328,788,68,33,182600
601600,574,65,1027,3388500
601899,632,65,649,782900
603993,678,68,70,139900
600036,823,65,210,140200
600809,845,68,36,25800
603019,854,65,100,73400
600406,879,65,127,227900
600276,887,68,103,93475
601628,678,65,101,45400
601857,871,68,43,193900
600089,872,65,175,248700
601919,805,68,70,62400
601601,878,68,48,20400
600930,613,68,54,507100
688981,829,68,133,100727
600276,890,65,248,194940
601398,582,68,356,3187100
603501,616,65,196,89900
601127,892,68,100,54500
603019,607,68,108,38300
688981,580,65,559,335139
600519,642,68,182,21200
688256,840,68,279,71709
600089,860,65,149,107100
600150,679,65,229,142487
601988,642,68,149,2096200
688041,653,68,335,123446
600276,891,68,231,421388
601318,576,68,233,210400
600036,616,68,156,77200
600031,651,68,67,106300
600030,815,65,244,141145
600036,822,65,237,170600
601600,889,65,521,1105400
601012,781,68,51,293177
600150,612,68,95,339900
601919,841,65,390,377900
600930,861,68,214,1072400
600030,608,65,280,490800
601919,604,65,325,254800
601600,639,68,81,345400
601628,621,68,34,35200
601888,823,68,17,5100
688981,848,65,238,173572
603019,888,68,132,84703
688041,585,68,715,283927
600111,647,65,117,114800
601328,822,65,101,758300
600519,872,68,46,5800
601088,630,65,161,83875
600760,653,68,15,15900
600111,803,65,128,85200
688041,783,68,366,172067
601988,864,65,138,580000
688981,796,68,181,165854
601919,868,65,234,317400
600309,688,68,64,22700
688041,829,65,316,104228
601288,622,65,688,3759400
601688,609,65,248,268307
601728,672,65,155,196800
601318,810,65,396,362410
601328,845,68,137,265471
601398,618,68,90,1268500
603501,605,65,138,57200
600809,614,68,159,76400
601919,798,65,568,436700
601012,670,65,209,473200
601628,857,68,85,32600
688981,808,65,305,210957
600519,584,68,139,18050
601318,620,68,92,80400
601288,682,68,178,2738600
688012,815,65,276,110998
601601,685,65,141,60200
600809,848,68,19,7900
600036,614,65,330,241100
601288,780,65,2250,9286000
688111,830,65,119,62789
601318,873,65,314,226100
601600,661,68,42,176300
603993,819,65,280,891100
601658,896,68,425,3337300
600887,675,68,24,21700
688012,638,68,367,131726
688041,659,68,252,98081
601328,589,68,82,537200
601628,572,65,411,344800
688111,606,68,167,78990
603501,597,68,205,38700
600309,673,65,124,59700
600150,867,68,98,66400
601600,628,68,82,111500
601166,677,65,87,96000
601288,824,68,112,1048400
600809,814,68,35,20547
600183,896,68,1071,304600
603993,586,65,1706,2324100
601728,827,65,107,226500
603993,885,68,219,417500
600309,655,68,131,76900
688041,808,65,361,133720
600089,819,68,38,261500
601668,603,68,70,572600
600900,862,68,122,178200
601088,658,68,67,62100
601988,885,65,631,2201600
601127,576,65,1215,792400
601919,592,65,266,285360
688981,625,65,339,238789
688981,851,65,198,168350
601919,855,65,357,321600
601658,888,68,117,506400
688981,678,65,206,175678
600406,853,68,49,34300
601628,884,65,132,161500
600930,676,65,130,824400
601899,866,65,423,449700
601211,628,68,33,111400
601288,872,65,210,1074100
601899,889,68,448,561600
601600,676,65,371,587900
603993,883,68,180,449100
601919,622,68,40,53800
600183,806,65,567,214297
601888,629,65,1270,348100
601601,836,68,95,99400
601601,843,68,135,60000
601211,874,65,119,131000
600089,835,68,37,141200
601628,577,68,101,130300
600309,631,65,744,494400
601888,662,68,42,31577
601088,855,65,133,48200
601728,810,68,29,122700
603259,890,68,180,61600
601728,787,65,171,228900
601658,627,65,74,280200
601899,797,65,462,610171
601601,804,65,203,114900
601127,832,68,36,22300
601318,880,65,376,171800
601166,812,68,55,221300
600031,834,68,112,294034
600760,662,68,16,45500
603986,615,68,768,203500
600276,894,68,227,151700
601857,630,65,265,399200
688012,620,68,353,128483
603501,795,65,79,36000
600111,874,65,156,100700
601688,869,65,101,142800
601688,578,65,249,467042
601601,642,68,62,58900
601600,662,65,593,845400
600900,831,68,84,252700
600031,621,65,325,809700
600089,609,65,219,405700
688111,654,65,126,62567
600900,683,65,128,201100
600150,654,68,80,57600
601127,830,65,163,40500
600809,822,65,67,23600
601728,669,65,206,447200
600900,792,68,79,120800
600309,812,68,65,23600
601628,825,65,211,81500
600183,885,68,353,88585
600406,842,65,245,155300
603993,882,65,362,450600
600887,811,68,51,48400
601288,666,68,191,802600
688111,686,65,90,40236
600089,619,65,149,227900
688981,647,68,169,142181
600809,795,68,47,16800
600276,853,65,370,284000
600150,610,68,210,163454
600276,617,68,122,192500
601899,666,68,147,220100
601857,682,68,30,80400
600036,595,68,113,175700
601919,800,65,260,307100
603259,638,68,129,47500
601127,673,68,23,6700
603259,581,68,293,119400
600089,594,65,278,458700
600031,666,68,88,74600
601600,834,68,68,186400
600309,590,68,282,174700
601211,859,68,36,604400
600036,649,68,117,78800
601658,631,68,36,242500
601601,893,65,402,222800
601600,653,68,60,123600
601628,601,65,220,142000
688981,686,68,134,111453
601728,604,65,133,362100
601899,865,68,224,374500
600030,681,65,100,125300
601888,603,65,400,372300
601318,672,65,294,153200
601328,872,65,460,1389300
601728,611,65,306,605900
601600,596,65,750,2017600
601600,784,68,146,264100
603993,632,65,360,372100
688041,611,65,868,333658
600309,641,68,95,66200
603501,830,68,31,12500
601857,799,65,132,277400
601728,632,68,35,78400
600276,643,68,148,123300
601628,681,65,107,47700
600900,629,68,82,142200
601012,626,68,69,313700
601919,639,65,232,278000
600276,836,68,66,54000
601398,867,68,106,932700
600150,874,65,400,319550
600760,811,68,17,55300
600276,878,68,119,72500
601328,604,65,223,1224100
600519,629,65,171,24100
603259,842,68,62,15300
600031,888,65,510,1076900
600309,614,65,1266,869500
601888,789,68,42,27500
688256,806,68,241,60223
600930,791,65,96,407000
600150,832,65,381,238400
688012,596,65,650,222718
601688,890,68,159,171900
600089,603,65,247,511600
603259,855,68,99,51900
600031,858,68,108,142100
688041,631,68,322,150894
600406,780,65,499,617756
601857,576,65,707,1296300
601688,839,65,91,182300
600760,794,68,39,24600
601628,881,65,89,75500
600309,629,68,237,179493
600406,880,65,108,95100
601988,668,65,212,1446600
600809,589,68,112,29200
601658,791,65,524,3211100
601888,823,65,47,24700
601601,672,68,33,22700
601166,578,68,153,305900
603501,621,68,66,21965
600930,594,68,59,629500
600276,633,65,273,211200
601166,635,68,22,50500
600028,662,68,39,305800
600183,684,65,371,106600
601857,892,68,83,219900
601088,896,65,176,160400
601601,816,65,154,97100
601328,606,65,397,1201000
601600,608,65,644,2251500
601668,629,68,65,676900
600887,664,68,84,59300
601658,834,68,61,301700
601919,841,68,130,147200
600030,601,65,267,327000
603019,875,68,55,27200
688111,633,68,98,47948
603501,688,68,18,9000
601166,812,65,161,191000
601328,672,65,69,460600
601899,790,65,649,699600
603501,819,68,33,15700
601857,623,68,57,505900
601318,896,65,303,222500
688008,621,68,396,183793
603259,651,65,635,127600
600028,829,65,211,661700
601988,874,65,307,2642900
601600,896,65,317,724800
603993,662,68,107,151700
600030,838,65,146,454000
600809,797,65,47,10000
600150,782,65,977,722409
603993,805,65,203,336000
603993,788,65,530,845600
688012,853,68,157,58688
688012,891,65,686,259530
601600,862,68,132,317000
601728,839,68,83,201800
600760,611,65,174,154700
601857,664,68,46,158300
600089,890,65,175,169500
600183,654,65,637,235697
601601,857,68,50,37000
600050,832,65,85,593300
601628,858,68,61,59500
601688,880,65,241,319500
600809,592,65,278,105100
600050,807,65,53,237100
603259,887,68,196,43300
601328,582,65,744,3263400
601728,620,65,135,233300
603501,639,68,110,52500
600809,801,65,76,19700
601211,589,65,249,399900
688111,810,65,145,63340
600760,842,65,152,138200
688111,862,68,120,52923
601318,813,68,188,144600
601398,584,65,1302,4409200
601888,579,68,134,115500
601088,575,65,794,366793
600036,591,68,152,87600
601919,628,68,50,81600
600887,666,68,28,10700
601288,862,65,248,1201200
601668,648,68,57,282400
600887,659,68,144,65400
601601,838,68,88,90000
600183,676,68,339,79200
688012,797,65,266,111445
600028,858,65,318,709500
688111,864,65,92,44069
600111,827,65,96,70000
601601,687,68,28,36500
600519,810,65,79,11200
601728,812,68,40,108100
600309,846,68,187,88500
600031,581,65,397,497100
601328,655,65,114,399500
601919,613,65,240,252500
600111,591,68,169,134100
601318,617,68,131,129500
688981,596,68,226,173077
601600,647,65,392,1017000
601988,670,68,102,463500
688111,585,68,551,229270
601988,614,65,580,2227200
601628,593,68,68,60400
601668,812,68,59,930000
601601,645,68,123,36300
601088,815,65,98,45500
601988,816,65,154,417300
600150,809,68,99,91600
601600,612,68,139,585100
688041,824,65,313,172299
688041,827,65,547,209608
601601,600,68,112,100100
603259,661,68,238,56900
600809,684,65,40,14800
601628,838,65,90,78700
601127,845,65,215,79700
600050,641,65,61,657300
601127,846,68,122,48500
600276,650,65,295,259700
603019,873,68,52,22200
600900,896,68,347,525200
600276,838,68,63,33200
601211,611,68,64,150000
601899,658,65,418,302400
600030,643,65,151,186600
601888,872,68,22,7300
600028,893,68,139,1334600
601857,821,65,95,146000
603993,581,65,1024,3001500
601658,577,68,218,1997000
600406,601,68,69,90481
600887,879,65,339,235900
600030,583,68,95,141300
600887,605,68,225,388400
688012,815,68,222,75853
603986,663,68,128,25700
600309,597,68,103,60500
600089,589,68,66,167400
601658,667,65,322,1296000
600036,805,68,52,36300
601328,896,65,162,1153400
600276,598,65,708,729900
603501,685,65,75,28600
600887,780,65,1146,996800
601919,871,68,75,160200
600900,602,65,375,492600
603993,660,68,80,85600
601601,593,68,56,86300
600111,596,65,377,302100
688256,801,68,269,62182
600760,804,65,37,20500
600930,844,65,153,736500
688981,867,65,239,182415
601688,669,68,62,56400
601668,888,65,254,1722500
600406,889,65,201,220400
601127,821,65,88,29100
601318,844,68,209,55400
601688,622,68,21,80300
688041,809,65,534,210136
600900,675,65,417,289000
603019,819,65,395,117900
600031,821,65,164,204900
603259,665,68,113,31900
601600,824,68,115,136500
601688,830,68,159,256600
600031,660,68,66,258200
600089,601,65,342,746274
601601,643,68,119,58100
688111,817,68,71,38115
688111,822,68,67,30623
601600,859,65,203,799300
603993,625,65,431,562500
601728,872,68,63,259100
600183,638,65,878,262700
601668,596,68,126,1151900
601728,651,68,23,139800
601658,645,65,107,484000
688111,813,68,129,62313
601328,849,65,125,196100
601658,584,68,98,601100
601211,629,68,47,71600
601857,571,68,303,1648606
600028,591,65,613,1601900
600760,654,65,63,33200
601919,872,65,198,248000
601600,614,68,92,291200
688111,578,68,308,127237
600760,617,68,34,11500
688012,572,68,235,115727
601668,583,68,63,845200
600309,787,65,205,83700
603019,836,65,150,92100
601888,590,68,85,60300
603019,815,65,126,40300
688256,573,68,283,75296
601211,587,65,568,575700
600030,655,68,37,306800
600900,669,65,681,837700
601600,793,68,54,129390
601628,816,65,102,46200
601328,837,68,108,503400
600183,842,65,442,123200
601211,672,65,175,296700
601601,844,65,336,228800
688041,571,65,1411,657569
600050,628,68,49,320100
601600,643,65,266,689300
688041,790,68,232,84130
600028,805,68,87,371900
601668,803,68,44,447300
600150,827,65,484,315639
600276,839,68,53,27400
601127,849,65,146,34100
603501,592,68,127,46300
600900,860,65,276,314750
600050,883,68,98,472400
601658,804,65,44,160300
688041,887,65,680,265689
600809,629,68,55,19700
600276,669,65,201,251800
600309,854,68,209,183300
600519,573,68,69,18000
688981,810,68,152,117561
600406,659,68,26,64300
600028,667,65,120,549400
601728,791,65,75,206100
600050,605,68,38,470100
601601,863,68,50,36600
601728,603,68,35,493100
601888,644,65,512,149300
600760,601,65,107,48900
600030,661,65,107,281500
603993,573,68,497,1069600
600809,840,68,27,3900
603986,845,68,108,16700
601888,877,65,49,32900
601166,873,68,35,602600
601857,666,68,62,68000
688008,784,65,585,276477
601668,803,65,91,1086200
601318,893,68,208,94300
601668,882,68,104,620400
601288,619,65,662,3986700
601688,595,65,254,465800
601211,605,65,319,407500
688111,834,65,59,35380
688111,670,65,95,39059
600887,843,68,34,26800
600050,658,65,57,917100
601899,789,65,452,708200
600031,636,65,224,284500
603986,605,65,1197,270393
601166,687,68,24,45700
600111,801,65,123,83400
600089,825,65,134,226290
601328,880,68,81,605900
603019,822,68,60,17400
601328,670,68,37,737700
688041,788,65,464,202068
688256,576,65,708,192665
601688,645,68,97,110800
600028,609,65,398,1827600
603501,848,65,213,104300
601899,851,65,862,1061700
603986,684,68,119,20600
600183,600,68,1559,505500
601628,812,68,66,174500
600900,575,65,1618,1658027
600276,596,65,975,734100
601668,863,65,104,496200
603259,584,68,543,198100
600519,663,68,52,8640
600036,665,65,387,471200
601600,679,68,63,220900
601288,811,65,403,1977100
601288,812,65,413,1192600
601988,628,65,522,2018400
600309,647,68,166,62700
600519,610,68,308,65025
600809,687,65,66,15000
688012,781,65,363,120250
601288,646,68,233,704600
601899,787,65,815,1414800
601600,817,68,55,81300
601658,654,65,61,333800
601211,820,65,200,163200
601088,874,68,47,39400
600760,879,65,62,38000
601166,835,65,101,145100
603259,856,68,111,46100
603259,687,65,235,95200
600309,664,68,111,29400
601628,803,65,226,93500
601328,631,68,136,666700
601688,820,68,25,67100
688111,670,68,88,37779
601919,626,68,28,37000
601728,827,68,28,78700
600309,792,65,248,127400
600809,890,68,55,20673
600030,781,68,86,225500
601318,611,68,102,127000
601888,650,65,92,95177
688981,653,68,254,220176
601668,814,65,252,2443300
600111,826,68,43,28400
601857,842,65,280,539000
601088,883,68,70,32900
600111,855,68,46,154100
600030,681,68,31,60500
600028,680,68,111,470200
603986,795,65,446,96500
601628,809,65,173,72500
600050,678,68,21,50900
600050,630,68,47,194300
601668,643,68,30,131800
600406,620,68,81,106500
600028,633,65,379,1131700
688981,869,68,204,179610
688041,892,68,301,119197
601688,656,65,97,118300
600183,788,65,610,178700
603993,875,65,335,472500
688008,571,68,599,332868
600150,865,68,296,404036
600028,688,68,180,410400
601600,685,68,42,119200
600089,602,65,456,582798
600276,802,68,137,90000
688008,602,65,1151,602203
600519,637,68,125,17700
601688,827,68,41,112300
688981,878,65,258,207721
601668,576,65,225,2722200
601328,591,68,144,1573300
603501,602,68,374,124700
601127,610,68,186,73500
600089,682,68,20,58900
600887,573,65,442,619700
600111,651,68,61,37400
601088,811,68,28,10000
600276,826,68,61,85380
601601,630,65,193,141600
601600,832,68,111,439300
600887,836,68,105,160800
600760,841,65,104,124200
688041,642,65,469,195465
601688,810,65,227,311000
600050,842,65,474,9126900
601688,847,65,116,75900
600276,602,68,156,126500
603993,869,65,344,705300
600150,819,68,73,87900
601288,635,65,580,2697600
600406,869,68,72,87200
601888,688,68,21,40400
688981,870,68,132,102633
601668,784,68,60,178000
601328,580,68,163,1930200
600089,669,65,67,105700
600519,630,68,96,13000
603259,874,68,126,37700
600809,843,65,43,17900
601012,581,68,202,502400
601728,587,68,106,322400
601088,688,65,185,112500
688111,673,68,57,28418
600760,784,65,26,13540
603986,802,68,129,59400
601398,801,68,49,1173800
601012,823,65,112,372700
600276,879,68,87,66300
600760,587,68,77,31800
600031,839,68,146,431100
600900,865,65,221,408100
601899,600,68,249,232972
600760,598,65,76,72900
601668,843,65,280,1779000
600030,884,68,107,139557
603501,836,65,130,60800
601601,583,65,441,394600
600900,893,68,258,361700
603986,807,68,289,43614
601318,647,68,43,28200
603259,835,68,136,43200
688256,848,68,197,44456
688111,840,68,139,53517
601857,851,68,67,218000
600150,868,68,163,139374
601658,586,65,697,4000516
600028,857,65,271,1042100
601628,573,68,78,78700
600900,656,65,344,299600
601628,670,65,153,98200
601668,796,68,47,941200
601211,640,65,71,85706
603501,614,65,295,83900
601328,797,68,43,165500
601888,790,68,32,13075
603259,809,65,228,70300
601688,783,68,28,53200
601857,598,68,71,222300
601211,582,68,159,199700
603986,791,65,432,81400
688008,825,65,690,287180
600887,841,68,53,69200
600900,613,65,275,372400
600183,665,65,313,117500
600036,676,65,173,327700
600089,621,68,89,137100
600150,622,65,556,405570
600519,591,68,122,16400
603259,655,68,131,31000
601888,633,68,604,73600
688256,665,65,255,65443
601919,611,65,189,185200
601600,682,65,328,1390690
688981,783,65,277,197097
688041,811,65,592,182185
600031,656,65,244,191100
601728,834,68,22,48200
600150,856,65,413,244000
600150,672,65,245,234900
601857,587,68,160,924600
601328,588,68,153,1663300
688111,601,65,314,164959
600276,827,65,143,89500
600309,893,68,213,109000
688256,614,65,547,145795
600050,655,65,67,530700
603019,574,68,827,204011
688008,598,65,1129,540453
688256,645,65,193,43412
601658,665,65,149,669500
688981,825,65,252,150801
600809,617,65,271,86980
601857,676,68,38,62800
601088,836,65,110,46900
601668,856,65,119,881100
600309,878,65,372,166400
603986,647,68,307,85705
688111,581,68,205,97446
601288,666,65,519,1607100
600028,619,65,523,2131600
600030,858,65,193,390300
601166,893,68,104,280900
601601,603,65,479,274200
601166,675,65,191,288300
601658,870,68,48,290800
600150,814,68,91,39334
601166,619,68,42,310400
601728,815,68,35,227400
601398,790,68,210,961100
601658,830,68,33,170800
601601,831,68,39,37700
601988,856,65,262,1652100
600150,859,68,70,50879
600276,825,68,80,34700
601600,634,68,75,419300
688008,619,68,641,275552
601899,834,65,367,468600
603019,843,68,63,51300
600089,648,65,168,169800
601012,845,68,38,43300
600519,592,65,204,30500
601899,867,65,606,604000
600183,608,68,545,176022
601919,631,68,56,85300
600050,839,68,112,1582600
600036,667,68,108,105700
601668,612,68,216,3280000
600150,814,65,333,232699
601857,689,65,109,283200
600406,651,65,145,159900
601600,591,68,147,1231000
601919,854,65,275,218700
600030,607,68,61,81300
601857,619,65,234,1027900
601398,675,68,44,286900
601318,828,68,46,40500
601088,853,68,48,34200
600031,589,65,344,689900
601166,637,65,187,277500
600887,811,65,208,138900
600089,847,68,68,150800
600031,864,65,393,729100
600111,665,65,124,73500
601728,680,68,14,30200
600089,640,68,95,115598
601127,644,68,60,35700
600183,581,65,1924,679200
600183,576,68,1086,361200
600276,804,65,182,190500
601899,878,68,390,378500
600930,816,68,56,244800
600309,586,65,991,489300
601328,597,65,192,646100
601318,670,65,314,152800
601398,674,68,61,752000
600183,780,65,1679,562100
600183,789,65,513,166600
600276,822,65,165,170600
600809,890,65,123,58573
600028,834,65,208,536100
603986,666,65,293,56500
600930,803,65,86,602000
688256,787,65,348,86160
601857,783,65,156,302400
688008,851,68,290,130267
600031,682,68,37,59800
688111,591,68,230,105104
600036,602,65,379,511000
600406,613,65,836,972100
601288,680,68,95,1116900
601127,849,68,67,23900
600900,627,65,312,822800
603019,837,68,51,24600
601919,864,65,325,350100
600050,611,68,46,715600
601398,801,65,266,1332300
601211,670,65,195,341300
603019,829,68,63,17800
600930,609,65,129,1172400
600050,572,68,559,3959700
600111,644,65,92,105500
601088,672,68,33,13700
601888,803,68,47,58840
603501,622,68,130,45900
600030,835,68,169,333000
600930,647,65,80,390500
688256,849,65,274,72405
600809,783,65,86,32000
688012,827,68,297,106225
601398,792,68,118,627800
601857,609,65,317,1018700
688981,783,68,181,145780
601166,867,68,69,102300
600809,689,68,34,6600
601919,591,65,415,440860
601288,803,65,255,1888200
601328,822,68,30,448800
603501,858,68,37,13400
601988,643,65,629,3257500
600406,605,65,305,292820
600519,800,68,58,8500
600930,592,68,59,1107800
600089,819,65,137,344829
603259,785,65,442,153300
600031,634,65,270,348500
688012,788,68,264,101294
600760,575,65,273,202400
601288,689,65,315,1478000
601600,836,68,82,205800
600519,884,68,63,8300
601728,892,68,119,365200
688008,594,68,1031,527497
600183,674,65,482,163400
603993,685,65,136,264900
601728,628,68,52,328800
603019,654,68,652,114900
600036,687,65,154,81600
688256,882,68,322,73867
601012,809,68,60,160900
601899,782,65,522,651500
601600,590,65,728,1932400
603993,647,65,893,1252800
600031,675,68,36,90600
601668,781,65,89,812800
688111,842,65,154,68767
688256,875,68,109,24576
600309,684,65,100,56400
600309,572,68,209,138896
601398,632,68,174,974400
600276,652,65,208,138100
601398,678,68,64,393500
601658,679,68,104,518700
601658,820,65,81,757400
601919,825,68,30,35600
600050,838,68,83,496700
600809,855,68,34,13500
600031,598,65,398,764700
601988,631,68,72,408100
600030,682,68,13,5000
600276,784,68,79,63400
601398,670,68,63,603200
600183,637,65,854,296300
601899,792,65,474,790500
601127,607,65,225,120600
601127,794,68,32,12100
601988,805,65,663,859100
600309,869,65,376,175600
601328,600,65,492,1548300
600519,593,65,306,41700
600111,812,65,116,55800
600809,607,68,121,45700
601600,675,68,144,175200
601288,620,68,111,419700
601919,589,65,512,773690
601857,843,65,340,1486100
601658,887,65,109,441700
601628,895,65,184,278000
601328,859,68,97,1478100
603259,671,65,384,134320
600809,685,65,38,8500
600183,589,68,1779,715133
603259,572,68,482,237600
688111,584,65,363,154815
601166,607,65,197,407000
601127,624,65,230,169200
601728,844,65,103,207800
601601,623,68,54,61900
600406,634,65,120,151300
600406,781,65,66,82256
600030,600,65,303,536500
601919,607,68,41,62300
600089,632,68,35,50600
688012,635,68,361,147726
600089,679,68,17,82200
601628,618,65,110,48300
600150,804,65,454,414651
601012,850,65,120,252000
688012,832,65,227,79933
603501,890,65,173,88835
601166,846,68,29,63500
600183,787,68,450,122700
600900,857,68,78,85700
600309,589,68,140,51600
601600,667,65,362,1062300
601088,607,68,45,25200
601857,675,68,85,80500
600887,603,65,740,1345100
601211,675,68,86,71000
600031,780,68,241,404900
600760,623,65,95,61000
601166,790,68,61,178426
600050,818,65,61,238500
601988,600,68,101,520900
601328,852,65,318,1029700
601328,680,68,33,204600
603501,823,65,90,23600
600089,659,65,90,283600
600930,835,68,54,347700
600030,834,68,33,73500
600809,686,65,29,7300
688041,881,68,326,122538
601688,668,65,93,137500
600887,843,65,153,91400
600930,596,65,244,2125100
601012,595,65,412,1039500
601919,670,68,19,39100
603986,797,65,421,82700
601628,657,68,37,11600
600031,830,65,187,274934
603019,623,68,113,41700
601318,604,68,80,69700
600036,796,68,136,164900
601628,843,65,105,59100
600031,614,65,622,979400
600111,868,65,188,128611
603019,871,68,94,56441
600111,837,65,110,96700
603259,640,68,137,39955
601398,617,65,485,2034900
601318,615,68,77,72800
601127,796,65,116,55400
601600,894,68,288,1357800
601398,784,68,119,174400
603259,799,65,266,71700
600760,881,65,95,55300
601728,610,68,96,494500
688111,658,65,177,73472
600030,662,68,32,52800
601919,671,65,162,188700
600519,680,65,134,19600
600760,873,65,96,68500
603259,634,68,128,49100
601899,662,65,265,222300
601601,829,68,88,80800
603019,811,65,167,132900
600809,873,65,60,19300
601919,677,65,126,148200
600760,803,68,19,8500
601601,821,65,236,146100
600276,634,68,154,119700
688111,815,68,49,20849
688008,813,65,534,239356
601398,843,68,100,433500
688256,585,65,588,144328
688008,847,65,470,182026
600809,676,68,14,2900
601628,873,65,155,90200
603501,854,68,32,9300
600519,871,65,99,14600
688041,793,68,235,90713
601668,655,68,34,521100
600028,638,68,79,411300
600309,602,68,273,144400
600036,888,68,97,106400
601888,840,68,49,23800
688981,876,68,162,126338
688012,868,65,445,178243
601668,848,65,245,816000
600030,879,65,269,292500
600150,882,68,86,54753
601857,805,68,23,156900
600887,852,68,54,64100
600089,600,68,60,349100
600276,652,68,66,61052
601728,868,65,107,252600
600031,611,65,965,1986231
601658,865,65,331,1488000
688981,832,65,242,166043
601318,624,65,269,331600
688256,853,65,254,61439
600276,866,68,88,84800
601601,867,65,294,155900
600760,688,65,78,44200
600036,816,65,288,162400
600930,622,68,37,240100
688041,864,68,222,165066
601166,810,68,28,63100
688981,657,68,254,211510
601328,596,65,338,957400
600809,858,65,76,28800
600887,669,65,150,272100
688012,576,65,876,356119
600406,595,65,254,447100
688041,599,65,749,356643
601600,659,68,206,505900
600030,642,68,86,112100
601988,647,65,125,310600
601398,668,65,161,756100
601127,798,65,91,67000
600036,574,68,136,188000
688981,662,68,185,149140
600036,781,68,110,38000
603986,787,65,557,122100
601012,661,68,54,240351
601688,673,68,20,16800
600183,841,68,235,75400
601728,832,65,84,169600
601628,597,65,284,245200
601601,597,68,84,74900
600930,845,65,796,5261800
688012,895,65,300,123614
600519,803,68,52,5500
600050,656,68,15,54100
601688,823,68,30,43400
600887,570,65,1912,2696879
601888,571,68,133,116400
603993,656,65,341,375000
601728,863,68,27,63400
601857,794,68,21,149600
600183,876,65,599,230400
688111,675,68,54,28942
600050,669,68,19,184000
688008,781,68,401,194086
601398,655,68,115,1098900
603019,576,65,997,423401
600028,605,65,1409,5182799
600760,616,68,29,26100
601988,591,65,1063,6044100
600276,585,68,210,227000
601211,615,65,104,176100
600930,801,65,84,631900
601211,623,65,241,248800
601728,673,65,74,159800
601211,682,65,160,290600
600031,811,65,161,187900
601600,819,68,75,132800
688012,660,68,115,71694
603501,636,68,30,12400
601658,662,68,30,62600
688256,787,68,290,69941
600900,791,68,134,234100
601088,592,65,372,226700
600031,859,68,139,184200
601668,896,65,144,820200
601601,656,68,47,8400
601688,787,68,22,35500
600036,587,68,125,281900
600089,572,65,520,782730
601127,659,65,91,56300
688012,675,68,339,117589
601211,665,68,68,371800
688111,781,65,102,41366
600900,819,68,74,84800
600406,637,65,119,144100
688981,658,65,241,220170
601398,861,68,79,529600
601899,672,65,666,532950
600900,659,68,89,111900
688981,666,65,199,153906
603986,583,65,2459,516064
600036,588,65,667,440500
600900,797,68,202,1009600
600030,863,68,60,107100
601318,879,68,71,34100
600030,637,68,78,109700
600887,648,65,208,208500
600036,651,65,317,142700
600760,686,65,79,74400
603986,681,65,417,92100
601728,656,65,84,132800
601919,851,65,270,380400
601728,889,68,106,172708
600887,625,65,202,216000
600036,780,68,157,202000
601127,816,65,162,58300
600930,875,65,530,1332800
601888,629,68,1163,266500
601988,875,68,79,356300
601398,869,68,259,572764
601658,679,65,189,351500
601127,687,68,60,34700
601988,851,68,59,872400
600809,623,65,212,81000
603019,624,65,140,70954
600519,866,68,53,6000
601988,879,65,622,2358300
600028,856,68,253,473100
600406,850,65,179,272900
603501,820,65,81,39200
600036,858,68,57,45500
601012,611,68,191,1265139
600930,624,65,180,1299800
688981,655,68,277,251102
601728,880,68,91,499700
600276,885,68,94,60300
600089,833,68,38,22300
600111,806,68,69,40400
601601,632,68,73,52700
601688,584,65,186,379400
601658,845,68,59,112600
601166,628,65,171,282800
601166,781,65,244,299900
600036,584,65,765,427261
600519,587,65,244,41000
601166,618,65,238,590997
688012,615,68,497,150336
600050,598,65,133,1616200
601668,640,65,140,1776300
601668,798,68,530,4017500
600900,816,65,171,272600
688008,818,65,784,369997
600519,805,65,72,8700
688111,829,68,50,26627
601668,883,65,299,1136900
600111,677,65,107,65700
601668,684,65,81,420500
600519,865,65,188,23100
601012,620,65,324,695800
600036,870,68,92,93500
688256,572,68,370,139413
603501,611,68,89,41400
600089,874,65,115,175380
601012,640,65,458,718800
600887,819,68,167,150900
601668,857,65,96,1366300
601899,794,68,256,308800
601899,573,68,369,532400
603019,607,65,462,201500
600519,682,68,56,5800
600031,810,65,188,179500
688008,677,68,283,127211
603993,657,65,391,875000
601328,877,65,170,731700
601658,782,65,156,605000
600276,850,68,113,160037
600760,661,68,28,5232
601728,805,65,97,276600
601012,877,65,230,309500
601288,685,65,274,1789300
600900,876,68,90,300600
688111,649,65,118,56388
601899,845,68,153,325300
688041,869,68,293,107693
601600,876,65,275,397000
600150,829,65,429,330197
600031,868,68,131,193600
600050,634,65,140,1000400
601127,854,68,56,34200
688008,827,65,476,200327
603993,887,65,510,974350
603259,820,68,77,33100
601288,845,68,183,854400
601899,681,68,230,256900
601668,653,68,41,130500
601328,654,65,105,142800
601127,671,68,27,22100
603019,889,65,282,119700
600183,866,65,483,136300
600030,838,68,56,78700
601888,839,65,37,21700
601088,658,65,169,138700
601318,635,65,280,149300
600930,570,68,230,1600300
688111,805,65,154,71216
601012,654,65,155,209400
603259,626,65,363,136900
688256,791,68,283,61532
601318,583,65,583,432800
601857,809,68,52,234700
600309,874,65,341,201400
600760,584,68,63,27500
600030,642,65,162,199200
601288,803,68,74,1574200
688981,857,68,184,147703
600089,593,65,306,441300
688008,572,65,2653,1267309
601398,653,65,243,1899400
600030,859,68,84,228200
600150,667,68,428,148700
601688,807,65,127,156900
688012,650,68,302,106759
600519,603,68,118,15900
601012,674,65,89,119800
603501,671,68,36,9700
600036,657,68,88,66000
600028,782,68,52,778400
600309,578,68,210,95000
601398,798,65,304,1277500
601728,813,68,135,164900
600930,619,68,73,530400
601728,669,68,62,319500
601919,806,65,187,153800
600028,869,65,227,604100
600036,675,65,216,442400
603986,652,65,418,103200
601318,684,68,56,43800
600519,624,65,217,29500
600036,785,68,135,52400
600887,832,68,70,41419
600519,662,68,33,3400
600036,603,68,174,145687
601166,648,68,55,120500
601728,828,65,110,189400
601988,589,65,980,4446000
601899,895,68,531,550457
601288,676,68,96,216400
601728,591,65,260,872900
600276,894,65,336,273200
600519,867,65,104,13600
688008,830,65,429,204729
600900,828,68,71,67600
600030,894,68,125,189315
601728,610,65,366,1051900
601919,589,68,132,217000
688012,619,68,480,169721
601988,809,68,56,276400
600760,672,68,248,108100
600930,782,68,55,114000
600760,852,65,64,35000
600089,844,68,47,127700
688981,864,68,162,128440
600150,839,65,537,376702
601088,840,65,115,50500
601288,634,65,940,4062200
600406,872,65,194,415180
600111,593,65,434,339750
601318,656,68,81,25600
601888,667,65,50,38900
688256,651,65,277,63546
603019,620,68,64,27500
601628,621,65,105,52800
601398,865,68,134,329400
600760,781,68,38,17700
601012,636,65,188,389151
601211,895,65,211,295200
601988,884,68,123,432200
601688,635,65,304,910954
601012,896,65,199,481300
600150,681,68,115,119900
600276,581,65,811,770958
603259,891,65,484,179700
601919,809,68,61,47500
600183,617,68,483,133600
600887,594,68,94,102900
601012,651,68,73,476900
601288,678,65,357,1794800
600089,828,65,183,409110
688012,676,65,396,153226
601857,809,65,231,473700
601728,849,68,25,53900
603259,793,68,69,16800
600111,804,65,125,84700
600930,856,65,212,1144800
603019,869,65,130,51500
600036,874,68,114,131000
688012,647,68,266,93215
600183,611,65,1826,536800
601088,797,65,119,47100
600050,875,68,59,1875400
600036,581,65,575,410100
600150,885,68,158,168352
601166,570,68,325,516300
603259,685,68,91,22300
601318,783,65,137,86700
600930,633,68,52,337200
600089,846,68,69,133400
688256,794,68,388,89971
600111,822,65,110,70200
600150,629,68,218,286062
600930,781,68,62,249900
601857,656,65,144,355800
601318,872,68,64,58600
601166,865,65,93,155400
600406,867,65,191,133561
601988,600,65,823,2207200
601288,821,65,275,1948400
600050,790,68,34,357300
603993,817,68,107,201400
600809,573,68,52,11700
688111,672,65,71,31228
600030,870,65,439,430600
601668,819,65,132,1303500
601012,637,68,866,732600
601211,689,68,225,68000
601988,576,65,1268,7575700
688256,652,68,354,82921
688012,876,65,280,108837
601211,804,68,41,120800
600111,805,65,111,69400
603259,600,68,261,81100
688981,680,68,149,135102
601166,583,68,78,284100
601899,807,65,341,522700
600809,871,68,22,7400
601211,892,65,450,504966
600406,633,68,33,67000
601728,572,65,651,1980500
601398,893,68,303,3183500
600809,653,65,82,29600
601088,674,68,26,9800
601288,577,65,1361,7034600
601127,601,68,174,63900
600930,661,68,555,1764800
600309,593,65,504,288700
601658,614,68,49,487600
600036,826,68,33,43800
601601,883,68,60,44600
600406,578,65,309,311319
688012,677,68,233,82575
601601,575,65,1272,846900
601398,676,65,244,629500
600050,824,65,173,1336800
601658,578,65,335,1587000
600050,589,65,152,1207500
601328,613,65,364,874600
601601,613,68,139,140000
600406,823,65,143,96600
601888,670,65,31,16800
601988,678,65,501,1484200
688981,834,68,126,96972
688981,617,68,524,361102
601888,653,65,66,62300
601601,644,65,86,44700
601728,687,68,78,135900
601628,604,65,229,237800
600030,810,68,52,111800
600111,817,65,110,52900
601688,631,68,115,80700
600036,808,65,280,177800
601288,603,65,747,1797900
601318,616,68,142,176800
688111,576,65,520,226670
601088,646,68,81,57700
601088,577,68,66,24200
600930,872,65,311,983800
600519,873,68,45,6600
688012,579,65,595,190231
601088,689,68,93,56700
600050,797,65,66,224800
600036,606,68,75,85300
603501,831,65,162,33800
603993,584,68,304,600308
600111,888,68,116,126900
600183,821,65,794,243500
600519,787,65,103,13600
601288,849,68,193,494100
600030,833,68,28,22500
600036,893,68,157,123700
601668,842,68,46,456600
600887,896,65,235,446100
688981,877,65,211,154975
603259,602,65,1243,366900
601658,789,68,33,430700
601857,850,65,316,1105000
601600,681,68,92,469400
601988,786,68,65,549600
600519,673,65,105,17000
688008,803,65,332,160327
600036,825,68,94,124300
688008,689,65,481,274830
600760,882,68,32,55840
688256,883,65,362,82253
600930,679,68,210,296200
600150,624,65,628,997690
688256,891,68,271,58858
603259,893,65,693,217500
600930,623,68,231,806000
600050,628,65,69,727500
600089,861,65,86,105900
601127,882,65,138,47800
688111,645,68,108,54064
601211,834,68,78,294000
601658,642,65,242,2066900
601088,646,65,295,129000
601688,884,68,88,97100
601398,628,68,218,1955200
601398,862,65,172,614400
600276,821,65,160,120900
601211,666,68,133,57200
600089,677,65,62,115400
600309,672,68,80,18500
601628,895,68,130,101300
603993,881,68,157,152300
601728,877,68,58,557200
601328,593,65,220,1034700
600050,599,68,91,1215700
603501,585,68,128,100770
603019,626,68,369,69300
688111,837,65,118,49589
601628,798,68,15,14400
688041,855,68,438,186777
601288,892,68,767,3654600
600028,688,65,162,658500
600183,648,65,614,209615
601658,822,68,260,300000
603986,631,68,846,115800
600887,878,68,84,108200
688041,593,65,1052,405972
601658,850,65,106,706400
600111,869,65,119,71700
601888,573,65,342,231100
600309,858,68,199,122900
603501,573,65,564,256700
688111,648,68,99,45684
601668,668,65,81,358500
600089,649,68,67,169418
600887,786,65,295,450700
600150,848,65,408,306800
600031,886,65,509,623922
600276,625,65,655,420200
600930,656,65,94,280300
603501,624,65,80,47400
688111,594,68,237,118651
688008,795,68,290,127912
600930,583,68,61,435900
688041,616,65,656,244053
601398,617,68,130,802900
601668,657,65,93,632200
600050,848,68,23,94700
601288,862,68,140,672000
603259,615,65,1500,771500
600276,846,65,333,341620
600031,866,68,122,244200
601857,576,68,163,405100
601318,604,65,286,350100
601658,652,68,66,650700
603986,609,68,902,318800
601688,892,68,73,85100
600111,613,65,195,243800
601628,819,68,42,30800
603986,803,68,144,35400
601166,589,68,403,461300
600183,635,65,1427,388220
601288,612,65,873,3890500
688008,674,65,503,229627
600111,844,65,120,148800
600809,643,65,92,34100
601688,801,68,21,35400
688256,576,68,369,84234
688256,866,65,252,69454
688008,666,68,391,162095
600036,585,68,143,138700
601988,781,68,169,1901400
688981,675,65,246,171800
601888,587,65,794,352400
601628,675,68,24,20800
600887,571,65,721,887200
601127,577,68,336,241000
601919,579,65,857,970200
601888,851,68,43,32000
600309,797,68,45,22300
600930,846,65,352,1831200
600183,817,65,1029,313000
601318,782,65,264,93300
601888,845,65,71,60600
600150,663,65,272,169200
601088,871,68,33,31300
688256,875,65,145,37388
600406,887,65,250,274100
601888,881,65,66,58500
603501,845,68,23,10100
601127,857,68,47,21000
600930,673,68,29,250300
688256,601,68,318,79804
600031,893,68,312,520048
600519,807,65,93,14700
601688,808,65,117,188700
600111,649,65,170,141300
600050,604,65,151,704600
603259,815,65,431,110300
600760,666,68,12,15800
600183,821,68,378,110200
600183,792,65,482,169214
600036,644,68,43,38070
600519,886,65,113,14300
600150,893,68,135,142700
600809,675,65,46,12400
603019,889,68,94,66400
601988,868,68,60,829000
600089,574,68,57,98800
601166,572,68,78,276900
600036,638,68,53,37400
600519,847,68,56,8700
600089,793,65,112,178400
600519,687,68,31,3400
601328,801,68,46,229900
603019,828,65,137,61300
600050,884,68,124,716900
601211,663,68,12,95000
601688,618,68,87,109900
600150,635,68,102,121600
600519,579,68,151,24132
688012,580,68,318,105896
601318,574,68,209,383055
688256,620,68,333,72783
600930,628,68,49,259000
601328,663,68,92,773200
600406,583,68,232,133708
601166,586,68,271,419600
601988,618,65,359,1632300
600183,624,65,1716,666900
601601,677,68,31,17700
601688,792,65,120,235500
601628,796,68,16,8100
601658,604,65,201,1330700
600031,811,68,35,30800
601857,854,68,49,213300
600050,866,68,49,392900
688256,829,68,176,39741
600150,870,68,294,244237
688111,571,68,231,102600
688012,790,65,361,123656
600036,622,68,102,122800
601012,684,65,102,100800
601628,602,68,68,34700
601398,579,68,198,999500
600028,682,65,83,459400
601012,786,68,49,70900
600111,816,68,26,41200
600050,817,65,52,139200
600031,683,65,110,116400
600089,856,68,38,48700
601857,791,68,120,398600
601857,605,68,212,380000
603986,603,68,914,210386
601899,575,68,458,608900
600930,833,65,134,475500
603501,581,65,289,124720
688111,671,65,83,40248
600900,849,65,454,444400
688012,787,65,386,144814
601601,865,65,247,109300
600036,871,65,534,382000
601398,578,68,212,2412600
601211,860,68,28,108700
603993,649,65,878,1053200
600031,679,68,50,53600
688111,798,68,53,23490
603019,687,65,105,28900
688981,883,65,281,191718
603986,886,68,322,75682
688041,673,65,522,198731
601988,894,68,211,1935700
601398,687,68,109,353500
601668,587,65,603,8014500
601728,841,68,25,106400
601328,852,68,157,666600
601088,832,68,46,33300
603501,884,68,64,37700
688111,636,68,203,85745
601398,580,68,210,2719145
601211,788,68,23,54400
688981,816,65,218,154533
603259,831,65,283,59800
688008,655,68,495,214284
603259,806,68,84,48100
603259,846,65,255,118491
600900,619,68,88,102500
603501,879,68,47,12200
601166,847,68,86,71600
601728,678,65,65,282900
600183,629,65,957,307400
603019,833,65,104,47500
601857,866,68,24,116700
600036,637,65,259,120200
600760,885,68,27,29700
688111,638,68,158,69241
600519,570,65,1083,196000
601398,818,68,82,386500
600183,683,65,450,151800
600406,785,65,66,95800
603019,570,68,585,259760
688256,825,68,158,34629
601127,662,65,131,73200
601398,872,65,312,1703900
601888,801,65,71,87200
601728,884,65,127,385700
601888,682,68,16,9700
603993,786,68,219,523605
601899,571,68,621,1172344
601328,646,65,125,366300
601888,657,68,19,36340
601658,669,65,51,208800
603993,687,65,136,237400
603993,886,68,198,245600
601628,666,68,80,31400
600900,805,65,290,531100
601919,862,65,256,233400
600036,887,65,410,223000
601328,630,65,252,888000
600089,855,65,87,84200
601668,867,68,87,588900
600089,681,68,28,76500
688041,600,65,980,428319
601988,786,65,299,624800
601988,832,65,293,529200
600276,812,65,182,119400
600900,617,68,183,336400
600276,895,68,283,338900
603019,867,65,140,64700
601398,589,68,178,1227100
600030,613,65,197,393500
600809,654,68,33,9400
600900,887,68,186,376900
601318,794,65,185,104100
688008,881,65,436,224255
601857,651,65,140,163000
688981,667,68,252,195169
603019,854,68,35,21600
600276,831,65,166,140900
603019,801,65,146,69792
603993,591,68,206,465900
603019,604,68,114,67127
601899,660,65,286,293700
688256,639,68,260,57303
600519,888,68,71,8650
600089,797,65,301,378320
601012,596,65,390,709321
600276,575,65,1191,899800
600887,836,65,207,186000
688041,867,65,434,172760
600028,585,65,1171,4634800
600900,660,68,137,406200
601211,863,68,49,51200
600309,597,65,434,237900
600183,622,68,769,224700
601127,890,68,67,129700
600050,612,68,30,197600
600809,860,68,12,5300
688041,861,68,247,84577
603993,849,68,143,387300
601688,597,65,157,322493
601888,586,65,486,343200
688256,638,68,367,85222
601601,647,65,192,91900
601628,783,65,57,56200
600050,643,65,56,350000
601328,817,65,57,120300
600150,831,68,139,114800
688041,610,65,762,395222
600183,608,65,1121,394200
600028,621,65,422,2282645
600887,579,65,636,992100
601668,839,65,111,585200
601328,610,68,74,518300
600089,643,68,87,255500
601088,840,68,22,26500
603986,853,65,239,58100
601012,874,65,119,169300
600900,878,65,419,659300
601288,812,68,168,435500
601668,848,68,55,335400
601328,665,65,252,472100
601899,790,68,197,236300
601988,818,65,339,948200
688111,653,65,168,83732
600031,799,65,194,338100
601127,811,65,125,47900
601166,886,68,65,118300
601888,802,65,140,117500
600036,641,68,47,28900
601127,830,68,76,21900
601988,618,68,132,903100
600276,677,68,116,83200
600930,796,68,41,253700
601127,842,65,138,67302
601988,798,68,328,3234000
601328,790,68,172,1351400
600050,841,65,205,968700
600309,598,65,336,238500
601328,815,65,127,429600
601288,797,65,234,720400
601398,876,65,172,956200
600406,647,65,171,107600
600183,893,68,520,138695
601088,629,68,50,14700
688008,870,68,336,132711
601888,870,68,29,15300
600406,630,65,160,135300
601628,831,65,78,33300
601988,859,65,195,1875200
600089,652,65,102,229700
601211,669,68,50,130800
600111,833,68,52,29600
600030,856,65,486,542099
600028,865,65,153,513200
601658,674,68,24,319600
601328,825,65,220,668500
600089,637,68,169,229100
688012,837,68,242,88874
603993,639,65,250,470900
600150,867,65,521,270280
601398,802,68,274,1608400
688981,825,68,154,129838
688012,856,65,322,115212
601127,622,65,306,86300
688012,583,68,521,181249
600887,826,68,29,30700
601288,871,68,159,1421700
600111,608,68,107,94800
601166,878,68,79,88800
688111,856,68,56,25767
601288,814,68,139,793200
688041,588,65,1967,776337
600030,794,65,268,366801
601012,834,65,108,269500
600030,676,68,36,38000
600150,601,68,132,122420
600406,629,65,150,243100
600900,676,65,234,261200
688008,782,65,590,239347
601398,849,65,183,1027800
600809,832,65,57,31100
601088,787,68,108,95500
600050,619,68,54,281900
600111,796,65,75,46900
603986,854,65,293,60300
603986,880,65,399,96300
601600,785,68,95,326500
600519,820,68,27,3000
600028,870,65,462,1338600
600030,893,68,119,439440
688008,846,65,384,153784
600930,608,65,124,663500
688111,651,65,202,108257
601988,602,68,95,557700
601328,638,65,133,282100
600036,570,65,3126,3957893
603986,655,65,943,180200
603019,816,68,26,12800
600309,631,68,293,144200
600050,836,65,49,202400
601166,838,68,66,240700
688008,896,65,492,231523
601899,611,68,256,283500
688111,888,65,178,70097
601288,836,65,232,1367100
601728,780,65,600,1426100
601899,882,68,334,467400
600036,659,65,165,98000
600111,858,65,100,85000
601166,809,65,76,134300
600760,884,68,53,16800
600031,840,65,554,1125300
688012,577,68,443,155519
601688,815,68,81,110100
601328,651,68,69,68700
600028,625,65,686,1757700
601988,791,68,107,732900
600150,644,65,732,1159477
601012,893,65,242,497400
600519,853,68,30,3600
601988,794,68,188,1540500
603019,689,68,39,38300
601688,788,68,20,43400
601919,838,65,433,394000
600519,789,68,52,7400
601857,652,65,165,497700
601668,854,68,146,1061980
600050,573,65,866,7764200
601919,801,65,237,217300
601857,871,65,250,281500
688111,832,68,93,41613
600150,641,68,144,252606
600519,606,65,416,80500
600183,673,68,174,60400
688008,595,68,792,340104
600930,574,65,674,4536200
603019,839,68,31,9500
601668,873,68,64,575100
603986,873,68,247,48130
603019,579,68,262,160503
601211,590,65,295,351248
603986,657,65,663,133200
600050,660,65,97,558900
603986,835,65,1003,149000
601318,658,68,59,28400
601688,677,65,53,74100
600519,586,65,313,44700
688008,593,65,1970,904244
601888,806,65,138,118740
600809,823,65,71,25300
600036,835,65,466,238400
600036,850,68,83,50000
601857,865,65,239,403600
688111,895,68,101,53168
601601,578,65,489,419900
603019,797,68,43,22700
601318,597,68,110,330300
600050,614,65,131,936800
601919,664,65,246,260700
600183,678,65,896,298000
601127,863,68,52,33400
600036,820,65,204,173900
601328,678,65,94,1113300
603501,894,65,188,108300
600050,675,68,47,347900
601166,885,65,271,397200
603993,644,68,207,720800
601211,864,68,53,260400
601127,582,68,321,184928
601088,866,68,42,35300
603259,871,68,110,51491
600519,796,68,38,4700
600276,859,68,79,101300
603501,877,65,83,42900
688008,880,65,570,222112
601211,837,65,138,258800
600930,665,68,69,572300
601658,813,68,33,430500
601166,855,68,47,87600
601288,641,65,457,1567900
601668,626,68,177,4892000
603986,889,65,937,185884
688256,605,68,462,107802
601668,678,68,32,374700
601127,820,65,79,29300
600900,657,68,92,125300
601318,833,68,74,75700
603986,815,65,697,150900
600028,603,65,1308,4811500
601288,683,65,378,1380200
603993,818,68,153,578800
600183,863,65,474,127700
688012,854,65,311,147826
688981,863,65,248,147939
601211,793,68,31,99600
601728,606,65,274,639100
601166,663,65,153,219800
601288,792,68,177,1664400
688256,815,68,161,37436
601658,614,65,156,761800
688256,640,68,277,60425
601211,851,65,77,105400
600309,662,68,63,22900
600406,824,68,49,44000
601318,595,65,405,352500
601668,630,65,213,1041100
601988,804,65,186,558000
688041,584,65,830,356152
601888,788,68,27,11800
601899,801,65,309,345800
603019,843,65,117,54800
600050,623,65,88,738400
600050,856,68,51,161500
601127,677,65,79,48702
600276,813,68,85,72800
600030,591,68,203,238736
601318,623,65,418,358500
601688,644,68,37,362800
603993,624,65,423,739700
600519,645,68,68,19600
601658,825,65,578,2577200
600809,857,65,373,54000
601398,869,65,254,846900
601012,804,68,69,129302
601688,886,65,176,149300
601857,886,65,371,654800
601211,894,65,216,281500
600900,895,65,537,443100
600111,896,65,251,189500
688041,799,68,280,92558
601288,683,68,132,799500
601888,801,68,43,73100
601600,629,65,169,499100
601728,636,65,103,155500
603993,638,65,248,318000
600760,669,68,146,106500
601668,678,65,91,823200
601728,578,65,1057,4772400
603993,803,65,228,363800
600900,657,65,324,1231000
688041,866,65,372,140006
601668,833,68,49,1247000
601988,586,68,524,3236877
601318,666,65,176,105500
600406,649,68,31,56600
600887,865,68,74,97700
600276,791,68,61,21500
601668,604,68,84,978900
601328,612,65,385,1672400
601600,654,65,444,609100
601628,647,65,131,83200
600030,782,68,81,155800
600031,792,65,211,310100
601688,632,68,61,41900
601988,815,65,421,958700
603019,882,65,180,98800
601012,679,68,62,160700
601658,784,65,76,617964
600030,601,68,115,251100
600028,610,68,95,463700
601012,679,65,138,158500
603993,794,65,388,833700
601899,803,65,417,412300
601398,583,65,978,3974200
600028,575,65,1582,6222720
603019,874,65,117,86300
601127,647,68,54,11700
603993,847,65,168,260500
601688,570,65,1478,3483500
601088,804,68,37,15300
688256,883,68,262,56719
600276,616,65,447,308200
600089,624,68,40,108300
601127,643,68,47,25900
600111,646,65,206,182500
601888,587,68,510,147600
600036,598,65,398,179322
603986,632,65,874,145200
601012,662,65,198,263300
601211,794,68,47,139100
601600,844,68,91,261400
600150,631,65,466,392387
600809,615,65,566,179500
600900,668,65,194,139200
603986,673,68,211,37300
688256,781,65,435,99461
600809,794,65,80,40700
601919,817,65,283,213500
600519,832,65,180,20400
600276,811,65,343,236700
603501,838,65,70,20000
600028,843,68,78,256500
600519,864,65,69,8900
600519,887,68,54,7500
603019,571,68,186,170700
601919,895,68,146,208400
603259,858,68,87,19498
600028,863,65,167,505600
601211,876,68,42,50500
600111,869,68,59,68100
688008,634,65,764,335681
688111,658,68,139,63022
601328,886,68,74,369500
601328,807,68,83,1170300
600183,683,68,153,43600
603501,667,65,82,34600
600089,627,68,60,144500
600930,811,65,95,513800
601988,819,68,121,680600
601728,643,68,21,89400
688008,641,68,384,175737
603986,576,68,651,192641
601398,683,68,110,359200
603019,851,65,125,106400
600111,849,68,42,19700
601919,662,65,170,171200
601658,581,68,55,586400
601600,789,68,120,712400
600028,819,68,86,258500
603259,647,65,419,122700
688008,687,68,291,128199
601728,668,65,79,91700
600887,795,65,257,189300
601012,652,68,57,102500
601600,892,65,655,1347354
601600,781,68,97,580600
601668,797,68,30,600600
688111,786,65,109,50683
600406,602,68,82,79800
600900,801,65,785,963100
603259,828,68,68,28400
600760,679,65,63,36100
600406,666,65,103,114200
600760,669,65,326,248200
601688,860,65,117,137400
601328,623,65,187,556500
601398,818,65,137,686900
601600,657,68,95,334800
601088,677,68,71,34600
688111,805,68,127,55805
600887,827,68,60,56500
600887,861,65,237,307900
601658,787,68,27,85500
600030,896,68,435,483500
600900,578,65,1026,1328700
600276,792,65,187,118000
603259,850,65,236,63600
601899,877,65,674,787300
600183,865,68,266,62100
600150,872,65,654,567700
601088,613,65,184,70300
601088,852,68,22,17700
600309,819,68,62,28100
601988,585,65,736,1685900
601600,652,65,352,1305800
600183,611,68,1284,305800
601318,824,68,66,47000
601601,799,68,28,9600
601127,814,68,59,38463
600276,878,65,229,276800
600900,591,68,291,510600
600887,871,68,101,133600
600406,587,68,70,111600
601888,574,65,338,285500
688256,590,65,644,162768
603019,669,65,140,69200
601888,847,68,39,57900
600309,605,68,108,60320
601857,664,65,218,716800
600519,623,65,166,23800
601919,614,65,266,186000
600089,586,68,60,161300
601899,820,68,147,276600
600028,671,65,154,541600
600809,630,68,74,15700
600050,593,68,41,300800
601601,781,68,105,65000
600887,814,65,206,184700
600031,816,65,183,267300
600036,635,68,52,45600
600036,654,68,38,16400
600089,609,68,115,252300
600930,883,68,145,721000
600519,577,68,206,30980
600760,675,65,84,57600
601166,828,65,128,257500
600519,576,68,186,22300
601166,571,65,580,1163300
600150,644,68,197,438715
600930,791,68,56,156100
688111,619,65,148,69554
601398,625,65,234,1226100
688041,806,68,422,195776
600406,876,68,67,53800
601988,815,68,81,550900
688256,821,68,350,81243
603259,866,68,121,48100
601398,614,68,199,879300
601899,805,68,138,194529
600050,881,65,152,1094900
601888,578,68,168,107800
600276,670,68,95,128100
600406,595,68,75,88900
600036,611,65,400,307100
600036,679,65,144,735400
601328,632,68,38,376200
601919,821,68,100,110900
601398,584,68,165,2209400
603501,588,68,107,55800
600036,811,68,91,78300
688008,886,65,648,289357
600406,672,68,20,27500
600406,844,68,69,101700
601688,614,68,24,20300
600183,867,65,556,177200
688111,595,65,245,103063
688111,804,65,110,54931
600309,839,65,285,157800
600309,864,65,649,347500
688008,608,65,894,451996
600406,641,68,31,22200
601857,875,68,82,221800
603993,857,68,74,128200
601318,850,68,150,46000
688008,631,68,412,194187
601919,677,68,40,46900
600406,792,65,104,105400
601601,794,65,206,185300
688041,592,65,1054,426297
601988,837,68,48,160600
600050,843,65,238,1464900
601600,848,65,383,541200
688256,824,68,228,51777
601127,838,68,70,16000
601012,618,65,340,1009300
600036,657,65,264,103400
603986,883,68,264,52900
603259,886,65,418,129300
601888,618,65,195,184100
601601,645,65,195,119500
688012,604,68,414,178882
601728,612,68,53,419100
603501,803,65,86,41353
603019,842,65,255,93300
601600,801,68,48,301000
601899,842,65,472,542300
601888,895,68,124,107700
601668,653,65,66,244600
601398,884,68,257,679000
601728,577,65,732,2376500
603019,783,68,243,68500
600050,605,65,121,605000
601088,651,65,181,119100
601728,819,65,261,448200
601728,600,68,36,163200
601888,592,68,66,60100
600519,653,65,175,21500
600183,872,68,385,87300
600036,816,68,92,82200
600036,885,65,447,265000
688981,656,68,203,179603
603501,670,68,33,27000
601668,790,65,258,1362100
603993,652,68,128,171700
601601,860,65,175,86300
600276,821,68,57,94000
688041,853,65,279,90661
603993,817,65,232,478100
600028,858,68,108,695700
688041,871,65,419,156422
688008,605,68,547,277439
600276,659,68,150,111500
601628,780,68,127,106900
601658,844,65,58,107600
600900,601,65,728,739100
601899,857,68,202,256500
601628,612,65,115,63600
600276,592,68,244,208166
601211,809,65,201,337000
603501,801,68,89,36900
600030,885,65,413,563145
600900,588,65,734,652200
601166,667,68,306,379600
601012,865,65,120,245096
688008,580,68,1007,458729
601668,850,68,78,759000
603259,574,65,1988,627245
600519,602,68,61,11300
601728,887,65,162,390200
600406,601,65,241,272500
600809,673,68,11,2900
601988,581,65,698,2884110
601888,595,65,586,253800
601857,681,65,71,406200
601899,625,68,145,181600
601328,612,68,88,743400
601668,783,68,33,327200
600111,683,65,113,112600
688256,851,68,255,59601
601668,660,68,68,607100
600809,597,68,121,55700
688012,653,68,286,105310
688981,669,65,202,197616
600930,644,68,63,763800
600150,801,68,133,160916
688012,595,65,515,183583
688111,828,65,91,52232
601166,811,68,55,60400
600760,686,68,17,22000
600150,646,68,125,257404
601857,783,68,41,317200
601857,797,68,21,82700
600406,583,65,515,455000
601899,800,65,494,783700
600050,825,65,113,638600
601988,645,68,163,2054600
601857,571,65,1021,3376000
600309,629,65,688,418393
601888,831,65,95,79700
603501,863,68,33,15400
600030,634,65,165,155800
688012,869,65,254,120920
600031,585,65,417,460500
600276,666,65,276,215100
600900,670,65,502,628250
600089,781,65,117,199200
688041,874,68,194,70566
688111,827,68,122,77872
600050,640,65,85,259100
601919,672,68,84,163180
600900,787,68,85,409600
601728,842,65,134,287600
603993,870,65,373,608200
600309,686,65,159,52200
600930,674,65,157,671000
601127,592,65,353,168400
601899,877,68,545,452300
601318,587,65,708,462513
603501,890,68,75,37200
601088,613,68,41,15200
601600,805,65,387,724400
600760,840,65,141,199258
601688,681,68,33,23000
600183,682,68,301,83000
600276,815,65,218,188900
600887,829,68,55,155800
600036,645,65,244,155200
600809,641,65,88,34100
601888,658,68,21,72177
601127,659,68,61,18300
601600,873,65,303,538500
603259,829,68,100,26700
600089,580,65,351,505000
600028,623,68,205,1087100
601318,591,68,164,148900
600030,636,65,270,894100
688008,659,65,470,211431
688981,618,68,330,227933
601601,573,65,601,674200
600760,850,65,48,21500
601088,844,68,38,16100
688256,672,68,228,49208
601088,858,65,66,36800
603019,844,65,123,42971
603501,874,65,84,37390
601398,879,68,197,1273500
601658,886,68,113,4365200
601328,573,65,491,2642300
601211,784,65,72,139100
601318,819,65,461,240200
601318,603,68,173,167900
600887,688,68,55,57200
601318,607,68,111,255700
601318,679,68,40,58200
601318,836,68,124,150100
600887,867,65,261,196200
601888,578,65,671,412700
600276,575,68,218,211900
601728,583,68,81,551500
601658,635,68,53,186100
600036,665,68,98,115200
600028,844,68,37,152900
688041,572,68,426,237469
600309,859,65,1156,1027000
603993,605,68,215,426100
601012,794,65,248,449700
601988,833,68,42,504800
600760,871,65,150,82800
600900,674,65,395,449700
601211,628,65,199,381400
601166,676,68,27,59600
603986,683,65,280,93200
600111,836,65,130,87900
601919,879,65,340,376900
601318,884,65,382,322500
601166,688,65,80,203700
600150,806,68,111,97500
600887,889,65,224,249400
600887,632,65,343,369600
600183,878,68,353,124285
688256,878,65,241,57331
601888,594,65,269,323700
600887,637,65,144,232800
601919,578,68,124,180100
688012,881,65,506,201323
600111,686,65,91,64500
601668,642,65,72,672800
688256,688,68,237,56931
601688,780,65,550,915500
600183,782,68,615,153525
688041,634,65,520,193671
601988,678,68,201,1375400
601728,670,65,59,94300
603259,677,68,168,53400
600089,823,68,36,117200
601600,605,68,154,663700
600930,648,65,78,481900
601668,893,65,746,3500300
600809,638,68,34,4800
600900,644,68,103,129300
600036,799,68,110,59400
603501,862,68,61,22500
601688,573,65,358,682500
601888,886,65,107,50300
600406,617,68,87,203518
601628,578,68,95,48000
688012,655,68,428,137934
603993,890,68,242,462700
601899,628,65,419,470900
600150,661,65,348,255934
600760,610,65,89,77900
601688,785,68,21,23100
603259,863,65,189,49700
600887,851,68,27,13900
601888,570,65,1323,1061600
600111,688,65,149,98500
688111,581,65,282,136751
600050,603,68,70,544200
601600,618,65,475,729400
601288,863,68,136,870600
601600,595,68,129,844200
603019,638,68,443,111700
603019,681,65,377,134000
601166,894,65,216,433000
600089,811,68,35,176700
600760,680,65,67,38700
600036,576,68,151,234900
601012,673,65,197,218000
601127,785,68,66,28800
600111,855,65,137,181300
601601,873,68,45,32300
601688,877,68,44,96300
600900,884,68,189,327400
601899,596,65,1399,1494500
600887,609,65,528,644400
600276,864,68,109,64120
600028,643,68,81,618500
601688,879,68,39,41600
601127,585,68,367,193500
601988,659,68,72,235900
601127,670,68,25,13500
601728,809,65,88,403700
603993,785,65,460,805900
600050,829,65,86,944700
601688,852,65,154,251900
600031,579,65,547,711800
600309,892,68,150,149100
600183,872,65,988,259800
603019,881,68,88,48000
601899,637,65,552,850482
601600,666,68,55,333700
603259,605,65,1115,321103
688008,617,65,1137,496173
600050,793,65,105,420100
601668,802,65,102,613600
601288,864,68,119,980000
600183,785,68,294,82000
601088,890,68,65,103900
601728,807,65,54,241700
600031,665,65,292,436000
601600,896,68,391,700100
600406,616,68,183,160800
601127,801,68,35,21600
600930,850,68,200,483200
688041,888,65,593,263070
600887,821,65,167,140500
600150,605,65,1172,1150470
603259,849,68,127,66300
601628,582,68,95,80336
603993,675,65,217,445000
601318,820,65,389,290000
688256,855,65,213,56250
601288,866,68,140,660700
601688,786,65,80,82000
600030,616,68,42,64300
603259,639,65,369,176400
601628,817,65,67,26600
601658,646,68,63,370500
600809,782,68,36,12700
601857,784,68,82,243000
688256,820,68,186,41363
601857,822,65,204,292300
600406,869,65,149,193800
603986,879,65,415,83400
601088,632,68,50,25800
603259,667,65,584,139500
601899,635,65,555,692700
600036,896,65,273,275300
600900,885,65,462,552900
601166,640,65,160,343500
601888,803,65,177,119840
600309,830,68,186,322600
601166,884,65,132,224200
601888,868,65,56,23200
601127,808,65,131,76400
600900,587,68,223,292300
600930,628,65,132,561000
688012,633,68,316,110016
601728,814,68,18,38700
603986,588,68,1742,349600
601888,866,68,35,38300
600809,642,65,119,43500
601088,663,65,204,91800
688012,793,65,281,113215
603986,876,65,422,94798
601919,570,68,699,2334100
600050,835,65,52,1212000
600036,886,68,106,66200
600519,876,68,38,4300
601658,797,68,16,74100
688012,651,65,302,109061
601288,847,68,216,730800
601328,581,65,546,2324600
603019,639,68,41,17300
688111,611,65,239,113785
688041,857,68,295,118152
601211,853,68,35,100900
600028,838,65,769,2522300
600089,658,68,26,55400
600150,647,68,129,291311
600309,830,65,419,374900
600150,858,65,352,211207
601857,574,65,538,1531043
601857,858,65,298,383400
601988,656,65,430,2263200
600809,661,68,19,4400
601166,603,65,256,477800
601127,827,68,44,10500
600760,874,68,31,13100
600089,878,68,60,110300
601919,599,65,300,332920
600028,625,68,142,600500
601328,583,65,324,3238295
603019,581,68,69,36400
601658,818,68,30,286500
601628,845,65,118,45300
603259,851,68,74,46091
688256,864,68,107,26198
601668,867,65,131,1138600
603019,680,68,36,14900
601688,881,65,147,274300
601398,577,65,1190,6761030
603501,623,68,26,31500
688012,644,65,298,109712
601211,684,68,53,80400
601288,573,65,1118,5567500
601688,606,68,68,173300
600930,634,68,63,394500
600406,655,68,40,45700
688008,644,65,382,167897
600028,657,65,141,529800
601328,787,65,85,509700
600050,816,68,22,131800
600031,820,68,51,89500
601600,832,65,356,706100
600111,847,65,119,80800
601668,882,65,266,795700
603019,810,68,35,23500
603986,601,65,1476,337251
600309,596,65,391,188400
600406,652,65,173,139600
600030,888,65,197,584445
600111,889,68,116,84311
600089,877,65,109,156200
603259,588,68,372,153225
601888,608,68,74,77600
601857,852,68,34,892400
600183,869,65,615,187500
600183,784,68,288,101400
601728,889,65,96,219800
600050,881,68,79,1083000
600031,798,68,51,82400
603259,654,65,199,60900
600406,803,68,53,55800
601668,855,68,77,880800
601888,883,65,84,49300
601127,853,68,99,27700
688012,570,65,1922,742725
600887,869,65,275,241500
601600,883,68,154,465900
600028,615,65,1063,4224070
603986,892,65,1016,191500
601088,610,65,204,110700
600276,601,68,143,211400
600036,671,65,338,255300
600309,858,65,920,541700
601899,825,68,161,410900
600930,641,65,121,518400
601211,886,68,73,238990
601398,876,68,121,1174000
601728,627,65,119,441300
601211,599,68,160,257400
600183,839,68,196,46900
601088,839,68,15,4600
600150,574,68,215,372467
600183,619,65,1455,487870
601668,816,68,46,239300
601628,817,68,19,15100
600036,852,68,125,127400
688008,890,65,540,235581
600900,613,68,85,192800
603986,671,65,450,85200
601328,842,65,156,374100
600809,596,65,294,103600
601658,893,65,251,464400
601728,635,68,24,70300
603259,573,65,1908,1019640
601211,650,68,33,89000
600183,644,68,341,95700
601658,793,68,72,700000
600089,832,65,131,218100
601658,843,65,71,91300
603019,895,65,386,164868
600276,683,65,136,200600
601012,793,65,253,319226
603993,859,65,190,283600
603993,832,65,206,261000
688981,622,68,203,175368
603986,682,68,177,34100
601628,645,65,133,45500
688012,809,68,433,170284
688041,814,65,472,261071
600900,825,68,104,176700
601328,851,65,101,238900
600036,635,65,210,70700
600028,666,65,160,720500
601318,818,68,195,230100
601166,670,65,129,161200
600031,822,65,161,231900
601658,854,65,142,754400
603501,868,68,48,30000
601166,579,65,449,1046300
601628,612,68,34,31300
601127,613,65,484,97900
603501,782,68,96,48600
600406,571,65,604,770800
600276,792,68,70,55900
688111,804,68,86,51182
601288,830,68,127,1955400
600028,842,68,49,611100
603259,882,65,402,118800
601012,884,68,96,139800
688008,794,68,311,135746
601211,829,65,523,448100
603259,887,65,417,138600
688981,822,68,163,141023
600760,644,65,50,22600
601888,860,65,72,61200
600900,596,65,616,746051
600050,800,65,81,345800
603501,846,68,41,9200
600900,848,68,88,125200
601888,817,68,33,30900
600519,882,68,58,12400
601088,892,68,151,233000
600930,611,68,72,493800
603501,684,65,161,99000
603501,676,68,18,22400
688041,840,65,429,177771
688008,888,68,330,187989
600089,830,65,108,140900
601728,803,65,71,120200
601988,597,65,563,2151960
600760,632,68,30,19300
600760,812,68,25,34800
688981,846,68,116,109747
600111,808,68,42,51000
688012,857,65,412,143046
601012,616,68,94,171400
601600,647,68,96,182300
601288,649,65,851,2857200
601658,574,68,129,675300
601601,875,68,56,31900
603259,880,65,355,129600
601088,894,68,63,65800
688008,865,68,339,198035
601012,619,68,100,469100
600111,634,68,66,40900
600309,889,68,129,80600
600150,680,65,346,258026
601600,635,65,344,417200
688981,666,68,158,124372
601288,570,68,544,3849992
601668,881,65,275,1014600
600900,644,65,409,429100
601600,604,68,92,707200
601628,596,68,84,97400
601398,662,68,70,293900
600406,789,68,34,33200
600519,666,68,50,8000
601668,810,65,233,1086300
600406,587,65,273,379500
600930,666,68,52,281800
600276,822,68,77,56700
600809,825,65,54,24100
600809,669,65,86,35000
601857,887,68,57,214700
601012,581,65,608,1253890
601688,664,68,26,51900
601919,688,65,102,168000
600089,802,68,163,261220
600276,650,68,76,46600
688256,805,65,291,78787
600930,841,65,112,361200
688041,895,65,493,186275
601688,596,65,140,187300
600050,813,68,23,406200
600111,794,65,99,93100
603259,630,68,219,80600
601166,824,65,191,271500
601211,577,65,633,1080864
603986,869,68,409,77865
600809,876,65,97,38000
601600,792,65,207,345200
688012,602,68,438,160883
688256,624,65,271,63052
601012,792,65,297,801900
601728,801,68,31,118600
603993,875,68,118,161800
603501,856,68,42,10500
603259,589,65,1113,373900
601088,593,65,327,157200
601088,637,65,185,65900
601318,822,68,101,166200
601600,881,65,507,955500
688008,799,68,260,108745
600309,834,68,244,293700
688111,577,65,297,130186
600050,596,68,41,299100
601888,780,68,743,248107
601658,842,65,92,624800
603993,664,65,343,757200
600276,589,65,688,520700
600150,609,65,578,604835
601668,800,68,115,670900
600030,832,68,62,96100
601318,889,68,141,212300
600406,640,65,106,105500
601088,833,65,69,34000
600089,892,68,123,233386
600276,893,68,180,141900
688111,622,68,198,84862
600809,877,65,93,38000
600900,841,65,363,284900
601166,678,65,91,147100
600900,859,65,269,260800
601919,888,68,68,131800
601919,793,68,61,55000
600089,630,68,201,225600
601688,852,68,88,238700
601288,575,65,1438,6113300
601600,870,68,149,672100
600150,676,68,56,83700
600028,663,68,28,66100
600028,822,68,44,160000
601398,641,65,644,4138800
601398,850,68,173,633400
601211,641,68,22,55800
603259,674,65,780,164200
600519,862,65,93,11300
601899,878,65,1050,785300
600089,869,65,120,109200
603019,871,65,145,76341
600406,799,68,44,88700
688008,662,65,553,211195
601398,667,65,162,587800
600050,609,65,207,1731300
688256,623,68,331,72448
688012,837,65,311,109831
600030,606,68,82,185900
603986,858,68,149,30065
603993,614,68,148,667000
600028,871,65,252,571100
600406,821,65,131,172800
601166,588,65,393,615400
688256,856,65,198,48830
600809,804,65,58,17900
600028,830,65,257,570700
601668,894,65,709,6137328
688256,610,68,301,68121
600519,790,68,54,7050
601628,794,68,30,6300
603259,876,65,277,71400
601899,607,65,621,770200
688008,800,68,303,118733
601318,627,68,51,32500
601088,895,65,159,109200
600887,808,65,130,98900
601899,682,65,356,361650
600930,669,68,100,715600
601899,842,68,105,254300
601857,602,65,442,1216800
600028,833,65,119,329100
601318,834,68,76,41400
601899,828,65,491,566800
688008,836,65,408,180793
601658,660,65,111,261500
601166,574,65,330,1018400
688008,589,65,1747,829789
688111,780,68,111,33484
601088,640,65,192,110300
600406,857,68,71,41512
600519,894,68,68,19800
600309,638,68,164,79200
603019,648,68,193,73200
601166,660,65,85,153000
601688,870,68,76,114500
601088,612,68,74,53400
601628,873,68,52,29700
600036,862,65,314,227800
601919,794,65,152,213800
688008,833,65,362,159132
601166,600,68,88,174900
688111,667,68,96,39899
601857,611,65,306,864000
600036,631,65,393,242100
600030,799,65,175,246000
600276,884,68,109,89000
601328,876,65,107,281800
688012,788,65,315,123236
600406,825,65,138,97400
603019,894,65,269,105468
600031,624,65,260,429500
688012,780,68,438,117479
688012,640,68,262,96199
600183,618,65,1445,446600
601127,669,68,69,62200
603259,787,65,366,72800
688981,895,65,499,297201
601398,834,68,79,644400
600519,661,68,71,8200
603986,781,65,1234,174900
603019,576,68,463,202400
601919,590,65,535,683500
601919,781,68,54,421300
600030,831,65,264,216000
603019,640,65,299,122300
600150,864,68,88,81200
600760,875,68,33,48500
688981,851,68,146,112221
601398,787,65,231,1238100
601398,633,68,56,912700
601127,837,65,140,43700
601728,628,65,238,498900
601728,797,68,28,62500
600276,622,65,795,538726
688111,784,68,125,53477
601668,851,65,107,1655900
688012,856,68,248,87460
688041,836,68,233,97211
601899,636,68,234,793300
600031,676,68,80,81400
601166,826,68,30,31400
688256,607,65,411,110567
601328,646,68,103,179300
688981,639,65,544,343014
601888,786,65,80,59800
600809,859,68,20,8800
600760,845,68,33,19500
600276,597,65,1043,743320
600519,635,68,77,17100
600150,649,68,116,289100
603501,668,68,73,21100
601012,810,65,256,545900
601211,831,65,148,107200
688981,650,65,316,237591
600030,582,65,488,742826
600309,887,68,211,146600
601012,662,68,62,105400
603986,863,65,292,81800
600930,578,65,674,4665200
601328,624,68,32,248700
688111,647,68,58,31361
603986,657,68,335,61200
688041,813,65,327,114685
601899,680,65,649,616200
601888,614,65,238,220200
601857,866,65,142,244000
601088,649,68,44,33000
600031,866,65,326,458900
600887,669,68,35,18000
601857,573,65,530,1296000
600089,785,68,25,70000
603986,648,65,588,126200
601288,687,68,95,387000
688008,647,65,460,201268
600760,792,68,9,3400
601728,840,68,56,145800
688012,875,68,388,144356
601728,633,65,98,170900
603501,586,68,269,124900
600276,602,65,653,657000
600150,614,65,430,444187
600519,674,65,101,16100
601288,820,65,420,2105400
600900,878,68,98,187400
600809,817,65,63,28700
601328,888,65,155,484200
601688,894,68,87,91700
603501,894,68,130,74400
600183,642,68,495,112000
688012,616,65,388,132092
600089,669,68,39,56700
603019,786,68,84,58200
688012,860,65,340,146832
601328,574,68,128,1353900
601166,784,65,222,376600
601888,658,65,68,83777
600030,599,68,103,106910
600031,883,68,123,171434
603993,615,68,171,541600
601899,668,65,396,243200
688111,632,65,131,56680
601668,623,65,163,2053900
688008,663,68,306,114180
601919,840,65,547,485900
600276,574,65,906,769300
600111,675,65,92,42200
600089,598,65,349,544800
601988,616,68,134,433100
601328,823,68,23,167600
601919,799,68,56,165800
600036,865,68,46,55300
600150,892,65,889,974726
603019,619,65,174,104700
600089,809,68,180,216500
601888,686,68,9,2500
601127,881,65,241,70700
600028,825,68,173,2152700
601600,798,65,297,773700
603019,585,68,272,100200
600900,803,65,222,403200
601601,674,68,31,33600
601398,622,65,281,1166400
601288,651,68,131,799700
600150,662,65,419,367169
600183,583,68,546,217245
601288,800,65,931,7822500
688256,680,65,260,58825
601127,837,68,80,23400
600900,854,68,216,349800
600930,862,65,227,985400
600519,879,65,126,18800
600900,631,65,428,433600
600406,855,65,240,133761
688981,819,65,538,457203
603259,885,68,152,49700
601688,849,65,215,149000
600050,586,65,236,2300300
603019,593,65,531,245200
688008,618,68,603,288501
603986,633,68,481,64600
601398,805,68,106,124000
603019,813,65,496,119200
600276,609,68,221,199600
600309,670,65,138,73300
688041,678,65,488,174524
600930,848,65,245,1014900
688041,854,65,308,112445
600089,873,65,131,124600
600030,578,68,145,231600
601888,602,65,202,117200
601328,598,65,356,540200
600030,604,65,237,209900
688041,818,68,376,160256
603993,851,65,204,311000
601328,783,65,202,544000
603993,571,68,585,1401600
600276,592,65,931,885166
600183,592,65,1894,566000
601166,857,68,53,244300
600036,571,68,229,471400
601127,615,65,756,227700
601857,680,65,81,184800
601988,814,65,123,631500
601628,595,65,248,113400
601658,599,68,100,762400
601088,585,68,113,58800
601288,648,68,286,1018600
603993,781,68,146,340700
603501,798,65,82,40800
600276,799,65,188,214900
600887,611,65,451,436000
600809,573,65,177,66800
600030,655,65,189,199300
601658,606,68,132,1882900
601888,797,68,30,73900
600036,875,65,342,206200
600030,832,65,230,289600
601398,650,68,105,434200
601899,676,68,118,305100
600406,579,68,65,73281
600406,837,68,52,50742
601398,834,65,161,1063600
601988,867,68,63,413000
688256,785,65,270,63454
600887,799,65,133,84300
601012,591,68,149,485700
600276,881,68,89,101000
603986,658,68,170,72500
688012,663,68,211,86768
600406,590,68,91,128600
603501,625,65,62,22200
600150,628,65,332,359522
601658,619,65,321,2688500
601127,670,65,67,21798
688012,597,68,464,174946
600050,796,65,69,124500
688111,851,68,45,26945
600036,849,65,374,229300
603501,860,65,82,21500
601888,867,65,62,27500
603993,606,65,864,1289100
600809,634,65,119,44400
603019,834,65,165,87900
600519,795,65,135,22800
601166,858,65,158,310700
600519,668,65,119,13000
601601,688,68,64,65900
601328,602,65,521,1588200
688008,881,68,278,156157
603501,584,65,345,163000
601088,682,65,107,44300
600150,809,65,385,281700
601658,600,65,288,1347300
600887,796,68,61,65100
600406,799,65,155,149200
600809,878,65,58,19300
600276,787,68,85,65200
600887,642,65,254,332300
600089,667,65,110,116000
600406,858,68,87,64161
600111,870,65,238,118500
600760,599,65,82,41400
603259,684,65,190,44100
600309,862,65,1189,765927
603986,822,65,657,120900
600809,637,65,85,29500
601919,850,65,506,558100
688981,614,65,577,429621
601919,623,65,255,196600
688256,673,65,259,62205
601328,887,65,176,434700
601919,830,65,188,219900
603986,837,68,512,65200
600036,896,68,200,208100
600309,790,68,32,32300
601398,856,68,74,262000
601088,597,68,47,29300
600030,619,65,199,308400
600050,857,65,110,382300
601688,797,65,165,155500
601288,653,68,94,570100
688041,828,65,399,136435
600050,684,68,54,999200
601628,861,68,35,13900
600050,875,65,117,931000
600519,594,68,84,9600
601899,870,68,426,485100
600809,660,65,79,19100
601888,586,68,136,125500
600519,784,68,46,5100
688981,582,65,647,575512
688012,575,68,344,127898
601288,827,65,875,11485600
601012,829,68,658,950600
688256,788,68,290,63530
601600,825,65,539,742800
600031,863,65,384,556700
603019,883,65,208,89700
601127,676,65,41,16900
601628,876,68,40,95100
601628,586,65,293,231500
603259,894,68,199,59200
601398,843,65,339,1085500
601398,602,65,906,3545900
601668,635,68,32,162000
601628,790,68,30,516600
600309,856,65,636,664800
688111,869,68,106,46137
601728,884,68,67,198800
601601,888,68,61,68800
603501,815,65,93,33800
601088,835,68,40,26900
600030,597,65,302,1117010
601012,669,65,169,336900
688008,788,68,309,126313
600406,782,68,25,22800
601888,790,65,130,74500
601601,805,65,180,129200
601088,880,68,75,70800
600406,622,68,120,172900
601088,870,65,236,73800
601012,855,68,36,99100
603259,642,65,427,140600
601899,665,65,413,513600
601688,862,68,20,143400
603993,880,65,455,712700
600900,675,68,132,116700
600519,678,68,54,9400
600519,571,65,396,56641
600519,811,68,47,6500
600089,838,65,95,245740
688041,853,68,165,59171
601919,641,65,112,121100
688008,687,65,381,164664
601328,881,68,89,569100
601318,882,68,114,51795
601127,880,68,48,26600
601288,790,65,438,3684000
601398,793,65,336,2220500
601211,803,68,168,287100
600028,587,65,576,2611800
600150,648,65,862,1816868
601600,642,68,76,274200
601600,676,68,82,132900
601088,678,65,142,62400
603501,780,68,372,202000
601728,806,65,94,180100
601988,833,65,193,624200
600111,854,68,34,25000
600809,861,68,22,5700
688256,896,65,271,69894
601012,633,65,200,287900
600031,867,68,80,126000
601601,684,68,24,13400
600809,656,68,120,27100
600028,598,68,162,1413400
601318,600,65,305,271700
600031,676,65,209,278200
601127,876,65,175,50300
600036,595,65,448,360900
601328,886,65,134,512500
601166,585,68,281,584100
600519,825,65,126,14100
603986,887,65,655,143849
600519,816,65,82,13200
601728,648,68,23,47800
600031,895,65,392,470000
603259,666,65,504,118900
600030,610,68,33,200800
601988,794,65,656,2825800
601988,620,68,204,1896200
601728,629,68,84,164000
603019,804,65,124,51900
601988,634,65,300,1693400
600150,584,65,1215,978971
601318,830,65,227,143300
601899,582,68,516,818545
600089,869,68,54,54100
600809,665,65,107,29300
601628,686,68,13,19100
601888,856,65,66,28100
600111,857,65,118,118300
600809,651,65,80,25400
601857,784,65,241,682500
603986,575,65,2688,671100
601398,784,65,425,744500
601988,888,65,221,790700
600050,666,65,82,490800
601398,824,68,121,441700
601012,657,65,148,215200
601658,626,68,40,123900
601919,580,68,125,125200
601166,656,65,434,593600
600089,834,68,63,151300
601211,591,65,517,414662
601088,851,68,31,16900
601328,895,68,295,3874500
688008,638,65,549,247944
600111,637,68,35,19200
601601,788,65,124,47100
601628,675,65,116,79900
600050,808,65,72,458900
600276,892,65,346,277600
600900,683,68,50,86700
600760,622,68,145,44900
600760,687,65,142,60300
601012,815,68,37,75300
688012,571,65,756,294448
601888,645,68,42,20800
601857,825,65,315,410000
603019,849,68,106,62400
600900,689,68,86,87100
601728,807,68,142,208900
603501,848,68,79,43200
600887,874,65,342,390300
601127,831,68,70,24900
600309,659,68,143,37900
601658,670,65,398,1595600
688256,596,65,487,114380
688111,888,68,140,59087
688008,605,65,1044,490074
601127,835,65,281,93700
601899,824,68,383,692200
601888,883,68,46,51600
601211,627,65,201,148100
600900,809,65,225,239600
601600,856,68,117,170400
600030,806,65,207,209400
601668,633,65,142,1263620
601211,647,65,138,158300
601600,795,65,260,481900
601688,645,65,230,311800
600050,799,68,100,275500
688012,571,68,265,104991
603501,643,68,71,19791
601166,683,65,162,242200
601211,791,68,84,556000
601328,846,68,25,141100
600276,609,65,644,471300
601211,624,65,112,93900
600089,829,68,57,124400
600031,884,68,155,283800
688041,785,68,312,117827
600183,614,65,1415,609699
601211,587,68,151,221000
601318,611,65,361,330764
601728,649,65,98,246700
603501,602,65,504,158700
600030,654,68,37,95000
688981,675,68,170,171666
601899,681,65,452,525050
600183,681,65,636,230799
601398,579,65,748,3067045
601857,804,65,125,200900
688012,823,68,261,93172
688012,862,68,154,60748
601688,627,68,34,106140
688008,892,68,330,153506
601088,784,68,40,31600
601857,597,68,52,229700
601398,601,65,598,2192200
600900,808,65,175,234667
601688,835,65,99,126400
600031,841,68,77,158600
601166,872,68,74,64200
600900,687,65,133,156100
600150,800,68,102,52600
688041,617,65,587,199022
601211,820,68,20,37300
688981,610,68,292,264572
688041,648,68,358,143015
600930,833,68,93,253300
600309,864,68,179,103200
601600,579,68,140,434800
601211,650,65,126,201900
600760,871,68,41,19800
600089,878,65,105,133000
600183,882,65,768,221100
601919,679,68,25,85000
601668,665,68,203,2714900
601318,615,65,347,270500
603986,643,68,374,57300
603019,799,68,26,10200
601601,680,68,97,61200
688256,800,65,400,94674
601728,593,65,235,872900
601658,678,68,44,227800
603501,638,65,152,59000
601919,645,65,379,361200
688111,828,68,81,44270
601888,596,68,308,125800
600111,872,65,164,77800
601012,794,68,71,141700
603019,647,65,202,137300
603259,616,68,367,188600
600809,645,65,105,22800
688256,650,65,366,88348
601211,781,65,312,287300
601728,588,68,39,80900
600760,793,68,18,126800
600900,586,68,154,738300
601919,684,68,16,19200
601728,808,68,30,41900
600406,809,65,196,190600
688041,893,68,408,177053
600809,663,68,47,11800
688111,879,65,146,62483
688012,803,68,157,58248
603986,621,65,1086,217580
600276,866,65,203,157700
601628,616,68,32,23800
688111,610,65,243,108483
601398,604,65,482,1542000
601628,581,68,64,126900
601888,634,68,32,27700
601888,684,65,38,21900
601398,634,68,88,1017900
603259,828,65,217,49600
600028,832,68,78,328500
600183,841,65,542,174100
601012,782,65,203,261100
603259,618,65,845,267523
601668,797,65,56,773400
600050,570,65,1899,15506003
600900,662,68,82,131600
601127,792,65,131,55500
601919,835,68,131,175000
601988,846,68,82,1356300
601628,796,65,113,67500
688012,848,65,300,121330
600276,806,68,97,101300
600028,854,68,129,265500
601658,854,68,72,1810164
601601,812,68,182,39900
600406,823,68,58,85200
601601,616,65,169,158400
600930,629,65,127,692200
600406,686,68,13,10400
601658,659,65,61,361300
688012,855,65,356,120732
601899,858,65,468,325300
601127,862,68,82,51200
600150,807,65,460,487327
603501,875,68,32,12790
601127,882,68,66,40600
688981,885,65,372,232395
600406,889,68,84,90400
603501,595,68,37,18100
603986,891,68,438,83700
601728,586,68,105,385100
601166,576,65,370,675100
601899,677,65,963,797400
601398,821,68,109,215200
601127,888,68,60,27900
600309,678,65,118,56800
600309,823,65,118,45900
600760,843,68,78,42200
603019,810,65,82,38100
601688,864,68,52,99400
600900,871,65,359,360600
600887,810,65,274,147700
601012,623,65,294,623200
600031,836,68,51,102904
603993,804,65,212,333900
600030,596,65,422,516885
603259,801,68,93,25600
601211,584,65,439,417400
688981,688,65,99,87004
600111,672,68,46,24800
601919,786,65,139,120500
601088,635,65,133,76800
600887,866,68,96,265700
600050,598,68,61,800400
603259,606,68,201,44600
600406,634,68,27,79500
603501,668,65,135,53500
601211,623,68,33,75200
601600,640,68,123,230000
600150,659,65,260,179307
603986,689,65,348,76500
600031,575,65,906,940700
688041,632,68,286,115704
600809,668,65,46,12900
600036,827,68,53,31800
600276,842,68,70,27400
688008,894,68,448,224008
600030,850,65,403,470530
600036,861,65,333,190900
600031,894,65,459,514900
600183,862,68,158,38757
600519,587,68,103,14500
688041,862,65,281,100505
688041,850,65,448,150356
600030,588,68,110,126300
600183,629,68,350,99100
688981,572,68,326,214104
601899,603,68,167,253600
601888,650,68,44,26800
688012,892,65,394,157464
601166,895,68,154,207400
603259,658,68,301,122100
600028,584,65,647,2248899
601398,674,65,173,843400
688981,782,65,229,151689
603019,598,65,313,174700
688012,665,65,333,126374
601728,816,65,91,152100
601127,858,68,32,9800
600030,680,68,63,88800
601601,833,65,120,129400
601688,895,65,254,378400
601127,663,65,57,45800
601328,656,65,105,349100
601012,837,68,52,112100
601012,876,68,98,150400
688041,587,65,1381,655676
601328,823,65,56,102900
601166,647,68,52,63000
601658,669,68,24,256200
600036,644,65,185,129200
601012,571,65,574,1815200
688041,668,68,377,191010
600031,847,65,378,354200
603993,585,65,1189,2365800
601888,644,68,937,141000
688008,672,68,427,199776
601988,799,68,74,1745500
601919,785,65,206,231200
601728,665,65,169,237300
601899,811,65,441,641300
601166,856,65,155,322200
600030,583,65,405,1451615
601919,650,65,196,259900
601398,794,65,239,2400600
603501,865,65,83,29200
600276,896,68,263,388200
601127,672,65,57,18900
603993,787,65,690,1348700
601899,639,65,327,520800
601601,635,68,37,35600
600183,882,68,501,157277
600519,609,68,142,21280
600183,842,68,232,98500
601668,673,65,87,782100
601728,786,65,90,164900
601688,833,68,31,37000
603986,848,65,532,102300
688012,678,68,284,94264
601601,673,68,11,17300
600887,680,65,185,126100
601600,591,65,701,2665800
600309,617,65,1433,1179500
603501,784,68,66,29500
600150,831,65,398,276134
600050,642,65,76,539200
600150,684,68,59,54300
601288,687,65,211,511100
600028,820,68,91,183300
601127,790,68,41,67700
601628,850,68,42,19600
601919,635,65,158,122240
601166,794,68,95,109400
601688,602,65,154,265600
600887,822,68,39,35400
600150,894,68,169,173441
600406,646,68,41,59400
601088,689,65,143,66200
600089,651,65,174,300400
601318,632,68,47,31000
603019,582,65,497,270753
688256,780,65,552,167613
600089,687,65,88,124800
601688,790,65,221,541900
600519,617,65,261,40400
601988,632,65,236,1372500
601688,806,65,152,275200
688041,834,65,327,118263
688041,616,68,454,175849
601658,826,65,122,278600
600031,838,68,101,235700
603501,635,65,77,30500
603259,590,65,1257,614200
688981,609,65,1285,595135
600900,817,65,324,586900
601919,574,68,112,238000
600030,658,65,102,81100
601857,581,68,145,914200
601628,607,65,201,119200
600406,806,68,59,57900
600887,862,65,370,283600
601919,854,68,71,66800
603993,655,68,86,160900
600760,787,68,9,12600
600030,678,68,37,36800
600028,583,65,644,3238501
600809,824,65,78,22900
688981,858,65,299,218304
600028,868,65,161,426800
603993,877,65,346,559700
600150,787,65,410,328540
600887,585,68,95,119200
601088,575,68,283,155093
688981,591,68,581,507615
600760,853,65,63,37100
600036,608,68,183,171300
601600,613,65,372,890100
688008,839,65,413,195576
688111,615,68,199,79289
600031,668,68,36,54100
600089,667,68,62,45400
600930,674,68,47,269700
603986,799,68,172,26600
688256,813,65,294,73513
601668,677,65,49,587900
601012,864,68,49,127200
600050,587,65,219,1329000
601012,600,68,143,529716
601688,604,65,161,212007
600183,642,65,973,339700
601688,672,68,31,36100
601988,793,65,388,2618500
600519,800,65,109,14200
600930,884,68,149,390500
601628,863,68,90,41600
601628,676,65,119,81900
688008,890,68,353,193811
601688,896,65,127,217900
601166,602,68,115,106300
601919,627,65,160,110900
601601,642,65,177,138800
601658,656,68,47,52400
688012,679,65,362,124203
603259,835,65,322,95400
601600,629,68,129,225300
603501,684,68,72,61300
601668,588,65,402,3814200
600809,676,65,34,12900
601288,877,65,252,950200
601288,619,68,198,2272800
600031,826,68,65,247300
600031,846,65,483,644200
600028,806,65,257,1207800
600031,622,65,393,626700
688111,657,65,237,100849
601328,832,65,146,965600
601857,874,68,53,95800
601600,794,68,64,294200
601888,871,68,32,19700
600930,575,65,583,3005700
601211,790,65,519,1574810
601318,858,65,314,149100
601318,631,65,349,205800
600030,836,65,253,668900
600276,846,68,196,135900
600050,878,65,69,269100
600030,846,65,122,210100
601318,578,68,150,149300
600406,573,65,640,705100
603501,686,68,65,29300
688256,628,65,330,82113
600031,584,68,129,247058
603019,672,65,270,138100
601288,678,68,86,890700
601919,636,68,112,184200
601688,816,68,16,30900
600276,832,65,236,102000
601658,638,68,36,155900
600900,837,68,102,172600
600809,845,65,64,23200
601668,635,65,234,1264500
601398,849,68,77,389700
601628,822,65,90,52000
601318,855,68,119,60900
600050,790,65,89,361100
600760,860,65,86,26900
601318,868,65,284,157000
601899,875,65,421,571800
600111,614,68,58,54700
601288,600,65,845,2966200
600519,819,65,97,12000
601211,574,68,93,437849
601398,596,68,214,2828400
688012,854,68,245,103883
600519,614,68,142,19600
601601,596,65,378,271700
601857,876,65,147,247100
600887,877,65,249,229200
603501,883,68,68,47100
601127,643,65,170,63000
601288,579,68,272,1383100
600519,597,68,60,7600
688981,609,68,1078,481804
601127,657,65,82,41000
600111,866,65,146,100700
601211,837,68,39,55700
601328,789,65,75,806000
603501,783,68,67,20400
600519,789,65,121,21250
600089,794,68,24,74200
603019,820,65,233,124700
600111,581,65,460,603400
688981,633,65,361,245671
688256,570,65,1358,401408
603993,579,65,1305,1870600
601888,595,68,307,144200
601211,662,68,9,32300
600030,871,65,400,385100
600809,880,68,43,10600
600309,847,65,320,169700
601628,667,65,113,183600
601088,591,65,462,233800
600900,802,68,133,569900
600406,849,68,50,75100
601166,882,68,68,82600
601166,885,68,97,179700
601919,623,68,28,48000
601600,885,65,557,894800
688256,687,68,308,72009
600309,662,65,151,106100
603019,651,65,142,76100
601211,678,65,62,77500
601318,837,68,53,36800
688008,596,68,625,294087
600089,589,65,417,577400
603501,785,65,151,112853
603986,641,65,469,119900
600809,784,65,43,15300
601857,844,65,211,609300
601919,850,68,265,369500
688012,873,68,354,128535
601658,892,68,169,933800
600150,580,68,321,454556
688256,622,65,404,93301
600276,634,65,314,251676
601211,577,68,218,439882
601899,649,65,403,414900
688111,685,65,65,26955
601211,590,68,71,192300
601688,584,68,46,100700
600031,681,68,62,147000
688981,806,68,201,171080
600809,609,65,304,128800
600183,615,68,497,202400
601601,873,65,180,106500
600030,594,65,284,346400
688111,884,68,131,58493
603019,788,68,24,12000
600111,823,68,39,35800
601398,896,68,471,3001000
600050,652,68,44,282400
601919,642,68,38,76330
601127,802,68,50,28000
600028,852,65,175,643100
600519,858,68,19,2500
603019,822,65,193,80700
601899,822,65,340,488800
600809,896,65,92,27186
600050,831,65,110,1267700
600031,818,65,150,183300
603986,572,65,3192,697326
601888,612,65,285,236400
600760,663,65,39,30700
601919,828,68,77,96200
600519,854,68,22,2300
600089,855,68,45,37600
603019,891,68,88,55658
600183,828,65,496,165300
600887,623,68,87,75500
601988,829,65,154,1189600
600050,860,65,124,865300
600089,658,65,72,118230
603019,812,65,153,78400
600031,889,65,375,455700
688041,586,68,861,438600
600519,630,65,180,23000
688012,866,68,192,75078
603986,637,68,327,75887
601088,781,68,104,61700
600760,821,65,66,62400
688981,683,65,93,87289
601899,875,68,311,261300
688981,660,68,171,142251
600930,589,65,235,1462400
603993,617,65,474,1029600
603986,836,65,617,86600
601601,879,65,203,101900
603259,599,68,595,120900
688012,839,65,274,126924
600150,676,65,213,178300
601628,860,68,32,32000
600809,888,65,82,31227
600036,681,65,461,470800
600760,823,68,20,10000
600406,816,68,110,128600
600276,612,68,126,110900
600089,601,68,230,455698
600028,658,68,64,326800
601600,806,68,103,479700
601688,826,65,214,324400
600309,669,68,104,56600
600150,873,65,667,426600
601601,793,65,225,199100
603986,888,68,246,48413
603259,817,68,60,12700
600028,651,65,154,563700
688008,665,65,482,196571
601857,674,68,22,66600
603501,610,65,128,51600
603019,665,68,56,30015
601318,786,65,189,131800
601166,593,65,276,791761
601888,837,65,45,27500
601288,809,65,216,742500
601166,595,65,349,866200
601688,666,68,34,73500
600809,658,68,42,13500
601899,802,65,351,472600
601166,834,68,21,23700
688981,839,68,175,97303
603501,843,65,83,52100
601628,821,68,29,19800
603986,834,65,322,62114
601899,686,65,383,385800
601318,799,68,47,32000
601127,835,68,222,78000
601601,841,65,181,115200
688256,621,65,311,78046
603986,672,65,546,99700
601211,785,68,48,68296
601318,584,68,144,111600
601988,652,65,408,504100
600309,835,65,429,234000
601899,688,68,209,121500
601328,853,68,73,351600
601012,574,68,157,451700
600887,860,68,62,66000
600030,883,65,251,266143
601088,594,65,375,198400
601688,664,65,101,237300
603019,852,65,93,78300
600030,827,65,222,346945
600519,814,65,133,21600
601688,850,68,78,96000
688111,802,65,76,33527
600089,888,65,143,195700
601988,785,68,137,1240800
600036,876,65,324,199300
601088,805,68,68,43000
601601,827,65,259,195100
601088,829,68,43,46400
601088,595,68,80,67200
601211,626,65,206,282500
601857,804,68,44,85200
600930,862,68,70,398500
601166,818,65,69,116200
601899,641,68,295,257400
601328,840,65,153,349000
603019,655,68,247,32300
603501,629,68,56,22600
600519,799,65,74,9900
600050,849,65,63,384500
688256,584,68,301,70983
603986,579,65,2003,472200
601919,586,68,77,143679
688256,786,65,354,87041
688981,640,68,261,218381
601328,652,68,54,512000
600406,635,68,37,45400
601988,865,65,149,454900
601919,824,65,220,174600
601888,589,68,485,122000
600089,641,65,349,337200
601127,806,65,198,154794
603019,632,68,73,47700
600111,658,68,36,50300
688981,679,65,193,141091
688111,868,65,112,47891
601919,882,65,206,347000
601328,633,68,38,571100
601601,858,65,172,110000
600760,780,68,78,72000
600183,877,65,608,169100
601728,796,65,72,150200
688111,799,65,107,55409
600887,645,65,187,193600
601600,641,68,73,176400
603019,784,65,126,62000
601628,816,68,27,24800
601728,643,65,95,136200
601919,687,68,39,32900
601988,804,68,42,330900
601166,816,65,78,98600
603993,824,65,158,289400
601988,609,68,150,965300
688008,612,65,881,548735
688012,832,68,170,63707
600028,839,68,99,348800
688012,670,68,221,87692
600809,672,68,17,5600
601211,676,68,28,65800
600031,596,65,318,454800
688041,667,68,477,218609
603019,858,68,49,28700
601398,686,65,146,1092900
600900,877,68,231,346100
600519,580,68,161,20974
601088,596,65,307,149400
601988,667,68,66,894200
601688,799,65,148,242800
688008,884,65,555,242784
603986,885,65,727,164998
600809,672,65,48,11700
600089,625,68,131,220300
601166,667,65,386,587600
601328,687,68,48,329000
600760,606,65,70,38100
688256,659,68,209,47743
601628,667,68,50,171200
600089,826,68,22,38390
600406,650,68,51,69800
603501,645,68,111,37200
600028,626,65,573,1640400
600150,665,65,331,320800
688012,688,68,260,91132
603259,649,65,265,78400
601628,780,65,471,414900
600089,836,68,52,140300
601688,841,65,108,112900
688111,674,68,86,41525
601166,630,68,120,215800
603019,825,65,192,93400
601318,659,65,137,93600
603019,642,68,140,52815
600930,815,65,93,222600
601318,875,65,296,156900
600519,883,65,140,21030
601658,621,65,421,4366500
601012,597,65,512,776679
603259,588,65,997,322720
600309,677,65,141,76800
688111,812,65,85,38571
600050,863,65,247,1349300
601658,826,68,56,211200
600183,580,65,2364,686300
601668,591,68,110,2452700
601318,636,68,70,54400
600036,616,65,367,172200
601658,623,65,102,382600
600887,631,65,255,543900
601318,785,68,53,42100
601601,824,65,231,121300
601601,685,68,30,28300
600028,867,65,235,600891
601658,587,65,754,4233200
600089,634,65,206,250100
600036,684,65,181,132079
601288,884,68,229,1346500
601888,597,68,80,99300
601088,586,65,409,190300
600028,629,65,401,1125000
601899,689,65,344,389200
601328,889,68,249,933500
601211,804,65,223,583400
600089,807,65,96,181000
601318,637,68,35,39000
601398,816,65,274,963900
601899,888,68,240,338700
603259,650,68,127,42600
603986,664,65,347,68315
601288,673,68,94,292600
601166,807,65,83,154600
688012,813,65,444,158573
600030,783,68,43,108800
601012,844,68,60,104300
688256,681,68,194,42767
601668,849,65,155,1214900
600276,573,65,1132,1360040
601166,643,65,91,159900
601601,582,68,362,445600
601688,612,68,90,133836
600809,808,68,28,7100
601088,579,68,101,50100
600406,843,65,176,103900
600183,689,65,302,98200
601628,855,68,110,57000
688008,860,65,388,168234
600150,864,65,274,219900
601628,655,65,99,44800
601728,682,65,55,151400
603993,671,68,81,124700
600183,883,65,716,257800
600089,883,65,138,276280
603993,867,65,253,444200
688981,800,68,273,226750
688981,607,65,469,320412
600276,868,68,72,52000
600028,896,68,365,2542200
601688,657,65,93,131900
601600,592,65,605,1895100
601857,606,65,263,689100
600111,585,68,134,152300
601688,828,65,115,231700
601166,840,68,121,373200
603986,847,65,324,62400
603259,648,65,236,86284
601668,617,68,144,1537600
600930,661,65,706,5198200
600031,813,68,46,83800
688256,631,68,323,79612
601211,794,65,211,407400
600030,820,65,326,319600
601288,826,65,266,1129800
601988,665,65,888,2869700
600809,827,65,118,43900
601888,864,68,29,25700
601211,887,65,407,341400
600183,615,65,1130,376300
600036,841,65,261,218300
688256,622,68,319,69085
600089,664,65,69,97300
601899,673,65,332,375600
600309,837,68,226,137900
688111,862,65,130,54011
601728,829,65,127,456000
600309,815,68,58,78373
603501,578,65,412,172200
600036,842,68,66,31600
601127,780,68,672,316500
600111,852,65,99,54600
601012,587,65,1134,2608640
601919,647,65,111,443100
601288,661,68,194,217200
688256,782,68,191,42418
688012,824,68,168,88922
600036,884,65,318,142515
600760,891,68,45,28300
601211,846,68,35,50000
601398,817,65,198,762200
601688,876,65,115,100800
600050,593,65,143,1730100
600030,795,68,60,328600
601728,852,65,103,300200
601899,864,65,530,729300
601600,787,65,432,923410
601088,664,68,25,8200
601988,611,68,519,4627400
603986,674,65,468,96700
600030,826,65,146,262300
600760,571,68,94,119441
603259,575,65,1317,395583
600309,671,65,151,105500
601166,582,68,80,435800
600031,634,68,127,297505
601658,660,68,41,128300
601919,678,68,131,308400
600809,796,65,54,15600
601398,832,68,84,876300
600887,812,65,234,209400
688041,670,65,1004,416357
600050,833,68,70,869400
600809,839,68,26,5700
600809,595,68,49,16200
601318,817,68,104,55500
601988,853,65,153,327300
600900,664,65,504,567100
601899,861,65,558,421300
603259,678,68,149,33800
600519,650,68,71,10700
601211,606,68,121,181862
600036,781,65,261,129900
600809,667,68,15,8600
601088,599,68,89,50800
601728,785,68,14,37300
601211,795,68,21,68000
600031,808,65,191,177800
600036,882,65,296,198100
600276,800,68,170,138600
688256,795,68,269,63552
600050,800,68,39,187500
601988,589,68,183,1076400
601211,687,68,30,84600
688981,836,65,202,145268
601919,794,68,70,100900
600030,874,65,140,133300
600150,648,68,250,717265
601127,654,65,61,28400
601088,665,65,105,51200
601600,803,68,146,474700
600089,651,68,126,185800
600887,794,65,150,118700
600111,661,65,180,213700
601127,652,68,41,41200
600111,850,68,81,47500
600183,587,68,1018,335100
600760,786,65,37,19500
601601,619,65,146,147400
601899,850,65,687,574700
688012,821,65,289,98049
600930,874,65,322,1625700
600406,577,68,117,125746
600900,668,68,215,164300
600276,847,68,168,197100
600930,782,65,128,658300
688111,860,68,111,46787
601211,603,65,266,344414
688012,584,65,496,191352
600183,831,65,520,231300
601919,630,65,179,219200
601398,650,65,388,1331100
601899,591,68,1035,1014400
600028,681,65,297,843430
601088,581,65,334,189200
600028,591,68,93,767200
600809,581,68,59,16200
601398,785,65,303,821900
600930,802,68,48,247100
601601,669,68,20,14200
601988,896,68,395,2387740
601899,583,68,426,486809
600089,599,65,282,571200
688041,831,68,367,148067
601658,588,68,108,1294001
601398,664,68,141,1219400
600183,791,68,259,83500
601088,794,65,199,76800
601857,608,68,56,284600
601318,627,65,263,157600
601668,666,68,173,1043800
600050,655,68,15,84400
600519,853,65,72,9600
601728,857,65,120,337300
601899,626,65,817,707300
600900,863,68,115,335800
601288,806,65,264,1000100
600406,841,68,72,138100
600809,802,68,64,22200
600050,647,68,10,64700
601658,862,65,176,533000
601628,609,68,45,33900
688008,844,68,369,146315
600760,863,68,30,20100
600028,579,65,826,3879394
688981,621,65,461,309093
600089,677,68,26,77800
688111,798,65,57,28748
600760,583,65,152,130800
600028,813,68,35,167960
601012,826,65,130,378900
600809,837,65,58,18100
600760,864,68,25,17300
600809,866,65,76,18800
601628,582,65,304,298600
601628,594,68,47,34300
600036,607,68,70,52700
600760,594,68,70,42100
600036,815,65,592,292600
601688,818,68,22,20400
688111,795,65,257,108977
601012,685,68,26,36400
600089,639,68,39,62800
600887,629,65,222,206000
600036,845,65,237,104100
600028,850,65,199,417500
601166,629,68,61,112300
601668,602,65,623,4989900
688256,648,65,404,98283
600036,786,68,85,70000
688981,643,68,237,194385
601088,807,65,190,84300
600028,620,65,833,4009900
601888,628,68,33,41400
600900,622,65,516,544400
600089,642,68,276,285600
601600,677,65,240,355600
600183,838,68,276,60100
601601,599,65,404,261000
601288,813,68,140,784000
601288,665,65,598,2047300
600309,589,65,653,298100
688008,629,68,282,148694
601600,624,65,369,893700
688111,631,68,101,47783
603259,781,65,605,236500
601601,819,68,170,74600
601919,840,68,347,360200
601166,659,68,31,40000
600150,851,65,491,291601
601688,858,68,31,43800
688981,598,68,728,331923
600930,579,65,467,2051500
601888,616,68,613,161538
688012,675,65,392,139900
601088,792,65,128,42900
600930,811,68,65,507500
600183,837,68,160,47000
601668,891,68,276,1466900
601688,872,65,136,167700
603259,793,65,288,92700
601601,612,68,76,73100
603501,881,68,68,58900
601127,653,65,82,45500
600031,671,68,53,113700
601857,849,68,30,126900
688008,681,65,431,172692
601127,586,68,133,97000
600183,794,68,181,54600
600276,645,65,283,313100
600309,651,68,122,43500
601668,852,65,127,701400
603986,661,68,349,48365
603259,649,68,89,32000
688981,685,65,170,139121
600276,888,68,136,133600
603986,662,68,90,12700
601601,789,65,249,138700
601899,624,65,642,669000
688008,840,68,349,147358
600900,805,68,130,453700
600809,662,65,100,29300
603986,571,68,1005,237015
688041,683,68,262,106336
601012,856,68,72,295400
600900,645,65,552,470000
600150,640,65,886,1312470
603993,628,65,356,423700
601919,657,68,203,384100
600150,827,68,123,63383
688008,834,68,227,98748
688111,816,68,67,30677
688008,841,65,673,263258
688012,574,68,328,123003
600030,843,68,39,71800
600150,844,68,116,49600
600276,847,65,414,660800
600887,854,68,71,160400
603501,861,68,46,15500
601211,651,65,236,270600
688012,630,68,339,116461
600111,781,68,57,18100
600887,647,68,44,73400
600050,657,65,75,467000
601127,658,68,29,34600
688256,780,68,361,120263
601899,839,65,542,535043
601688,617,68,125,174400
603501,862,65,99,28800
601601,880,68,94,55400
600930,571,65,621,4633400
603019,683,68,59,39600
600183,784,65,549,178350
600031,600,65,299,313000
688256,814,68,269,63896
601658,598,65,196,1283100
601899,827,65,650,869400
688008,854,68,257,113348
601600,879,68,269,1170300
688981,830,68,164,123363
600031,880,65,398,406900
688981,793,68,199,173453
600309,617,68,381,357400
601628,636,68,42,16900
601601,631,68,91,74500
601988,672,65,265,645400
601288,796,65,247,1001000
600519,592,68,116,19800
601398,607,65,810,3834700
601328,635,68,35,78900
688256,680,68,221,48278
688041,812,68,481,157614
600760,820,65,51,40200
688041,684,68,364,184434
688008,820,68,386,179343
600930,822,68,30,105300
601600,830,65,249,903300
601088,843,68,33,19600
601628,856,65,212,105500
600028,638,65,259,1013800
688256,641,68,191,42791
601127,667,68,116,184600
601600,837,65,402,1518400
601888,581,68,82,94600
688111,840,65,155,63419
601601,861,68,58,26600
600028,609,68,107,730900
601899,831,68,378,251600
601318,609,65,528,427800
601658,620,68,224,2828400
600887,689,68,76,129700
600150,591,68,190,300800
600276,572,65,1403,1317400
601899,605,65,797,1354671
688041,681,65,747,298678
601919,858,65,130,124460
600760,851,68,18,6500
600031,674,65,177,184000
601600,842,65,606,2662200
600309,854,65,575,354300
600900,783,65,413,795100
688012,631,65,533,182288
600406,575,68,109,142400
601668,664,68,716,3754400
603501,665,65,116,54700
603019,857,65,125,62500
601857,677,65,95,256400
601127,839,68,86,26900
601127,608,68,89,56700
601601,681,68,70,57500
600111,685,68,34,82200
600406,792,68,37,33200
601601,646,68,20,15600
600519,607,65,504,96400
601398,614,65,776,2839600
601628,637,65,119,41200
601328,579,65,538,2983490
600930,652,65,114,428645
603501,657,65,274,123500
600030,643,68,74,144300
601688,659,68,31,28000
600276,804,68,57,17000
601857,859,65,306,567200
601857,808,65,315,536400
601166,671,65,191,297300
603501,870,68,66,14500
601919,634,65,213,194400
603993,882,68,206,220300
600030,884,65,281,239357
600760,634,68,20,10700
601919,658,65,332,537700
601988,893,65,168,1653300
600089,870,68,45,64000
600036,633,65,375,152500
603259,609,68,802,382780
688008,684,68,223,103548
600519,632,68,126,22460
601127,656,68,44,26300
600809,800,65,83,17700
600519,830,68,160,19300
600406,878,68,57,71900
600309,586,68,263,169800
688256,592,65,509,134934
603986,644,65,371,133000
603019,850,68,52,20700
600089,665,65,87,158600
603501,636,65,70,40400
601211,621,68,46,75500
600028,585,68,208,1320100
601688,850,65,175,157000
600050,687,68,23,76600
603993,596,68,341,532400
601600,860,68,100,187300
601328,683,65,60,137200
601857,863,65,252,552402
600028,797,65,1496,7474149
600028,650,68,60,227200
600036,868,65,344,217900
601127,603,65,489,280000
600028,572,65,1059,5650100
688041,683,65,411,175137
601600,791,65,575,1306200
601988,587,65,1077,4533100
601088,835,65,130,62800
688008,787,65,648,296699
688012,580,65,525,179264
603993,588,65,1166,2955100
601127,602,65,396,182300
603501,601,65,126,62700
600050,610,65,165,701300
600150,613,68,102,78572
601668,662,65,360,1583800
688111,588,65,460,234567
600183,672,68,478,125723
601919,786,68,15,21600
601728,631,65,174,343000
601728,812,65,172,552900
601398,830,65,194,859400
601211,833,65,180,240600
600031,844,68,78,191600
688041,847,68,225,87562
601919,869,68,46,48000
600031,874,68,146,464900
600930,892,65,209,1168100
688111,881,65,140,61180
603259,882,68,144,75500
600031,638,65,278,285000
688012,666,68,198,73121
600031,798,65,175,248000
600031,631,65,185,255700
601628,664,68,68,98600
600406,602,65,263,403681
600930,882,65,274,1662545
600183,634,68,616,162150
600030,588,65,534,722900
600150,816,65,306,222100
601728,616,68,40,244800
600030,688,68,42,34570
688008,786,65,508,223220
601166,684,68,31,51200
688041,849,68,248,79309
601600,597,65,644,1638000
600031,667,68,78,71600
601288,810,68,260,1374000
601127,810,68,111,30400
600183,812,68,292,90700
603501,594,68,101,33400
601899,874,68,510,803700
600028,876,68,74,485400
601601,847,65,345,225200
603993,678,65,191,354500
600050,679,68,122,151000
601988,808,65,118,554200
688012,581,68,330,117572
601211,595,68,87,149500
688111,843,65,100,44650
601088,589,65,272,108600
688041,848,68,208,67140
601211,862,65,111,142400
600050,867,65,174,1535600
601288,832,68,223,2061300
601088,814,65,117,65200
601127,648,68,170,99100
601988,818,68,104,566200
601658,830,65,90,489400
600900,821,65,256,450100
600309,654,68,115,56700
600309,860,65,1312,1155000
600030,812,68,50,784400
601211,609,68,85,201476
601328,893,68,166,1647500
600089,586,65,371,451074
603501,817,65,121,47600
601728,849,65,112,323100
601288,627,65,458,2237400
600183,682,65,683,194200
688012,605,65,493,204363
601318,823,65,368,182900
601600,853,65,414,517600
600030,849,65,263,299245
600150,828,65,367,277700
601899,812,65,273,356900
600030,788,65,101,107100
600183,819,68,607,260700
600760,675,68,74,26100
603993,684,65,163,233900
600050,866,65,109,462700
601688,874,65,165,197600
601919,880,65,286,318500
601899,893,68,404,648200
601919,665,65,155,158700
601888,602,68,89,39300
600028,873,68,62,240800
601688,581,68,63,120700
600031,796,65,251,432500
600519,834,68,45,5300
600089,648,68,41,65200
601888,591,68,74,39500
601988,571,68,212,1889200
601728,874,68,85,368000
601658,838,65,59,223700
600089,632,65,89,123600
600760,893,68,55,43600
600028,896,65,420,1683200
688012,587,65,752,275145
600900,628,65,326,359900
601888,623,68,58,55800
603986,805,68,127,20800
601728,817,68,23,98300
600760,847,68,14,7000
600900,661,65,383,529300
601318,890,65,423,191900
601211,688,65,52,86900
600900,781,65,191,804800
600030,825,68,50,60400
601288,662,65,736,1603600
601857,795,65,144,175500
600111,579,65,498,462800
601668,683,65,50,401700
601398,783,65,548,1355600
600028,879,65,272,1028550
600809,600,65,157,45200
601688,580,65,261,327800
600031,616,65,400,474800
603501,660,68,272,63900
600150,612,65,392,437940
603986,813,68,545,141000
603986,594,68,1951,324526
601127,810,65,138,42000
601888,805,65,102,71600
601012,856,65,176,396600
601088,600,68,91,80600
601601,795,68,66,68800
601127,633,65,168,94000
600809,828,65,108,37900
688008,867,65,349,165749
601166,599,65,239,483073
600406,874,65,123,220100
600150,878,68,111,108678
601888,619,68,67,50238
600031,658,68,84,122400
603259,892,65,409,166400
688012,572,65,610,256595
600031,834,65,390,639496
601288,644,68,300,1601800
603019,824,65,114,63600
600930,879,65,233,1004904
601127,896,65,149,125700
600930,840,65,244,609600
600150,802,68,85,54140
600111,651,65,170,95900
600276,813,65,198,158200
601318,853,68,179,56100
600406,852,68,166,152000
600031,856,68,169,318900
601857,818,65,169,352600
688041,615,68,401,160120
600887,663,65,147,107900
600809,797,68,16,4500
601658,859,68,92,427400
601658,893,68,252,1785700
603986,626,65,747,152800
601857,658,65,208,452400
601318,672,68,109,138900
688256,812,65,195,48723
688012,616,68,296,106881
688256,784,68,220,48441
601288,788,68,178,1064800
600036,797,65,360,171500
601328,578,65,961,4806185
600887,615,68,99,143100
600150,629,65,685,614609
600030,826,68,42,195700
688111,839,65,75,33519
600028,590,68,135,1685700
600900,673,68,58,87600
601288,820,68,211,1882700
601166,887,68,63,191500
601857,635,68,17,117900
601888,682,65,38,36500
688041,603,65,927,497325
600406,624,65,189,203390
688008,825,68,421,184882
601857,891,68,109,304700
601899,817,65,429,491800
600031,891,65,412,407000
601012,609,65,633,2029600
603986,676,65,338,87200
688256,583,68,412,94710
600111,826,65,147,90900
601668,828,68,125,2629990
601658,786,65,68,304700
600030,584,68,128,401200
603501,817,68,42,18300
600089,845,65,116,171500
603501,621,65,115,51465
601857,839,65,135,368300
601988,893,68,170,2643600
601328,599,68,189,1078700
601012,650,65,318,569976
601601,662,68,57,21100
601318,648,68,84,58300
600183,601,65,2049,717715
603993,601,65,998,2259000
688012,614,68,267,97978
600930,642,65,114,1784200
600028,651,68,46,190400
600036,687,68,32,26300
601888,796,65,54,78100
601857,821,68,25,82100
600406,827,68,142,217244
688981,845,68,196,136818
601688,877,65,97,120800
600809,879,68,37,9700
601318,784,68,62,44400
601857,583,68,76,386000
603259,610,65,1798,614020
601857,659,65,197,914500
601919,811,65,195,313300
688256,825,65,225,54977
600406,668,65,136,97300
600809,881,68,34,11200
600183,572,65,4492,1267990
688041,676,65,560,192613
600900,658,68,313,651582
600089,893,68,134,285900
688111,674,65,97,48066
600809,635,68,32,16500
601988,831,68,92,327574
600809,609,68,111,78000
603993,578,65,1477,2804455
601688,686,65,43,56500
600809,681,65,33,8400
603993,689,65,147,258273
601899,803,68,148,245900
688981,634,68,221,179037
600050,815,65,82,355800
601127,589,68,285,192900
601127,819,68,74,23100
600760,824,65,33,17400
600183,831,68,258,125600
688008,645,65,489,208841
601127,844,65,160,59700
688041,854,68,218,74367
601988,623,68,159,584700
600028,862,65,268,512600
601127,862,65,157,66800
600900,665,65,433,565900
600031,827,65,217,278600
603259,874,65,306,93540
601601,638,65,186,91900
688111,651,68,175,77641
601919,646,65,129,182800
600809,571,65,311,94700
601668,680,65,99,489200
688981,884,65,288,205262
603986,862,65,273,53400
603986,670,65,483,111200
600183,583,65,2126,714910
601398,635,65,205,758145
601600,654,68,80,396800
688256,670,65,204,52427
601728,788,65,100,303500
600276,789,68,58,47800
600150,804,68,131,280493
600276,689,68,82,79000
601628,785,65,82,50900
600150,868,65,380,264167
688981,813,65,208,146410
601658,680,68,164,266600
603019,862,65,112,47000
600050,786,65,62,297500
600760,870,65,131,72000
601919,638,65,232,363000
688008,791,68,396,179880
600111,684,65,92,87700
688256,832,65,278,73397
601318,837,65,239,234000
601628,813,68,41,21800
601600,672,65,196,683300
601012,656,65,179,237600
601166,680,68,27,52400
688012,813,68,338,125378
600519,852,68,39,4600
601318,633,68,75,66100
601857,684,68,31,36500
601728,872,65,226,509200
600150,597,68,310,216631
603501,656,65,68,29800
601088,629,65,125,58525
601600,661,65,195,387200
688256,589,68,487,123540
601398,621,65,711,3082600
601668,804,65,89,511300
603986,828,65,388,71100
688981,890,68,275,208573
600089,686,65,57,83100
603993,782,68,113,288100
600900,818,65,485,668800
600406,609,65,425,488700
600406,788,68,23,35600
601088,638,68,52,22900
603501,842,68,41,19800
600276,596,68,293,210500
600031,675,65,156,153500
600028,678,68,60,1211300
601398,808,65,218,652700
601318,846,65,262,192000
688008,796,65,455,191334
600028,868,68,61,305200
600887,578,65,313,359900
601688,579,68,48,294342
600760,866,68,19,5900
601888,627,68,54,103140
688012,648,65,376,137036
601288,624,65,610,2432300
601919,813,68,29,37600
600111,607,68,193,222413
601600,829,65,221,547300
600036,617,65,390,207100
603019,865,68,42,18900
688981,676,68,81,74528
600030,660,65,167,85900
600760,825,68,16,5700
603986,627,68,267,75900
601166,801,68,46,157800
688111,643,65,157,63231
601668,607,68,186,1879200
600276,841,65,225,164200
600309,870,68,117,40000
688256,865,68,190,46655
601088,819,68,32,18800
601688,685,65,50,61900
601601,571,65,642,638300
600050,592,65,142,2559700
600036,792,65,470,345900
600089,780,65,593,826060
688256,843,65,187,62490
600930,854,65,170,684100
601728,580,68,40,408200
601668,672,65,121,594700
600760,837,68,25,20500
601600,857,68,116,203500
603986,783,68,608,90600
601288,597,68,589,4862800
600276,668,65,334,214100
601688,893,68,71,285700
601127,836,68,48,25000
603993,866,68,124,165800
600930,574,68,111,605900
600183,644,65,697,227400
603259,626,68,183,79000
601919,870,65,700,652800
601166,676,65,71,115700
601728,652,68,82,89800
688981,788,68,175,131277
601728,681,68,12,74000
601088,850,68,19,12000
601288,679,68,220,677700
600887,860,65,249,208500
600900,867,68,112,123700
688041,678,68,322,115204
603993,687,68,51,229400
688012,573,65,557,214099
600050,576,68,109,1787500
601012,801,65,121,137300
603993,812,68,63,96500
600111,586,68,870,225100
601328,894,65,223,1392200
601288,684,65,238,1311900
601688,577,65,257,757193
688981,603,65,1063,714754
688256,829,65,209,49618
601166,879,65,92,93000
601088,781,65,302,138100
600930,818,65,78,403400
600809,782,65,104,33000
601318,884,68,166,214800
601600,807,65,272,849600
600183,895,65,1263,393100
603993,577,68,394,975088
603501,672,68,43,29300
601888,661,65,79,55300
601888,686,65,28,19500
600809,849,65,80,18100
600809,598,65,214,87900
600111,618,65,278,176400
600930,892,68,148,528400
601328,846,65,171,215700
601318,812,68,86,137200
688041,869,65,402,140709
600406,590,65,255,258600
600031,652,65,293,357800
601988,650,65,422,919300
688111,660,68,161,63641
601328,884,68,202,840300
600406,863,65,121,246600
600406,864,65,105,116600
601658,891,65,201,816600
688981,882,65,315,213901
600930,838,68,105,362700
601088,854,68,65,19100
601888,657,65,48,30600
603501,822,65,123,45100
601166,870,68,57,179500
688981,826,65,298,199779
601088,589,68,138,57500
603993,783,68,142,340600
688256,837,68,193,51110
600028,869,68,122,266660
600406,619,68,181,140600
601328,625,65,268,954300
601988,836,65,179,675300
601658,781,65,201,699900
600309,871,68,80,34400
601857,588,65,493,883900
601899,657,68,104,114900
601728,577,68,304,1373300
600760,580,65,214,107200
600183,591,68,824,323700
601601,841,68,28,15000
601012,831,65,332,816200
601088,645,65,278,140800
601601,611,65,144,89500
601668,637,65,102,385700
601688,784,65,82,174800
603993,789,68,168,340900
600760,794,65,97,81400
600887,576,65,391,486600
601988,825,65,286,1718200
600111,629,68,40,30800
600030,650,68,92,212700
601012,830,65,186,454600
600089,791,68,16,44700
603501,825,68,60,30200
601088,639,65,126,72800
600028,592,68,111,918200
603259,864,65,274,74900
601888,827,65,46,26900
601899,816,65,331,370300
601328,648,68,68,525900
603993,682,68,70,147300
601988,671,68,88,1149200
688041,601,65,853,355385
600036,793,65,361,291500
601328,812,65,112,550300
688111,858,65,101,50386
601857,688,68,27,91200
600031,841,65,439,649134
601211,881,68,43,86500
688012,681,65,207,76397
601668,607,65,490,5233600
688041,622,68,360,132308
601088,671,65,152,74800
601899,799,65,335,437000
600519,878,68,47,5900
600031,615,68,177,411700
688256,850,68,226,54001
601658,651,68,46,227200
600930,640,68,69,287600
600276,670,65,292,248600
603986,684,65,259,53300
603501,583,68,143,63200
601919,633,68,36,74500
600150,795,65,507,433700
601988,812,65,187,562200
603993,826,68,104,151700
600887,852,65,269,219400
600031,803,68,72,55500
600519,855,65,82,10400
600183,884,65,614,179100
601398,895,68,436,8106400
601166,821,65,186,238900
601988,625,68,263,1198800
601211,660,68,63,181196
688012,809,65,512,205454
601211,632,68,31,44420
601899,662,68,97,182300
601728,576,65,771,1958900
688041,677,65,377,130562
600030,688,65,103,77300
688041,689,65,398,167700
601688,812,65,92,182600
688256,814,65,329,86368
688008,679,65,428,171958
601658,616,65,192,782600
600089,680,68,33,114100
600887,608,68,102,118700
601628,799,68,37,18000
688012,842,68,326,133105
600519,598,68,64,7400
600309,599,65,359,226800
600900,616,65,369,442900
600111,645,68,36,30100
601166,658,65,166,194000
600028,593,68,69,430600
601899,609,65,662,638600
601318,876,65,425,218800
601728,893,68,112,379300
603993,780,68,974,2212073
601728,603,65,127,893400
600309,644,65,208,193700
603259,783,68,303,72600
600030,859,65,154,332715
603986,653,65,890,173500
601857,610,65,323,663700
601600,636,65,328,2382800
601668,676,65,74,192780
601127,655,65,65,32700
600760,782,68,9,4400
600031,843,65,367,526400
688111,834,68,55,34565
603986,571,65,3721,945744
600050,813,65,63,502300
600900,859,68,111,219650
601688,893,65,172,219700
601888,854,65,60,27000
600900,609,65,536,524600
601668,840,65,611,6649080
601728,860,68,26,63700
600028,827,65,196,485700
688256,679,65,266,63527
601988,872,65,180,329100
688012,884,65,399,131999
600028,574,65,1343,19318400
601888,608,65,206,201500
688111,626,65,173,77976
600930,872,68,119,421400
600930,785,65,117,689200
601919,896,68,189,434190
600406,679,68,30,53800
600183,820,65,1361,344300
600028,831,68,347,1212300
601919,844,65,151,160200
601127,646,68,76,40300
688111,837,68,107,46216
600030,877,65,240,438300
600760,596,65,107,98100
601988,616,65,455,1860300
688981,828,65,300,173955
600036,686,68,103,118600
600111,878,65,155,126500
601658,580,65,327,1785600
601288,610,65,1347,4637000
601318,651,68,92,74500
601398,619,68,270,3419600
601628,606,65,236,223200
601857,828,65,132,243100
601988,664,68,59,239000
600050,854,68,63,886200
601857,894,68,135,742600
688111,650,68,99,49403
600809,629,65,184,48000
601166,655,65,92,152900
603019,599,68,1654,377600
603019,685,68,97,33400
600309,798,65,129,63200
688256,577,65,847,221636
600031,672,68,74,74100
601012,646,65,263,322000
601318,833,65,321,267300
601318,847,65,403,163000
601127,583,68,216,194800
601398,598,68,395,1108500
601328,878,65,350,896000
601857,629,65,153,349500
601988,582,65,844,5027100
600183,612,68,553,164500
601288,682,65,428,2746000
603259,797,65,257,75300
600028,589,68,121,1332912
688981,840,65,252,176681
603501,867,68,48,15100
600760,582,65,113,50200
603993,615,65,528,1797200
600887,824,68,76,88400
600030,818,68,116,89700
688008,622,65,728,294227
601628,814,65,164,97600
688981,868,65,210,149029
601166,822,68,32,152200
601857,893,68,229,1234702
603986,871,65,445,100830
601398,890,65,355,2397600
600036,833,65,267,135600
601688,657,68,20,28800
601600,609,65,452,2002700
601211,671,65,203,240200
603501,589,68,76,30600
688256,615,68,346,77223
600309,635,65,335,183700
603993,652,65,497,638500
601318,845,65,289,142200
603986,855,65,250,56732
600150,583,65,1167,884943
600900,794,65,174,251300
600900,661,68,107,105900
603501,643,65,162,77700
600309,811,68,101,27200
600089,804,68,36,140700
600887,815,68,44,37500
603501,840,68,60,14040
603986,855,68,158,27364
600406,804,68,40,84400
601688,594,68,42,93700
600030,657,68,28,83200
600028,595,68,175,913000
601600,596,68,355,1096500
601328,875,68,45,188200
603993,573,65,2212,3926800
603986,581,68,703,178200
603019,641,65,408,142715
601211,655,65,182,180100
600183,680,65,659,225399
601899,849,65,740,649700
603019,593,68,730,178300
601127,638,68,36,18000
601899,814,65,266,310201
601088,872,68,74,65700
601668,600,65,864,6851800
600309,689,65,155,70400
601919,845,68,166,190900
600030,630,65,157,327900
603259,816,65,253,65100
600309,614,68,433,291400
600050,783,68,44,442700
601899,670,65,288,275600
601919,878,65,324,1200900
600028,608,68,113,1366200
601288,572,68,209,1717600
600089,583,65,451,541298
600760,588,68,159,71700
603501,598,65,182,55400
600089,820,65,103,279900
688256,831,68,283,64558
600111,861,65,68,30700
600309,872,68,106,60500
601088,790,65,181,91800
601668,597,65,981,12427120
601211,788,65,165,627700
601668,650,68,50,217600
601211,634,65,275,210100
601601,604,68,53,41600
601919,813,65,154,133400
603019,658,68,65,38000
688111,873,68,90,38510
600900,580,68,142,333300
600760,590,68,49,23100
601628,585,65,395,360200
601211,810,68,54,136600
688256,844,65,190,57074
688008,577,65,2669,1271481
600309,821,65,145,39500
600111,834,65,149,224300
688041,637,68,371,146131
688008,824,65,418,219845
600183,852,68,220,144500
600028,855,68,153,251400
601658,796,68,24,179600
688012,804,68,177,67084
601601,853,68,64,176600
601601,638,68,36,25400
603986,783,65,891,152700
600031,685,68,38,76300
601211,808,68,45,114900
688041,623,65,372,135906
601398,844,68,53,386600
600309,684,68,45,35700
688012,867,68,347,134937
688012,657,68,240,87384
601328,868,68,63,297400
603986,789,65,1504,192200
601888,583,68,78,93001
600809,608,68,125,49600
601318,804,65,536,499338
600028,606,68,195,2152100
603986,584,65,2652,572700
601012,804,65,122,322900
601919,689,65,177,180200
601857,629,68,72,225900
688041,786,65,524,204758
688012,677,65,310,104638
603019,829,65,123,44500
601688,616,68,20,24700
603501,789,65,79,43900
600900,651,68,97,145700
601668,853,65,152,943700
688008,896,68,425,176951
601888,610,65,534,390794
603993,895,68,458,619600
600276,853,68,183,131800
601012,834,68,57,305400
600900,688,65,277,237200
601899,887,68,243,407200
601012,890,65,203,298600
601288,807,65,390,1870000
601899,832,68,220,176700
603019,631,65,296,104900
603501,597,65,413,84000
600930,878,68,227,507800
688041,894,68,324,117862
601888,582,68,128,117500
601688,636,65,116,314500
600519,818,68,79,9600
601211,647,68,41,83070
601318,836,65,400,274400
601318,861,68,92,53300
600031,807,65,197,181200
600519,670,65,70,11300
601211,581,68,228,221900
601127,861,65,132,145300
603501,868,65,104,52900
688981,875,68,203,223981
600089,571,65,562,936800
600760,892,68,60,35700
688041,870,65,529,196339
603986,678,65,439,85800
603986,613,68,844,236364
601318,586,68,163,106600
688012,600,65,736,294962
601211,664,65,328,986100
600150,678,68,126,81300
688981,593,68,849,488184
603993,645,68,131,356200
601318,574,65,1058,1068443
688041,575,68,508,228792
600031,797,68,62,60000
600900,686,68,53,93100
601012,616,65,273,389900
688981,810,65,319,178557
601166,665,65,172,246100
603019,813,68,423,92100
600150,819,65,359,289400
600519,856,65,97,12400
601988,801,65,911,4470200
603993,870,68,131,202100
600519,873,65,112,18100
601668,879,65,182,1094300
688041,841,65,435,162263
600309,577,65,1052,529265
601888,879,65,86,50200
601600,684,68,66,84800
601211,873,65,146,152700
688012,646,65,363,136016
600760,628,65,45,32812
601398,666,65,175,1333900
600031,610,65,818,1346800
600030,663,68,65,55700
601318,634,65,287,193700
601658,663,68,116,821300
600276,820,68,76,68300
688981,605,65,689,467575
600028,576,65,1069,4437000
688041,588,68,1005,357874
601398,574,65,828,5636100
688111,782,68,80,38881
601688,859,65,124,218500
600050,815,68,64,113600
603993,843,68,114,196600
601658,610,68,128,1145100
600406,649,65,99,101000
601728,684,65,134,279200
600276,687,68,29,25300
603259,651,68,124,41134
601919,634,68,52,45000
601288,639,65,451,1792200
601127,797,65,167,57000
603986,861,65,307,54300
601628,865,68,55,31200
603019,857,68,57,16000
601601,598,68,83,66100
600887,638,65,178,134500
600089,628,65,112,158300
601318,572,65,1043,925600
600900,679,65,366,258100
603019,677,68,36,11100
601919,596,68,62,116941
601688,805,65,154,209900
601288,825,68,286,2264200
688041,842,65,439,144756
688111,855,65,69,32616
603986,629,68,169,34800
601601,790,65,351,155600
600760,865,68,29,8900
601688,864,65,134,243600
603986,870,68,286,44500
601601,825,68,55,32000
688256,674,65,304,76088
600089,812,65,108,290400
688041,873,68,330,120860
600309,881,65,334,154500
601288,896,65,231,1317000
600930,687,65,110,391600
600276,788,65,244,181800
601688,806,68,62,73500
600183,877,68,281,81000
601601,840,65,372,150100
600309,581,65,1307,867100
601398,611,68,146,1218600
601668,633,68,42,518000
601166,847,65,126,293700
601668,793,65,88,1002100
601919,894,65,310,485100
688256,873,65,203,49384
600519,621,65,155,23200
600930,815,68,55,298800
603993,602,65,1070,3240500
600150,621,65,532,445800
600276,642,68,95,115500
601166,814,68,23,39000
600887,783,65,276,243300
600089,595,68,46,86200
600028,837,68,59,174500
688111,652,68,138,68985
601398,882,68,147,2310000
603993,822,68,67,140900
600050,893,68,157,1295400
601888,639,65,143,327500
601728,582,65,438,1689800
601318,577,65,756,684400
603993,658,68,85,96500
603993,675,68,82,97600
601318,573,68,176,206200
601668,813,65,136,1586300
600809,852,68,46,13700
600050,590,68,145,1189900
601012,892,65,255,431700
600028,631,65,811,1911300
601899,652,65,525,401900
601398,825,68,112,1812100
600089,572,68,91,154500
600036,829,68,44,43700
601127,668,68,68,142590
600406,582,68,50,48900
600030,855,65,336,573100
601688,684,65,52,111200
601600,893,68,267,768400
600809,872,65,66,33500
601328,595,68,116,815000
601398,894,68,257,1836300
601628,629,68,33,96600
600887,682,68,28,25900
601668,826,68,601,2115100
601628,631,68,49,25700
601857,603,65,442,960000
600183,786,65,1020,442610
601288,798,65,237,641500
601899,867,68,237,344000
600111,618,68,64,48400
600030,632,68,47,87800
601288,585,68,161,1215700
600406,623,65,201,366810
688008,634,68,537,253239
600031,687,68,50,75300
600309,599,68,103,59200
688012,792,68,520,255727
601328,825,68,80,622500
601888,832,65,63,58800
600028,853,65,146,988100
600050,843,68,70,434700
601988,630,68,102,1022200
688008,660,65,454,206129
600150,813,65,540,341993
600809,639,65,56,24700
603501,780,65,773,350105
601328,641,65,178,452600
603986,678,68,236,39200
600887,864,68,35,23200
600900,650,68,369,405800
603259,860,65,266,78500
601127,866,68,107,41600
601166,824,68,42,112100
688111,634,68,125,51240
600089,623,68,123,195900
601166,836,68,57,93000
600050,640,68,50,401400
600760,847,65,38,27300
600760,591,65,313,193600
603993,613,65,535,1117000
603259,883,65,883,280460
600036,619,68,73,57900
601628,800,68,26,11700
688012,666,65,236,92431
600276,599,68,222,184200
688012,642,68,372,136344
600150,599,65,841,1321900
688041,585,65,1249,529339
600089,656,68,51,186000
601012,683,68,36,41900
600887,631,68,55,86300
601328,624,65,245,269400
600030,841,65,205,304000
601166,617,68,24,155200
688111,644,65,151,64560
600309,845,68,115,78000
600028,680,65,804,1357600
600183,888,65,652,241721
601888,888,68,55,20000
688012,819,68,265,88936
600309,891,68,118,49900
603501,585,65,400,240100
688256,649,65,389,98016
601899,862,65,626,623600
688981,797,65,293,221261
600150,599,68,227,649300
601288,881,65,264,1566500
601658,825,68,259,1573900
601668,890,65,185,875500
601888,633,65,109,86500
603019,683,65,135,108400
601919,646,68,31,66100
688008,791,65,688,313253
688111,599,65,251,114061
601166,689,68,81,98400
601127,879,68,44,13700
601988,877,65,251,2238700
603259,592,65,1539,629673
600406,585,65,332,423700
601658,641,65,76,811100
600111,797,65,93,66300
601012,849,68,65,115800
600111,802,68,32,28800
600150,843,65,369,202200
600031,678,65,141,145900
688256,782,65,250,59037
601127,636,68,68,27800
600900,834,65,197,329900
600111,598,65,433,355887
601166,657,68,133,174400
603993,845,65,271,447500
600111,601,65,259,282074
600309,782,65,248,90800
600887,581,68,136,167700
601211,635,65,79,234586
600809,640,65,99,34700
601668,636,65,108,1376700
601127,791,68,42,17100
601658,684,65,74,113800
601600,810,68,77,268700
601919,649,65,104,146500
600809,659,65,72,23300
600887,638,68,42,54900
688111,682,68,60,27310
601888,681,65,42,19800
600406,864,68,39,79900
601668,660,65,198,837000
601166,580,68,109,420700
600900,581,65,1198,1118800
600036,574,65,665,803000
601288,878,65,1258,7014200
600406,648,65,142,188864
601628,855,65,194,83900
600030,591,65,547,655600
600050,889,68,243,376800
601919,644,65,105,171700
601398,871,68,241,1099500
601919,889,65,321,396622
601600,841,68,131,1124200
601211,855,65,151,239800
601012,585,65,2170,3046800
601601,632,65,219,124400
603259,673,65,476,118100
601688,606,65,277,338793
601166,662,65,137,169100
600900,804,65,394,539200
601899,593,65,1908,1913600
601658,806,68,66,605500
600276,780,65,1341,969500
601899,667,68,71,60100
603259,829,65,294,89261
600406,877,68,50,46700
601398,612,68,202,2571800
688012,808,68,144,52515
600089,892,65,196,344000
600519,647,65,137,17600
688008,895,68,452,262389
603993,572,65,2698,5842582
600111,815,68,30,25000
601398,685,65,162,929100
600900,831,65,391,448300
601012,644,65,173,339900
600030,618,65,232,331100
600031,573,65,853,1279000
601318,594,65,396,263800
688041,589,68,584,227624
603986,610,68,883,148481
603019,644,65,352,69513
600309,784,65,261,124900
688981,789,65,221,157061
600030,801,65,314,524200
600150,808,68,152,172000
601919,848,68,32,134900
600150,862,65,300,323600
601888,685,65,34,32100
688111,791,65,110,48301
600760,604,68,24,34500
688111,659,65,174,81489
600309,810,65,96,39500
601888,830,68,37,22500
601328,860,68,107,795000
601688,786,68,22,31400
600406,673,65,89,99000
603259,673,68,134,29700
600111,885,68,81,90300
601919,892,65,277,221600
601318,624,68,83,57800
601088,860,65,180,90200
601688,653,68,53,92500
600406,581,68,112,255700
600519,686,68,37,4200
601088,608,68,72,37400
600030,798,65,259,325500
603259,843,68,111,32500
600150,669,68,94,114374
600028,885,65,572,1815900
601318,613,65,468,775700
600031,876,68,147,175200
601728,640,68,40,153100
601728,867,68,83,156000
600089,840,65,98,130500
601888,843,65,34,26500
601600,600,65,645,1185600
600031,608,68,282,590700
600111,621,65,218,184800
600276,657,65,367,288000
688012,880,68,236,120252
601988,601,68,184,549400
601318,686,65,232,116400
601728,641,65,100,308900
600111,835,68,76,86300
601668,781,68,23,88900
601012,886,68,129,318300
600036,821,68,128,81800
601988,583,68,217,1716500
600111,591,65,608,458200
600309,790,65,128,69700
600183,822,65,592,168500
603019,667,65,677,139900
600760,573,68,63,65461
601127,619,68,130,76400
601628,620,65,134,68100
600406,802,68,76,93600
601668,785,65,344,1364200
601600,674,68,78,176700
601012,629,68,59,166000
688981,797,68,193,153749
600276,872,65,283,283700
600900,580,65,707,1081700
600519,887,65,104,16600
601658,863,65,229,1440100
601899,891,65,788,692500
600887,806,65,214,180500
600028,662,65,200,346000
601728,580,65,289,1060400
601658,632,68,34,237600
600183,577,65,2414,770675
601012,835,68,48,176400
688008,648,68,395,170476
601728,596,68,53,442600
600030,790,65,255,740700
601668,616,65,321,3556600
601658,677,65,118,528500
600030,638,65,158,290900
601600,814,65,234,476400
688256,874,68,142,34250
603259,849,65,316,129400
600930,619,65,100,436800
601601,646,65,123,55800
601318,606,68,112,97400
601012,811,65,92,254500
601398,836,65,123,654800
600031,645,68,93,144400
600089,688,68,18,34700
688041,810,65,485,167498
688041,607,68,392,166432
603986,656,68,205,37900
601857,807,65,217,864200
603259,577,68,401,209300
600809,788,65,58,17400
601899,581,68,1055,837500
600089,576,68,88,290400
601288,825,65,664,4545000
601658,653,68,75,400800
600887,859,68,102,66400
600050,859,65,99,583000
688012,609,68,410,147503
688041,633,68,370,143270
600183,861,65,470,134647
601398,805,65,315,529200
601127,650,68,87,61400
688111,671,68,69,30121
688981,855,68,184,143242
601888,604,68,82,72300
603501,833,68,30,12700
601919,820,65,131,120000
603993,676,65,242,360600
601899,807,68,187,260100
601658,851,68,58,304900
600036,800,68,54,82100
600276,681,65,183,154300
600930,668,68,55,278800
600089,863,68,39,44900
600760,877,68,29,13200
600887,820,65,253,187400
600887,810,68,70,46400
601600,831,68,225,393800
688008,792,65,690,320637
688111,890,65,165,69100
601601,806,68,56,27000
600809,846,68,29,7500
601127,596,65,538,320800
600276,797,68,42,46900
600900,869,68,176,215900
601688,871,68,61,63900
600760,672,65,280,146908
601328,689,65,232,429400
601012,799,65,240,386200
601318,678,65,237,173900
603986,794,65,375,111400
600050,615,65,129,584000
600050,665,65,41,244800
600150,618,65,504,540122
601728,828,68,37,144900
688008,581,68,685,311672
600900,622,68,130,260800
601166,833,65,155,185100
600036,845,68,30,25900
601988,881,65,142,481300
600150,791,68,92,104520
600089,604,68,70,312000
600111,617,68,76,66400
601127,621,68,88,65000
601728,613,65,215,1000800
600809,588,65,233,75300
601088,611,65,194,108300
601127,629,68,55,13600
600028,640,65,525,2886500
600760,645,68,15,6200
603019,670,65,668,168252
688256,781,68,365,80240
601012,803,68,93,237500
600150,781,68,237,121400
601857,879,68,60,145200
601728,888,68,86,281392
688981,589,68,273,262399
688256,609,68,342,91752
600900,627,68,101,206000
600111,670,65,92,77900
600028,804,65,224,1042300
601688,848,68,120,78400
601688,629,65,279,288019
600050,876,68,62,368700
601919,674,68,57,242200
601166,580,65,580,1175900
600183,845,68,207,50500
601688,843,65,153,158800
600309,872,65,404,199827
601688,848,65,253,235000
601728,664,65,69,213900
688041,597,68,613,256515
601658,810,65,422,2175300
600887,847,65,260,277400
601398,604,68,135,492600
601398,685,68,71,805500
601318,787,68,65,75700
603501,792,68,42,13900
603019,821,65,197,86700
688012,847,65,282,95676
601857,877,65,158,319500
601728,878,68,117,869800
601211,610,68,47,91800
600930,680,68,54,210100
600031,678,68,31,55200
600028,886,65,187,607100
603019,890,65,235,110600
688111,639,68,147,67480
601088,892,65,349,447700
600519,656,68,39,4150
601888,631,65,149,136100
600028,807,68,209,1182200
601318,655,68,34,16000
601166,591,65,219,570400
601601,660,68,41,33500
603501,663,65,116,63800
600276,671,68,89,74900
600900,579,68,355,841100
688256,678,65,353,86604
601899,684,68,148,285800
600309,588,68,160,61700
600519,646,65,204,36600
600276,814,68,96,52700
600519,792,68,43,5200
600309,801,65,159,111800
601288,834,68,126,615400
600036,840,65,599,227900
688981,881,68,184,147588
601211,662,65,78,48000
603019,888,65,215,166303
600031,890,65,315,441000
600183,597,65,2770,912300
601688,675,68,22,34800
600887,816,65,90,52000
600036,866,65,341,298400
601899,890,68,341,446800
600309,891,65,254,218900
601318,826,68,152,79700
601127,893,65,271,155053
601899,886,65,617,935300
601398,658,68,76,281900
601088,685,68,72,45300
688012,668,65,173,74268
601166,678,68,35,79200
600183,646,65,456,140200
600887,577,65,499,470500
600900,836,68,124,241300
601601,850,65,336,269500
600406,584,68,140,217600
603993,792,65,367,532900
601127,848,68,40,20000
601728,672,68,21,63200
688008,798,65,351,144328
600406,674,65,60,65100
600276,684,65,213,170800
601888,862,65,38,16500
600930,655,68,44,99100
601211,611,65,343,391300
600089,649,65,219,220508
600030,870,68,98,180700
601088,628,68,52,19000
601211,884,65,152,134000
600519,889,68,66,8600
600089,582,68,59,104400
600111,589,68,136,116700
603986,591,68,593,160600
688008,592,65,2182,1092836
600050,627,65,82,641400
601318,680,65,120,55000
601088,824,65,90,52800
601658,602,65,275,592200
601888,585,68,183,155000
688012,890,68,379,136836
603019,637,65,1008,277100
600809,816,65,72,21900
600309,576,68,333,260092
600309,876,65,336,252600
600036,885,68,157,116700
601888,816,65,67,32900
603259,627,65,408,142300
603501,671,65,92,34200
601899,613,68,224,355400
601600,609,68,132,1176000
601328,643,65,219,1050400
688256,803,68,299,82757
600519,869,68,39,8200
688041,794,68,370,176885
688041,823,68,408,156241
688041,647,65,549,180752
600930,880,68,128,320100
600406,882,65,253,186500
601668,610,65,436,5072800
600089,661,68,207,199143
601899,796,68,107,196900
601899,815,68,151,327301
601988,582,68,300,3245400
601600,882,68,121,311200
601127,887,65,132,85900
600309,573,68,201,142700
600809,829,68,23,14700
600150,891,65,732,576044
688008,894,65,704,333964
601601,894,68,212,119900
601658,637,68,370,2418400
601600,819,65,374,528900
603019,808,65,134,87000
601628,633,68,19,26200
600309,803,65,135,72800
603986,817,65,607,142000
600150,602,68,147,108400
601600,667,68,40,173000
601318,867,65,313,143500
688111,799,68,92,46928
600760,804,68,10,7700
601166,830,65,130,105400
600183,830,68,247,69800
600406,807,65,239,306244
600111,814,68,63,61000
688256,805,68,232,52625
688256,606,65,402,142108
600887,784,68,143,163400
601012,845,65,95,130900
688012,644,68,254,101086
600036,618,65,355,171700
600887,662,68,37,61100
601166,858,68,61,95300
600111,864,65,119,79711
603986,865,68,457,67700
600930,663,65,266,1256300
601211,817,65,215,343500
688041,652,68,282,107402
600309,611,68,393,635500
601088,641,68,37,28200
688111,844,65,126,51576
601211,800,68,34,122300
601288,829,65,319,2004800
603986,877,65,636,125672
601166,573,65,428,1013700
600887,661,68,22,68700
600150,890,68,160,212443
600900,875,68,102,148500
601012,819,65,120,210400
601899,576,68,393,496800
600930,665,65,177,859700
603993,893,68,299,396300
601888,893,68,89,50133
600183,850,65,533,217504
600050,600,65,186,1160400
603986,878,68,398,63400
600406,667,65,96,70100
600150,790,68,93,103400
601688,854,65,44,63800
600036,656,65,266,128900
688981,585,68,362,279675
600030,837,65,174,283500
600276,610,68,200,200676
601728,782,68,75,304900
601857,837,65,118,221600
600276,636,68,161,65700
601012,578,68,218,626927
688111,657,68,176,82854
603993,815,65,170,240300
600030,896,65,597,440700
600900,577,68,242,571500
601899,834,68,141,130100
600309,810,68,27,11200
600809,627,65,112,43300
688981,847,65,268,209254
600276,827,68,54,51600
600028,617,68,202,1618700
600760,664,65,65,54800
688008,622,68,465,191449
603501,593,65,262,167140
688981,644,65,254,182050
600089,850,68,56,70300
601127,589,65,673,369800
600030,616,65,199,271600
601728,666,65,73,220600
603019,666,68,22,14400
603986,589,65,2744,685370
601888,667,68,19,10100
600089,796,68,370,608420
600150,585,65,1208,966970
600089,795,65,81,118900
603986,801,68,193,36900
601601,802,68,87,53100
601919,880,68,62,107370
600519,813,65,80,14000
601398,653,68,113,1077800
603501,626,68,50,18900
688256,586,68,518,114836
688256,632,68,260,57046
600050,621,65,70,277900
600028,599,65,533,2618200
600089,809,65,294,393700
601211,824,68,35,28400
600809,887,65,72,20627
600030,895,68,147,124000
601600,616,65,339,1003900
601318,687,65,387,139700
600031,817,68,75,113300
603501,824,65,97,33800
601398,867,65,226,599400
601919,597,65,547,336400
600111,884,65,173,192300
600050,631,68,24,63500
600089,797,68,40,63320
603993,601,68,316,1103100
601668,804,68,55,483400
688111,847,68,82,36852
688008,630,68,457,212254
600900,636,65,420,325700
603993,600,68,222,310600
600900,796,68,183,775200
603986,636,65,673,150450
601857,663,65,109,160800
600276,630,65,271,169700
600930,616,68,46,125100
601012,584,65,935,2766836
600036,647,68,119,27600
688041,801,68,219,80192
601888,865,68,40,26800
603259,875,65,294,64880
600111,794,68,26,28700
603019,635,68,72,44700
601328,635,65,93,346700
601888,821,68,23,23500
600309,686,68,49,18500
601211,850,65,297,279444
600760,834,65,28,36600
601012,626,65,186,379980
601328,649,65,103,272800
600406,678,65,81,78700
603993,848,68,157,854900
600406,669,68,33,91000
601658,884,65,106,543600
601658,572,65,687,4082300
600276,577,65,888,749900
600050,649,68,19,183800
601658,584,65,201,579300
603259,837,65,229,75700
688256,839,65,181,51740
600760,890,65,91,58800
603986,812,68,186,34300
600183,862,65,331,120703
600900,609,68,154,292400
600930,684,65,185,366700
601899,619,68,221,334400
688041,571,68,405,211244
601211,652,65,134,67800
601728,814,65,72,230700
601127,814,65,180,76563
600031,820,65,170,221500
688008,640,68,478,177020
600900,621,65,856,919300
601318,631,68,167,167900
600276,832,68,81,60400
600028,655,68,288,231500
603986,686,68,130,24500
600030,641,68,62,107455
601288,689,68,317,804900
601127,799,68,28,16400
688111,802,68,54,25693
600276,570,68,370,323440
600887,679,65,218,163100
688041,889,65,695,257705
603993,896,65,524,1078200
688012,802,68,140,53401
600031,642,65,252,360800
603501,642,68,55,55400
603501,570,65,1532,669000
603986,594,65,3282,629726
601398,795,65,314,609500
603986,612,68,687,151200
603986,671,68,189,33600
603259,780,65,963,495920
600030,797,65,276,540600
601857,596,65,472,532200
601688,636,68,41,131500
600036,824,68,32,31300
600031,855,65,546,773500
600028,887,68,161,860900
688256,887,65,319,75079
601658,581,65,204,1327600
601600,853,68,146,458100
601658,637,65,695,4560700
601857,627,68,48,71700
600028,686,68,67,71800
600030,631,68,82,93900
600406,654,68,86,35500
601888,676,68,26,16500
601919,577,68,122,140147
600760,577,65,183,147300
600900,630,65,333,253000
600050,573,68,112,1644600
601288,794,65,247,1182200
601668,865,65,209,844800
600276,624,68,137,104500
601857,832,68,62,222000
603993,808,65,265,447700
600089,570,65,1995,3416016
600809,811,65,59,20900
601658,798,68,21,121000
601398,872,68,171,672200
600050,794,65,65,159900
600809,579,65,389,139300
600089,616,68,405,381700
603019,621,65,161,75300
600930,585,68,73,363000
601899,659,68,93,129200
601888,666,65,47,62100
600930,649,65,112,572600
601398,649,68,128,1015700
600900,807,68,330,543100
688256,832,68,230,64298
600887,790,65,164,108400
601658,818,65,69,223400
600036,814,65,318,149600
688008,822,68,237,107499
600036,805,65,197,116600
688012,818,68,345,124010
601398,580,65,1005,4928700
601166,815,65,67,106800
600050,878,68,34,475900
600150,887,65,904,521007
601012,890,68,107,197193
600030,670,65,98,89200
601088,895,68,89,52900
688111,655,65,110,48970
600089,661,65,81,191700
601288,663,68,190,358600
601288,837,65,243,772600
601888,609,65,288,241400
603993,864,65,228,525000
688256,611,65,598,161956
601088,648,68,54,37100
603501,834,68,57,23000
600309,607,68,144,60400
600183,616,68,522,137200
601728,654,65,123,275833
601728,652,65,411,781500
601988,840,65,636,901700
688041,845,68,461,141164
601628,853,68,30,11500
601211,865,65,74,110824
600031,874,65,397,959300
601728,674,65,68,79800
600036,881,68,47,73500
601318,890,68,140,128500
600028,885,68,147,946500
601919,593,68,55,65900
601688,675,65,76,86100
600028,810,65,515,1161000
601288,641,68,84,350700
601288,584,65,967,6525200
600150,881,68,180,147968
601398,875,68,169,713000
601658,889,65,142,742100
601919,575,68,218,435099
601127,626,68,45,28600
601601,659,68,44,76100
601398,846,65,227,455000
601728,605,68,56,174600
601088,656,68,59,33000
601601,599,68,81,78300
688111,583,65,351,174007
600887,788,68,81,102300
601857,860,65,147,170700
600930,621,65,127,541600
600036,828,65,251,124800
601888,869,65,60,69600
601012,869,68,73,107400
603986,638,65,632,136700
688012,824,65,222,109614
688041,795,65,432,146613
603259,857,68,89,24600
601668,687,68,78,181700
601127,609,65,326,177100
601211,821,65,91,78400
600276,613,68,113,92500
601728,880,65,202,398600
600028,596,68,134,1157000
601600,825,68,149,519000
601628,804,65,82,59900
688008,656,68,343,158593
600809,874,65,125,28415
603986,853,68,117,29400
601318,891,65,269,148404
601919,676,68,27,22800
601857,640,65,150,297400
601988,791,65,373,1611700
600519,588,65,209,31141
601012,629,65,150,426000
600050,642,68,23,104700
601318,658,65,214,104800
601600,843,68,170,1146700
601211,574,65,482,898349
600030,640,68,35,23200
600760,831,65,58,23300
601658,642,68,100,842100
601166,827,68,29,89200
601988,619,68,550,5172901
600809,881,65,91,24500
688256,590,68,466,103887
601288,664,65,901,3455900
601628,894,65,146,179200
601628,838,68,23,16200
600930,649,68,58,134700
600930,664,65,211,1492500
600030,794,68,72,108700
601328,816,65,71,150600
603501,634,68,36,14200
603259,680,65,274,92500
603986,674,68,225,41600
600111,576,65,721,586500
601658,676,68,33,735200
600519,676,68,28,3800
688041,682,65,527,200395
601668,824,68,59,259100
601628,883,68,69,54150
601888,845,68,30,37500
600760,886,68,38,20400
601166,891,68,93,263700
603501,654,68,95,52500
688008,661,68,346,158459
600028,672,65,137,243400
603259,800,68,153,41400
688111,843,68,71,30646
601688,874,68,31,57700
600276,818,65,195,162100
603019,662,65,99,48815
601288,646,65,930,2742800
600031,669,68,79,152800
688256,802,68,288,64298
601328,817,68,23,69200
601088,830,65,166,76700
601288,624,68,287,720700
600183,625,65,1880,655965
600031,638,68,78,93000
601088,867,65,140,49300
601899,848,65,413,377600
600030,581,68,98,99500
600150,870,65,882,570968
688111,633,65,134,72207
601668,638,65,85,412900
603993,818,65,358,2128100
601012,878,68,110,215100
600183,640,68,262,81600
601288,670,68,187,380900
600276,851,65,365,369000
601012,894,65,232,572000
600089,652,68,36,78600
600930,855,68,55,285900
601012,799,68,78,212900
601888,683,68,20,20900
688111,814,68,126,50411
600809,859,65,63,17000
600111,650,65,189,216400
600760,857,65,36,22900
601899,836,65,802,1295700
600089,846,65,159,201500
688111,865,68,95,40519
600276,867,68,81,65800
601601,876,65,324,202100
601628,830,68,14,13200
601899,883,68,453,324900
600309,815,65,168,122200
688981,648,68,646,248439
600111,578,65,558,433000
688111,789,65,168,71036
601318,667,68,41,13700
601728,781,68,27,33900
601288,830,65,236,2035300
688111,839,68,62,31806
600406,608,65,492,585700
601600,612,65,529,1178400
601398,609,65,865,2642700
601012,627,65,470,1001700
601328,805,65,271,722900
603259,808,65,225,109500
601919,830,68,162,126800
601728,600,65,191,616700
600760,655,65,50,24000
603501,789,68,36,32800
601857,650,68,89,220200
601166,805,68,25,114800
600519,683,68,71,8300
600183,856,65,639,240125
601668,639,65,118,1614800
603259,885,65,515,149800
600150,878,65,622,441427
688012,674,68,335,112143
601012,784,68,73,425900
600519,586,68,180,33900
600760,601,68,38,32900
688256,783,68,267,64004
600519,885,68,66,7600
600050,570,68,171,3143800
601888,873,65,66,55900
600887,620,68,74,216000
601628,639,65,115,41600
603259,615,68,995,402883
600036,631,68,105,91500
601127,784,65,127,167800
601658,685,65,90,243100
603019,615,65,364,127700
601398,886,65,286,935700
601857,602,68,158,627300
601688,829,65,177,444500
603501,841,68,112,37100
688041,860,65,334,115448
600150,790,65,361,311900
688012,641,68,294,106264
600887,571,68,168,152900
603501,653,68,68,26500
600050,674,68,32,275000
600030,873,65,188,311800
600031,875,68,116,109500
601288,804,68,86,323500
600031,882,65,332,451600
601012,853,65,96,143500
688008,670,68,351,151889
600150,572,68,350,486820
688111,601,68,264,117653
601288,883,65,367,2051300
600900,592,65,737,902100
601211,832,68,122,153400
601628,622,68,30,22000
600030,679,65,69,90200
600887,588,68,121,246500
600887,797,68,48,35000
601658,815,65,98,481400
601919,602,65,433,521900
688012,672,65,356,146457
600031,608,65,929,1827800
603986,582,65,1929,494391
603986,591,65,1747,526417
600930,807,68,112,339700
688256,812,68,151,38205
600406,639,68,33,36800
600930,780,68,292,1140100
601166,820,65,130,197800
601919,858,68,24,32800
603986,881,65,470,114560
601288,844,65,254,2087900
603019,659,68,87,31400
601899,614,68,273,262900
601211,688,68,23,35400
601688,582,65,309,634100
600030,573,65,579,860603
600760,574,65,308,219071
600150,581,65,1392,1423725
601857,627,65,197,332400
600309,640,68,75,30600
600150,600,68,180,255124
601127,800,68,75,41000
600030,848,65,516,1004900
601899,893,65,806,754600
688256,648,68,369,91953
601888,593,65,265,241200
688041,679,65,349,129010
600809,893,68,55,37600
600309,641,65,221,107900
600276,675,68,55,90300
688981,662,65,310,229127
601857,628,68,61,202800
601668,827,65,141,1264600
601328,782,65,184,1110700
600036,601,65,555,668200
600760,782,65,33,40200
600930,793,65,117,422100
600111,627,65,131,84800
688008,814,65,413,182627
603259,579,68,377,182900
601328,855,68,63,574900
600900,857,65,362,323500
600309,867,68,138,53400
600406,873,68,68,115600
601318,870,65,361,244400
600809,785,65,72,24300
600150,643,65,477,632561
601899,620,65,542,600100
601088,893,65,226,204700
688041,626,65,512,193829
601211,872,65,291,338420
688041,789,65,391,138426
601919,681,68,24,43000
603986,811,65,636,174800
601988,638,68,63,78900
601088,891,68,65,41200
688981,862,68,171,144379
601127,620,65,243,81500
600036,633,68,79,41100
601288,860,65,275,3169400
601600,631,65,555,1279155
600111,642,65,190,177800
601288,612,68,168,855200
600887,643,68,68,63750
688256,655,68,244,58649
601688,673,65,63,80000
600406,789,65,80,57300
603259,861,65,241,64800
601888,631,68,61,44200
601628,859,68,91,29600
600887,624,65,271,213900
603259,583,68,364,190100
601127,601,65,396,162900
600309,646,65,481,217300
688012,864,65,241,98250
600760,872,68,36,32800
601600,610,65,632,2197600
600519,684,65,89,13100
600276,835,68,55,34900
601688,837,68,20,76900
688008,863,65,453,212190
601728,895,68,196,407000
600900,818,68,274,356400
601127,593,68,107,64000
601899,610,68,243,468100
601888,842,65,49,29800
688981,814,68,190,142110
600028,855,65,215,651500
600030,780,68,150,419500
601088,875,65,134,40000
601600,821,65,501,1643700
601628,826,65,287,129300
601088,842,65,100,49800
603501,810,65,81,32000
601658,663,65,231,1549100
600309,630,68,206,142539
688008,662,68,378,149086
600900,780,65,1377,2802900
600050,614,68,42,316800
601288,783,68,207,1297800
601318,650,68,91,59500
600036,834,65,408,140200
601318,625,65,227,255900
603501,850,68,33,13600
601888,858,68,28,15100
688981,611,65,1129,591533
600050,662,68,27,179100
601012,811,68,46,200200
688981,795,65,143,103687
603986,813,65,868,288499
600183,799,68,160,40600
601668,841,65,129,899300
600089,849,68,35,86200
601127,872,65,249,77000
600183,576,65,3033,1042501
601288,799,65,427,1557700
600809,799,65,47,15700
601899,821,65,331,487900
601211,873,68,55,113800
601166,651,65,123,169700
600900,879,65,205,271400
601688,621,68,41,46600
600183,657,65,600,207400
600111,862,65,110,75000
601012,667,65,168,176300
600030,622,65,163,223215
601688,649,68,61,74600
601601,789,68,69,67400
600031,794,68,34,80700
600406,801,65,133,165400
601857,819,65,259,595700
601211,681,68,23,56800
601658,608,68,267,3288100
601857,660,65,132,154700
601601,807,68,54,46300
600760,819,65,50,24800
601600,670,65,303,931400
688256,841,68,266,59714
688012,851,65,288,103569
601211,854,65,124,175500
600406,859,68,34,26300
603501,679,65,46,26300
688041,632,65,403,177591
601668,621,65,186,1849440
601658,858,65,97,915200
688111,617,65,291,142356
600111,662,65,81,62200
688981,807,68,218,176193
688008,631,65,707,288828
600111,653,68,31,21300
600111,640,68,48,84700
600150,686,68,81,91316
600050,826,68,40,735200
600406,630,68,41,70300
601600,663,65,407,855400
601166,633,65,80,129300
601628,844,65,187,70200
688041,858,65,294,110901
688041,682,68,331,134887
603993,801,65,283,392000
601728,859,68,29,165800
601857,846,68,62,345800
600887,604,68,178,369500
600089,868,68,50,120000
601628,868,68,43,21400
688041,582,68,655,273745
600930,868,68,74,217100
603259,869,65,293,82800
600036,784,65,328,290300
601012,875,65,189,247000
601688,883,65,265,360100
601398,591,68,170,1486800
601899,869,68,337,260500
603986,627,65,731,179500
601288,570,65,3821,24205056
600406,655,65,125,78600
601628,881,68,35,48000
601888,570,68,142,177570
601398,887,68,234,971600
688111,589,65,287,145040
688981,827,68,135,114449
601012,887,65,510,400200
600028,616,65,1122,3811300
600030,868,65,376,963145
600183,783,68,437,132900
600809,807,68,35,6200
600028,654,65,219,507300
600036,600,68,133,180300
600930,671,68,49,246600
603986,669,68,441,60800
688256,858,65,253,81463
688981,636,68,259,208215
601668,621,68,70,470100
600089,650,68,103,164860
600150,794,65,563,1108690
600887,619,65,249,288600
601398,601,68,184,1315200
600030,789,68,30,54500
601601,862,65,157,74900
600276,631,68,83,90900
600050,869,65,87,845900
600089,791,65,79,202800
601688,615,65,85,72800
601668,601,68,283,2732000
601988,874,68,105,1731300
600050,876,65,187,1551800
601600,606,68,120,346000
601328,581,68,75,674500
600111,595,68,87,51000
601211,845,65,159,134100
603259,821,68,77,19900
688008,828,68,248,108958
601601,829,65,234,135900
600150,604,68,147,272839
688256,662,68,247,60611
600050,804,65,53,135300
688012,870,65,454,153125
601600,878,68,125,832700
688008,596,65,1288,676840
601919,652,68,27,53000
603501,887,68,139,54600
603986,852,68,100,15550
600050,855,65,291,2833000
601288,787,68,139,925000
600760,609,68,18,11700
601600,570,68,527,4210500
600276,795,68,48,18740
601888,852,68,57,18200
600031,571,65,848,1278900
600276,576,68,214,257800
603986,796,68,188,34100
688111,868,68,91,40453
688041,626,68,301,118263
600036,803,65,223,90200
600031,804,68,71,72700
601988,685,65,178,375700
601600,886,68,348,1161600
601166,605,65,233,639300
601127,685,65,116,155900
601919,809,65,178,179300
600406,847,65,156,131680
600050,802,68,27,120000
601166,821,68,37,74800
688041,573,65,1128,511026
603501,646,65,144,37700
600276,580,68,231,233600
601728,660,68,62,230100
601398,637,68,83,871700
601127,785,65,123,46100
600309,789,65,201,117200
603993,802,68,87,218300
601127,829,68,29,13200
600930,614,65,132,588900
600030,824,65,170,202200
688008,828,65,411,195110
600900,579,65,966,1612000
603501,620,68,71,24500
603259,836,65,295,89702
603259,839,68,70,38600
603019,602,65,1233,416700
601127,631,65,257,85500
603993,795,65,319,757600
688256,835,65,161,39513
601166,863,68,25,52300
603019,875,65,162,117000
603501,882,68,62,23200
601988,588,68,138,1082500
601668,622,65,186,1240000
600036,664,65,194,62800
688981,849,68,138,121851
600089,660,68,148,133000
688012,673,68,178,64739
600309,843,68,170,140600
600276,852,65,537,263600
600276,852,68,276,108100
601012,664,68,37,105500
601888,615,68,65,46500
601688,654,68,46,37500
600900,832,65,522,497400
600519,788,68,69,9000
601398,613,65,885,3844600
601658,671,68,39,297600
600887,677,68,41,78100
600519,667,68,26,3100
601857,834,68,45,196600
601688,610,65,166,135000
600111,654,68,80,50100
601988,849,68,58,550200
601899,872,65,475,670100
600028,796,68,94,487900
601127,621,65,230,119200
601668,645,68,32,161200
688256,595,68,506,111728
601166,686,68,62,52100
601088,889,68,48,80400
600111,617,65,261,188000
601012,615,65,357,748400
688041,647,68,430,149348
600406,680,65,76,127700
600036,895,65,238,131400
688981,624,65,299,267246
600519,590,68,222,29868
603501,859,68,37,18400
601328,820,68,35,84300
601988,810,65,474,3015300
601398,686,68,84,285100
600809,828,68,50,21900
601211,638,65,47,408000
600309,885,68,229,184100
600150,799,65,501,501581
600036,831,68,102,64700
600809,867,65,69,15900
601398,835,65,156,389400
600183,570,68,1358,572563
603501,572,65,645,303100
600028,578,65,762,3463500
600050,809,68,129,229700
601166,844,65,76,139700
600111,886,65,329,177111
603986,607,68,427,153400
600519,791,65,132,15050
603259,782,65,466,120900
601668,671,68,149,624900
601628,649,65,108,61900
601601,618,68,85,80800
601988,880,68,87,896500
688256,802,65,325,74943
603993,688,68,45,66500
688008,613,68,450,284283
600036,806,65,230,154700
601318,639,68,33,56800
601211,805,65,198,320850
600887,584,65,511,578400
601899,827,68,234,526100
600089,850,65,154,189560
600111,829,65,128,92600
603993,796,68,98,133200
600183,861,68,267,64125
603259,873,65,356,105500
600089,882,68,80,178080
601988,862,68,64,1258000
600031,686,65,140,172700
601728,622,65,95,149200
603986,890,65,999,176640
688008,609,68,554,259289
601088,788,68,21,13900
600900,836,65,345,352500
600150,785,68,132,123492
601088,820,68,43,34600
603019,609,65,612,261700
601166,682,68,29,67800
688008,583,65,1794,948571
688008,624,68,378,181738
688981,594,65,2057,1486833
600111,662,68,27,12000
600031,819,65,214,373800
688012,612,65,533,192003
601601,864,68,50,25900
601988,784,65,170,834600
600930,879,68,122,671800
688008,667,68,368,158549
688111,609,65,388,177012
601628,651,68,30,13200
600028,664,65,357,939400
600183,688,65,427,130100
601628,668,65,157,169900
601328,827,68,47,376800
603993,812,65,152,258600
688111,680,65,270,92447
600031,578,65,530,556402
601899,587,65,1217,1214800
601919,599,68,70,64700
601398,820,65,502,1908600
688041,840,68,351,157778
600406,607,68,76,75100
600028,604,68,212,1349700
600031,613,68,192,300100
603259,807,65,260,77700
688981,674,65,447,274391
600089,851,65,149,173500
601328,869,65,136,335200
688008,680,68,282,176581
601688,652,68,25,117300
600150,845,65,338,205247
601318,810,68,97,230938
601888,892,68,75,43400
601728,629,65,109,358500
600028,836,68,77,138900
601601,606,68,90,125900
603501,784,65,161,89800
601658,832,65,67,808700
600036,605,65,299,167200
603986,802,65,321,60500
600760,620,65,67,36004
600050,810,68,25,244800
601012,871,65,178,247600
600519,871,68,40,4800
601088,654,65,157,123000
601288,576,65,1942,11455300
603993,590,68,183,279500
601318,600,68,64,86900
600760,616,65,78,52900
601288,870,65,319,1948100
600089,615,65,592,514598
600900,882,65,241,432800
601211,790,68,114,358910
601658,803,65,85,915300
603019,630,68,235,55800
688041,675,65,567,198027
600930,597,65,165,891400
603986,633,65,798,144500
601127,856,65,178,76400
600050,852,68,40,168700
600900,667,68,117,91000
601658,605,68,69,1600900
601688,802,68,106,196800
601211,823,68,34,102600
600050,668,68,25,589200
601919,872,68,48,85400
600031,572,65,712,706200
600028,659,68,110,280100
688256,662,65,308,83188
688111,673,65,68,31016
601012,838,65,124,220100
600150,803,65,428,645951
603501,809,65,74,24300
600031,825,65,270,547100
603501,678,68,16,6800
603986,632,68,526,80300
600276,572,68,319,483200
688008,578,65,2515,1221852
601328,618,68,63,644100
688041,648,65,483,192407
601899,601,65,850,1460000
601668,644,65,80,457900
601888,672,65,44,23200
601658,681,68,41,262900
603259,674,68,434,90600
601628,652,68,30,19100
601601,683,68,23,7700
603986,789,68,891,117200
601288,578,68,317,2008800
601728,840,65,154,401400
601012,841,68,36,64700
600028,846,68,40,513500
600036,576,65,876,779200
601668,648,65,105,650400
601628,793,68,27,49900
600031,575,68,145,340000
600406,798,65,236,322500
600183,851,68,253,160412
601398,894,65,242,1349500
603501,633,65,79,35700
600760,592,65,111,81400
600036,673,68,55,54100
600519,640,65,238,27900
601688,800,65,90,163900
601658,684,68,65,87900
600519,685,65,70,11400
601600,783,65,507,1098590
600900,630,68,134,86300
603501,827,68,64,16100
601211,866,68,35,68500
603019,641,68,256,66400
600183,786,68,596,232730
688981,654,65,287,192806
603993,666,68,73,220100
600089,838,68,47,86400
601688,605,65,206,370300
601166,854,65,98,175800
601600,650,68,158,413500
601600,674,65,170,338400
601899,841,65,333,331200
600900,891,65,415,521200
601166,839,68,59,129800
603019,612,68,514,147100
601658,688,65,76,470100
688256,633,68,294,65197
601398,608,65,1355,5249300
600150,839,68,181,86517
601919,818,65,144,158300
600050,851,65,79,327900
601628,833,68,15,11300
688256,884,68,172,38215
601601,891,65,413,180900
601668,652,68,60,137100
601012,578,65,1105,2248880
601600,576,65,938,2603165
601899,586,68,553,1208300
601088,858,68,25,7300
601318,668,68,27,8600
601288,588,65,1416,8609700
600406,588,65,322,336300
601127,812,68,30,14300
600276,880,65,229,223360
601600,815,68,64,122900
601728,836,68,36,139800
600519,615,65,191,29930
600276,672,68,63,70200
600276,836,65,137,86600
601857,830,68,36,74300
601601,859,65,114,102900
601888,625,65,923,259999
601899,585,68,542,681503
600183,854,68,169,62700
601328,828,65,87,192500
601988,654,65,248,735210
600031,856,65,676,733700
600183,871,65,763,233900
600050,621,68,41,479400
600111,808,65,89,67300
601288,856,68,108,541600
600111,593,68,120,103850
688981,811,68,157,117924
600900,839,68,82,115800
601318,673,68,50,34766
601211,592,65,314,298210
688012,884,68,303,116555
601088,797,68,61,19100
688012,586,68,498,191367
600809,647,65,103,36300
601857,626,65,263,928499
600809,786,65,89,32521
603993,578,68,326,633255
600406,643,65,210,190500
601888,665,68,39,21500
600111,801,68,44,37800
600089,827,65,106,283500
601601,868,65,162,165200
600309,608,68,141,84500
601398,880,68,231,1691000
688041,599,68,480,203854
601318,811,65,342,316200
600900,623,65,405,429400
600309,834,65,442,348900
600150,687,68,95,107048
601688,656,68,33,59100
600276,635,68,140,114800
600183,832,68,352,121300
600111,620,65,274,319499
600519,631,65,189,27960
600900,687,68,49,47500
601628,879,68,44,58900
603993,679,68,69,123300
688041,806,65,648,316605
601288,786,68,153,673800
601328,829,68,44,241800
688012,836,65,307,110858
600031,837,65,245,448000
600036,580,65,802,922800
601899,655,65,377,337000
600406,894,65,228,289600
601728,866,68,37,235700
601688,591,65,274,397100
601318,823,68,109,93800
600276,633,68,97,176700
600887,595,68,138,146200
600089,638,65,86,158400
601088,780,68,162,103000
601988,848,65,709,2639700
600887,870,68,159,107810
601127,806,68,79,47594
601888,632,68,56,41000
601088,602,65,309,134900
600519,600,68,102,14900
688111,649,68,90,42147
601318,789,68,53,136500
600050,823,68,97,452103
600900,828,65,344,291000
603019,840,68,48,29100
601658,809,68,72,372300
601688,609,68,127,136907
603993,637,68,143,326000
601628,651,65,81,71200
600150,680,68,78,89400
688256,797,65,411,108138
603259,664,65,362,104800
603259,688,65,215,82500
603501,627,68,109,31700
601601,676,68,44,44600
600519,619,65,153,25300
600150,781,65,938,533400
688008,614,65,986,453899
601857,831,65,317,475200
600887,841,65,160,150900
601728,867,65,145,489200
601668,808,65,201,2663660
600900,612,68,99,157210
688111,845,68,119,53910
601012,820,65,148,234100
600111,853,65,114,68900
600887,654,65,203,108700
600089,843,68,31,62200
601328,882,65,331,1400200
601899,575,65,2431,2561263
600887,874,68,78,109300
601166,669,68,35,31300
601899,818,65,429,405800
601166,853,65,112,156000
600036,643,68,103,113600
600030,672,68,52,92400
600050,870,65,261,1537200
601166,612,68,132,180500
601166,880,65,135,115500
601658,635,65,88,435000
600887,652,65,154,120700
601919,796,65,175,102400
600760,864,65,62,20200
603501,657,68,99,66800
601888,875,68,18,12600
601088,675,68,95,44200
601628,684,65,71,29100
603501,583,65,323,183270
600887,649,68,83,113400
601688,655,68,46,40300
600519,622,65,147,25700
601688,688,65,34,58400
603501,609,68,48,25300
601288,616,68,230,935400
600150,792,65,405,362727
601728,887,68,114,549100
600930,622,65,77,400700
600309,786,68,38,15400
601288,869,68,188,684700
600760,808,68,10,9200
600519,851,65,64,10200
600276,639,65,209,233100
600089,662,68,22,84300
603993,633,65,428,1067200
601888,884,65,80,52800
603259,611,68,516,157520
688012,648,68,296,102767
601211,661,65,49,168100
603259,586,65,787,293703
601601,672,65,104,64200
601012,891,68,190,274900
601288,867,65,230,1174200
601988,644,68,114,2609400
600930,675,68,71,194900
600900,867,65,225,290100
688256,894,65,438,139818
600809,790,65,62,12500
600760,629,68,16,124412
601318,796,65,205,135400
601600,888,68,150,458400
601688,796,68,110,148400
601088,678,68,33,22900
688008,785,68,406,184851
601601,808,68,59,27200
600028,852,68,57,381100
601658,603,65,236,1328100
600036,674,65,571,1256500
601688,674,65,122,174800
601012,599,68,99,212700
603501,688,65,32,18700
600809,610,68,119,90700
601318,835,68,79,72100
688041,677,68,262,101691
688012,649,68,303,104819
600900,655,65,625,645200
603019,658,65,217,71700
601601,658,68,38,18100
601600,665,68,49,149100
603259,805,65,385,146900
688041,864,65,343,120739
600089,629,65,258,331600
601888,880,68,41,26500
601628,803,68,131,64100
600760,579,68,55,49129
688981,631,65,378,277266
600276,627,68,206,176874
600276,787,65,207,210100
688256,636,68,320,76524
600900,643,65,535,638900
600309,827,68,39,24500
601688,679,65,144,192788
600900,684,68,51,71900
600276,589,68,183,165300
601328,856,68,67,413800
688012,686,68,203,81017
600809,861,65,34,7700
601288,893,68,361,1482300
603501,791,65,116,43800
688012,881,68,358,125611
600760,631,68,60,27500
600030,617,68,58,86100
688008,635,68,348,148171
601668,682,65,73,751400
600930,817,65,107,399400
600089,880,65,221,148320
600111,615,68,63,105400
600150,894,65,704,654182
601728,688,68,34,134900
601288,823,65,289,1074200
601919,688,68,22,20200
600036,582,68,162,305500
603501,681,68,40,15600
688981,827,65,208,128389
601688,872,68,39,74300
600809,883,68,28,13300
600900,589,65,491,747200
600276,623,65,692,400274
601688,603,68,110,138200
601601,678,65,211,134500
601088,848,68,25,14300
601088,618,68,108,48100
601857,616,65,352,639100
601628,811,65,88,34900
601988,796,65,239,398200
601398,827,68,85,1182800
600111,680,65,84,105800
600519,624,68,92,14000
600276,644,68,171,110500
601658,801,68,22,171200
600111,671,65,74,67400
688111,608,65,573,303840
600183,870,68,277,89000
688012,607,65,522,174256
600036,864,65,234,223000
600406,608,68,188,205581
688012,611,65,670,218724
601658,617,65,139,970364
688111,851,65,54,43538
601088,877,65,95,50400
601988,870,68,137,1539200
603986,688,65,322,66200
601857,650,65,248,379500
600276,604,65,540,583900
601398,586,65,1385,5830400
600519,867,68,46,5700
601088,803,65,104,55100
688008,801,68,296,147700
600028,622,65,318,996900
600809,634,68,33,8000
688256,599,68,342,81229
601328,824,65,177,494400
600887,616,65,347,412405
603501,835,65,98,47500
600111,823,65,123,69400
601888,884,68,42,31300
603993,659,68,83,207500
600900,813,65,730,863400
601012,859,65,101,229100
601318,682,68,93,32600
600050,844,65,209,1286300
688041,890,68,371,155316
601888,668,65,33,46800
600050,659,65,96,699500
601601,636,68,59,22500
603986,832,68,190,39800
600519,828,68,97,10800
600089,856,65,109,108300
600028,883,65,210,518700
601288,598,65,734,4922000
601127,684,68,152,78100
601088,679,65,122,34600
601088,834,65,81,60100
600930,853,65,207,1438700
601328,794,65,90,175000
600900,685,68,59,183000
600887,637,68,41,29000
603986,782,65,884,136881
600150,626,68,87,201800
688111,800,65,154,75548
600183,599,65,4716,1665306
688041,631,65,477,225242
601668,655,65,72,287300
600900,663,65,410,510100
600031,790,65,222,326800
600183,819,65,1024,405900
601012,602,68,99,544420
601688,599,65,217,280700
601398,624,65,259,1238400
603993,807,68,100,156600
601628,830,65,104,42500
688981,832,68,124,97742
600887,648,68,47,35500
601899,595,68,410,688800
600309,616,68,438,423425
688041,620,68,337,142290
688256,580,68,338,82419
601012,658,68,75,172200
688111,806,68,139,67112
600309,829,68,131,103000
600183,809,65,580,227800
601088,802,65,197,59100
600809,854,65,60,18800
600030,574,68,122,260600
601166,616,68,32,140300
688008,574,68,679,359390
601919,655,68,115,133700
601600,837,68,92,663000
601211,653,65,132,124000
603993,836,65,133,213900
603993,624,68,161,239500
601601,613,65,418,311900
600276,883,65,193,163775
601600,630,65,240,774000
600887,870,65,511,302710
600050,578,68,179,1902075
601628,786,65,99,42900
601728,799,68,33,71800
601166,632,68,28,101900
601857,636,65,252,730600
600036,838,65,325,193800
601012,858,68,59,215100
603259,586,68,251,72500
603501,648,68,17,5400
603019,614,65,880,304200
601288,788,65,480,1832800
603019,800,65,100,61600
601328,639,68,27,130600
600519,649,65,150,19800
600036,834,68,71,38500
601658,855,68,42,273700
601088,893,68,92,107400
601328,598,68,224,441500
601318,636,65,280,167700
603993,833,65,152,253500
601658,620,65,370,4769000
601600,599,68,126,246000
688256,630,68,330,70329
601688,607,68,40,71200
601728,633,68,20,109500
601628,802,65,87,48300
601628,801,65,68,28500
688981,804,68,102,93503
601127,685,68,47,61300
600276,586,68,197,255500
600150,635,65,428,483856
601668,805,65,98,1009200
601688,833,65,104,161000
688041,606,68,439,183674
601127,665,68,42,21200
600309,595,68,325,130800
600089,571,68,73,92200
600276,611,68,156,103200
601288,606,68,375,3894000
601919,827,68,76,209000
601919,839,68,320,326500
601166,578,65,426,816400
601318,864,68,112,97000
603259,867,68,190,44700
600028,673,68,24,95600
601127,627,65,255,95900
601166,625,65,117,179700
601398,576,65,1446,7968700
688981,628,65,251,176666
601658,828,65,115,743800
601688,655,65,186,150900
600050,811,68,34,335100
603259,894,65,706,201700
688256,859,65,230,53952
601688,670,68,15,16900
601088,888,68,39,44100
601600,808,68,81,125000
601012,625,65,219,387700
600150,579,68,321,617465
603993,889,65,448,704600
688981,585,65,637,435978
688256,890,68,324,72330
688008,604,68,694,385931
601899,617,65,974,1000400
600150,631,68,154,121479
601398,864,68,169,795400
600519,665,65,171,24200
601668,832,65,209,2050890
600760,846,65,48,43500
601012,868,65,183,382347
601688,667,68,67,60400
600276,578,65,884,826900
600183,617,65,1035,299200
601601,592,65,300,318400
601668,670,65,106,345600
601012,881,68,113,393500
601398,832,65,223,545400
688012,596,68,430,154889
601658,798,65,63,189100
688008,805,65,497,193048
601857,668,65,81,109800
600183,806,68,330,109302
600183,661,68,213,76500
601857,807,68,80,488600
601668,855,65,112,651000
601888,863,68,26,12600
601888,872,65,68,64200
601628,874,68,49,20600
600089,578,65,574,716400
600031,622,68,88,220400
601088,876,65,211,89000
601088,570,68,607,482807
601988,688,65,97,368600
603501,824,68,39,11300
601888,646,65,122,86200
601668,679,65,74,359600
601988,574,68,329,3369000
601668,649,68,45,421300
601012,867,65,138,324900
603986,679,68,171,34500
603259,599,65,981,291300
603259,604,68,767,293600
688012,784,68,232,81597
688041,612,65,597,232661
601857,591,68,71,333800
603993,839,68,87,178400
601211,789,68,110,161300
600930,643,65,98,921800
603019,853,65,95,43900
601919,631,65,322,224000
601988,841,68,52,125600
600900,848,65,225,367090
688111,842,68,132,55667
601899,859,68,226,295900
601211,583,65,380,380525
601988,592,65,905,5854500
600276,632,68,89,91600
688256,647,65,358,86985
601658,834,65,49,379000
600760,860,68,28,5200
600887,861,68,90,138000
688256,665,68,192,42159
601012,863,68,40,109300
603019,872,65,142,72615
601857,841,68,33,181100
688041,880,65,441,155259
603259,844,65,284,54700
601688,629,68,167,253919
601857,665,65,202,280300
600309,782,68,54,28100
600406,635,65,116,238300
601012,805,65,107,287000
601166,874,65,135,241600
601857,584,68,105,717700
600809,829,65,73,36100
600930,890,68,218,978300
601012,847,68,79,101960
600519,572,68,105,25300
603259,811,68,118,36500
688111,822,65,83,37955
601166,659,65,85,120700
601288,578,65,869,5050200
601601,640,65,158,121900
600183,666,65,367,103100
601728,688,65,104,176500
601127,668,65,170,65990
601919,785,68,39,130100
600809,575,65,174,52272
600900,648,65,435,353000
601288,669,65,398,747100
601988,668,68,59,356900
601668,787,68,14,228400
601288,793,65,309,4207300
601211,825,65,313,254900
688008,676,65,491,276376
600406,671,68,24,40300
601318,783,68,38,24500
601857,837,68,27,41300
600050,838,65,70,1960500
601328,804,65,95,255700
600028,857,68,380,1000100
600930,625,68,70,371300
601658,582,68,141,837199
603986,589,68,1191,284400
601318,660,65,272,164300
688041,666,68,338,134716
603501,846,65,70,30300
600809,862,68,20,8100
600809,648,68,55,15400
601919,643,68,82,197800
688008,823,65,542,256095
600111,863,65,186,109900
603259,826,68,101,29900
600760,657,65,35,20700
600760,859,65,73,38200
603993,604,68,130,430600
601988,820,68,69,547200
601328,619,65,324,680900
601688,882,68,84,272700
688012,597,65,687,249827
600111,804,68,52,33700
688111,663,68,59,29808
601600,587,65,639,2129900
600050,580,68,117,941600
601919,846,68,42,208800
600887,583,65,612,718900
600150,793,68,140,246300
600760,841,68,24,47400
600930,576,65,529,3554200
600150,624,68,189,429900
600276,649,68,82,58720
601398,602,68,294,2251400
601919,639,68,34,66700
601328,801,65,177,369100
601888,688,65,35,39800
601166,683,68,30,108000
603019,836,68,35,24900
601012,591,65,986,1703400
600519,790,65,110,14500
603986,796,65,427,81600
601688,884,65,184,182700
601012,575,68,115,233200
600050,792,68,23,86500
600406,832,68,49,57100
600183,830,65,491,144000
601398,881,68,123,726600
601601,823,65,193,143900
601601,650,68,32,19500
600089,581,68,241,232098
601088,669,68,26,21000
601318,780,65,860,453603
600276,606,65,519,425900
601899,809,65,719,889300
601600,830,68,80,156600
688008,626,65,607,273024
601688,662,65,121,127500
688041,593,68,659,256890
600183,840,68,310,102000
688012,844,65,150,62492
600030,861,68,100,455600
600760,790,65,22,19700
601088,867,68,39,26100
601398,663,68,146,1148500
603501,804,65,88,41800
601288,797,68,109,255300
603986,585,68,1713,573752
600150,617,65,646,457707
601899,871,65,554,563900
688041,583,65,1051,394704
600406,795,68,37,35600
600150,579,65,2451,2415280
600150,659,68,76,127266
600089,806,68,61,313159
601658,873,68,44,351600
603501,822,68,56,19500
603501,896,68,104,56600
600050,635,65,139,1273200
688041,580,65,889,402680
603501,619,65,182,133200
600900,802,65,263,370800
600183,827,65,731,185800
601318,799,65,218,99017
600519,893,68,83,9720
600809,792,68,13,2600
688041,624,65,393,136721
601088,579,65,399,152000
601668,629,65,146,955540
600900,582,68,427,879900
600031,605,65,692,1287300
601398,845,68,58,290600
600031,585,68,94,136500
600519,671,68,21,2700
603501,866,68,59,16700
601628,889,65,238,122000
600809,611,65,492,230800
601728,641,68,55,102490
603259,854,65,249,81100
600050,846,65,92,852800
601601,826,65,237,143500
600760,878,68,27,14900
601919,601,65,519,829600
603259,830,68,84,27400
600760,808,65,37,25900
688111,590,65,370,165945
601899,619,65,1085,870500
688111,588,68,346,164002
603019,795,65,879,208308
600760,879,68,55,39300
600760,621,68,22,42300
601658,883,65,94,173000
601919,673,68,41,101000
601127,809,65,133,41000
600030,852,68,70,141800
601601,580,68,110,94600
600030,860,68,50,169000
688981,865,68,168,142153
600031,574,65,626,1040300
688012,574,65,706,263100
601127,579,68,306,238700
601012,685,65,81,119900
601888,782,68,49,28900
601988,811,68,69,1134000
600887,658,65,213,201800
601288,841,65,341,1824500
601318,844,65,351,142900
601688,849,68,99,57700
600111,850,65,126,88700
601288,856,65,251,2150400
601919,625,68,32,31700
600028,612,65,428,2305200
600887,872,65,249,238900
600760,820,68,23,19300
601601,839,65,156,153000
688111,665,68,160,64525
601012,604,65,539,1149600
688981,812,65,180,129832
600309,882,65,417,183102
601288,848,68,244,969800
600900,843,65,429,344700
600028,888,65,302,1003000
600519,642,65,289,38400
601668,572,65,364,3820900
603019,625,68,707,131673
603259,814,68,80,19917
601012,631,65,111,265000
601888,656,68,19,27300
603986,781,68,894,120800
601688,825,65,247,367600
601088,849,68,34,19300
600809,666,65,91,21000
601211,810,65,363,327300
600036,810,68,137,123500
603501,888,68,70,62700
600111,644,68,55,47800
601919,661,68,109,71000
600150,675,65,359,319683
600930,829,65,124,440000
688111,683,65,85,40490
600900,574,68,262,439017
601398,658,65,168,493800
600900,677,68,118,136400
600809,619,68,172,58500
601398,592,68,324,3207200
600183,681,68,419,152221
603259,610,68,403,155573
603993,781,65,358,898300
601288,789,68,148,443500
601328,793,65,91,351900
601857,861,65,390,423500
600150,881,65,594,433353
688256,593,68,527,121972
600276,798,68,62,37500
600309,806,68,60,40400
600031,830,68,38,94500
688041,890,65,637,253268
603019,896,68,145,94200
688111,894,68,148,68127
688008,806,65,547,247642
603993,825,65,163,255800
601600,640,65,535,768000
600089,655,65,110,175600
601012,862,68,68,205700
600183,795,65,422,130200
600887,880,68,97,92500
688012,581,65,585,222580
603501,599,65,170,55300
601211,838,68,68,96100
601127,860,68,36,11600
600030,895,65,292,276500
601166,806,68,27,42100
601601,869,65,142,68800
600309,600,65,524,291500
601166,859,68,43,72400
603501,875,65,76,26100
603993,575,68,331,852613
688111,824,65,58,21443
600030,851,65,137,203400
601728,649,68,33,46700
601166,592,68,68,214000
600406,876,65,156,118900
603259,827,65,313,105500
601899,879,65,872,765000
603993,854,65,228,256500
603019,648,65,353,166200
600050,819,68,129,1655900
600760,862,68,48,21500
688012,654,65,264,107470
688041,826,65,462,180726
601088,582,65,660,466200
600930,659,65,75,384800
688111,838,68,56,31391
603259,879,68,125,29272
601328,891,68,107,592200
601166,597,65,219,622500
600760,806,65,62,32500
601658,885,65,175,759500
600406,818,68,69,71200
600111,652,68,35,43700
601728,635,65,87,260800
601728,598,65,184,824600
600050,820,65,125,1921600
601600,883,65,535,1144400
600809,794,68,48,31600
601601,849,68,84,31600
601088,618,65,227,103300
601857,884,65,262,423200
600031,654,68,63,73000
603986,830,68,267,51868
601088,616,65,150,86500
603986,800,68,204,33900
601601,825,65,167,116200
601728,858,68,39,268400
600030,571,68,224,897800
600031,610,68,206,626800
601211,600,65,374,340100
600406,797,68,105,139118
601888,844,68,23,13200
601088,866,65,169,79300
600111,871,68,50,39800
601328,813,65,82,249900
600028,894,65,230,1233300
600183,591,65,2622,895100
601919,847,68,85,191400
601166,649,65,94,205000
601688,781,68,39,80200
601012,839,68,45,308000
601728,843,68,32,136400
601398,886,68,239,1686300
600809,886,65,105,26400
601658,874,65,131,784800
600900,635,68,189,231700
600028,823,65,188,408900
688012,796,68,148,56427
603986,650,68,353,82900
601211,610,65,210,212700
601899,642,65,482,610100
688256,784,65,279,64879
600050,803,65,59,178400
601012,818,68,92,116100
600036,662,65,155,52100
600036,830,65,312,202200
600030,786,65,211,146510
601127,586,65,375,231500
688111,664,68,78,35030
600036,832,68,103,68700
600309,848,68,113,57800
601211,578,65,907,788376
600309,869,68,145,81700
688041,596,65,885,390346
688981,665,65,445,382134
603986,631,65,1373,206000
601728,780,68,203,1083500
688008,785,65,622,260397
600150,807,68,162,157600
601601,836,65,354,274200
601127,614,65,686,193900
603993,872,68,180,327400
600900,847,68,104,224800
600887,865,65,216,196300
601600,653,65,278,678100
600276,794,65,164,83400
603259,616,65,1193,580600
603993,855,65,192,339100
601328,586,68,98,827200
600900,806,65,450,547100
600183,663,68,183,68100
688008,862,68,213,205782
688012,829,68,230,82021
600036,682,65,263,172500
601668,654,68,44,111200
601668,592,65,843,7250219
600183,687,68,164,64100
603019,610,68,96,59700
688111,613,68,252,114136
600887,794,68,62,42100
600309,802,68,45,18300
688981,587,68,244,184488
601628,649,68,57,45000
600089,591,65,355,528600
601888,675,68,14,5900
688256,828,65,258,63670
600809,853,68,23,10300
688008,866,65,396,190347
600406,877,65,126,174200
601012,860,65,78,222500
600089,631,68,201,234000
601628,785,68,20,15100
600809,877,68,43,14600
600036,883,68,72,81800
601127,891,65,281,90300
600030,866,65,529,464145
600900,592,68,198,315400
601888,867,68,43,20100
601127,895,65,234,285900
601166,572,65,441,1184700
601211,807,68,66,42700
601628,616,65,107,90200
601601,615,65,205,190800
601919,620,68,59,67500
600930,636,65,124,622000
601688,640,68,100,131600
601628,646,65,194,60400
601857,665,68,53,67000
600309,789,68,89,55900
601658,649,65,119,524400
600519,850,68,40,4600
601919,861,68,33,34800
601600,861,65,569,1790000
601318,802,65,480,637800
601318,815,65,276,167500
600887,600,65,450,516400
688008,661,65,474,223079
600050,864,65,147,865100
601728,881,65,251,948400
601728,589,65,127,358300
688256,882,65,456,110021
601012,780,65,1138,1123285
601127,625,65,297,127000
601857,590,68,93,375800
688008,635,65,516,233422
601688,653,65,194,332500
600887,828,68,66,119400
600183,843,65,437,142700
600309,612,65,1546,1419500
600809,656,65,201,41900
601628,601,68,37,48500
600031,833,65,547,690693
601658,596,65,197,1856300
601728,885,68,71,254200
688012,875,65,484,178219
600036,880,68,93,171800
601328,861,65,111,329100
601211,781,68,74,115500
601988,801,68,161,1251500
601600,686,65,153,292400
601919,815,68,215,247800
688012,681,68,190,74423
601012,857,68,84,96900
601601,793,68,42,24000
601166,658,68,33,99500
600309,636,68,99,76100
603259,798,68,89,30500
600309,824,65,144,86800
601688,667,65,164,196300
601919,790,68,135,186890
600276,851,68,222,140500
601988,858,65,356,1474300
688041,860,68,197,75006
600031,633,68,162,227100
601728,861,68,70,207300
601857,662,68,41,69800
600406,625,65,192,251150
601600,680,65,333,795400
601688,630,68,76,82900
601668,683,68,83,270900
601398,599,65,749,3168729
600030,816,68,91,66900
600809,618,68,118,46200
601728,865,68,34,44900
601919,633,65,267,204000
603986,856,68,113,26100
601600,858,65,264,371000
600089,889,65,128,153900
601628,851,68,37,34100
603501,587,65,394,131500
688008,657,65,514,252149
688111,850,68,77,43674
601628,589,68,56,151400
600028,794,65,283,703000
600760,892,65,103,118300
603986,843,65,389,80300
601988,648,68,217,521600
600276,858,65,273,154700
603019,859,65,97,47800
601658,647,68,86,231600
600406,589,68,76,89300
688111,612,65,199,88205
601600,866,68,168,612800
600760,656,68,13,6200
600930,639,68,190,446600
600030,651,68,37,31200
600030,831,68,52,78600
688981,677,65,137,123740
601328,869,68,53,341800
601668,871,65,187,742700
601888,878,65,83,69000
603501,650,65,124,38800
688008,628,65,533,264445
600030,578,65,403,773808
601127,597,65,1062,491029
601988,666,65,175,478400
600809,792,65,50,8700
600276,798,65,199,156800
601127,858,65,110,31400
601012,805,68,45,91200
601668,874,68,102,858800
600519,662,65,100,27000
603501,787,68,99,50800
600309,634,68,121,102200
601088,817,68,25,24900
600309,838,65,382,181600
603986,618,65,1338,318800
603259,579,65,1282,579208
688256,634,68,323,84852
601166,783,68,26,140000
600900,824,65,350,436300
603993,583,65,1154,2870808
600887,630,65,437,332200
688256,591,65,560,141002
600276,834,68,43,22700
601127,826,68,44,21800
601288,873,68,166,760300
601398,590,68,268,3067500
688256,577,68,542,144905
601211,619,65,196,171300
600183,844,68,225,185200
600276,861,68,64,40900
600028,864,65,150,537500
688256,868,65,185,54341
600036,580,68,165,243600
688008,580,65,2794,1481494
688012,873,65,413,156404
601166,636,65,132,402100
601628,875,65,182,89000
601328,601,65,459,1547400
600406,596,65,292,347800
600309,627,65,450,325500
601988,598,65,295,1190000
601628,644,65,110,99600
688981,781,65,245,158874
603259,818,65,226,58693
601600,828,65,261,1166100
600089,625,65,295,365100
601919,866,65,118,98500
601600,879,65,659,2407500
600031,887,68,129,304600
600036,895,68,166,128500
600030,885,68,111,127700
601988,645,65,427,4931100
601628,607,68,49,29000
601318,596,65,439,448100
600760,647,68,46,29800
688111,635,65,144,63532
603019,608,65,697,233200
600111,877,68,48,42600
601211,618,68,41,55300
603019,785,65,139,56100
603019,781,68,543,148700
688981,861,68,155,137958
600036,658,65,269,146000
600028,588,68,115,941600
688981,887,68,200,155384
603259,869,68,108,22600
601899,784,65,404,680100
688041,787,68,353,136198
600519,620,65,223,58600
600900,606,68,128,122300
603501,864,68,30,7300
600309,584,68,348,418800
601919,868,68,65,139660
601288,613,68,147,838600
600760,674,65,281,74900
600309,817,65,184,109773
601728,783,68,49,222600
600809,652,68,32,8900
601899,648,65,342,411600
601668,812,65,309,1382900
603993,813,68,80,137700
600183,849,68,394,134000
601728,833,65,112,548300
603993,629,68,122,151800
600089,859,65,99,186900
601919,863,68,40,41400
603259,886,68,139,27900
603993,895,65,677,1024200
600809,601,65,177,74700
601899,651,68,116,137400
601899,594,68,844,1400800
601919,864,68,103,158600
601601,651,68,40,20000
600887,683,65,140,80100
601688,681,65,73,91200
600183,823,68,246,75600
688041,839,65,364,146302
601988,646,65,209,2338950
688111,570,65,1254,564098
600028,811,68,95,482500
600406,881,65,151,138500
601211,843,68,52,71800
601088,882,68,39,34700
600031,639,65,251,425300
601668,646,65,65,385740
601919,862,68,52,63300
600406,879,68,75,56800
601919,592,68,68,89800
601127,887,68,84,34400
600900,672,68,86,108001
601899,635,68,134,509500
603501,878,68,45,17400
601288,882,68,260,2189900
601088,813,65,157,71600
600183,618,68,670,241700
601318,609,68,198,240200
601328,622,65,488,433500
601899,838,65,663,481600
688256,610,65,431,105319
601211,847,65,182,150500
601601,811,65,181,144500
600309,820,68,42,16000
688008,681,68,284,119676
688012,624,65,370,129429
601318,664,65,244,120100
688256,880,68,209,45786
601328,812,68,19,57500
601688,575,65,483,1086700
601012,606,65,388,1089000
601857,841,65,213,449000
600030,629,68,61,52500
600150,687,65,321,268231
601288,615,68,186,822400
600031,607,68,167,261300
600406,886,65,128,177200
600930,640,65,124,401500
600406,791,65,61,51700
603259,661,65,500,170900
600028,671,68,42,135300
600031,784,68,76,91400
601398,866,65,258,851100
601668,570,65,1486,14831900
600089,810,65,153,267100
600036,791,65,484,358800
601899,852,68,204,375000
600309,860,68,318,389200
603501,632,65,235,72100
601668,663,68,137,2020800
600309,687,65,132,74800
600887,802,65,152,140200
603259,824,65,324,159200
601857,590,65,483,1285100
601600,891,68,282,729600
600760,650,65,71,115700
601127,661,65,99,61000
601601,844,68,67,80200
600887,782,65,508,579300
600930,660,68,46,358700
688012,798,65,289,112641
600183,585,68,859,289649
688012,588,68,658,241555
600900,598,68,634,724000
600050,625,68,41,413600
601318,580,65,808,523000
601899,630,68,483,693700
601601,636,65,227,80500
601728,687,65,102,964600
600406,688,65,43,44000
600887,789,68,90,65800
600150,576,65,2008,1991093
601688,805,68,35,63900
600050,794,68,42,188100
601668,686,65,62,185800
601668,824,65,122,904200
600050,874,65,81,599594
600276,841,68,96,97500
600089,858,65,82,87400
601728,615,68,111,179300
688012,678,65,324,107181
600036,825,65,236,161000
600111,867,68,50,29211
603019,644,68,257,40244
603259,851,65,259,79700
601211,886,65,239,329100
600309,603,68,94,59100
601127,813,68,42,13800
688008,673,68,294,140997
600309,613,68,609,569000
600150,830,65,472,284200
688008,664,65,503,219533
603501,842,65,102,59700
601988,610,65,1713,10010200
601328,862,68,68,361300
603993,788,68,307,526000
601899,576,65,2749,2491801
600760,807,68,36,25600
600031,593,68,65,74000
601601,618,65,253,157900
600900,820,68,92,147200
600089,790,65,65,99900
600900,586,65,884,925700
600406,862,65,136,115900
601288,603,68,252,1210900
600030,611,65,199,172200
603259,605,68,468,132403
600406,667,68,30,33600
601127,681,65,220,89800
600036,820,68,119,47200
601628,663,68,19,9300
601600,650,65,643,1206300
601088,887,68,46,34900
603993,863,68,113,266000
600887,880,65,308,248000
601127,646,65,174,84900
601127,655,68,27,17700
603993,650,65,708,996800
688041,605,65,629,253349
600050,646,68,16,81800
601857,628,65,172,672900
600519,581,65,565,81950
601899,781,65,610,647500
600809,670,65,91,90600
600760,818,65,42,26800
601658,864,68,183,443300
600111,891,65,247,252200
600760,640,65,40,32100
601857,681,68,20,164100
601600,820,65,546,527400
600150,805,68,114,157097
688008,616,68,389,186063
601398,572,68,269,1865300
600930,621,68,44,249200
600036,619,65,293,136800
603259,668,65,531,111702
688008,680,65,418,163226
601211,682,68,48,144200
601888,782,65,82,51300
601857,589,65,388,603400
601328,799,68,52,222600
688012,838,65,182,67737
601328,876,68,47,134500
600309,652,65,358,192500
600887,678,68,16,15200
600519,585,65,291,42600
600887,644,65,230,205200
601988,577,65,768,3686400
601166,813,65,93,148500
601328,571,65,741,2723820
601088,783,65,153,96500
601888,596,65,733,363800
600760,605,65,76,34000
601658,892,65,134,466700
601688,814,65,114,131100
601318,617,65,332,251400
601857,573,68,102,242500
600028,597,65,338,1285300
600028,824,65,199,244500
601600,671,65,236,469500
601318,628,68,151,187300
600150,586,65,1334,867705
600036,622,65,498,204230
601600,865,68,343,945100
688041,680,68,453,161309
601601,884,65,168,69000
688981,882,68,192,154206
600809,655,68,57,18300
688041,617,68,424,156436
601211,816,65,164,149100
600030,821,65,159,172100
688256,629,68,219,54532
688012,592,68,655,225144
601688,646,65,161,248000
688041,803,65,362,157315
688256,821,65,397,90983
600809,836,68,15,3100
601628,846,68,46,30100
600150,866,65,557,436900
601288,859,68,265,4459800
600036,804,68,105,157500
601728,888,65,187,229300
688981,575,68,718,449999
601688,608,65,217,383600
601688,856,65,150,125200
688041,870,68,375,141789
601728,870,65,165,547200
600150,678,65,332,239600
600519,889,65,133,21700
601857,621,68,84,182800
600809,631,68,167,23948
600030,652,65,147,151400
601012,637,65,1001,930700
600089,666,68,21,43500
600030,674,68,50,67000
601857,677,68,24,72500
603986,792,68,372,58100
600036,590,68,154,196000
601899,780,65,2945,4157900
601857,625,65,252,796501
600887,833,68,93,41700
688012,874,65,360,133481
601688,686,68,20,38200
600276,794,68,67,30900
601328,808,65,145,304200
600089,681,65,189,220043
688012,877,68,249,88804
601628,836,65,188,78600
601600,610,68,192,1704400
601728,792,68,21,52800
600809,642,68,50,20900
688012,804,65,223,92406
688041,576,68,596,217546
600930,820,65,118,239700
601288,615,65,791,2973100
603501,680,68,52,46000
688256,614,68,372,89713
600809,795,65,98,28300
600050,662,65,71,296500
688041,627,65,692,261634
688008,808,68,242,114852
600809,835,65,110,37200
601328,839,68,47,183500
600519,895,65,157,24700
600887,856,68,35,30500
600309,658,65,354,150200
601127,574,68,144,134100
600900,594,68,123,164200
688981,682,68,95,81809
600760,846,68,14,6000
688256,830,68,221,48984
600809,587,68,180,89900
601211,822,68,16,50400
603019,686,65,103,48500
601398,803,68,98,340000
600309,814,65,131,71100
600050,583,65,375,2786670
600031,594,68,160,239400
603986,617,65,1402,284924
601166,814,65,84,179500
601857,808,68,84,243900
600519,833,68,40,4300
601857,857,68,23,124400
600150,605,68,375,436762
601600,606,65,367,564400
601888,689,68,14,9900
601012,669,68,79,116049
688041,835,65,406,153949
601601,872,65,247,241700
601728,881,68,99,628900
601288,885,65,391,1827700
601211,780,65,304,415781
603986,824,68,140,34200
601600,860,65,256,929100
600050,654,68,29,127700
688111,866,68,89,36176
600760,895,68,75,56500
600030,844,68,34,53500
601628,660,65,239,59500
601668,808,68,501,2380600
603019,668,65,133,47600
600183,820,68,614,203600
688041,672,68,436,204975
601166,664,65,239,242500
601600,582,65,790,2181396
600050,654,65,68,164900
600760,643,65,79,52400
603019,674,68,29,21900
601288,844,68,168,1303800
601127,588,68,316,149100
688981,871,65,233,170543
603019,797,65,151,64208
600030,839,68,57,94600
601601,576,65,886,1108900
601398,661,68,82,636600
601127,817,68,38,24400
603993,641,68,114,282400
601288,887,65,453,1214300
601012,589,65,1177,1779800
600183,582,68,534,168700
600111,798,65,82,75383
601318,583,68,161,126800
600406,593,65,368,593018
600809,644,68,63,22800
601628,810,65,196,64200
600050,814,65,95,710500
688012,682,68,174,64997
688041,789,68,264,108596
600309,811,65,288,78600
601888,813,65,61,34700
601600,579,65,575,1551000
688008,669,65,527,230748
601658,855,65,92,1674764
601211,652,68,17,23500
603259,681,65,286,67300
600930,612,65,127,799200
601318,869,65,325,163200
603019,887,65,240,170058
601211,793,65,263,455600
603019,625,65,864,232473
688981,645,68,154,123448
600050,578,65,482,4879575
601628,857,65,102,76900
600519,854,65,75,8900
600519,869,65,98,11800
601688,610,68,17,47800
601088,631,68,68,46000
603019,873,65,158,80700
601988,621,68,113,707200
688012,589,65,687,276805
601628,829,65,155,59800
601328,679,68,85,938700
603259,682,68,141,76700
601658,807,65,81,706400
601857,811,65,233,480500
600887,875,68,136,158500
600030,574,65,570,886300
601288,674,65,270,684700
688041,833,65,344,112754
600809,582,68,54,13060
688111,587,65,509,230286
601600,590,68,129,430900
688041,836,65,339,137049
601288,850,65,273,754200
688256,591,68,446,106048
600030,845,68,114,215700
601328,826,68,24,157400
603501,580,65,412,167800
688111,854,65,97,42375
601988,890,68,159,604800
600760,874,65,73,60800
601166,588,68,76,229100
688041,582,65,1200,459876
600031,780,65,903,919800
601988,891,68,218,879700
601668,823,68,61,1039000
600930,598,65,174,791800
601899,669,65,661,586300
603993,783,65,346,691000
688981,581,68,314,293901
601688,809,65,117,202200
601600,616,68,106,504000
601601,872,68,80,78100
601318,785,65,161,104200
601688,648,68,284,356400
603259,826,65,409,117000
688008,836,68,281,126774
600900,659,65,461,601200
600050,785,68,38,351400
600760,845,65,59,55000
601398,654,65,269,887200
601899,866,68,195,184400
601398,607,68,231,1892500
600760,856,68,11,3500
601857,836,65,80,409800
601919,804,68,44,47000
603986,830,65,454,97500
688041,880,68,263,100252
600276,576,65,951,811924
688981,589,65,608,503096
600900,789,68,85,576200
688008,853,65,398,163258
600809,635,65,117,24800
600050,641,68,21,435100
600089,685,65,70,214200
600809,879,65,66,22900
600028,889,68,204,886700
600930,585,65,355,1768700
601088,650,68,52,26600
601857,579,68,147,527700
600183,580,68,793,253600
601318,792,68,64,66500
601600,869,65,453,709900
601398,887,65,394,1244100
601857,889,68,75,405300
601688,803,65,80,86800
601857,601,68,69,368700
601012,803,65,180,485400
600031,828,68,38,61200
601012,852,65,123,206800
600028,616,68,254,1772100
601857,798,68,75,511700
600809,605,65,490,141800
600050,788,68,26,181500
688256,608,65,466,126642
600150,829,68,159,112719
601127,878,68,123,39600
600519,785,65,108,15000
600887,887,65,220,151900
600028,598,65,424,1989000
600276,802,65,254,193100
601688,891,68,71,83400
601919,895,65,280,360300
600030,891,65,625,484630
688111,621,65,267,119997
601688,607,65,125,241400
601857,572,68,148,339800
600276,835,65,153,123100
601600,655,65,517,681800
600030,793,68,67,99300
601601,617,68,122,56900
688041,627,68,496,184672
600309,642,65,457,198300
600809,687,68,30,5200
688981,800,65,205,149417
601888,826,68,20,17200
600406,838,68,56,55500
601919,890,68,113,114300
600809,818,65,51,17200
600930,894,68,260,1740200
601899,661,65,213,241500
601127,871,65,303,93500
688012,662,68,146,61496
600036,649,65,285,139700
601012,605,68,128,448700
601668,615,65,517,3034800
600150,639,65,422,620094
688981,786,68,257,224404
601888,795,68,30,29900
600050,812,68,20,104500
600036,874,65,372,319800
601899,882,65,718,994900
603019,848,68,101,66538
601088,801,65,174,94500
600150,593,68,153,135901
600887,589,68,82,106500
601899,615,68,731,652700
601728,791,68,18,42800
601328,664,65,128,196200
601668,614,68,101,993800
601857,673,65,146,693000
600900,788,65,191,198900
600089,854,65,89,97400
600150,651,68,82,95559
600406,576,68,116,147300
601988,658,65,184,671500
600809,827,68,72,28100
600028,626,68,142,596500
600028,571,65,1840,7063500
600089,674,68,26,18300
601628,870,65,225,112200
601398,642,65,270,990000
601318,862,68,74,25100
603986,602,68,468,105100
601601,780,68,316,236400
688008,804,68,314,134327
601658,785,68,76,1515800
688008,822,65,382,174204
600150,837,68,76,25500
603501,612,68,48,14800
603019,617,65,1429,360000
688012,843,68,187,75123
600309,570,68,552,406880
688012,847,68,224,78923
601668,593,68,202,5868200
601328,810,68,131,702300
600030,586,65,531,894592
600050,630,65,101,332200
601899,594,65,1423,2820200
601919,660,65,481,501730
601628,669,65,141,142700
601600,892,68,328,871300
600028,668,65,98,244900
601728,591,68,145,1423600
600519,816,68,38,6000
603993,821,65,234,594600
601166,643,68,32,93600
601398,623,68,109,904300
688008,603,68,872,509908
600276,681,68,91,218100
600900,605,65,611,786400
601919,863,65,304,254200
688012,614,65,378,140691
603993,680,68,73,158300
600887,621,68,57,53000
600309,601,68,230,99900
603259,619,68,759,175700
601211,579,65,539,742290
603259,817,65,234,51800
603259,604,65,1068,447500
601601,628,65,133,92112
601166,684,65,110,175800
603019,872,68,51,29900
601857,881,68,46,169302
601288,591,68,218,2881200
688981,892,65,403,331064
600028,652,68,122,207100
601600,844,65,364,396600
600406,580,68,142,144600
600760,873,68,44,29400
600150,668,68,157,171556
601012,607,65,775,1355100
601919,793,65,226,262100
600309,842,68,169,169900
601288,650,68,233,1984500
688008,814,68,300,164536
600900,664,68,115,270800
601919,855,68,37,114300
688111,784,65,153,68922
603019,886,68,91,70800
601088,644,68,41,19700
688041,633,65,495,208116
600028,672,68,36,113200
601688,836,65,115,157700
601857,789,65,381,939700
600406,805,68,41,77000
688008,861,68,233,96262
601628,847,68,34,28200
601601,867,68,71,51100
600050,618,68,39,490800
601088,836,68,29,20100
600183,666,68,203,53300
600309,786,65,166,92800
600031,880,68,167,349300
688012,885,65,396,141059
600050,831,68,28,165600
600036,570,68,879,1496166
601857,833,68,28,162300
601688,828,68,28,147900
600760,814,65,80,37200
600031,689,65,174,257400
600031,805,65,144,207600
600111,638,65,108,51300
601166,800,68,45,64000
600930,869,68,190,677900
600276,588,68,244,383500
601988,813,68,47,409500
601919,885,65,409,371500
600760,667,68,38,26000
601688,660,68,99,87900
600030,604,68,53,91600
600930,836,68,52,189300
603019,896,65,285,134432
601728,848,68,74,117000
601888,781,68,15,4100
600183,653,65,627,222600
601728,584,68,82,260100
601857,781,65,251,681600
688981,821,65,265,189834
601288,572,65,943,5824900
601601,609,68,70,316700
600519,607,68,196,27920
603986,607,65,948,288600
600900,617,65,758,654250
600183,602,65,2890,798537
600276,640,65,292,275400
601088,643,65,135,67300
600028,646,68,83,375020
601728,658,68,62,77600
600309,574,65,519,356794
688111,664,65,86,39744
600050,671,68,16,180000
601628,828,68,33,23600
600309,580,65,1471,1182400
600150,607,65,851,964008
600406,865,65,218,158261
600030,892,65,304,504545
600183,641,65,756,210000
688012,871,65,286,110275
600036,680,68,84,47300
601600,880,68,159,476400
601600,639,65,379,733700
603986,835,68,710,95600
600030,594,68,50,86800
600760,798,68,16,12200
600519,826,65,109,14600
600183,675,68,195,53300
600760,839,68,16,14700
688981,579,68,356,249970
600089,847,65,133,247600
688111,577,68,218,102200
600930,601,65,178,781500
688256,857,65,251,60243
600809,584,65,296,138900
601688,815,65,127,203500
601328,892,68,123,495000
601601,626,65,161,96160
601668,680,68,22,406000
601899,610,65,821,993000
600050,688,65,54,339700
688981,664,68,235,197367
688256,886,68,265,59465
601328,799,65,91,296500
601088,805,65,219,91600
600089,860,68,61,56700
601328,683,68,35,163400
601601,577,65,399,488400
601988,795,65,219,1361100
601166,598,68,85,198300
603501,658,65,296,113100
600519,793,68,61,7600
600760,610,68,43,18600
600809,622,65,174,90300
601328,661,65,126,514300
601658,790,68,55,421900
601857,656,68,45,75600
603259,669,65,369,90402
601728,679,65,83,193100
600309,813,68,52,36000
600036,660,68,100,77200
601728,683,65,64,171100
601919,820,68,25,17400
688111,848,68,82,37725
688256,625,65,220,60110
603019,589,65,1636,441000
600036,851,65,247,124500
600031,802,68,55,63500
600111,583,68,136,140500
600276,603,68,160,102400
601668,606,68,521,3069000
601211,639,68,36,87700
688008,676,68,299,130137
603993,802,65,251,458000
600028,806,68,50,377600
601600,570,65,3325,16248900
600036,791,68,131,115100
601888,825,68,22,29500
601919,827,65,455,541300
601127,801,65,75,35600
688008,829,68,223,95750
688981,842,65,292,178255
601288,802,65,280,1934500
601688,862,65,69,166000
688041,574,65,1441,664535
601628,870,68,91,50100
688111,643,68,150,61201
603019,628,68,50,22700
600050,872,68,52,191900
600030,592,68,90,282700
600309,895,65,253,182000
603993,871,65,321,419200
688256,868,68,153,48865
601988,875,65,163,2289800
600183,601,68,769,246250
601919,673,65,132,367110
601211,792,65,374,675700
601688,593,65,200,301500
601988,802,65,464,821300
603019,823,65,147,73000
600031,842,68,84,116200
600089,875,68,34,83700
600111,895,68,189,152900
600309,590,65,764,581500
601211,889,68,95,130900
600111,663,68,31,44400
601688,613,68,33,32400
688008,664,68,324,150954
688981,649,65,296,221817
603501,796,65,261,128600
603501,844,65,99,50900
601328,895,65,195,948500
601988,670,65,208,544500
600309,613,65,2066,1433700
601919,620,65,228,422200
601328,782,68,58,289400
600031,580,68,100,228600
601658,585,68,40,233900
601318,625,68,57,22500
600111,672,65,114,75200
600276,833,65,162,125800
601288,596,68,292,2574200
601211,606,65,359,369762
601012,825,68,55,65300
601127,674,68,22,19400
601398,839,68,105,411900
600183,625,68,953,365465
601328,617,65,130,1303200
600309,577,68,238,167965
688041,629,68,252,98311
601628,681,68,14,5200
601328,792,65,124,411300
601728,841,65,85,195000
601166,623,65,157,318500
603993,813,65,151,319100
600900,673,65,204,312300
600028,815,65,228,483600
601318,808,68,61,39300
601600,838,68,143,1092100
601857,840,68,100,338400
601888,841,68,38,12600
688981,848,68,155,134666
600887,863,65,182,125600
688111,619,68,114,51727
601398,664,65,513,1930900
601919,635,68,38,69400
601127,617,68,104,65900
601166,830,68,48,45100
601127,840,65,186,54502
601127,864,68,45,15500
601668,613,68,109,1833800
601012,617,65,461,812900
601919,881,65,175,292500
603019,881,65,217,91200
601728,646,65,105,340600
603501,612,65,132,48100
600930,603,65,127,713100
601318,887,68,171,84600
600183,856,68,265,109225
603259,680,68,137,24800
601919,889,68,78,246800
601728,851,68,35,209100
601919,612,68,85,96400
601601,659,65,140,63500
601728,817,65,257,372000
600760,819,68,19,13000
600900,870,68,184,234900
601688,639,68,18,10900
600519,621,68,61,9800
601857,595,68,78,278500
601288,611,68,248,1900600
600036,618,68,97,73800
688111,660,65,185,70875
688041,881,65,469,163654
601658,792,65,212,1162900
601668,672,68,88,623800
600111,628,68,30,13900
601166,675,68,55,90100
688981,586,65,581,470760
600050,680,68,29,203000
603019,661,68,36,14600
600028,679,65,137,1012300
601398,642,68,145,948400
688012,835,65,360,125497
601088,612,65,189,208400
600031,783,65,144,236100
601398,587,65,1430,5629468
603501,687,65,67,34300
601318,804,68,135,214600
601088,828,65,106,80300
600036,651,68,162,39400
688256,660,68,280,63037
601398,870,65,512,1845100
600028,877,65,194,522100
601988,575,68,257,3196700
601601,868,68,61,31000
603501,614,68,63,35500
600111,684,68,33,71800
601988,862,65,131,1743600
600930,869,65,329,928500
600276,807,68,78,70900
601728,614,65,135,610800
603993,669,68,76,130900
600809,868,68,27,5800
600111,876,68,71,63700
688256,666,65,214,55253
600183,894,68,737,212697
600031,883,65,371,382000
600887,593,65,1033,1782200
601919,616,68,52,77000
600760,828,68,14,6400
601012,800,68,69,203600
601888,674,68,26,17400
600760,588,65,298,157200
600031,838,65,267,437300
688041,811,68,357,122369
600036,807,68,50,32700
601318,572,68,263,480900
601601,878,65,296,147500
600309,829,65,463,407500
600031,602,68,131,218000
600760,673,68,281,83192
603501,576,68,290,129200
601688,619,68,22,57400
603259,594,68,265,97300
601127,602,68,125,55900
600930,607,65,132,654300
600089,607,65,287,672700
601328,601,68,130,774900
600183,599,68,2100,845650
603019,606,68,148,82891
688008,638,68,313,139402
603501,570,68,210,107305
601601,780,65,886,476400
600519,801,65,98,11400
601328,837,65,202,640300
601398,661,65,188,1017400
601012,821,68,131,90000
601211,850,68,97,135604
600028,853,68,63,264900
600031,615,65,415,677700
601088,687,65,169,78600
600406,871,68,100,126561
688041,814,68,322,175452
600111,876,65,157,95500
688981,627,68,245,237088
601899,613,65,1039,896400
601688,652,65,142,324500
601899,674,65,556,625200
603019,840,65,117,69800
600111,788,68,35,51000
601658,849,68,63,385900
688008,835,68,247,106110
600887,791,65,183,167000
600036,790,65,555,794400
601600,852,68,82,134100
600089,882,65,255,360900
603019,649,68,78,49600
601857,616,68,208,357600
600089,579,65,470,597998
688981,793,65,452,276520
601628,632,65,110,98000
688041,684,65,588,363546
601988,674,65,633,1811600
603993,635,68,133,273700
601166,780,68,157,399200
600031,800,68,50,88800
600089,828,68,113,539410
600519,574,65,200,33700
603019,604,65,393,243427
600760,643,68,47,14800
600406,858,65,197,206761
600183,577,68,920,315640
603993,869,68,96,220700
601899,676,65,302,411800
600930,826,65,116,482900
603501,888,65,139,72200
600930,595,65,211,1666000
603259,663,68,269,65900
688256,864,65,131,32517
600276,877,68,130,202100
600089,620,68,46,54200
601899,813,65,308,364600
688012,610,65,708,241847
603019,681,68,304,65100
600030,620,65,122,286100
600276,783,65,234,165800
688256,651,68,239,53647
600089,576,65,436,795400
601628,583,65,249,138500
600900,575,68,349,588517
600406,800,68,43,75600
601899,806,68,254,265900
600887,808,68,34,22700
600406,833,68,41,65500
600036,586,68,132,214007
600036,666,65,351,174200
600406,683,68,28,23600
601288,577,68,351,3363400
600028,818,68,143,235300
601988,579,68,288,2797700
601919,617,65,424,183760
600519,654,68,76,8300
688256,669,65,308,71545
601127,828,68,49,24700
601288,850,68,142,453700
688981,853,65,367,220818
600028,860,65,209,402900
601601,595,65,317,230200
600900,839,65,270,275500
600930,873,68,85,341196
600150,876,68,118,201900
601166,803,68,35,186700
603259,629,65,456,135400
601888,811,65,77,62400
601988,669,65,122,270000
603019,827,68,49,22100
600089,836,65,107,102400
601318,644,68,39,26700
688008,636,68,359,162892
601899,858,68,142,117400
601899,881,68,353,361200
601658,670,68,50,699100
601600,885,68,136,358700
601600,636,68,76,1807500
600809,601,68,68,22700
601288,633,65,759,2394300
601318,661,65,128,73300
688256,598,65,360,96620
600150,888,68,139,144961
600030,804,68,83,175700
603993,827,65,136,220100
688111,570,68,269,134955
601988,807,65,131,305800
600028,786,65,200,819000
601919,797,65,153,121800
601600,833,65,501,967600
600183,655,68,433,156365
600030,575,65,892,1583525
601688,620,68,49,39900
601857,619,68,109,261000
601166,626,65,127,124100
600036,678,68,76,74900
601088,681,68,29,13000
601211,594,68,57,116400
688981,658,68,163,124066
601012,607,68,530,808400
601600,633,68,59,544600
688012,682,65,219,75450
600276,893,65,318,237800
688981,890,65,471,324478
601166,646,68,35,65800
600030,659,65,91,83800
688256,810,68,243,54118
600036,599,68,111,131000
603259,627,68,176,81900
601211,856,68,85,207400
688012,685,68,226,103674
601628,594,65,160,79400
600900,615,65,466,667500
601668,663,65,406,4153320
601688,689,65,89,165800
600900,825,65,300,402200
601628,806,65,145,64800
601988,624,65,372,1285600
600406,677,65,59,70100
600089,787,68,14,42900
688012,576,68,452,171169
601668,573,68,82,830200
601668,612,65,489,5544600
600111,649,68,42,54200
601899,809,68,397,417000
600809,791,68,7,900
603986,649,65,452,106700
603986,649,68,152,28600
601668,610,68,118,753300
600900,578,68,257,402400
688041,802,65,450,176343
601600,864,65,615,1294200
688256,635,68,329,72639
601288,650,65,847,3283800
601012,641,65,180,275800
601166,654,65,454,691200
601127,807,65,184,68400
688041,896,65,351,133796
601668,791,68,31,818100
600089,679,65,58,106800
600030,689,68,82,627900
600309,592,65,554,302395
603986,598,68,470,93200
601728,590,68,103,490500
601888,619,65,157,126938
688041,652,65,492,170559
601988,665,68,186,1175500
600150,783,65,1200,1374979
600150,686,65,362,268089
600900,589,68,128,229900
688256,608,68,380,95538
600050,791,68,22,263300
600519,878,65,118,16600
600760,801,65,33,15600
603259,881,65,315,75700
600111,844,68,55,59100
600183,669,65,1022,247700
601888,680,65,31,14200
603019,809,65,486,111300
603019,792,65,669,177800
601888,848,65,60,49900
601919,667,68,16,17100
600150,673,65,290,314540
600519,791,68,67,7450
600900,808,68,91,166167
601628,669,68,55,84100
603019,672,68,152,89500
601601,828,65,143,93600
600150,820,65,418,337180
601628,625,68,58,23600
600276,886,65,235,227900
603501,619,68,78,55600
601088,671,68,77,33700
603259,658,65,761,255700
600406,603,65,466,881800
603259,825,68,111,31200
601318,800,68,74,104200
600900,797,65,592,2106300
601668,620,65,291,1343900
603986,677,65,351,86300
601888,882,65,54,54400
601012,825,65,127,395700
688256,621,68,257,56412
600028,644,65,401,1271180
601888,635,65,107,90870
601318,814,65,284,159200
601318,588,68,161,101500
601088,636,68,61,31900
601088,626,65,186,90000
600111,604,68,104,133087
600031,605,68,164,277500
603501,834,65,98,38100
601688,670,65,64,124600
601600,870,65,690,1272700
601688,633,65,236,290800
601127,645,68,33,13400
600406,600,68,65,118500
601318,601,68,128,84600
601728,621,68,28,45900
601012,789,68,60,147600
601318,612,65,440,405236
688981,676,65,137,128749
600406,613,68,145,328100
688041,813,68,239,107096
600809,850,65,85,18600
688111,572,65,444,185447
600111,827,68,65,50800
688111,600,68,219,100109
688981,615,68,260,253998
601628,658,68,22,7800
600030,576,68,157,171800
600050,677,65,54,123000
600760,833,65,30,16000
600111,848,68,47,48200
601211,854,68,31,390100
688111,634,65,166,60799
603993,800,65,344,570800
601601,581,65,499,468700
600930,616,65,80,296400
600930,631,68,82,438200
600900,583,65,904,870400
600309,622,65,743,476000
601328,785,65,184,493700
601088,859,68,25,19000
600760,626,68,57,8900
603019,850,65,122,75400
688041,799,65,409,129368
601600,820,68,87,70500
600309,650,68,170,77907
688981,596,65,503,309855
600760,812,65,51,99800
600036,639,68,49,85200
600309,847,68,124,46000
600030,789,65,136,256900
688012,643,65,340,152939
688981,817,65,170,116007
600760,859,68,46,16400
600028,582,68,212,1415800
600519,860,65,74,8600
600760,869,65,61,50800
601919,839,65,526,714300
600150,574,65,1449,1323113
601888,834,65,52,27600
600030,845,65,218,432400
600030,887,68,143,238500
603986,825,65,633,117700
600150,682,68,45,52062
601166,596,68,86,281300
600036,790,68,205,226400
601601,796,68,40,21500
601658,801,65,54,272400
600150,647,65,725,779368
601728,581,65,243,870700
601127,641,65,95,28000
600183,667,68,422,107201
601211,888,65,191,218762
603259,895,68,229,96300
601328,838,65,160,760900
601600,679,65,248,377700
601668,834,65,71,352200
603993,636,68,140,180200
601628,862,68,32,13200
601728,885,65,230,392200
600031,573,68,186,349200
600183,848,68,244,77400
600036,630,65,473,254800
601688,889,68,110,95300
601166,826,65,107,174900
688008,599,65,1656,739194
601288,593,65,924,4298100
600031,785,68,64,103300
688981,667,65,258,186897
601857,856,68,56,175600
603019,646,68,552,122700
603259,587,68,288,104452
601601,585,68,111,191700
603986,641,68,168,34400
600519,623,68,66,7400
600887,672,65,127,133600
688256,628,68,278,68651
601628,671,68,123,124200
601919,875,68,45,36800
601919,828,65,250,277900
601211,888,68,64,110300
600309,654,65,433,192400
600089,570,68,354,590400
603259,595,68,474,247300
688041,602,65,1106,477686
600183,598,68,1745,454021
600028,781,68,129,644600
601988,788,68,137,554200
600809,872,68,26,11300
601658,874,68,45,660200
601166,890,68,118,194000
688012,817,68,221,79691
601318,638,65,326,215500
600406,846,68,111,91400
601398,815,65,609,2183800
600030,830,65,208,298300
688041,681,68,504,198381
600030,600,68,152,141500
600050,853,68,22,125800
600900,590,68,191,590100
688008,810,65,515,223858
601919,791,65,419,297180
601688,799,68,42,105600
601288,637,68,154,861900
688981,880,65,321,243098
601919,632,68,45,35000
601328,800,68,36,92600
601658,890,68,159,715500
600276,590,68,253,233600
601166,843,68,31,120000
601211,894,68,106,185700
688111,598,68,223,103426
601988,894,65,179,917900
601728,642,68,17,47000
688256,570,68,354,113149
600887,815,65,185,160000
688012,669,68,281,103961
601288,623,68,210,1544100
601988,590,68,185,1364100
600028,792,68,73,472700
601601,583,68,109,98400
601211,878,68,52,93500
601601,890,68,116,90000
601888,616,65,771,292000
688111,630,65,169,77034
600760,803,65,49,55500
601318,603,65,452,481800
603259,689,68,132,36800
688981,853,68,219,156299
601211,881,65,187,161100
600760,636,68,20,16000
600930,643,68,32,817600
603993,823,68,52,86500
603019,884,65,201,82100
600150,835,68,61,57734
601728,825,68,47,123000
603993,654,68,104,153600
601398,802,65,547,2610300
601899,816,68,108,177300
601127,786,68,35,26600
601919,627,68,38,26400
600760,827,68,10,6500
688111,688,65,180,81122
600030,867,65,412,583200
600887,604,65,790,999500
600030,666,65,76,102680
600276,873,65,198,134900
601600,638,68,54,518500
600031,581,68,92,193000
601857,678,65,75,173500
601857,793,68,30,515100
601127,823,65,116,41000
601127,642,65,123,39700
601318,841,68,97,60331
601398,781,68,90,602800
601628,615,65,115,104400
600406,881,68,69,93500
601288,599,65,510,3086500
601398,605,68,150,1574500
601888,572,65,392,225500
600031,590,65,491,1064064
601919,676,65,134,173400
600276,663,65,516,350700
688981,638,65,265,194326
600031,570,68,777,2927724
688981,856,68,196,163882
600050,604,68,56,211900
600406,610,65,360,476317
601857,614,68,99,261600
600760,861,65,51,21700
688008,782,68,403,172346
600183,850,68,221,98804
600309,598,68,95,66500
600150,603,65,611,493434
601288,642,65,920,5020700
600183,620,65,2211,728100
601318,648,65,296,140800
603993,664,68,80,218100
600406,641,65,127,162800
600930,688,68,81,302400
601600,581,68,192,1200300
600150,590,68,185,327116
601988,607,68,294,4184000
600028,860,68,62,311700
603019,892,68,81,45700
603986,878,65,719,128330
601288,867,68,157,862800
600519,883,68,60,8300
603019,806,68,67,33100
600887,627,65,304,347300
601288,785,68,190,2337000
601166,615,65,153,1572600
688111,630,68,113,51982
600887,574,68,62,66800
600900,604,68,94,165800
601328,642,65,354,1293800
601127,688,65,192,53000
601668,649,65,91,259200
601728,602,68,31,118500
600276,834,65,127,93600
688981,593,65,1073,596983
600887,677,65,118,123500
603259,788,65,439,144100
601600,836,65,283,810800
601166,842,65,199,233600
601318,665,68,83,97400
601919,613,68,24,34000
601012,682,65,2090,882600
601088,883,65,198,80100
688111,640,65,101,48501
601888,819,68,41,32200
600030,875,65,266,257000
601601,792,65,291,132500
688111,586,65,558,244958
601012,594,65,378,821500
600089,664,68,19,58100
600028,879,68,95,559400
600900,851,65,506,582700
603501,669,68,65,20700
600036,685,68,54,38900
600150,578,65,2340,2287674
600760,861,68,22,12000
688041,608,68,458,191448
601328,786,65,77,381000
600050,821,65,70,362200
600809,616,65,237,132200
601318,580,68,149,147900
601328,616,68,80,372600
601398,644,68,121,769700
601088,676,65,104,39800
600930,580,68,108,673200
601127,594,68,238,201700
603993,795,68,122,303900
600900,796,65,608,1960500
603501,798,68,41,15000
601600,656,65,282,671800
601211,801,68,75,163700
688012,801,65,239,83635
600150,811,68,125,192200
601398,833,65,148,1894100
603259,630,65,459,164620
601088,636,65,165,68200
600809,799,68,21,3800
603501,575,65,620,246000
603501,647,68,29,6600
601328,580,65,456,3207000
601088,588,68,72,46800
600183,595,68,808,251900
601600,809,65,293,444500
600183,650,68,231,57900
603986,834,68,177,31700
600309,649,68,268,298100
603993,862,68,130,209000
688041,876,68,231,85328
601988,879,68,267,1391200
601288,888,65,303,2115664
688012,891,68,527,175146
600050,577,68,80,1885800
601899,873,68,358,331100
688008,617,68,641,276925
688041,661,68,408,147072
688981,791,68,222,176642
601166,640,68,28,130700
601211,868,68,27,33700
603993,585,68,323,922500
601088,661,65,132,47600
688012,667,68,160,61910
601398,589,65,1239,3591600
600809,678,65,43,12700
600406,645,65,118,104500
600887,640,65,284,270600
688041,636,68,344,133845
601899,656,68,90,90400
600050,873,65,72,366600
601628,571,65,421,461700
688256,603,65,491,110891
688111,815,65,73,51279
688041,581,68,474,216837
688008,648,65,575,245584
600030,608,68,98,146700
601398,651,68,77,855900
601888,663,68,39,45800
601688,638,65,121,135900
601127,787,65,88,59600
600406,814,68,49,49200
601888,833,68,32,39600
600028,845,68,90,288700
603501,872,68,31,26600
600030,792,68,70,503600
603993,879,65,339,549200
600183,889,68,414,244255
601728,891,68,176,665600
600519,594,65,248,32800
603993,588,68,353,1770490
601166,668,65,60,57900
603501,870,65,114,45150
600309,806,65,146,80600
601288,880,65,359,2743100
600809,589,65,226,67300
601288,600,68,193,1080000
603993,605,65,622,917600
601628,688,65,107,39600
600089,896,65,184,229800
601628,823,65,131,63900
601288,636,68,142,931600
600089,891,65,162,297500
603501,791,68,30,13800
601658,811,68,49,398000
601088,838,65,68,32200
600309,836,68,171,118100
601899,640,65,336,386200
601628,617,65,135,64700
601988,636,68,49,908200
601166,609,65,262,924400
688981,671,68,199,171188
688008,572,68,819,416715
601899,577,65,2123,2651444
603259,598,65,1216,326247
600809,606,65,494,154600
600183,798,65,428,207300
601888,871,65,82,80900
601888,671,68,20,14200
600031,804,65,197,259400
600036,883,65,251,189400
601988,597,68,133,1132300
601127,639,68,55,28000
600809,615,68,288,75300
601088,686,68,87,60000
601398,828,65,162,512500
600028,685,65,98,445700
601127,614,68,418,180600
600760,683,65,58,32700
601601,834,68,48,58300
601127,576,68,460,312343
600887,806,68,83,50100
601668,881,68,158,669300
601211,614,68,36,61300
600406,680,68,26,17500
600089,808,65,120,211751
601211,674,68,34,96000
688008,612,68,590,327252
601728,809,68,87,146500
688111,825,65,98,43814
601857,605,65,550,1181800
601328,780,68,137,671000
601899,847,68,189,146300
603986,884,65,621,128379
601328,640,68,38,56600
603986,849,65,376,72000
601398,668,68,78,190600
600887,807,65,182,122700
600760,689,68,41,43680
600760,792,65,28,10900
601211,829,68,181,268100
601888,580,68,91,90000
600150,784,65,558,821003
601328,877,68,77,436400
601318,570,65,3234,3694061
601600,588,68,152,944300
601857,612,65,302,673000
600887,612,65,381,340700
600900,610,68,144,196100
601988,622,65,518,2334901
603501,793,65,268,79300
600930,798,65,74,382800
601166,822,65,81,202800
603986,894,65,1243,240300
601988,799,65,579,1899100
688981,820,65,340,226435
603993,820,65,251,706100
601088,890,65,199,82300
600809,585,65,310,132600
601728,570,65,1763,6435700
600150,785,65,601,330092
601658,808,65,54,373300
601628,795,65,83,34800
688111,836,65,60,29558
600276,863,65,317,217420
600930,888,65,231,1035100
601318,571,68,658,413500
601668,583,65,282,4481100
601658,675,65,175,613900
601012,878,65,169,600300
603501,893,68,90,44500
601988,578,65,736,3137800
600276,872,68,93,68500
601211,575,65,1236,1122640
601127,686,65,142,132200
601288,894,68,410,1952100
603019,623,65,200,82500
601288,780,68,543,4128300
601288,585,65,779,4020000
601601,574,65,693,978200
603019,582,68,100,73300
601088,631,65,230,100100
600809,570,68,83,18300
601012,598,65,328,728981
600519,643,65,173,25500
601328,831,65,275,1686600
601899,845,65,470,601600
600111,639,65,136,188700
600276,849,65,434,274000
600760,682,65,27,36300
688981,855,65,278,214348
601988,632,68,61,671900
601328,645,68,117,128100
601088,574,68,164,88300
688012,689,65,344,111620
688041,589,65,1162,490511
601888,654,68,17,9200
601211,689,65,105,99500
688256,788,65,340,83431
600930,818,68,38,186600
601398,847,65,337,1247000
688041,849,65,286,91825
600028,856,65,652,1528715
601600,576,68,349,1247565
601668,601,65,731,7366600
600930,806,65,90,417700
601899,592,65,840,978800
600036,793,68,71,65600
601688,811,65,120,147100
601888,868,68,37,35400
688111,647,65,79,36382
600028,878,65,143,746700
600519,589,68,161,21259
601728,798,68,21,111100
600028,884,65,238,924100
601166,887,65,131,210400
688041,888,68,323,135774
601668,578,65,234,2788400
600031,892,68,223,282300
603259,677,65,443,129700
600036,620,68,53,63000
601857,864,65,129,299100
603019,798,68,65,34600
600089,584,68,102,425800
688111,589,68,192,99312
603259,686,68,75,25800
603019,656,65,336,103800
601688,840,65,186,312100
601988,866,68,90,1071300
600089,885,68,95,108060
600028,817,65,127,414600
601919,570,65,2119,8808150
601211,622,68,22,180200
688012,835,68,283,104019
601888,580,65,472,450600
601166,793,68,20,38800
601688,889,65,225,295900
600809,684,68,14,4000
600809,586,68,129,31400
600809,887,68,38,14200
600031,858,65,462,515600
600030,834,65,195,207295
603993,674,68,81,180700
600183,655,65,932,365800
688041,650,68,359,150918
601988,807,68,40,146300
600276,817,68,58,28500
601166,646,65,108,101700
601166,845,68,31,34800
600031,631,68,133,155600
601012,628,65,159,233400
600050,670,65,69,324500
600150,575,68,483,702855
600028,639,65,274,1346100
601668,809,65,158,848500
601988,847,68,424,1198200
601919,851,68,89,3208700
601658,866,68,179,574400
688981,644,68,202,154765
600309,874,68,86,57000
600030,592,65,314,560800
601318,790,68,72,68600
600406,588,68,170,149000
600900,650,65,858,743500
600887,882,68,103,130200
601688,613,65,169,132000
603986,595,68,1149,199400
688041,850,68,319,105003
601600,604,65,534,1322800
603986,668,68,442,56300
601318,874,68,138,63200
603993,841,65,232,382800
600309,883,68,121,49800
688008,585,68,1518,837606
600900,646,68,115,173000
600887,856,65,163,102500
600050,804,68,27,73900
600519,676,65,82,11700
600028,833,68,56,469400
600028,787,68,69,399900
601857,831,68,141,307700
601668,661,65,178,1111300
600050,591,65,172,1017300
601166,884,68,86,145800
601288,640,65,514,3273300
600930,618,65,73,264400
600089,588,68,353,689774
600111,821,65,191,120200
600760,576,68,63,35600
688012,595,68,373,130914
601857,651,68,34,47700
600760,655,68,11,7500
601288,781,68,70,1337900
601398,824,65,257,576800
600030,876,65,266,149200
688008,838,68,242,150476
688111,655,68,83,37792
600887,682,65,90,70150
601857,635,65,128,167200
601600,634,65,321,718500
600089,666,65,104,112000
600089,689,65,102,62800
600031,603,65,489,593400
601857,589,68,67,239000
600030,673,65,72,70100
601668,864,65,136,835600
601600,884,68,133,496700
601211,604,68,46,79300
600760,600,65,124,67500
601658,686,65,42,533400
601728,682,68,19,53900
600519,657,65,124,14100
601658,786,68,33,246700
601211,660,65,229,332996
600900,851,68,146,223900
600089,786,65,76,107902
601919,792,65,284,266300
600028,884,68,161,704300
603986,675,68,211,43200
601628,864,68,40,25600
601211,866,65,132,334000
601728,619,65,145,204300
600150,621,68,167,225200
601600,681,65,413,909010
600030,650,65,212,673400
601318,872,65,419,189600
600809,657,65,127,37700
600089,660,65,196,196700
601899,815,65,372,545000
601899,597,65,1583,1563000
600809,579,68,102,28200
601211,659,65,68,61800
601288,607,68,362,4129642
600519,689,68,51,17800
603986,820,65,1594,245400
600031,867,65,306,375500
600309,812,65,170,67400
601600,630,68,100,204500
600760,583,68,42,23900
600036,586,65,643,674300
603993,611,65,606,1005200
601328,582,68,205,1875900
688111,820,65,91,45901
601919,655,65,195,256200
600309,865,68,202,89888
601668,801,65,153,1420420
601601,896,68,212,134500
600028,601,68,391,4052481
601988,689,65,276,910300
601328,875,65,150,412500
603019,826,68,59,19700
601919,807,68,41,91700
688111,590,68,228,105665
601166,573,68,91,323100
600760,623,68,57,38096
600111,784,68,29,34600
601688,642,68,26,65000
601988,871,68,110,385500
688111,864,68,80,36241
601211,670,68,39,127799
600930,578,68,177,1834500
601857,669,65,78,97100
601658,841,65,86,1465264
601688,845,68,89,91900
603986,606,68,747,108607
603019,628,65,136,66300
600809,864,68,38,14600
600519,652,65,155,20600
600028,674,68,36,162200
600760,867,68,19,7200
600760,844,65,97,83460
601127,793,68,117,38300
600276,869,65,222,190700
688008,587,68,1540,684412
688256,592,68,378,81655
601668,591,65,516,7813500
688012,588,65,879,333303
601398,804,65,232,626600
603019,831,68,66,24700
603019,849,65,124,48400
603993,861,65,163,303300
601166,871,68,90,91000
601166,805,65,116,281200
688041,792,68,277,102388
601688,846,68,42,90700
601088,662,68,97,53900
600760,622,65,219,97196
601899,637,68,195,474600
688008,619,65,1061,416703
603259,824,68,96,141100
600309,822,65,126,41600
601919,607,65,248,156100
601919,829,65,119,119100
601398,625,68,77,993100
600309,574,68,164,98094
601988,679,68,36,178400
600031,582,65,542,590500
600887,684,65,202,149800
601318,856,68,153,124800
601628,643,65,86,78900
601919,814,65,172,146000
601012,617,68,74,358700
688041,846,68,177,55464
603019,781,65,698,218400
601668,822,68,40,285000
601012,684,68,29,49100
603019,856,68,33,15200
601919,575,65,1555,1021399
600111,798,68,33,29083
601628,659,65,128,56900
603501,611,65,161,70400
603993,851,68,94,168800
601857,683,68,165,338000
600519,687,65,94,10900
601857,857,65,110,153500
601318,878,65,326,161300
600519,646,68,84,11000
600519,641,65,172,23300
688041,894,65,490,197136
600406,804,65,121,185943
601988,636,65,588,1475980
601601,590,65,606,446600
600276,685,65,135,108600
601127,597,68,347,174600
688012,894,68,264,96229
600036,575,65,1353,731200
688111,891,68,168,71754
601919,663,68,84,90200
688041,675,68,388,138607
603993,660,65,297,336600
603259,633,68,201,50400
600111,828,65,96,61800
600406,851,68,46,78600
600036,832,65,411,190300
600930,599,68,110,298600
600183,603,68,1492,390425
600760,626,65,122,37800
600276,679,68,81,169600
603501,689,65,80,26100
600028,594,65,347,1356100
688008,864,68,240,109893
600406,865,68,37,54600
600089,635,65,131,183700
600089,636,65,151,269000
603259,873,68,105,39200
601318,643,65,209,116221
600760,664,68,11,18500
601658,806,65,67,431100
601888,683,65,51,36600
601658,602,68,44,154300
600887,678,65,104,110000
601728,818,65,174,338400
600760,876,68,36,36400
601166,834,65,78,80200
600760,677,68,39,53800
601988,629,65,489,3658600
601600,835,68,98,251600
600809,856,68,255,36700
600930,587,65,543,1868155
601318,657,68,33,31600
601628,852,65,117,68500
600276,647,68,68,61900
688041,889,68,351,137518
600050,586,68,38,208700
601600,683,65,218,410600
600150,688,68,55,49600
688981,784,68,129,103640
603993,793,68,194,554890
601857,575,68,136,679000
600183,803,65,412,141500
601658,583,65,219,1340400
688041,863,65,406,153331
603019,870,65,109,52000
600900,894,65,368,523700
601127,585,65,948,445500
601088,585,65,408,196600
601658,805,68,61,186500
601688,623,68,79,121500
603259,800,65,234,79500
601166,857,65,151,288900
601899,675,65,486,458039
688981,831,65,289,179148
600519,839,65,66,13300
600406,687,65,39,52200
603993,665,65,372,546000
601012,867,68,66,140800
601899,840,65,703,660400
601857,876,68,37,190700
601688,789,65,108,180400
600760,800,68,19,9400
600930,870,68,75,239700
600150,872,68,159,145573
601127,873,65,181,113600
601688,880,68,174,275500
600030,628,65,189,380575
601857,662,65,144,149300
600030,576,65,775,1311400
601012,854,65,103,163100
688256,858,68,219,53171
600036,638,65,192,121400
601288,665,68,238,1701600
601127,804,65,154,68800
603259,812,65,294,75000
601601,791,68,66,52400
601668,572,68,122,1047600
601628,657,65,101,33000
600111,839,65,106,57600
601288,872,68,153,983700
601318,629,65,389,291300
601888,856,68,39,16600
600900,587,65,1051,1033800
601919,587,68,115,200300
601728,576,68,247,700700
600887,686,65,118,103900
600150,689,65,165,182100
601288,821,68,127,1085500
603019,859,68,41,15300
688041,803,68,294,109481
688008,816,65,390,170428
600031,869,65,272,365500
603986,874,68,333,49400
600150,886,65,752,490413
600050,597,65,130,654600
601688,682,65,46,97600
601728,894,68,165,362000
601919,600,68,85,125600
601728,620,68,54,89000
600809,654,65,62,21400
600887,633,68,91,189600
600183,647,68,184,67700
601328,659,65,76,195800
688012,683,65,289,110233
601668,647,65,75,1047700
600760,683,68,29,10800
601628,827,68,32,18900
603501,839,68,68,48900
601668,787,65,186,856600
601668,832,68,30,218400
600089,811,65,124,244300
601127,893,68,100,52900
600309,585,68,228,93700
601988,829,68,57,581400
600030,619,68,56,46500
601888,571,65,447,271800
601888,660,68,343,82000
600760,645,65,60,32800
601899,687,65,595,849000
688256,602,68,312,73910
600150,596,65,586,597771
600900,666,65,219,294500
603993,855,68,69,153500
601211,841,68,36,86900
600887,587,65,404,545400
601919,874,68,139,326900
601166,787,65,220,447100
601601,670,65,154,55300
601628,877,68,34,39100
601318,677,68,69,67100
603259,621,68,526,122300
600031,871,65,338,474400
688012,637,65,429,157387
601857,789,68,73,342800
601899,648,68,118,182300
601088,877,68,28,21500
688981,620,65,443,274627
601899,589,68,495,679400
601857,680,68,26,115500
601899,839,68,224,298000
601668,794,68,151,676700
601728,795,68,35,79000
601668,577,68,62,955200
603259,659,68,172,71100
688981,883,68,201,155486
600930,618,68,51,398800
600031,627,68,32,37400
603501,629,65,98,31900
603986,580,68,537,164057
601988,588,65,969,4023400
603993,808,68,95,198400
600036,821,65,324,160000
601728,824,65,96,187600
688012,589,68,422,140095
600183,890,65,925,357700
600887,881,65,195,191200
601728,578,68,439,2114600
600183,893,65,894,279295
600183,858,65,461,179465
603501,616,68,119,42000
600406,847,68,69,62200
603993,880,68,182,357100
600900,626,65,677,417100
600030,630,68,67,94500
600760,680,68,44,29100
603986,817,68,241,40500
601600,812,65,273,440800
601857,631,65,147,332900
601857,865,68,39,67500
688981,607,68,265,197671
601127,677,68,29,13702
601988,847,65,859,2150900
601728,892,65,117,379100
600760,574,68,60,37600
601668,589,68,314,5074800
601988,594,68,164,626500
600030,621,65,133,84300
600519,632,65,253,39000
600031,597,68,71,201700
601601,649,68,46,23100
601600,583,65,795,2810800
600089,598,68,154,118398
601628,812,65,215,126300
688256,849,68,225,57800
600111,796,68,32,23100
601857,852,65,306,1277166
601668,825,68,136,1454720
603986,857,68,147,27800
601601,881,65,226,113400
688008,891,68,318,143562
601988,622,68,215,1218001
601127,610,65,409,289800
688111,676,65,137,64380
688981,594,68,1354,834107
600930,635,65,128,408500
600031,590,68,149,394520
600887,826,65,103,63400
600089,596,65,324,382079
600930,658,68,33,164800
600031,862,65,546,461400
688012,883,65,419,144383
600036,629,68,92,38000
600900,629,65,263,361300
601899,793,65,344,505121
601888,687,65,24,13900
600760,630,65,74,50700
600519,829,65,101,13100
600276,620,68,175,182300
600519,667,65,85,12700
600900,846,68,82,133079
601857,816,65,138,184500
688041,669,68,344,127927
601211,579,68,221,289042
600760,631,65,95,61100
603986,812,65,435,85900
688041,841,68,293,103084
688041,673,68,363,144500
601899,847,65,687,370300
600031,864,68,121,393300
600089,656,65,107,308900
600111,659,65,80,182900
600809,677,68,11,3500
601988,679,65,169,255200
600150,865,65,737,650736
601088,577,65,300,179600
600309,826,65,115,46600
601628,682,68,59,37000
603986,574,68,1001,255140
688012,800,65,284,97361
601211,867,68,33,47366
688012,882,65,364,135851
688008,573,65,2488,1259669
601888,610,68,119,125100
601318,871,68,149,96808
601899,895,65,697,784400
600406,663,65,71,133700
601600,804,68,93,394100
603986,661,65,295,57500
601668,895,68,511,2082900
601127,682,65,161,173400
600930,825,65,102,347800
600276,644,65,284,271300
688008,820,65,629,277895
603993,631,65,356,404800
600030,865,68,56,96500
603019,645,68,237,61028
688256,618,68,300,68731
600519,808,65,115,18500
600031,617,65,349,529600
601600,678,68,59,130500
601600,840,68,68,175789
601919,651,65,168,144630
600050,601,65,146,794500
601012,683,65,144,168600
688008,611,65,1284,551813
601728,623,65,77,146600
601211,780,68,113,315665
603986,804,68,137,58496
600030,587,65,597,775349
601899,856,68,527,504300
688008,620,65,972,435530
600150,808,65,428,323000
688012,685,65,283,105056
600150,637,68,94,74869
603501,664,68,47,15900
601211,687,65,87,168700
603259,833,65,265,69000
601127,891,68,107,69500
600183,810,65,635,174700
601728,850,65,154,319900
601857,649,68,40,202100
601318,590,68,191,189900
601318,788,68,64,76400
688256,595,65,596,148696
600150,846,68,217,191895
601899,863,68,212,201600
600111,883,68,81,111400
600519,804,65,55,16700
600089,622,65,340,316730
601857,870,65,488,688000
601211,887,68,104,202000
601688,813,65,75,151800
688041,830,65,490,196798
601088,795,68,30,17300
601088,573,68,139,74700
601601,870,65,382,226000
601288,801,65,257,867200
600036,808,68,52,47400
601288,792,65,564,2479200
600030,842,65,206,215375
600887,884,65,247,188800
603259,653,65,207,56500
603993,574,68,363,726400
601668,590,68,120,3964000
600309,861,68,648,393454
601988,823,68,149,1040800
600406,859,65,117,110800
600930,573,65,766,6445500
601919,638,68,35,89300
600887,650,68,145,67100
600030,603,68,72,113000
600028,582,65,796,4058300
600111,860,65,105,69900
601601,631,65,209,130600
600900,880,65,261,312600
600887,888,65,180,156000
603019,603,68,75,45700
601919,842,68,28,47200
601668,846,68,56,688300
601288,855,68,150,1148700
600809,875,68,34,6200
688111,641,68,144,65292
601857,613,68,78,301000
600900,614,65,524,627410
601012,806,68,42,45500
603986,650,65,754,309000
601728,683,68,17,30200
603019,861,65,134,41500
601628,851,65,126,81900
601398,570,65,4038,23584000
601318,859,65,259,128500
688012,872,68,178,71290
600031,635,65,311,289700
600760,640,68,10,30700
600887,655,65,171,110606
688256,867,68,130,29810
601988,581,68,191,1536000
600036,689,65,156,89900
600111,786,68,33,37700
601600,823,68,82,313100
601088,878,65,141,78500
601728,883,65,156,1257892
601288,608,65,1675,8913342
600050,664,68,28,398500
600519,894,65,127,27900
600900,655,68,352,448200
601288,647,65,765,3599700
601988,680,68,49,214600
600089,815,65,98,132200
601088,669,65,90,73700
600809,574,68,116,85000
688981,621,68,312,226739
688256,809,68,290,71895
601919,584,65,442,455100
600050,657,68,23,86500
688981,681,68,183,150862
601919,810,65,696,717000
600028,593,65,386,1548100
601328,584,65,549,2457900
688008,647,68,311,140604
601888,606,68,87,44400
600150,632,68,439,91100
603501,683,68,30,23400
603986,653,68,565,102600
601166,781,68,86,109500
601127,805,68,43,45200
601288,632,68,406,3861100
603993,626,68,133,312400
600031,821,68,29,40300
600309,825,68,42,19800
600887,824,65,195,185800
600028,836,65,181,346500
600809,617,68,92,37580
600036,847,68,45,58400
603259,640,65,373,144855
600030,668,68,20,13300
600030,675,65,139,282600
688111,870,65,105,40758
600150,853,65,506,358400
600930,895,68,728,1607300
601857,636,68,78,292100
600760,666,65,53,63800
688008,582,65,1687,803234
601628,574,65,386,540100
688256,689,68,217,52527
601398,868,65,215,845100
603993,571,65,3316,6386290
603501,781,68,127,78500
601919,797,68,29,26600
688041,827,68,362,146649
688012,842,65,401,163878
601888,656,65,51,80800
601012,796,68,73,299100
603986,882,65,738,168200
601919,587,65,503,667700
601899,685,68,142,308100
600028,840,65,233,558300
601088,865,65,183,61600
603986,896,65,1058,279144
601600,863,65,662,1843800
688041,676,68,403,141446
601888,588,68,105,107300
603019,655,65,325,65000
601012,795,68,92,205400
601328,584,68,157,1155800
688981,811,65,244,157465
600276,848,65,361,423400
688041,838,65,227,85009
601600,791,68,136,196900
603259,792,65,201,64500
688012,836,68,247,96811
601658,588,65,640,3790600
601899,617,68,370,603400
600030,814,65,245,255300
601628,600,68,51,45800
688012,816,65,315,115280
603986,667,68,335,56685
600111,833,65,128,97900
603993,572,68,559,1175800
601088,605,68,122,53500
688008,856,68,275,122475
600028,632,68,51,307700
601688,883,68,92,155800
603993,642,65,298,573900
601601,809,65,202,150992
600930,663,68,118,740900
601127,623,68,108,44200
603993,896,68,505,770700
600900,804,68,264,597400
688981,601,65,1002,496850
601688,626,65,221,424540
600930,860,65,320,923900
600309,583,65,937,601600
601857,575,65,950,1724300
601658,883,68,70,309400
601328,840,68,42,326400
688012,846,65,174,62437
601127,809,68,43,29200
688012,659,65,161,69074
601318,851,68,132,84100
601088,606,68,80,60900
600519,792,65,94,13300
601857,618,68,61,128000
601318,607,65,351,583500
600406,596,68,85,67000
603501,821,65,142,45200
601600,673,65,238,325000
600760,618,65,50,39200
601658,853,68,77,263700
601628,574,68,93,114600
601398,823,68,80,329200
603259,823,68,112,40000
603501,860,68,36,9200
601857,588,68,68,530800
600887,603,68,310,387800
600900,795,65,331,440100
600028,799,68,80,608600
601166,864,65,78,231700
600887,617,65,387,382100
600031,600,68,53,87000
603501,828,65,129,51700
688981,792,65,273,221431
601628,833,65,47,19400
600089,608,65,283,537800
601288,846,65,292,979000
601888,862,68,26,15800
600809,885,65,92,21800
600276,639,68,71,79900
688111,786,68,88,40971
600809,651,68,33,6800
600406,592,65,455,567200
600089,574,65,392,574700
600089,672,65,72,107400
600089,789,68,36,109042
688012,830,65,306,123119
601601,815,68,120,48192
600309,628,68,284,259300
688012,865,65,318,115715
601088,654,68,59,58700
601601,682,68,22,21200
603501,571,65,864,350800
601211,867,65,83,74100
600028,682,68,56,305000
688981,629,68,136,105560
601688,576,65,353,587900
600050,672,68,21,66600
601728,579,68,143,433000
601899,638,65,398,466500
601658,672,65,45,235200
600887,680,68,33,31200
601628,788,65,103,42400
603259,603,68,391,149400
601628,795,68,39,44400
603986,659,65,432,89300
600150,646,65,609,721279
601888,655,68,723,158300
601088,683,68,47,28700
601688,822,65,78,108800
688111,861,68,113,53553
600089,886,68,66,82500
601658,586,68,299,800700
601328,599,65,218,1073500
601899,598,65,1144,1204200
601398,823,65,173,724600
601600,834,65,221,522400
600111,630,68,93,43800
601688,814,68,27,71600
688008,639,68,322,136246
601658,594,65,210,802100
600183,883,68,374,143100
601899,671,68,104,86900
601328,688,68,30,92900
601688,587,68,125,225100
601988,802,68,139,890300
600031,802,65,177,171400
600519,868,68,31,3700
600036,650,68,179,38300
601919,784,65,152,121100
688981,571,68,198,108653
600519,639,65,195,28400
600760,611,68,45,79200
601088,665,68,49,28800
603019,802,65,324,102908
601899,804,65,230,245700
601166,581,65,508,1279000
600150,679,68,50,36400
600183,835,68,274,62700
601728,572,68,67,347000
601668,831,68,41,393800
600036,848,68,36,47700
688008,803,68,215,93233
603259,868,68,97,21000
600406,868,68,84,71961
688012,870,68,366,132284
601658,785,65,84,358500
601601,892,65,289,155300
601857,621,65,274,679200
600276,627,65,594,386000
600900,632,68,63,47700
600276,659,65,421,266800
600031,786,68,78,201700
601328,896,68,392,3701730
688012,841,65,245,90064
600276,605,65,500,441200
601328,827,65,103,485700
601668,829,68,58,387600
600183,643,68,290,90900
600887,592,65,879,1620600
600760,842,68,40,43300
601668,852,68,63,828600
688041,804,65,436,201309
600809,670,68,31,10500
601668,668,68,59,195400
688008,588,68,885,425261
600900,571,68,267,414900
600900,606,65,532,463300
600150,653,65,485,426033
601166,673,65,75,137400
600111,803,68,53,54500
601088,813,68,71,33500
601600,838,65,357,1044900
601988,839,68,236,1155700
600028,677,68,54,439400
603019,827,65,133,58700
600050,861,65,87,346000
600030,626,68,104,166715
601600,874,68,96,115400
600930,580,65,350,2343700
601888,582,65,496,366001
601012,882,65,213,332600
601688,627,65,123,185500
600111,790,65,104,90300
600930,646,68,44,284100
603259,609,65,1993,769980
600809,838,65,64,20200
601088,597,65,199,79000
600900,649,65,264,219200
688256,588,68,489,119046
600150,590,65,703,600579
600900,639,68,51,84400
601628,877,65,104,57200
601668,598,68,156,4582800
600183,869,68,320,111900
601988,855,68,52,203200
601857,646,65,140,618900
688256,685,68,103,23167
600050,822,68,25,200600
688256,598,68,293,76654
600276,604,68,174,225000
601988,891,65,365,2224101
601600,624,68,97,374500
600406,663,68,22,22900
601601,860,68,38,9900
600036,642,68,35,32000
601888,678,65,32,21100
601600,687,65,139,250900
600030,809,68,95,102750
600406,833,65,131,181070
601919,648,65,331,382600
601012,630,65,185,392100
601318,674,68,89,41100
603986,795,68,183,35300
601899,612,68,597,359129
601012,682,68,1883,705900
600519,892,68,72,12930
601318,838,65,216,205700
600111,845,68,45,33500
601688,840,68,72,123500
600887,887,68,71,54300
603986,876,68,179,52700
600809,864,65,79,21240
601328,816,68,14,41000
603986,574,65,3518,775520
688981,866,65,280,209965
601888,673,68,18,8100
600050,829,68,48,291200
603501,637,65,92,26900
600030,640,65,117,143900
601166,590,65,428,1342800
600519,842,68,22,3200
601088,791,65,97,38900
601328,884,65,254,906000
601857,642,65,569,1785901
601600,632,68,65,117300
688256,650,68,300,71590
600887,689,65,129,147100
600183,889,65,835,246279
601288,836,68,112,890600
601127,632,68,222,66800
601318,614,65,319,389887
601318,805,68,77,74900
601668,628,65,427,7497700
601888,641,65,151,130300
688041,830,68,338,142178
601888,870,65,86,50100
600406,791,68,21,15400
601988,788,65,785,946100
600887,891,65,209,390600
600183,637,68,465,151600
688041,807,68,314,104381
600276,682,65,127,100000
600930,797,68,41,341300
600519,576,65,444,58440
688256,803,65,317,91407
601398,873,65,168,638600
600050,845,65,205,1867600
601398,866,68,132,587900
601899,880,68,722,854300
601728,645,68,26,49000
601127,894,68,107,77842
601899,665,68,205,236700
600183,603,65,2464,753875
601919,780,65,1009,945130
600309,610,68,216,160600
600406,786,68,18,36000
601012,831,68,186,635112
600031,851,68,144,155000
601211,857,65,196,257700
601658,869,65,278,1322400
603993,892,68,311,401800
600887,613,65,411,432800
601166,866,65,91,162800
600519,797,65,100,51500
601088,584,68,74,42500
688111,835,65,69,31102
600276,808,65,304,398300
600930,637,65,124,498000
601166,666,68,38,171400
600150,848,68,62,81000
600519,836,68,99,10600
601398,681,65,295,1493500
688256,852,65,302,78207
600150,823,68,81,89900
600050,856,65,95,594700
601288,596,65,761,4524000
600809,820,68,50,16700
688008,826,65,514,232646
603993,835,65,168,477100
600809,863,68,25,9800
600309,591,65,572,301127
688111,876,68,47,18088
601919,573,68,130,245500
601328,657,68,40,700700
601668,632,65,150,737100
688008,883,65,491,221444
603501,652,65,98,43900
601328,858,68,139,1968500
688008,861,65,335,151809
600276,646,68,76,104100
601888,835,65,37,34700
600276,830,65,117,93300
600809,866,68,28,4500
601088,650,65,187,84200
600050,616,65,92,663800
601658,639,65,92,355600
601211,849,65,339,1318916
601127,889,65,142,115900
600887,658,68,103,97706
600276,651,68,62,58800
600406,616,65,400,431900
600089,633,68,23,124900
600028,665,65,181,609000
600887,596,68,128,187100
603259,612,65,1029,384675
688008,598,68,539,270771
600406,619,65,256,266600
600050,629,68,74,253300
601318,673,65,212,115466
600276,677,65,354,282800
601658,780,68,223,1368500
688041,781,65,501,191200
601668,801,68,73,1043120
601318,689,68,77,52300
688111,811,68,94,44366
601211,673,68,25,82700
601988,839,65,335,1563700
603501,575,68,136,71219
600089,865,68,50,53400
601012,641,68,67,213920
600183,886,68,355,95400
601658,784,68,28,57800
688256,891,65,356,91955
601288,609,68,258,2167300
601318,814,68,97,65100
600050,636,68,53,575300
600111,577,65,784,651200
688256,584,65,424,102541
601688,821,68,21,30000
600519,835,68,84,9200
601318,883,68,123,122800
601919,610,65,363,360750
601166,638,68,127,161700
600809,870,68,30,9100
600930,576,68,85,483500
601668,586,65,442,5912200
688256,605,65,569,160934
600183,613,68,642,279500
600183,792,68,268,77914
601988,853,68,65,441400
601288,677,65,340,1279200
601899,796,65,318,369100
600930,675,65,146,938300
601318,809,65,218,210100
688981,799,65,256,190238
688041,604,65,772,349460
600887,656,68,92,61100
600519,849,68,40,5800
603986,597,68,723,172386
600930,802,65,108,589800
600276,816,68,62,39600
601012,585,68,705,675236
600183,828,68,199,78000
600887,613,68,85,67400
688256,871,68,130,38480
601628,689,65,103,42300
600111,821,68,55,27300
601166,648,65,206,254300
600050,874,68,45,316500
601899,629,65,329,358300
601288,654,68,148,774600
600150,799,68,137,244735
601688,826,68,109,220500
601012,674,68,37,107900
601728,854,65,230,1424900
688981,583,65,783,715878
601988,820,65,181,743900
688256,842,68,242,57431
601012,848,68,45,80500
601211,823,65,130,130700
601166,645,68,46,151700
601601,667,65,113,80700
600111,853,68,50,22600
601728,798,65,61,265500
601012,582,65,1120,2812563
600930,639,65,79,579900
601328,669,68,45,346600
600519,805,68,29,3500
601127,821,68,38,18100
600760,576,65,159,160300
688012,613,65,359,131936
603986,596,65,1848,406200
601628,661,65,114,38550
600036,593,68,84,190300
600150,596,68,222,178760
600031,844,65,351,485300
600809,830,68,40,14900
600276,668,68,92,85300
600276,796,68,58,38800
603259,879,65,326,77000
601398,593,65,784,4475400
600900,633,68,223,242300
601628,672,65,126,99800
600276,595,68,389,307000
603019,598,68,69,34500
600809,580,65,335,100572
601211,631,65,171,246200
601728,638,68,27,112700
600031,572,68,127,172600
600406,790,68,19,23900
601318,839,68,82,79600
601658,824,68,132,159400
601728,864,65,113,191500
601688,637,68,75,124300
603993,620,68,153,297000
601088,644,65,120,41300
603993,621,68,162,367890
603986,615,65,2268,429500
601728,670,68,16,30100
601318,791,65,189,174300
600030,609,65,225,329600
600760,815,65,52,26100
600809,612,68,163,62600
601919,896,65,366,663690
601988,844,65,188,646000
603986,806,68,866,117500
688256,855,68,166,41605
601728,585,65,241,591200
601658,617,68,48,1508364
600276,608,65,839,563600
601328,636,65,232,645700
601658,687,65,107,347100
600111,780,65,725,757400
600900,845,68,115,119600
600900,793,65,231,346200
601658,876,68,81,140800
601088,649,65,194,96600
688111,891,65,194,87258
600930,841,68,53,281500
600406,654,65,168,188300
601988,660,68,70,823600
601127,661,68,57,26600
601012,793,68,100,210400
600030,800,65,235,291200
601888,816,68,33,17700
601728,601,68,49,261500
601398,814,68,63,277500
601919,819,68,46,75300
600519,679,65,147,17500
600183,573,68,941,500865
601668,581,68,40,833800
601328,608,65,314,1473600
600309,615,65,1204,858875
601658,622,68,62,406700
600036,785,65,337,236300
603986,791,68,208,34600
603993,794,68,147,306800
688256,806,65,289,75202
600031,616,68,148,358171
601328,810,65,403,1141300
600760,829,68,19,7300
600150,681,65,295,168900
601398,820,68,235,930300
601166,627,68,216,282500
688041,816,65,570,314543
600930,845,68,712,3563800
601688,892,65,97,168800
600519,689,65,124,20100
688981,612,68,591,318113
688008,817,68,235,127122
600111,783,65,102,57500
600150,805,65,368,259944
601688,794,68,69,137100
601658,802,68,190,2434500
601398,803,65,308,1389200
688256,647,68,288,65299
600309,832,65,280,121000
600276,830,68,58,46800
601318,626,68,83,81400
601888,860,68,26,14100
601899,821,68,103,222700
603501,615,65,115,60700
600887,809,65,157,109500
603259,622,68,234,112229
600030,822,68,34,40800
601127,836,65,135,76000
601127,800,65,169,113200
601857,862,65,124,202700
600150,614,68,132,170825
600183,671,65,666,201623
601857,674,65,79,172100
603259,804,68,86,36500
600150,854,65,365,278780
688111,661,68,104,46498
601088,785,65,131,78400
601688,867,65,73,91900
603986,648,68,383,75900
601658,625,65,90,483900
601628,893,68,95,123900
600028,882,65,228,557450
600111,880,68,63,38900
600150,674,68,73,75422
603501,641,68,45,12600
600031,648,65,296,492600
601288,831,68,240,2290100
600050,795,65,83,602600
601857,632,68,50,190700
603993,849,65,318,856800
601127,843,68,38,30902
601211,863,65,150,207324
600519,885,65,145,29100
601899,677,68,487,388800
601688,682,68,12,32500
600150,842,65,389,219129
601012,895,65,305,562000
601398,629,68,163,1270600
601211,612,68,78,194000
603019,844,68,47,12900
600406,803,65,125,130757
603986,660,68,128,32200
601658,661,68,35,441600
600809,685,68,17,2500
600089,786,68,21,48600
600030,809,65,260,209150
603019,609,68,364,177100
601728,593,68,29,146500
601318,852,65,330,148100
600030,626,65,301,239400
601728,622,68,40,63700
601668,586,68,102,1188900
600900,662,65,386,450900
601088,804,65,113,45500
688012,820,68,258,92779
601127,615,68,774,181100
601166,792,65,93,130700
601628,886,68,60,165600
601600,802,68,45,116500
601919,803,68,37,58300
600930,837,68,91,464200
601166,634,65,83,123700
601088,810,68,62,44000
603019,600,68,1089,270000
600809,667,65,51,11600
600930,672,68,40,386200
600111,611,65,210,189300
601211,685,65,118,196800
601600,809,68,126,178100
600089,824,68,35,62800
600900,684,65,171,377500
603259,664,68,119,45700
600276,889,65,250,163400
600309,797,65,152,87600
688008,688,68,216,102079
600276,672,65,237,259600
600760,632,65,95,42900
601628,807,68,40,26200
601988,838,68,141,852600
600028,590,65,929,4012500
601658,808,68,38,291200
601398,840,68,73,643800
688012,684,68,175,65930
600809,891,65,89,24600
601088,786,65,153,81700
688041,570,68,1017,477564
601688,624,65,163,183637
601328,649,68,28,73400
601088,819,65,114,56300
688256,871,65,190,52999
603501,847,68,36,9700
601988,596,65,470,2168300
601211,636,68,16,37700
603993,612,65,514,1185900
600809,646,65,108,30400
601658,665,68,42,263600
600150,666,65,259,221304
600089,794,65,231,240600
603993,663,68,90,101497
601328,627,68,47,313500
600900,685,65,296,368500
600519,649,68,85,9000
688012,880,65,337,116577
601600,595,65,697,1857300
601318,800,65,232,154900
601012,635,68,58,124200
603019,627,68,45,20700
601166,681,68,58,59700
601328,785,68,35,193300
601012,620,68,70,141700
600050,827,68,30,231500
601318,795,65,212,150500
601318,677,65,306,147500
601658,593,65,193,1386500
601398,838,68,102,1425800
601288,668,65,391,1048200
601398,786,68,91,1045900
601288,621,68,272,2205400
601628,677,65,191,62700
603259,782,68,112,30320
601857,641,68,44,118300
600930,830,68,83,266900
600309,835,68,175,100900
600276,626,68,141,133500
601166,797,68,35,46100
600111,653,65,127,83100
601628,595,68,75,29700
601688,813,68,19,56800
600809,818,68,24,8000
600930,839,65,119,495400
600309,855,68,187,130700
601668,574,65,302,2828540
601166,888,65,140,337500
601899,599,65,1106,841072
601728,863,65,104,257500
600887,611,68,101,111400
600031,782,65,123,151000
600887,825,65,186,123800
601658,823,65,214,758200
603986,808,65,324,78600
601668,640,68,96,1166900
688111,615,65,217,90113
601127,834,68,48,28400
600406,883,65,178,197700
600887,673,65,139,117200
601211,680,65,318,282460
601600,826,68,131,703500
600089,605,68,50,155600
601601,655,65,166,94000
601688,817,68,21,28400
600760,848,68,15,15600
600930,613,65,98,725800
688008,845,65,488,208453
600809,851,65,80,23000
601857,867,65,227,385400
601688,875,65,72,80400
601888,891,68,89,67931
600183,808,65,592,206400
600028,865,68,58,278800
601328,664,68,52,144700
601899,785,68,230,321800
601658,840,65,135,342400
600930,582,68,59,965100
688041,594,68,754,386285
603019,596,65,644,228400
688981,575,65,1625,877081
600036,804,65,320,292800
601888,647,68,41,27100
600809,825,68,24,12800
600036,856,65,307,230700
600900,585,65,766,951600
601919,640,68,50,68400
601919,823,65,139,166800
601088,605,65,270,118800
601088,868,65,136,47900
600406,636,68,35,109800
688981,795,68,112,79789
601288,871,65,210,1628400
600406,615,65,347,599800
600111,830,68,41,41200
601012,785,68,70,151700
601658,873,65,83,689500
601919,582,65,633,906000
601088,659,68,50,16500
600309,816,68,95,37100
601601,617,65,306,159300
601600,827,68,181,522800
601688,885,68,60,97000
601127,678,68,30,34000
601211,844,68,53,121200
600760,855,65,45,38100
601601,802,65,318,211400
600519,857,68,29,3400
600519,788,65,110,16200
600406,604,65,404,554800
688012,867,65,423,178418
688012,647,65,334,110433
603986,675,65,430,83700
600050,889,65,119,487800
601899,625,65,575,867000
600900,593,68,165,515200
603993,784,68,265,395600
600036,625,68,35,32200
601988,845,68,55,239400
601600,887,65,842,1618200
601628,588,65,224,130300
600183,607,68,637,218669
601668,868,68,357,972900
600900,810,68,103,185300
600050,594,65,127,864200
601888,794,68,30,23500
688012,618,68,455,165286
601728,856,65,253,786100
603501,617,65,230,111700
601601,847,68,69,28000
601328,627,65,130,959800
600760,590,65,181,97700
601857,859,68,161,333400
601668,815,65,156,1320200
600519,881,65,120,20500
688008,812,68,270,117322
601288,847,65,525,2352200
688041,826,68,345,134045
601398,878,68,150,1251895
601628,570,68,324,443600
601288,574,68,307,2556300
601398,590,65,1643,5760300
688012,594,68,543,195773
600150,685,68,72,110800
600089,820,68,32,63800
601328,815,68,44,209400
600050,842,68,338,4170100
600406,669,65,123,122300
601127,851,65,163,39800
688981,671,65,334,214400
600183,811,65,822,276014
601888,606,65,247,180500
600276,686,68,557,115800
688008,640,65,669,267867
600887,781,68,77,69200
600028,816,65,147,415200
600111,663,65,121,87900
600519,626,65,186,22200
688111,677,65,69,29280
601211,806,65,125,255300
600930,648,68,44,296800
600028,636,68,211,1826645
600089,670,68,28,253800
600309,828,65,139,86100
601919,665,68,46,44900
601628,684,68,47,21000
601988,650,68,82,137500
688041,638,65,502,221963
601012,784,65,223,467500
603986,790,68,587,75400
603019,678,65,211,90100
688981,584,68,753,307774
601398,845,65,197,441000
688981,840,68,183,164105
600930,847,65,282,1356300
601888,848,68,31,31600
600036,667,65,275,246500
600030,881,65,132,138900
601600,659,65,248,446100
601012,647,65,217,283200
601988,651,65,142,556700
600309,851,68,111,72200
601688,600,68,110,359700
601668,576,68,60,766600
600028,669,68,43,128100
600809,812,65,70,22000
600930,852,65,319,2132900
601919,831,68,50,34500
600809,868,65,54,14900
603019,616,65,869,203300
688256,833,68,97,23283
603019,595,65,495,255700
600089,629,68,47,70100
601668,858,65,118,446700
601688,879,65,100,168500
601318,798,68,56,40200
600519,616,68,106,17100
600519,575,68,114,22100
603501,869,68,60,30700
600031,860,68,92,198100
601919,885,68,75,136600
601668,885,65,285,1009400
601857,667,68,59,103600
600900,813,68,379,703200
688981,652,65,243,176708
688012,619,65,582,190509
601888,614,68,72,76100
600900,600,65,458,1082900
601012,841,65,120,341400
601601,616,68,61,65900
600089,793,68,26,59000
601127,638,65,116,120800
601398,844,65,175,827300
688111,846,68,57,27841
601658,812,65,127,528300
603259,628,65,377,170906
600150,600,65,709,737323
688256,838,65,203,52281
600050,649,65,72,336300
601668,869,65,133,493900
601688,876,68,34,49100
688981,657,65,363,308673
601728,816,68,30,37900
603501,596,68,44,18900
603986,839,68,400,56000
600930,817,68,24,118700
603259,614,65,2421,924253
600028,602,68,375,2357540
688111,788,65,59,26745
601658,603,68,64,552300
600930,831,65,115,349700
601166,617,65,81,201103
600276,618,68,178,132700
601728,671,65,224,568900
601088,793,68,36,21200
603019,866,65,150,71800
600887,857,68,41,15000
600809,649,65,61,22300
601288,640,68,164,897600
601328,594,65,211,890100
688111,622,65,234,96256
603019,679,68,25,43400
601728,607,68,67,286300
600050,602,65,418,6664400
600930,688,65,101,233700
600030,807,68,55,72300
601288,582,68,608,5517300
601888,820,68,37,13700
601600,833,68,158,300000
600036,841,68,52,116200
601899,837,65,632,778700
601166,841,65,144,123900
600050,637,68,24,166600
601328,640,65,169,277300
600089,852,68,45,39700
688008,864,65,358,154579
600028,579,68,244,1574000
601601,845,68,67,59700
601628,878,68,54,51100
603501,889,65,142,47900
601127,624,68,75,107900
600030,805,68,111,84500
600111,807,68,41,45900
600111,892,68,148,162700
600887,573,68,84,84400
600150,583,68,164,205271
601601,655,68,38,31900
600406,830,68,85,127100
688008,609,65,986,514239
603993,633,68,130,417700
601728,815,65,108,249200
601600,586,68,215,1257100
601601,803,65,302,190800
688008,887,68,289,144899
600050,877,68,60,362600
600406,670,65,124,155900
600030,807,65,241,163000
601658,794,68,16,30600
600309,658,68,129,64800
603993,809,65,606,388600
600111,636,68,48,28200
600030,652,68,34,90400
601628,660,68,22,11300
600111,660,68,60,65600
600150,800,65,533,381900
600036,810,65,395,227900
601628,591,68,65,48300
600036,626,65,245,96000
603993,657,68,86,142300
601601,786,65,205,83900
600028,800,68,109,946900
600028,823,68,43,102500
601668,872,65,175,1282500
688008,620,68,736,299107
601668,780,68,190,3646500
601600,806,65,369,803700
600900,881,68,192,315600
603259,888,65,455,152220
601318,892,65,383,243900
601728,584,65,225,841200
600030,617,65,327,261600
601888,787,65,83,93400
601328,832,68,84,566000
601318,885,65,340,255300
601688,888,65,137,156100
601919,659,65,118,172200
603259,802,68,114,33400
601988,647,68,214,527700
601888,846,65,72,61200
601318,608,68,228,457834
601668,625,65,216,1961400
601127,781,65,114,76100
601728,581,68,65,367900
600036,578,68,139,202200
688041,581,65,1000,478400
601658,589,65,468,1530800
601888,620,65,167,134100
601888,874,65,59,28900
601601,863,65,252,114300
600050,886,68,80,903300
600111,894,65,361,214300
601728,857,68,34,69500
601601,634,65,167,78400
600030,892,68,134,251775
600031,793,65,324,551500
601668,573,65,381,3881200
688981,679,68,116,97041
600028,783,68,39,197000
600028,621,68,138,794800
601166,827,65,140,160400
688111,882,65,108,45744
600183,846,68,195,81700
688111,604,68,206,106626
601012,601,68,98,512400
600276,786,65,161,127500
601166,816,68,26,27800
600309,667,65,219,98900
601888,660,65,399,114500
600309,794,65,225,123700
600089,579,68,114,232498
600276,664,68,107,104100
600930,810,68,87,318500
600150,608,65,1271,1963641
600406,599,68,48,51300
600406,682,68,29,44200
688012,646,68,321,120099
600406,883,68,96,153700
601211,890,65,125,251600
600036,628,68,58,41100
601668,646,68,42,170800
600930,849,68,399,1363100
600887,863,68,40,86500
600309,807,65,186,82700
600150,636,68,82,81000
601888,817,65,58,41600
603019,791,68,823,159400
601288,582,65,1649,9397500
600031,576,68,120,209100
601288,655,65,527,1593600
601857,580,65,488,1292700
601899,622,65,821,1140900
688008,570,68,934,649583
601919,788,65,318,405000
688041,820,65,632,256130
600050,879,68,77,931100
601600,804,65,314,704000
600150,857,65,279,224600
601658,799,65,66,62900
601658,686,68,31,141800
601601,805,68,63,39300
600036,855,68,85,80300
600089,604,65,230,449300
601899,596,68,326,718300
600089,622,68,50,42900
600028,794,68,89,374100
688256,852,68,233,59396
688256,632,65,300,73157
601288,656,68,119,968600
600089,780,68,235,400243
600760,802,65,42,41400
601601,633,65,211,88100
688041,662,65,487,188721
600050,675,65,108,261700
601688,596,68,44,65200
600050,858,65,85,435700
688041,657,68,370,133631
601318,689,65,228,76500
601658,800,68,120,403900
601601,661,68,13,7800
601728,609,65,213,392200
600519,644,68,47,6600
601288,828,68,155,1882800
600050,873,68,34,295400
601668,658,65,263,2391300
601688,818,65,105,96800
600887,639,68,62,87100
601288,656,65,533,1747100
603259,859,68,64,20100
603993,878,68,140,308900
688041,578,68,317,120490
600809,599,65,200,62400
601600,660,68,46,106000
603259,889,65,472,184400
601012,628,68,47,110400
601127,884,65,141,42400
601127,812,65,75,31300
601688,671,68,84,170400
601166,835,68,25,86500
601601,855,68,87,77300
600760,682,68,14,17000
601328,843,65,121,234300
601012,615,68,95,309700
600030,646,65,121,120600
600930,863,65,189,908200
600028,603,68,250,1883000
601668,624,65,201,922900
600089,871,68,90,162090
601899,668,68,89,153900
600030,675,68,35,98700
600760,659,65,53,26000
601600,815,65,192,263400
601318,664,68,45,28100
600309,676,65,133,68200
603986,798,68,140,24200
601688,604,68,58,114900
600036,643,65,188,103600
601398,626,65,204,1457700
601600,803,65,508,968100
601988,848,68,235,1322200
601728,675,65,109,169600
601888,799,68,39,35460
601088,637,68,51,30900
688981,814,65,246,157137
601728,595,65,389,1149700
688256,668,65,255,63591
601988,843,65,197,745600
600183,795,68,194,57000
601288,873,65,190,1064800
601166,638,65,74,400200
601628,880,65,114,67400
600050,650,65,114,857700
600930,877,68,261,605700
688981,684,68,140,121214
688041,579,68,436,190895
603986,577,68,849,199900
600028,586,68,106,1524000
603986,659,68,384,49200
603501,601,68,47,13900
601688,832,65,137,223500
688981,833,65,195,137430
600809,588,68,85,31400
601688,853,65,129,140300
601857,873,68,39,107300
601211,879,68,42,126160
600050,639,68,79,803200
603019,796,65,121,65092
688012,582,68,518,167269
601728,647,65,70,229700
601601,625,68,30,18200
600809,658,65,107,42800
600050,645,65,74,248100
601888,640,68,41,212900
603019,643,68,46,21900
601628,663,65,87,33800
600050,789,68,53,615400
600150,675,68,131,209000
688111,797,68,116,58764
600150,656,65,304,184900
600809,835,68,50,17000
688981,859,68,124,100449
600050,862,65,130,343500
601328,881,65,259,792500
688256,892,65,347,80320
600150,592,65,552,716932
601088,625,65,204,85500
688012,606,68,314,113416
603986,629,65,489,107000
603993,841,68,138,209300
600050,847,68,65,165600
688041,623,68,241,89802
688256,626,65,385,93992
600050,665,68,24,200800
600089,865,65,103,141200
600900,852,68,87,140800
601988,604,65,1024,3553400
600036,857,65,264,144500
601600,828,68,81,375500
601127,847,65,84,51400
601328,891,65,241,1188800
688008,876,65,419,193980
600406,611,65,333,501890
601318,645,68,56,69379
601857,622,65,121,185700
601398,624,68,94,821800
601398,838,65,169,1668100
601088,573,65,459,221900
601601,839,68,59,52400
601318,845,68,62,35900
600028,614,65,294,1240100
601668,806,65,106,1389500
688111,836,68,58,28560
601601,590,68,160,138400
688111,782,65,91,38047
688111,606,65,244,136868
688012,888,65,340,162883
600760,890,68,54,76800
688256,574,68,384,96738
600887,799,68,30,25500
600887,601,68,121,112300
601288,579,65,752,3405200
601088,667,65,101,36400
600111,588,65,374,322100
600900,600,68,123,577400
600406,860,65,129,111900
603993,639,68,100,169600
603259,784,65,511,176483
603501,790,68,68,59400
601328,795,68,77,113600
601658,814,68,32,640000
600309,880,68,153,63700
601628,885,65,264,234300
600760,578,68,36,14000
601899,606,68,140,198800
600036,614,68,92,66500
600900,838,65,542,538300
601328,615,68,141,806500
601127,618,65,423,148570
600031,672,65,296,268600
601628,863,65,157,88400
600036,587,65,682,909500
603986,583,68,1202,210068
601288,889,65,352,1733664
600900,583,68,171,188300
601888,861,65,46,49800
601127,652,65,104,39200
688981,873,68,166,134877
600150,616,68,147,92539
601888,665,65,100,37700
688012,680,65,390,138905
601899,646,65,1161,791900
601899,852,65,631,586400
601728,619,68,50,64400
601601,787,65,194,61700
600050,596,65,149,1589200
601919,664,68,72,170000
600050,575,68,88,1685100
601127,793,65,197,77900
600036,795,68,121,76600
601328,838,68,61,311800
603501,672,65,68,53700
603501,837,65,136,51000
600150,874,68,90,99850
601088,682,68,28,23300
688041,591,65,1154,429576
600031,813,65,196,364100
600111,814,65,101,119800
601398,835,68,55,121600
600183,871,68,417,105400
603993,887,68,230,442400
600150,896,65,889,908328
601888,621,65,116,89400
600809,647,68,34,11900
603986,616,65,1524,240577
688041,797,68,294,111472
601398,575,65,2250,9134974
601288,802,68,98,1196500
688981,847,68,195,191826
600309,592,68,117,78400
601398,618,65,398,3087400
601600,668,65,379,1490500
600050,592,68,57,520300
601728,890,65,365,665700
603501,673,65,99,53600
600050,892,68,126,2525200
601211,570,65,1751,3859086
600183,605,65,1746,479538
601899,805,65,339,449100
601628,826,68,135,51300
600028,645,65,365,395900
600150,634,68,192,163800
601288,809,68,150,320200
601919,571,65,848,1168650
601668,582,65,228,3297000
601600,618,68,154,407100
601899,795,65,392,629200
600150,611,65,313,940000
600150,620,65,536,290853
601899,802,68,149,248000
603501,832,65,81,52200
601288,840,68,301,1214000
601398,800,68,100,534300
601988,806,68,125,822500
601398,631,65,887,1691800
601601,681,65,137,99500
600183,584,68,1202,546758
601127,625,68,120,56900
601166,817,68,41,59900
601328,588,65,726,4447770
601668,578,68,46,626800
603986,806,65,1091,175000
601166,815,68,33,68400
688256,601,65,405,98159
601601,790,68,75,71900
601728,850,68,27,146800
600111,890,65,201,199500
688008,821,68,406,180131
601127,868,65,200,52900
601318,643,68,34,19400
601398,591,65,989,4713913
601857,611,68,226,551300
688008,832,65,408,276644
600809,834,65,59,21300
603986,893,68,779,149898
688008,577,68,1074,505479
600089,848,68,39,100400
600030,820,68,66,104900
600930,581,68,72,658300
601628,880,68,46,50100
600089,799,65,260,459832
600036,858,65,260,181900
600183,790,65,562,203500
601857,577,65,551,1208900
600111,616,68,54,42500
603259,652,65,293,103754
600900,612,65,267,484500
601658,630,68,53,695000
600519,619,68,44,6300
603993,646,65,2007,5951500
600519,647,68,102,12800
600050,786,68,28,123500
601600,787,68,107,397310
600809,883,65,92,22700
601211,659,68,42,47200
688012,782,65,346,113447
603993,637,65,361,934900
601211,613,68,46,106762
603501,666,68,41,19700
688111,602,65,235,100435
600089,675,68,24,156200
600089,614,65,349,421500
603501,790,65,127,76600
600111,609,65,410,853801
600406,645,68,97,67182
601398,785,68,85,511400
600900,599,68,141,261100
688981,650,68,218,198165
688008,787,68,410,177041
600089,888,68,85,131100
601328,648,65,439,495300
688256,668,68,212,51688
601088,816,65,127,56600
688111,818,65,146,68867
603986,647,65,901,191105
601888,624,65,173,141400
600183,668,68,279,122000
601688,820,65,64,137000
603993,580,68,318,862400
601166,798,68,29,35600
600760,786,68,14,14000
601628,606,68,74,97600
600519,823,68,33,4000
601211,641,65,100,292500
688008,849,68,478,211650
688012,886,68,248,119377
601211,892,68,204,253500
601166,582,65,331,886700
600111,655,68,44,27000
600309,660,65,220,80500
601328,605,65,660,1744300
601288,858,68,106,992100
600031,656,68,59,40400
688111,880,68,132,63325
601398,645,65,281,1335900
600031,845,65,532,632400
600183,604,68,1269,327000
603993,821,68,91,414300
688111,886,68,70,31887
601988,809,65,212,1310300
600150,840,65,450,362696
601328,805,68,78,1040400
601211,860,65,137,632800
601658,833,65,53,249500
600930,839,68,232,714800
600089,844,65,123,217800
600089,792,68,57,190260
688012,688,65,308,128654
600183,826,65,520,159466
688981,850,68,153,118999
603993,801,68,84,138400
601628,861,65,158,65800
601012,787,65,211,302600
601668,875,68,85,1178600
688111,885,68,106,44111
600519,811,65,70,12200
600031,679,65,176,172600
600150,573,68,299,601104
600900,652,65,338,358400
601919,859,68,41,33500
600036,668,65,316,146800
601658,790,65,85,943000
601919,790,65,416,333680
601857,856,65,172,340200
600089,889,68,91,70575
601899,789,68,256,477100
601888,836,65,47,39100
601012,889,68,166,342900
601127,675,68,22,16500
601888,689,65,44,34600
600089,784,68,23,36300
600183,789,68,223,77400
600111,793,65,110,87000
600930,813,65,148,835700
600030,815,68,93,46000
603986,840,68,277,50300
600089,641,68,264,287598
603019,848,65,202,92700
603259,783,65,597,210900
600809,869,68,29,6000
601601,588,65,434,371456
600309,680,68,53,24600
601658,800,65,95,381500
601088,587,65,486,205500
601668,579,68,228,3690200
601988,798,65,991,4580800
601127,822,68,28,24200
600028,814,68,42,329800
601318,869,68,131,66900
688012,630,65,448,156832
601668,571,65,551,4936300
601012,582,68,301,1107000
603993,595,65,1623,2703800
688256,792,68,201,53147
603259,896,65,513,190800
601628,858,65,102,110200
688012,599,68,581,212463
688012,656,65,386,138751
688981,824,65,227,160957
603501,659,65,137,75500
600028,812,68,35,98800
600930,582,65,301,2188800
601012,577,68,242,710000
600930,602,68,82,246800
600760,644,68,9,4000
600183,604,65,2465,713538
600309,571,65,1277,771500
600030,806,68,55,100200
600760,840,68,93,131358
600031,617,68,137,261100
601988,644,65,492,6416800
600809,842,68,13,8200
600111,689,65,127,61100
603993,854,68,112,150200
601600,888,65,582,1176200
600036,789,65,443,298900
688256,619,65,362,102919
601088,846,68,20,10800
601899,863,65,539,483600
601288,859,65,438,4172600
600809,895,68,87,25900
601601,688,65,201,105400
600036,801,68,69,97700
600028,674,65,80,347530
601318,821,65,341,341900
601728,574,68,186,683900
601166,688,68,50,55600
601328,783,68,38,203300
688111,684,68,56,32548
688008,862,65,336,143748
601211,645,65,93,138600
601919,822,68,55,66900
601398,860,65,218,915100
601668,603,65,486,4385764
601899,672,68,195,138600
600111,807,65,121,91100
600089,818,68,34,71700
601899,650,65,611,415300
601899,667,65,271,263500
600183,676,65,623,196500
601899,579,65,1747,2519900
601318,818,65,457,532200
603501,828,68,51,28800
600111,860,68,46,32600
600030,888,68,94,189545
601601,822,68,61,22000
600930,873,65,236,1084796
601728,589,68,104,303700
688012,780,65,688,207422
601166,800,65,106,125000
601988,821,65,333,1023900
601628,887,65,151,86500
688041,637,65,518,205391
600031,632,65,279,281300
601318,608,65,756,966600
601688,683,65,47,126600
600406,606,65,291,275980
600031,653,68,70,151400
688256,676,68,199,43539
600089,595,65,419,475600
601600,601,65,477,1131400
600276,593,68,491,760100
688111,603,65,206,106463
600030,602,65,341,624800
601288,649,68,261,2412600
688012,620,65,444,150139
601398,817,68,106,858600
600111,841,65,182,117500
601088,861,65,135,51200
600760,896,68,99,129404
600887,653,65,248,212700
601166,839,65,114,138700
600887,855,68,41,36500
600111,889,65,207,155700
603501,592,65,309,135700
601628,792,68,52,73600
688008,807,68,311,130808
688012,684,65,221,118378
600276,801,68,83,134700
601012,864,65,88,166100
601628,882,68,38,16100
688981,642,68,212,168618
600036,877,65,358,265500
601288,857,68,139,738600
600900,594,65,566,662900
601919,641,68,21,47100
601899,640,68,89,131500
601988,570,65,2722,18901240
601888,574,68,143,129100
600809,583,68,86,26382
600887,575,65,671,654600
600150,582,65,1315,812769
601127,612,68,303,86400
688041,658,65,298,113939
600309,647,65,351,178300
688008,670,65,642,282623
601127,819,65,155,40800
600030,869,68,91,230500
601857,870,68,86,249100
600183,656,68,406,110300
600760,832,68,25,29400
601288,876,68,176,767600
600887,882,65,290,328200
601688,886,68,74,126100
601012,796,65,205,482400
600276,818,68,97,46300
601919,583,68,116,242700
600031,852,68,225,544866
601601,835,65,215,150100
601288,573,68,243,2526700
601088,826,68,23,26500
601688,890,65,219,334800
601919,572,65,454,806200
600760,608,65,89,53300
601288,594,68,246,1659500
601166,637,68,31,81500
600809,869,65,66,17500
601318,865,68,115,47000
600030,589,68,104,126272
601919,626,65,206,115000
601658,598,68,152,1083700
600036,814,68,49,37600
601398,883,68,178,1111300
601988,615,65,761,3143500
600760,853,68,23,15300
600028,660,65,249,885600
603019,577,68,163,121200
688008,793,68,332,153270
601398,665,68,76,503100
688008,811,65,528,215109
601088,590,65,384,164500
601668,837,65,82,1309000
603501,879,65,103,37600
603993,667,65,499,1028300
600309,863,65,780,399100
601658,634,68,68,944800
601919,861,65,225,266100
600519,872,65,118,16100
601628,659,68,35,12600
603259,872,65,240,69600
601600,813,65,184,285700
600030,839,65,127,203100
601668,594,68,273,3062400
600900,602,68,99,184700
601600,793,65,210,238200
601988,619,65,863,7409900
688041,883,65,561,193046
601899,892,65,766,991900
601398,676,68,97,797000
600276,884,65,217,150600
601328,828,68,26,55200
601600,871,65,305,506100
600030,827,68,41,112800
601211,673,65,102,129400
603259,601,68,346,205001
601668,795,65,133,923800
601328,579,68,113,1525900
600031,630,68,97,76800
601088,818,68,40,23500
600030,861,65,325,356800
600150,803,68,137,206967
600930,637,68,52,175100
603259,856,65,265,85200
600930,858,65,168,681000
601328,674,65,79,336000
600519,571,68,128,16510
601127,622,68,138,95100
600111,661,68,50,168500
600183,633,68,359,90300
603019,660,65,108,68685
601398,594,68,152,1453400
603986,851,65,263,58700
600031,637,65,168,190200
688981,818,68,189,149208
688008,584,65,1886,873653
601668,844,68,80,339100
601088,583,68,173,123500
601857,867,68,74,109700
601728,838,68,77,235000
600519,874,65,134,16600
601688,888,68,122,192900
601601,887,65,566,207400
600309,849,65,446,312800
601166,802,68,73,149800
603259,617,68,375,195000
688981,893,65,331,359364
601728,642,65,81,233300
603259,858,65,222,88398
600406,688,68,29,35400
600887,801,65,229,162600
601166,613,65,172,499400
601166,877,65,140,172300
601899,851,68,291,386000
688256,879,65,199,48995
601012,689,65,115,167800
601658,591,65,278,1696700
600309,665,65,182,123400
601012,843,65,142,221700
601919,666,65,196,124330
600028,813,65,174,393200
600887,670,65,122,184600
601888,784,65,70,48000
601600,863,68,363,1799900
601628,615,68,31,38200
688008,823,68,378,197133
600406,620,65,331,375044
603019,835,65,146,89000
601601,586,68,147,244000
688041,635,65,643,243504
600050,783,65,88,211200
601668,816,65,209,1044900
601088,578,65,478,220400
600030,833,65,171,157905
600276,667,65,312,259600
600028,835,68,54,325400
601088,861,68,19,30700
600519,633,68,56,7300
600760,867,65,41,32100
688981,623,68,281,237130
688008,654,68,350,157629
600900,666,68,108,72200
600111,841,68,83,70500
600031,796,68,55,163100
600183,797,65,560,167603
601288,854,68,153,2064200
603986,809,68,161,32500
600089,616,65,264,362400
600760,636,65,36,28100
600900,872,65,256,361000
600760,880,65,103,60000
688111,600,65,270,121085
601088,831,65,190,90800
601919,849,68,92,117700
601398,688,68,68,137200
601166,618,68,113,1654099
688256,794,65,430,100660
600030,632,65,207,201900
601012,630,68,38,129500
601658,810,68,121,1069700
600887,606,65,599,737000
603986,570,68,2061,761145
688012,570,68,524,223499
603986,609,65,2307,483300
600900,811,65,443,549800
601899,838,68,119,305300
601601,887,68,121,102000
601688,623,65,183,255000
603501,853,68,26,21400
601012,635,65,136,245400
600760,677,65,95,104900
601668,790,68,34,854700
601127,653,68,28,38700
601398,669,68,126,321400
601328,850,68,32,171800
600519,857,65,51,6200
603259,621,65,1076,283760
603993,638,68,75,158600
601600,685,65,190,340200
600887,591,65,530,641700
601668,830,68,40,522000
600183,610,68,793,183200
601600,625,68,91,467200
601288,629,68,292,846700
600887,835,65,301,152700
601628,840,65,151,83500
600887,859,65,218,147100
600809,865,65,70,15200
601398,594,65,674,1932500
603501,874,68,34,17300
603993,893,65,472,591500
688256,861,68,93,21915
603019,638,65,609,207700
601012,792,68,108,475300
600309,896,65,368,201451
601888,808,65,91,63530
601600,786,68,88,298700
600111,782,65,146,128500
601888,840,65,114,39900
688008,783,65,715,363679
601899,795,68,136,228000
600809,689,65,49,13100
601728,614,68,106,178700
603986,676,68,136,30800
601899,783,68,220,487500
601166,801,65,67,189700
601988,842,65,224,254900
601601,849,65,289,171100
601600,855,68,73,179300
601658,640,68,30,280700
688041,645,65,518,207548
601398,895,65,198,895200
600111,588,68,116,132700
601688,855,68,80,116100
688041,883,68,307,127187
601658,889,68,186,787600
688981,588,68,347,262803
600183,793,65,476,146300
603993,673,68,66,92900
601988,783,68,35,234400
600050,799,65,50,264800
688111,573,65,364,158565
688008,623,68,342,155104
600111,809,65,131,86600
688111,592,68,205,90465
600900,652,68,212,212500
600089,817,65,113,123700
601668,676,68,32,306900
600406,660,68,37,83900
601988,661,65,163,623100
603019,684,68,85,89200
600887,581,65,879,1012677
688111,874,65,99,39585
601288,589,65,1500,7371100
601888,808,68,26,22900
601888,881,68,35,51100
601288,610,68,206,1252400
603501,663,68,41,27500
601328,600,68,112,539400
600900,601,68,154,317200
688008,870,65,542,200489
601658,880,68,97,695200
600111,813,65,116,89300
603501,577,68,168,99500
601668,608,68,72,559900
600111,640,65,138,75500
688008,873,68,307,132050
601658,877,65,82,1088200
601127,880,65,180,52700
603501,885,65,170,80500
603259,847,68,75,46700
601328,890,68,160,859600
601601,806,65,159,90200
603986,635,65,860,290963
601166,679,65,63,73400
601088,603,65,340,169800
601288,625,65,462,2110300
603259,603,65,1121,400300
688008,642,65,836,322677
601668,622,68,64,1900500
603019,643,65,178,78200
601857,853,68,36,230600
603501,799,68,29,11600
600183,607,65,1299,414169
600519,672,68,27,3600
600406,836,65,356,332542
601211,679,65,180,60400
601328,674,68,24,178600
601127,852,65,198,64700
601988,573,65,975,8465901
601988,639,68,88,984900
601211,843,65,194,176800
601888,786,68,30,7100
688981,578,65,871,492537
601318,618,68,224,204700
601601,823,68,53,61100
600887,572,65,524,580500
601628,818,68,61,49400
601628,878,65,114,50800
600887,853,68,69,82200
600150,882,65,435,320580
601600,637,65,387,989100
603019,676,68,81,35900
601668,627,65,747,6409400
688012,672,68,303,107507
603259,841,65,336,77700
600760,850,68,8,3100
688256,617,68,369,86642
601328,806,68,84,228100
688008,872,68,318,151150
601166,599,68,70,80900
600276,636,65,358,248700
688256,689,65,220,62239
603986,801,65,317,55300
601318,853,65,334,163100
688111,793,68,36,16149
688256,860,65,217,60590
600031,873,68,198,454900
600760,587,65,267,142300
688008,683,65,258,113945
601988,785,65,361,1188900
600309,663,68,77,30500
688256,896,68,236,57896
603259,819,65,415,100600
600089,826,65,76,148290
601857,617,68,114,228300
688256,888,65,315,81101
688008,597,68,849,425217
600089,788,65,67,88900
688256,587,65,456,111274
600276,586,65,874,981100
600760,613,65,157,96700
600930,679,65,99,717000
600406,681,68,22,37500
601012,836,68,74,237300
600036,609,65,422,305800
600887,837,65,112,118800
601127,875,68,56,25600
601628,654,68,25,13500
600028,576,68,219,2230700
600519,892,65,152,23800
600519,608,68,152,20000
601398,603,65,581,2419200
688012,669,65,320,114922
601988,817,68,203,922400
603019,824,68,67,41500
601318,887,65,686,354600
601601,621,65,207,167800
600089,867,68,53,60300
601328,615,65,359,1040000
601328,592,68,93,760300
600309,652,68,250,89400
688981,603,68,349,347696
600089,884,65,108,131200
600111,849,65,89,76000
601600,626,68,57,477500
601857,647,68,58,171700
600276,640,68,61,51500
600406,808,65,203,283756
601600,688,65,124,222500
600030,593,65,251,410600
601728,571,65,500,1496700
603993,607,68,189,262000
600930,638,68,28,112800
601288,880,68,174,1078500
601658,634,65,133,611400
601318,852,68,166,118100
600900,838,68,151,212900
600031,655,65,151,175800
600930,860,68,102,429500
600028,829,68,94,174800
601012,644,68,81,118500
600406,571,68,64,95300
600406,589,65,234,247400
601728,609,68,49,211000
600183,674,68,216,94900
601899,633,68,275,359900
601899,853,65,707,621000
603019,662,68,29,30100
600036,602,68,180,169600
600031,829,65,162,220000
600030,612,65,206,259800
600050,590,65,382,2919700
688041,613,68,416,179318
601398,860,68,155,512200
601318,867,68,106,107700
600809,570,65,676,214895
603993,829,68,61,125400
600028,619,68,113,676200
600309,661,65,231,97300
600930,830,65,121,279700
603986,844,68,202,45700
601328,863,65,143,415100
601899,578,65,1860,2314700
601398,636,68,54,483000
601919,648,68,55,163800
601127,807,68,81,63700
688111,824,68,33,14418
688111,871,65,110,45639
600028,788,68,46,273000
688981,608,68,355,243272
603986,798,65,313,92500
600111,574,65,717,598500
601600,589,68,104,585700
601288,586,68,484,3819300
603986,588,65,3842,818131
600030,627,68,47,163500
600930,651,65,125,969000
688041,608,65,660,295472
601919,661,65,349,320200
688256,796,65,224,94705
600519,837,65,135,21700
600519,641,68,61,10300
603986,681,68,234,46700
600111,646,68,98,136300
688008,628,68,366,176538
603986,611,65,2373,452700
601318,864,65,265,164400
601919,815,65,311,242600
603993,886,65,433,663200
601288,639,68,164,908800
601601,653,68,37,16900
688981,672,65,250,153953
688041,602,68,673,298437
688256,623,65,412,101761
601919,666,68,39,22130
601601,819,65,262,215900
601166,584,65,269,551442
600309,608,65,404,218600
603501,609,65,187,77700
600519,639,68,74,8900
601899,679,65,592,893500
600887,614,65,402,562200
600183,631,65,1225,342450
601857,679,68,33,133900
601728,793,65,95,232600
601857,600,68,71,365000
601127,795,65,99,36800
601628,828,65,88,98800
601919,680,65,115,141900
600183,892,68,833,215180
601088,821,68,87,213500
600183,796,65,537,149200
688111,668,65,88,39509
601127,603,68,157,72900
601919,881,68,49,67900
601211,634,68,120,91638
601012,590,68,440,541100
688008,650,68,542,214044
600089,646,68,59,176200
688008,804,65,442,176998
601328,808,68,72,102000
600031,846,68,86,251200
603259,848,68,141,45400
600276,860,65,183,127700
601919,605,65,325,584300
601628,641,65,118,73700
600900,847,65,321,516200
603501,869,65,126,57700
603019,590,65,1521,363500
601728,617,65,209,508300
601668,876,68,606,4877980
688981,892,68,231,239518
600930,832,68,47,88400
601899,574,65,1753,2209400
600309,876,68,91,153600
601988,849,65,302,1413600
688012,629,65,323,138040
601888,861,68,25,23300
600900,680,65,228,197800
601328,843,68,26,143100
601601,663,68,14,15600
600150,632,65,485,411500
600887,618,65,380,318100
688256,672,65,292,71848
600183,610,65,1484,415200
688012,598,65,784,293348
600887,679,68,32,28800
601211,801,65,172,272900
600809,842,65,58,20000
601318,641,65,260,159200
600089,636,68,206,279190
688111,883,65,102,47544
603501,895,65,223,108845
688041,667,65,740,349733
603501,686,65,150,56500
601728,590,65,300,824900
601398,582,65,1118,4148600
600519,784,65,143,19300
601328,814,65,334,536300
601688,603,65,263,304200
688041,871,68,295,107120
601988,594,65,540,2629400
600028,663,65,143,370500
688256,848,65,250,61709
600930,865,68,168,1210400
600519,877,65,104,12200
601728,570,68,222,1146500
600150,620,68,90,109600
600519,675,68,27,4700
603259,809,68,83,31500
600089,866,65,107,145700
600050,656,65,60,464300
600031,625,65,199,351200
688008,613,65,722,414576
600111,781,65,145,76200
600930,571,68,102,623700
601127,608,65,208,111700
600809,646,68,28,17300
600036,783,68,80,105900
601012,801,68,40,85100
600309,650,65,481,194000
600150,660,68,123,176166
601857,873,65,164,238500
600519,896,65,163,20400
601088,668,65,71,54700
600030,783,65,122,197900
603501,876,68,27,21300
600150,576,68,702,580672
600406,625,68,34,94890
601601,607,65,261,227500
603986,669,65,707,116400
688981,812,68,142,114803
601012,580,65,582,1124900
600276,594,68,243,248300
601857,672,68,115,652200
601600,799,68,66,154600
601328,803,65,81,990600
601601,639,65,146,76000
601919,891,65,363,356700
603501,642,65,161,89591
603986,785,68,162,25200
601668,664,65,716,3162200
601988,882,65,188,1333070
601211,592,68,175,92500
601288,891,65,393,1569000
601166,671,68,50,90100
603501,792,65,87,39400
601211,571,65,601,1442146
600930,870,65,359,807700
603993,647,68,217,361000
603986,586,65,4153,1176982
601127,628,68,74,49200
601988,805,68,64,423500
601318,784,65,211,122500
688041,641,65,325,140460
601728,656,68,30,97333
601600,824,65,507,435400
688256,613,68,435,99556
601601,850,68,77,50100
601328,894,68,161,946400
600519,880,65,140,22400
601988,631,65,425,1350900
601688,812,68,19,42900
600031,842,65,378,669100
600809,884,68,44,18200
601318,598,68,128,158600
601728,844,68,39,153600
603259,864,68,118,33500
688256,683,65,133,32079
603986,846,65,276,50000
601211,859,65,122,188060
601988,677,68,38,148600
600031,797,65,216,328300
601398,813,68,95,765700
600809,577,65,388,106700
600309,888,65,315,194100
601857,685,68,55,200900
600150,857,68,52,26158
600111,619,68,65,67700
601398,633,65,414,1107000
603993,600,65,702,1086900
600028,685,68,118,567290
603986,579,68,627,157239
601012,573,68,120,546180
600309,605,65,356,169020
601288,611,65,1162,4862400
688981,606,68,316,245141
600930,615,65,125,1736100
601127,640,68,93,19700
601601,644,68,27,10900
601658,680,65,127,562300
600406,885,65,236,286200
601012,661,65,115,426051
601857,640,68,24,116100
688981,602,68,1128,532254
600028,686,65,78,464400
688041,790,65,345,121939
601688,842,65,162,143200
600809,855,65,78,40400
601211,862,68,46,96200
601658,862,68,78,759400
601211,578,68,293,333200
600406,637,68,31,38100
600050,588,65,173,1436401
600276,648,68,84,72200
601318,843,68,110,54400
600089,657,68,26,98400
600760,663,68,11,13900
603019,874,68,46,23700
601318,632,65,426,226200
601988,648,65,614,949100
600150,812,65,543,294413
601088,812,65,187,76600
601166,668,68,29,37400
600930,614,68,49,335300
688981,638,68,171,145280
601919,614,68,48,100300
601328,671,68,38,142400
600183,824,68,210,48000
600031,628,68,55,205300
601211,852,65,151,271700
600150,852,65,321,268500
601166,652,68,38,109000
600276,877,65,254,272600
688008,624,65,635,320604
600930,859,65,148,837800
688111,867,68,125,59311
600111,785,68,63,16500
600111,605,65,332,335000
601728,662,65,104,145800
601857,806,68,131,547100
688008,827,68,337,163937
601601,653,65,137,105300
601988,623,65,365,1367100
601318,589,68,109,108000
600276,619,65,657,465400
601288,627,68,120,667800
601012,817,65,112,128900
601658,829,65,93,628100
601318,619,68,56,78200
600089,816,65,98,177600
601398,639,68,83,267600
600089,582,65,284,396100
601012,689,68,74,140512
600111,839,68,32,25200
601211,876,65,302,165200
601899,689,68,457,297500
600036,891,68,139,83800
688111,583,68,243,160184
600760,668,68,107,42300
600150,788,65,334,253500
600809,592,68,142,31300
600809,597,65,200,92000
600519,859,65,101,12000
600031,609,65,739,1256400
600276,888,65,275,493200
601012,797,68,68,173800
600900,798,68,179,538600
601318,879,65,284,126800
601166,602,65,234,359700
600930,889,68,232,608200
601012,853,68,46,77900
603986,643,65,515,99900
601127,874,65,182,131800
601211,586,65,418,431362
600050,678,65,98,315800
600036,628,65,423,198200
600309,665,68,107,41500
603259,620,65,714,269400
603993,576,65,1534,2794300
600519,845,68,44,6000
600183,609,65,1137,424135
600089,654,65,100,99600
600900,820,65,295,293000
601211,645,68,26,34200
601398,656,65,179,1485200
600309,603,65,368,257000
600809,671,68,18,4600
688012,625,65,273,95941
600887,632,68,150,145900
601919,670,65,143,145090
601658,816,65,120,149500
601857,888,68,69,173300
603019,647,68,62,49000
600406,817,65,208,176300
601857,618,65,163,281300
601888,628,65,183,151300
688981,844,65,240,179212
601857,896,65,225,446900
601601,668,65,95,78700
601088,622,65,153,81500
603501,622,65,197,59800
601668,681,68,30,133400
600276,796,65,166,116100
601888,804,68,36,16600
688041,812,65,576,234406
600036,873,68,222,153000
601668,609,65,383,2406300
600900,786,68,64,291700
601211,805,68,36,76800
601658,594,68,74,705200
601127,824,68,58,18300
601166,871,65,265,327100
601328,872,68,116,743800
603986,848,68,214,32900
600930,579,68,106,476300
600930,653,68,32,112700
600150,879,65,501,528902
600150,603,68,110,171300
688041,665,68,295,123286
601601,879,68,35,23100
600183,891,68,541,163600
600030,636,68,71,103925
601899,664,65,286,250400
688012,811,68,231,83625
601688,585,65,573,1109919
601668,608,65,446,3099000
600276,584,65,982,1018015
603501,793,68,215,52200
688111,667,65,106,42899
601899,652,68,298,256200
600036,879,65,412,532700
688981,654,68,197,160905
601211,858,68,63,140000
688041,640,68,275,123179
601288,664,68,278,711300
601857,882,65,436,579900
601166,790,65,161,234226
688041,843,65,391,149251
603993,828,68,51,84500
688008,606,65,897,405261
601318,665,65,263,183300
601601,630,68,159,68500
601328,678,68,54,492000
688008,607,68,515,228792
600760,678,68,77,50100
600111,606,68,119,89700
600900,688,68,122,209700
600036,597,68,60,93400
603259,643,68,181,56400
600406,683,65,114,80500
600930,784,65,130,561100
603501,571,68,250,135500
603501,808,68,44,14400
601857,868,65,370,589181
600887,862,68,86,104200
601601,871,68,136,78300
601398,878,65,224,1721500
601888,654,65,58,64000
601899,786,65,501,723300
600406,886,68,70,91400
600276,660,68,223,307303
600031,668,65,151,189800
601211,783,68,15,53200
601668,641,68,49,320200
601728,667,68,21,49600
601988,790,65,377,1067400
601628,791,65,131,62600
601668,602,68,103,3300300
600183,574,65,3329,967065
601919,787,65,406,494250
601988,676,65,154,952300
601988,681,65,219,1577700
688981,841,65,294,196292
600111,861,68,29,22300
600809,593,68,60,19500
601127,613,68,303,46500
603501,618,68,56,24300
600089,841,68,37,187200
601628,650,68,67,27300
600900,880,68,149,284700
601658,681,65,130,306000
601857,855,68,63,231500
601888,886,68,75,38300
601600,588,65,572,2334900
688111,579,65,300,118674
600111,633,65,216,125449
603019,589,68,1138,274786
600809,793,65,69,18000
601658,578,68,105,614700
600887,829,65,178,235500
600031,860,65,426,472100
601899,811,68,150,515100
601888,896,68,125,69500
600028,631,68,119,640600
600406,861,68,47,116100
600111,831,65,168,114700
601012,885,65,254,364700
688256,892,68,306,72378
603986,654,65,1044,189600
601211,813,68,44,89200
600028,661,65,139,653600
603019,861,68,99,39936
603993,614,65,578,1102900
601728,826,65,152,268200
600900,784,68,69,134900
600050,798,65,44,238000
600050,666,68,21,290500
601088,634,65,210,92600
601988,605,68,128,2106700
603019,646,65,690,177900
601728,795,65,80,122200
601088,855,68,60,30800
601668,860,68,89,790700
688981,573,65,1341,848260
601166,665,68,134,333700
601088,789,68,55,43800
601166,855,65,134,253700
601628,865,65,174,98600
600760,676,65,57,29100
601318,874,65,319,148900
603259,895,65,613,191200
601601,608,68,119,157000
600276,814,65,319,170300
601088,854,65,192,48400
688981,571,65,835,496096
601398,837,65,121,575100
688008,811,68,355,147355
600930,651,68,50,277200
600406,787,68,53,36500
603993,654,65,380,542900
601088,790,68,64,41500
601088,584,65,343,196800
600900,570,68,409,936000
601211,857,68,50,144200
601600,599,65,465,901900
600309,612,68,619,661700
603986,637,65,966,237187
600519,868,65,91,11200
603019,807,68,70,37600
600183,847,68,211,48400
603019,891,65,265,149358
603259,620,68,195,67800
603993,672,68,87,352700
600031,837,68,85,266800
688981,842,68,183,143114
601318,841,65,532,220600
601658,820,68,60,701200
601668,682,68,35,439200
601688,839,68,33,41400
601088,865,68,28,16700
601628,662,65,153,44100
601668,880,65,406,1499000
600036,892,65,359,195500
600150,630,68,203,354507
688012,805,65,427,155082
601688,634,65,157,169100
600111,799,65,112,47300
601601,571,68,199,342400
600760,685,65,63,42000
603993,653,68,120,179200
601628,867,68,67,56100
601688,793,65,193,286600
688256,824,65,276,64587
603993,831,68,65,102400
601398,810,65,493,2426300
601127,630,65,223,287900
601728,855,65,134,255600
601127,843,65,325,63600
601601,782,65,189,69000
601328,819,68,53,194300
601166,788,65,219,343400
600930,824,65,112,548400
600887,894,65,303,253500
601668,599,68,299,3918900
601318,641,68,48,28500
600809,810,68,34,10500
688256,836,65,248,60716
601899,654,68,213,244200
603986,592,65,2253,686126
600309,607,65,415,269800
600089,665,68,104,268900
601728,800,65,90,554000
600030,814,68,100,222800
688008,621,65,670,301560
601728,618,68,31,150900
600031,655,68,78,166400
601919,606,68,41,113900
688256,663,65,377,99806
600036,827,65,249,128400
601600,871,68,89,640000
601398,885,65,302,1138200
600519,613,65,303,59710
601398,679,68,154,307700
688111,689,68,128,59774
601628,874,65,124,63400
688111,788,68,46,22746
600089,880,68,67,85300
603993,825,68,71,170500
600031,596,68,62,82100
601857,792,68,38,240200
600150,683,68,50,76700
600760,863,65,61,20600
600809,873,68,21,10300
601012,675,68,37,118400
600760,629,65,49,24900
601888,672,68,17,7100
600406,822,68,42,41500
600089,596,68,219,144500
688008,625,68,391,183132
600028,892,65,313,750000
601857,582,68,80,304600
603993,846,68,80,137100
600031,884,65,331,449200
600309,822,68,47,21000
601211,836,68,56,65400
601127,578,65,1232,979400
600150,606,65,1363,1406185
688012,796,65,201,68930
688981,889,68,287,255408
688111,896,68,125,54536
601127,572,65,991,771400
601127,877,65,124,45800
600887,846,65,196,189500
601127,841,65,88,52998
600276,874,65,294,282069
688111,789,68,143,64500
688012,786,65,670,209059
601012,840,68,73,172700
600809,674,68,30,11900
600028,605,68,421,2501300
603993,608,68,170,273500
603019,780,68,1513,629576
603019,808,68,56,32100
600031,890,68,153,209200
601658,573,68,156,2268500
600028,839,65,241,679100
600050,841,68,212,1109300
603019,860,65,105,61036
600183,867,68,276,81100
603019,880,68,57,26300
600760,615,65,72,47300
600930,590,68,114,913800
600309,656,65,311,149800
688041,664,68,429,218462
600309,780,68,566,235400
601988,784,68,54,1314300
688111,797,65,131,57651
688008,594,65,1878,863686
601688,798,65,110,148800
601127,804,68,71,38700
601919,803,65,161,165700
601088,583,65,450,241100
600089,583,68,135,199498
688111,808,68,110,47834
601127,825,68,30,19900
601127,841,68,42,48300
601012,851,65,111,292700
601166,889,65,105,251200
600028,583,68,149,1348900
688256,626,68,323,76951
601328,628,68,77,721000
601628,896,68,130,310900
688256,639,65,304,81965
600930,827,65,116,311200
600887,683,68,68,46400
600036,573,65,653,885500
601328,645,65,379,659400
600930,593,65,196,1988100
603501,687,68,27,13300
603019,789,65,101,52100
601012,789,65,106,146400
600406,574,65,495,688500
601288,679,65,565,1186000
601857,827,68,126,374600
600406,603,68,162,292100
688012,845,68,117,42260
600028,580,65,676,3100100
600519,835,65,137,17000
688256,846,65,218,55417
600028,848,68,43,600400
600050,801,65,56,367000
603019,855,68,51,52600
601668,579,65,629,10029700
688111,597,65,375,157820
601899,896,68,451,953845
601688,684,68,18,38500
688012,657,65,265,130266
688008,686,65,324,127206
601628,871,68,71,67700
601919,849,65,283,385200
600111,594,65,1069,433800
601857,652,68,59,304000
688012,608,68,369,127854
601728,650,68,42,251800
600276,673,68,125,140100
600519,815,65,153,23600
601600,644,65,695,3226100
600050,647,65,61,416500
600028,675,68,206,1360800
601668,609,68,138,1708800
601211,654,65,133,144000
603986,824,65,407,88500
601688,824,68,46,39100
688041,687,68,375,134498
600183,823,65,549,143900
603993,837,65,154,327800
601398,863,68,131,887600
600030,615,68,48,195600
600030,785,68,32,36200
600150,604,65,823,847167
600309,788,65,221,149200
601899,651,65,591,466700
688981,683,68,79,62252
600406,805,65,100,69800
688012,833,68,251,90122
600760,688,68,37,11500
600519,863,65,108,13600
601601,786,68,49,25300
688256,863,65,266,67065
601012,593,68,127,437821
601668,584,68,143,3016500
600276,783,68,58,43600
600111,595,65,492,266400
601166,840,65,149,314700
600111,877,65,172,123800
603501,620,65,142,68800
603993,603,65,846,1440200
601328,888,68,77,381600
600031,582,68,118,158200
600036,573,68,112,220600
600111,874,68,64,66200
603019,806,65,215,102200
603993,592,65,887,1796784
601601,654,65,105,49300
600276,661,65,442,429100
601728,686,65,60,83700
601688,576,68,72,162500
601658,650,65,88,396400
600519,636,68,148,16200
600900,574,65,912,1749000
601318,786,68,45,21900
603501,590,68,82,33200
688981,824,68,147,123463
601857,828,68,45,117100
688008,837,65,382,167800
601088,841,68,61,17000
600030,854,68,53,121300
688008,659,68,330,163557
601328,800,65,86,339200
688012,864,68,182,77191
600519,783,68,36,4400
600031,646,68,115,153600
601318,651,65,239,121400
600809,643,68,29,10200
601919,585,68,81,163400
601658,611,68,65,343700
601012,654,68,81,213968
600030,671,65,186,396500
600111,674,65,78,58100
601658,574,65,554,3128700
600050,626,68,36,104700
600030,785,65,130,131700
601318,801,68,80,63324
600930,825,68,50,330400
601211,828,65,179,85300
600887,844,65,251,272600
600760,646,68,44,24500
601127,839,65,160,52800
600309,862,68,315,204881
601628,894,68,85,251300
601088,852,65,118,58100
601127,817,65,64,23100
600028,859,65,247,1163900
601088,862,65,110,34500
603259,786,65,427,155160
600036,688,65,236,112100
601288,583,65,847,4152500
601857,803,68,50,224300
601668,793,68,49,519400
601318,846,68,83,58100
600406,852,65,254,221600
600036,853,68,81,91700
600050,861,68,29,85900
601899,570,65,9152,14902889
601328,874,68,79,276100
601328,806,65,295,551000
600406,867,68,75,89361
603019,880,65,164,105200
600183,804,65,353,132900
688041,612,68,442,188201
601899,634,65,637,1024691
688012,626,68,366,122366
600887,686,68,33,94500
600406,793,68,24,30800
601600,593,65,874,2113200
600276,810,68,108,90900
601318,849,68,88,54300
601211,845,68,20,20000
600111,610,68,94,171200
688041,810,68,321,111409
601919,866,68,27,63700
601899,830,68,160,292100
603993,634,68,137,219400
600887,840,65,390,191400
688012,794,68,129,52002
600887,625,68,41,38500
600111,592,68,95,105800
601166,661,68,30,21500
601988,656,68,72,702200
600760,570,68,409,317353
600887,823,68,36,18700
600030,852,65,170,317600
601088,873,65,131,83000
603993,627,65,358,1050800
600036,843,68,62,74200
601088,598,65,380,173600
601919,594,68,51,45900
601288,667,65,460,1326000
601166,799,68,28,64500
603501,855,68,69,36350
601398,669,65,322,687400
600519,685,68,48,5100
601628,673,68,25,17500
600031,606,68,186,381400
600930,866,68,59,308700
601012,687,65,700,327100
688256,827,68,186,39689
600150,622,68,145,133700
600406,591,65,442,681000
601728,585,68,34,101000
600309,781,68,114,88300
600809,641,68,61,26100
600760,789,65,72,44600
688008,850,65,415,177870
600406,893,68,124,231300
688008,797,65,535,239724
688981,894,68,296,250720
600050,821,68,22,103100
603993,613,68,130,625200
601658,590,65,424,2526200
600183,628,68,531,173700
601919,877,68,44,81600
601601,883,65,209,126600
601857,890,65,275,541700
600309,663,65,133,73000
601088,593,68,104,50300
601088,845,65,117,66200
601688,823,65,179,191100
601600,592,68,168,1502400
601288,889,68,326,1766364
600111,846,68,58,22400
603501,821,68,79,35300
601328,856,65,118,409100
601088,617,65,253,110000
600089,575,65,562,862000
603259,682,65,308,167920
601328,653,65,119,472500
601398,799,65,433,704400
600031,855,68,119,162900
600150,626,65,342,435031
600519,796,65,111,16100
601688,887,65,230,361600
600031,657,65,296,458100
601628,613,65,156,73300
601688,676,65,159,172800
600111,648,65,143,162300
688981,612,65,754,406701
600309,803,68,60,19900
601668,840,68,237,6495490
601988,657,65,440,3472900
601919,675,68,110,160402
601628,584,68,80,61100
601658,832,68,39,111000
600309,618,65,1667,1223032
600150,637,65,474,292309
600887,610,68,142,135100
600930,612,68,46,404000
600050,689,68,102,621800
600930,780,65,820,4420700
600309,575,68,270,162065
600183,673,65,355,167405
600183,638,68,359,104900
601728,877,65,153,786500
600050,892,65,119,622600
600183,570,65,9447,3350128
601288,667,68,183,369900
600030,579,65,666,1255200
603259,593,65,1587,555600
688111,818,68,107,54945
603986,836,68,398,51800
601888,662,65,84,56577
603986,614,65,1786,288481
600028,644,68,92,356800
600930,847,68,94,1116900
600183,808,68,372,107700
601899,643,68,114,137700
688012,839,68,214,79648
688981,857,65,269,188614
601857,862,68,40,88500
601166,866,68,41,108700
600519,891,65,141,25790
600111,597,65,611,351700
601012,670,68,54,279400
601688,841,68,16,54700
601857,829,65,111,339900
601127,648,65,249,99700
600900,660,65,845,1957900
600887,586,68,97,158600
601012,667,68,50,101700
601728,790,65,113,172600
601658,809,65,48,320700
601088,881,65,60,39000
601988,789,65,362,1082700
600309,890,65,423,282000
688041,852,65,246,80572
601668,577,65,297,5745700
688012,863,65,428,173602
603501,865,68,46,15600
600887,849,68,92,83700
601888,876,68,34,22600
600089,891,68,101,202600
603986,599,68,1039,243737
600183,586,68,715,327700
600276,630,68,65,67800
601288,832,65,549,3463700
600089,637,65,468,459298
601328,576,68,123,754300
600519,807,68,43,7000
688008,846,68,256,114268
601088,588,65,269,137300
600760,619,68,28,24205
601899,655,68,74,89700
688256,630,65,397,95416
688111,675,65,64,28747
601012,681,65,104,149700
688981,888,65,455,306361
601166,645,65,102,308500
603993,653,65,398,626100
600900,807,65,381,608367
601628,811,68,51,19200
600111,851,65,110,50100
600406,882,68,115,126900
600183,840,65,489,132400
688981,790,65,254,176175
600050,623,68,30,108900
600111,594,68,650,201000
600900,850,68,146,416300
600519,601,65,279,51100
600150,863,65,542,269100
600030,624,65,160,291285
601628,889,68,63,42400
600030,658,68,36,32100
600519,679,68,79,10000
601600,573,68,210,858200
600519,599,68,145,24320
688012,592,65,897,298424
601398,621,68,158,1619200
600089,801,65,256,495341
601318,848,65,315,124400
601628,658,65,85,62500
688041,688,68,386,128712
601601,876,68,159,75000
601288,846,68,142,563200
600309,868,68,134,71800
603993,648,68,148,413800
600089,866,68,43,55500
600183,586,65,2761,910900
601328,638,68,51,213500
603259,784,68,214,95883
688012,885,68,270,114460
600809,650,68,28,5300
600760,673,65,375,144292
601328,629,68,48,151000
603501,807,65,100,44500
600030,585,68,130,179400
688981,659,65,324,269352
601988,869,65,139,672200
600111,609,68,182,531900
601211,598,65,307,510834
688012,634,68,463,143265
600050,635,68,49,316300
600028,826,68,54,163600
603986,868,65,316,72700
601012,680,65,200,387900
600900,663,68,115,234200
600276,887,65,311,257500
600519,813,68,39,6900
601899,630,65,1359,1472300
601398,620,68,241,2422900
688111,813,65,164,57932
601088,651,68,82,63300
688981,896,68,263,242214
600183,810,68,335,107400
600031,661,65,227,357900
601211,802,68,36,73600
601211,786,68,15,14100
601600,829,68,99,1150900
601398,798,68,70,1056100
600031,602,65,385,408400
601658,875,65,102,448100
601888,789,65,93,76075
601088,821,65,191,106600
601628,623,65,123,62700
600930,598,68,68,354000
600406,689,68,56,42200
600276,809,68,93,87700
600760,810,65,46,137200
600930,795,65,163,446100
603501,678,65,50,33100
600276,654,65,294,207300
600930,797,65,76,473500
600111,686,68,36,33000
600406,828,65,390,645300
688041,833,68,203,93223
688008,792,68,423,200386
688012,652,65,295,101480
600028,851,65,872,1583000
600406,621,68,59,57800
601166,865,68,30,58000
600406,880,68,57,86100
600050,887,65,247,470700
688012,893,65,293,115459
601728,575,68,156,476400
601688,801,65,84,168900
601601,832,68,70,68400
600809,847,68,27,10500
601398,852,65,513,2886200
601012,678,65,116,163100
688041,793,65,361,127214
600028,628,68,162,913700
601398,610,68,130,1838800
600031,645,65,267,339000
601988,577,68,177,1293300
600809,663,65,74,30100
601318,582,68,259,230826
601318,650,65,336,229400
600031,667,65,217,269300
601988,792,65,130,607800
600030,580,65,601,793800
601398,616,68,160,1703800
601328,656,68,28,251200
603501,800,65,89,34400
600519,677,68,40,4843
600760,849,65,50,67600
688256,594,65,751,173167
601988,854,68,62,927700
601288,866,65,225,968300
601398,636,65,176,768900
601628,853,65,114,41500
600030,577,68,90,144200
688981,600,68,1332,527086
603986,841,65,851,126132
600930,861,65,520,2267200
601127,886,68,107,32600
600183,818,65,849,239500
601919,883,65,322,279700
600031,885,65,382,545900
600030,669,65,163,214800
601328,611,65,406,969100
603986,872,68,348,63100
600900,823,68,64,159600
600900,858,68,123,195500
601288,814,65,296,842700
600050,785,65,100,466700
600031,786,65,267,402600
600111,687,65,77,101600
600809,682,65,40,10400
601601,573,68,85,108100
600887,651,65,220,167000
600031,666,65,257,367400
600050,817,68,41,100900
600050,685,65,96,561900
601899,588,68,577,776400
600406,661,68,31,41800
601668,571,68,102,2920800
603986,687,68,141,28500
600111,612,68,58,31600
600519,850,65,73,9100
688111,848,65,105,55858
601127,894,65,240,462642
603501,584,68,128,58500
601658,819,68,113,487800
601166,604,65,222,602700
601899,605,68,405,558900
601127,640,65,186,39100
688256,808,65,238,58135
601728,864,68,33,108200
600406,676,68,19,19700
600036,817,68,90,62900
600887,787,68,81,76500
601127,783,65,92,39128
600760,783,68,20,14200
600183,619,68,677,287550
688111,806,65,153,67788
600519,786,65,119,14600
600183,834,68,175,68100
601601,851,65,195,275700
600089,630,65,264,323990
688008,855,68,359,148121
601288,879,68,263,1690200
600809,602,68,90,28200
688981,637,65,352,259216
601012,791,65,146,267000
600183,825,68,151,33800
688041,595,68,554,250171
601688,830,65,314,408600
688256,884,65,240,52757
600150,585,68,315,404061
601688,868,68,25,72300
688981,894,65,507,374236
600089,618,68,31,45600
601988,586,65,1355,8328277
600150,577,68,408,528728
600028,622,68,94,490700
601211,796,65,168,367400
600887,672,68,37,36600
600050,803,68,25,130700
601888,834,68,23,25300
603993,846,65,194,421300
600111,822,68,47,61000
600900,889,65,353,632200
603993,630,68,103,161000
600887,590,68,260,373000
600036,645,68,65,71100
600519,609,65,394,66900
600028,797,68,326,2843400
601857,838,65,177,591000
600031,649,65,274,463700
600406,817,68,67,53500
600930,851,65,254,955700
600111,592,65,426,402050
600036,673,65,246,209500
688008,851,65,394,167851
600887,885,68,132,197100
600309,885,65,343,239700
603501,892,65,173,80900
688041,782,68,247,100675
601288,800,68,470,4661000
601628,801,68,25,13100
601919,600,65,641,476700
601628,674,68,37,39100
600406,675,68,32,51400
601919,606,65,272,294780
688041,601,68,591,218230
601288,835,68,108,590600
600406,895,65,168,314300
603501,682,65,60,20600
688111,827,65,157,70746
603019,637,68,684,189300
601288,638,68,161,961400
688012,670,65,286,115217
601688,689,68,62,192400
688008,868,68,200,91781
600111,879,68,75,50100
601728,639,68,126,190400
601728,845,68,24,73100
600183,781,65,1133,285800
600760,651,68,19,40200
688008,848,65,791,310752
688111,684,65,56,24473
600183,807,68,302,82500
601728,879,68,62,705100
601211,893,68,90,343566
603993,785,68,200,428300
600050,683,68,142,1578600
600111,884,68,80,75500
601328,871,68,219,1777968
601166,634,68,34,27400
601899,604,65,877,772900
601288,838,68,131,554300
600900,658,65,547,978682
601318,669,65,201,101400
603259,804,65,271,93400
600309,623,65,627,347300
601601,856,65,156,174600
600406,618,68,234,190700
688008,657,68,384,160385
688111,873,65,88,36051
601166,882,65,102,200500
600183,801,65,422,124600
601600,841,65,596,1740100
601658,865,68,161,858600
603259,672,68,146,42880
601166,613,68,45,263000
688012,850,68,201,77751
601888,793,65,52,44800
600031,574,68,129,251800
601088,616,68,52,23700
603259,679,68,103,25900
603986,831,65,830,112400
601288,631,65,590,2443400
600760,651,65,39,111132
600809,625,68,131,26200
601398,659,68,176,636400
600309,827,65,123,43000
601688,661,68,64,159900
601211,658,65,84,138500
601088,808,65,103,51500
603259,675,68,140,51800
601857,654,65,141,204100
600150,658,65,430,466068
601288,597,65,1108,8053400
688008,611,68,876,352430
688256,670,68,141,34653
600183,783,65,807,252390
601211,596,65,421,616300
601888,605,68,127,91600
600406,679,65,107,124100
688008,795,65,490,251458
600930,804,68,74,515800
601601,830,68,47,35200
601088,857,68,23,12300
603019,868,68,62,55100
600760,586,65,374,272300
600887,608,65,558,645000
600900,783,68,95,366500
601127,873,68,114,59800
601012,877,68,77,140000
688111,893,68,115,49281
600900,682,65,161,279000
600028,814,65,154,588400
600900,844,68,159,309500
600887,605,65,1095,1658300
600900,611,68,181,533100
603993,799,65,289,393400
601328,867,68,56,403200
688012,639,65,328,127927
603501,660,65,384,112100
600150,653,68,109,131833
601600,880,65,650,2050300
601166,677,68,22,58900
603986,810,65,481,117200
600028,586,65,641,2656700
601318,868,68,116,61800
600150,895,65,698,712032
601668,791,65,68,1022400
600111,819,68,43,35800
601127,827,65,104,31000
600887,642,68,82,132900
688012,664,65,267,99511
600930,660,65,206,794700
600809,806,68,16,2800
603259,660,68,234,82600
600089,823,65,111,155400
600036,675,68,52,72200
601899,782,68,152,197800
601166,616,65,116,596700
601088,660,65,115,56100
600031,636,68,81,82400
601600,813,68,77,157800
688256,686,68,152,37947
600309,637,68,103,42800
603986,592,68,793,239441
688111,646,65,117,47357
601888,583,65,253,164100
600276,799,68,66,130500
603986,809,65,340,69400
601628,671,65,244,193600
688981,577,68,453,290893
600150,817,65,266,152589
600036,860,68,71,117800
688008,637,68,364,141570
688041,861,65,400,151360
601398,677,68,82,776600
688981,590,65,1177,643224
601658,631,65,107,333300
600900,677,65,273,256400
600276,855,68,78,62600
601628,882,65,95,53100
601600,603,68,154,669500
688008,629,65,460,191195
688012,661,68,234,83449
601166,669,65,83,56400
600028,830,68,47,426800
600809,648,65,79,23600
600089,626,68,188,271200
688041,621,65,494,178435
600809,853,65,63,16000
601919,662,68,29,87600
601318,671,65,384,309466
600028,784,68,44,328900
688256,876,68,204,48712
601628,791,68,25,12500
603986,613,65,2107,487964
601899,787,68,291,794100
600111,635,65,140,192000
600900,887,65,388,407100
601988,869,68,91,792500
600036,615,68,120,84300
601328,639,65,122,345800
688111,596,65,367,156691
600809,655,65,90,28500
603259,583,65,1616,605300
688008,587,65,3121,1477606
600519,665,68,77,11800
601318,656,65,232,123900
601919,783,68,47,149700
601127,591,65,548,317800
601888,643,68,57,27200
600183,879,68,352,125007
600887,622,68,83,78300
601318,797,65,268,135500
601668,626,65,675,6561600
688981,815,65,236,145685
601328,613,68,161,461000
600030,584,65,577,936300
601211,584,68,160,165300
601888,677,68,11,16900
600036,800,65,299,188800
601628,617,68,32,18600
600406,808,68,74,166500
601601,637,68,56,54000
601688,665,65,277,367700
600028,627,68,113,377000
688981,649,68,195,162408
688256,681,65,230,57630
600406,796,65,207,449926
603986,807,65,473,91014
600276,865,65,210,142500
601088,874,65,183,79800
688012,625,68,232,85766
600036,849,68,87,85300
600028,790,65,362,1371000
688008,886,68,391,173737
601328,673,68,21,174200
601658,843,68,23,81100
601658,811,65,139,416400
600030,633,65,206,202000
600900,814,68,237,328300
601318,866,65,388,226100
601601,620,68,97,124500
601688,781,65,162,211400
600309,886,68,219,163100
688256,856,68,152,37583
600309,837,65,537,307300
688256,843,68,143,35906
688008,573,68,809,425903
600930,607,68,72,420600
603019,803,65,123,62100
601888,632,65,729,163100
601668,835,68,36,549500
603019,579,65,651,408603
601988,859,68,75,1074900
600028,887,65,473,1087200
601628,890,68,101,33000
600050,806,65,66,358500
600028,842,65,331,1289400
601601,587,65,522,358200
688111,596,68,309,130027
600519,616,65,282,46100
688981,600,65,1132,531962
600111,673,65,92,97100
601318,847,68,101,37900
601328,572,68,193,1184200
600111,582,68,161,143000
600309,832,68,115,61100
601888,590,65,260,202400
603986,644,68,143,24400
601600,846,68,217,1478100
600930,895,65,385,962600
601658,644,65,209,2103100
601328,684,65,93,270900
601288,810,65,855,6078700
600089,614,68,237,204500
600760,612,68,51,31900
601601,660,65,188,86600
600900,572,68,247,601802
688256,602,65,391,99394
600406,890,68,112,117400
601166,581,68,86,296000
601658,658,68,31,103700
688008,656,65,553,231864
600028,581,65,766,2983400
688111,676,68,120,55775
601398,612,65,843,3382700
603993,625,68,141,272300
600028,657,68,46,133600
600887,787,65,312,322500
601328,787,68,19,276000
601688,788,65,86,152300
601988,574,65,707,6388800
601328,585,65,248,1050900
600809,576,65,265,86872
601919,596,65,574,293700
600031,650,65,267,526600
601211,792,68,105,185900
688256,793,68,323,69853
600930,685,68,73,161200
601166,649,68,19,40800
688012,615,65,587,174059
603993,608,65,692,794700
601012,687,68,560,255800
601166,792,68,32,66300
601398,576,68,322,3593400
601318,807,65,274,172700
600930,821,68,44,176100
601601,826,68,97,96300
603501,836,68,58,35600
600030,585,65,684,1150800
600150,806,65,351,232300
603993,797,65,210,432400
600887,795,68,62,47800
601899,800,68,241,621300
600519,605,68,169,31000
601127,802,65,108,49700
600030,811,68,107,98700
603993,570,65,9392,16556290
601988,866,65,284,1567300
601728,626,65,142,499500
600519,875,68,94,11400
600519,659,65,171,23100
603019,605,68,328,250236
688012,869,68,195,85275
688041,878,65,357,128835
600036,881,65,281,211500
601328,614,65,226,1916900
688012,802,65,196,73827
600309,602,65,642,347000
601628,843,68,62,43500
601668,893,68,591,4086000
600031,648,68,119,243800
688041,609,68,461,178227
600050,830,68,56,940800
600111,868,68,69,57200
601628,891,68,53,57000
601728,845,65,97,129400
688111,811,65,128,58239
600809,893,65,110,38300
600030,878,68,88,202000
601166,879,68,46,110600
600309,604,68,100,70800
600089,887,68,69,118900
601211,877,65,230,218060
601318,794,68,44,21100
603501,867,65,82,39600
600760,791,68,11,4991
603993,894,68,357,473200
688008,627,65,784,314109
601888,869,68,27,11600
600031,620,68,77,62900
601601,794,68,63,39400
600089,810,68,51,218700
688256,826,68,376,94005
600111,834,68,60,71700
601328,681,65,58,370100
688012,859,68,295,113784
603986,660,65,610,90800
688981,636,65,304,225164
600030,685,65,81,62600
600930,617,68,37,88200
600150,575,65,2173,2179039
688981,790,68,162,135015
601318,667,65,168,75400
601899,859,65,440,408400
601899,870,65,842,827200
601857,788,65,270,960600
600760,868,68,44,17600
601628,655,68,24,16400
601919,894,68,147,345601
688256,571,68,370,115924
601328,679,65,91,304300
603986,873,65,499,100130
600900,895,68,355,451700
600030,867,68,135,304745
600183,886,65,675,185500
688256,581,65,460,125573
603993,594,65,1065,2228100
600900,642,65,571,728900
600406,856,65,104,107600
601012,806,65,103,168200
603986,826,65,516,89200
600030,598,65,169,401590
688111,602,68,178,81142
603501,651,65,133,46100
601857,823,68,72,199900
688981,838,65,136,99857
601888,680,68,8,3100
600111,599,68,88,171587
601166,810,65,99,98700
688008,639,65,682,257283
600183,572,68,1544,397010
601857,661,65,114,239000
601688,578,68,37,80800
603993,651,68,142,216100
600111,625,65,228,264100
600309,661,68,75,35000
601919,675,65,398,323202
601888,796,68,59,43300
601211,797,65,282,301859
603993,814,65,181,335800
601628,821,65,124,67700
600030,790,68,135,135600
601211,840,65,564,743426
601888,853,65,97,51300
600887,848,65,253,192600
600111,678,65,102,57600
600031,662,65,153,125700
600089,634,68,24,94200
688041,862,68,232,84326
688981,875,65,288,234232
600036,591,65,537,316400
601628,850,65,115,62100
601668,843,68,71,1529400
603993,806,65,254,423400
601012,632,65,276,371200
601658,687,68,46,322000
601318,610,68,104,112264
601601,611,68,37,30300
600050,871,65,119,577000
688256,580,65,496,129354
600760,595,65,159,133700
601988,572,65,809,4971850
601211,796,68,22,193400
600028,801,65,663,2469300
601857,655,65,198,667000
600111,680,68,40,67100
688041,686,68,355,151517
600760,831,68,13,7100
600036,844,68,46,60300
600406,632,65,185,183200
600111,857,68,50,40500
601601,675,68,34,53300
601166,593,68,96,386803
601088,620,68,93,61900
603259,653,68,106,35000
603501,857,65,87,25200
600276,593,65,1920,1968400
601288,784,68,154,557100
688256,851,65,288,74422
600900,790,65,196,789800
600036,682,68,152,116000
603993,666,65,306,333300
688008,829,65,325,143183
601166,631,65,161,413400
600183,635,68,873,220250
600183,589,65,5721,1853180
601600,614,65,308,704500
601601,798,65,120,62800
600028,843,65,227,295600
600028,821,68,54,318600
688008,859,68,209,92222
601688,625,68,49,99900
603986,860,68,787,109512
601658,881,68,103,1616400
600150,638,68,101,91749
601601,892,68,126,59600
600031,677,65,191,334400
688111,625,68,129,63171
603259,672,65,417,104180
601919,602,68,161,201800
600519,780,68,190,23100
600309,638,65,422,217600
601919,588,65,422,479700
603019,612,65,925,302600
601211,653,68,36,57200
601988,686,68,68,752750
601288,799,68,127,984200
600150,853,68,147,140100
601988,868,65,148,393900
688111,792,65,83,38417
603986,619,68,676,103800
600050,619,65,71,343900
603501,801,65,160,68400
603993,643,68,124,245400
688256,578,65,725,189473
600809,819,68,33,16000
600809,837,68,22,5000
601318,793,65,200,129600
603019,809,68,422,91600
600150,859,65,279,185900
600887,635,65,220,129200
688012,862,65,247,89222
601288,857,65,203,718300
600183,868,65,611,215400
601728,647,68,15,44000
600050,885,65,147,439700
600900,889,68,228,310700
688012,852,65,281,120060
603986,612,65,1373,320999
600309,788,68,108,45222
601600,656,68,65,142300
600519,876,65,84,11400
600111,880,65,186,131000
603993,671,65,234,534800
601166,680,65,124,115400
603993,582,68,371,998100
601688,867,68,30,57400
601088,802,68,32,12500
600150,571,68,348,531013
601668,604,65,354,2075320
601628,652,65,119,62900
688981,682,65,135,130833
603986,892,68,503,83000
601919,686,65,66,75900
601888,858,65,50,30500
601688,589,65,318,540500
600089,610,68,74,305200
600406,618,65,530,448800
600030,879,68,61,184945
601398,574,68,209,1594900
601166,844,68,20,79500
600028,827,68,59,255400
603019,601,65,1402,463700
601988,660,65,299,1727600
600276,873,68,71,54100
600809,591,65,316,115800
600900,799,68,126,286700
601658,671,65,82,298700
600809,863,65,73,17800
601088,652,65,178,84400
601328,685,68,20,64600
601988,596,68,149,1058600
601658,639,68,33,159200
601628,589,65,220,243300
600809,599,68,78,28400
601688,638,68,28,71600
601166,664,68,29,74900
601601,893,68,139,89872
600111,818,65,129,79800
600050,633,68,84,635700
601127,609,68,119,44500
601628,644,68,27,19700
601688,658,65,106,107100
600887,793,65,116,110300
601668,890,68,199,1197300
601288,613,65,696,3439900
603993,583,68,410,663500
601628,639,68,27,12000
601988,592,68,240,2225500
601988,685,68,87,186400
688256,685,65,122,27191
600031,604,68,249,598502
688981,805,68,234,179166
601688,635,68,102,365991
600050,795,68,25,435300
601211,827,68,37,48200
688041,858,68,271,97493
601988,627,65,420,2544400
601899,633,65,616,1157200
600519,636,65,231,35600
601600,876,68,114,241500
600887,866,65,302,546600
601012,895,68,548,431500
601328,677,65,118,293200
601318,610,65,389,353798
600406,787,65,139,129600
600900,577,65,908,1324400
601628,784,65,98,43100
603986,600,68,636,129630
600309,819,65,133,50000
601211,642,68,41,111500
601328,657,65,133,931800
600406,840,68,58,67100
603259,833,68,75,31400
603019,619,68,61,24300
688981,813,68,159,126423
600111,838,68,48,39100
600031,601,68,96,95700
601127,689,65,235,61300
601988,892,68,173,974100
601318,805,65,392,240500
688256,796,68,192,44208
600036,850,65,341,199300
601088,660,68,58,35300
600887,619,68,54,44900
601668,892,65,183,1016428
600111,666,65,79,51100
601668,785,68,30,424500
601658,607,65,269,2597800
601919,597,68,72,123800
688008,610,65,1227,620894
601012,603,68,73,149200
600519,635,65,287,34800
600183,813,68,296,91800
600050,822,65,55,227600
600183,870,65,661,252100
600276,590,65,714,696000
600519,877,68,37,4100
600309,646,68,224,76900
601211,573,65,429,1057149
601857,577,68,92,360200
600309,653,65,340,145100
688012,834,68,237,83950
601899,643,65,360,353600
601127,682,68,96,99500
600406,815,65,134,121800
601888,678,68,10,7600
601628,687,68,38,15500
600150,572,65,1829,1992432
601328,666,68,24,157400
600309,800,68,60,18600
601012,688,68,423,322300
603501,812,68,31,16700
600050,834,68,27,209100
601328,865,68,39,355100
600111,872,68,55,24611
600760,835,68,14,13800
601288,637,65,525,1957300
601688,687,68,24,47888
600309,852,65,320,189600
688008,874,65,328,148434
600089,645,68,294,225200
600900,646,65,410,287300
601688,579,65,235,551400
601888,659,65,51,27000
601398,680,68,49,151300
600031,791,68,53,54700
600030,894,65,248,517100
600028,895,65,272,876400
600050,585,65,384,4881900
603501,852,65,67,39100
600031,812,68,56,93000
601318,646,68,41,36400
600309,831,65,326,153900
600050,855,68,218,1602100
600309,585,65,1314,722200
601127,639,65,140,63500
600809,798,65,36,5700
600183,848,65,532,229000
601211,877,68,63,89500
601688,669,65,126,147400
600031,823,68,86,116600
688256,831,65,331,76258
600036,851,68,263,80000
688256,866,68,212,48534
600050,620,65,108,917100
688008,826,68,356,157318
601688,869,68,48,56700
688256,625,68,178,44245
600031,635,68,91,104600
601318,831,65,221,215600
601211,839,68,74,68300
600887,616,68,52,58805
688256,635,65,390,92078
601919,645,68,92,198700
688981,616,68,242,197531
688041,786,68,355,131008
601012,651,65,190,368332
603993,885,65,547,904100
600111,630,65,184,124500
603501,811,65,149,47600
600111,851,68,45,42100
601127,787,68,33,71000
600760,889,68,57,43900
688111,626,68,147,65727
601166,850,65,127,153800
601601,682,65,93,43800
600900,785,68,68,182400
688041,796,68,279,100477
688012,632,65,424,158985
688012,636,68,318,115757
601328,643,68,70,197000
688008,797,68,363,152946
601328,802,65,263,1028200
600900,893,65,499,667600
600183,665,68,157,44900
601988,641,65,265,1586800
601318,655,65,218,94800
600900,852,65,356,281000
600887,853,65,280,238500
601166,849,65,103,138200
601668,789,68,93,486700
601398,811,68,80,523700
601211,880,65,303,213620
603259,647,68,104,29194
601857,653,68,36,351500
601919,807,65,130,141300
600930,606,65,173,1179100
601211,797,68,84,132559
600809,886,68,60,23100
601601,799,65,146,63600
601318,614,68,111,224387
600031,639,68,86,148300
600900,584,65,777,1164600
600111,629,65,134,132500
601899,671,65,258,256400
603986,840,65,473,102300
601728,886,68,71,200900
600887,652,68,50,30900
603019,833,68,40,17909
601658,628,68,59,530000
688981,651,65,197,146577
601857,687,65,218,449500
601658,817,65,86,577700
688981,878,68,223,165238
601328,861,68,31,113200
603019,793,68,30,17400
601857,825,68,94,216900
600930,891,65,252,879900
688012,590,68,548,195939
600406,800,65,158,200800
600111,825,65,110,155500
600900,672,65,315,377001
600111,584,68,136,162188
600028,614,68,122,267500
600309,669,65,222,114100
601600,652,68,66,210100
688981,689,68,165,111794
601857,826,68,151,355100
600028,873,65,221,437100
600900,881,65,344,917700
600930,671,65,158,1435900
600150,887,68,250,138553
601288,592,65,1089,4407100
601857,881,65,268,480102
603986,655,68,587,83800
601127,620,68,61,43000
600760,858,65,52,23300
601127,889,68,114,55900
688008,789,65,629,252489
601318,646,65,213,183100
603986,788,65,536,98500
601600,689,65,274,580600
601211,626,68,57,163600
601628,888,68,53,36100
603259,623,68,151,48900
601857,858,68,83,340600
600309,804,68,93,56100
600089,678,68,54,140470
601012,625,68,74,151500
688008,821,65,671,320039
600150,888,65,597,518932
601988,639,65,142,707900
688981,816,68,165,123963
601628,583,68,53,42900
601328,604,68,63,544700
601899,868,65,662,861100
600028,641,65,201,1238500
600111,820,68,39,25800
603993,597,65,1662,1950400
601288,837,68,119,561900
601888,841,65,46,19200
601328,868,65,122,317900
600028,874,65,166,688700
688256,886,65,334,88063
601668,889,65,164,1746600
688012,674,65,432,144761
603993,820,68,99,281700
601211,869,65,114,86700
601211,806,68,27,37400
688111,880,65,158,74782
600089,795,68,25,29000
601601,783,68,42,33100
601166,803,65,114,255500
600930,783,65,100,315700
600089,831,65,119,121600
688008,644,68,239,111578
601988,834,68,117,1258900
688012,591,65,605,248962
688041,574,68,485,259421
688012,687,68,235,95492
600150,650,65,526,336541
600150,810,65,413,510168
600028,812,65,390,1026970
601601,666,68,19,16900
600930,787,68,67,242200
600930,668,65,153,715800
601688,838,68,17,17800
600309,853,68,469,457100
601288,642,68,427,3786100
601728,625,68,138,360200
600930,577,68,98,724800
603019,594,68,1867,455700
688041,891,68,389,142579
688012,783,68,308,103325
601688,592,68,44,96493
601668,584,65,493,5742300
601668,811,68,121,3779800
601012,605,65,416,784800
600887,609,68,81,188500
688008,579,68,1362,684789
601988,590,65,835,3517900
601088,798,68,46,14900
600028,849,65,262,660000
601398,857,65,204,1083400
601899,602,65,831,1148300
600276,653,68,90,85897
600760,641,65,58,95800
601288,783,65,589,3642300
603501,786,65,120,74000
600760,821,68,36,24800
601211,635,68,28,50200
601919,878,68,45,79000
601288,806,68,83,291700
601888,880,65,65,51600
601628,630,65,126,172800
600036,838,68,52,28000
601728,621,65,70,246900
600930,634,65,117,382000
688256,801,65,308,71164
601127,845,68,93,34400
600930,848,68,142,1296100
601628,883,65,122,91500
601658,863,68,124,1149900
601899,579,68,592,843100
603019,613,65,327,201700
601888,812,65,87,54700
601658,835,65,59,437800
603501,649,65,68,26500
600930,646,65,113,537000
601888,818,65,111,70900
601166,852,68,85,171600
601857,623,65,256,735100
601628,576,65,473,574000
603019,630,65,383,104600
600183,672,65,732,222823
601919,822,65,125,118400
600887,789,65,239,213400
601127,883,65,171,62100
688981,791,65,278,228139
600028,835,65,236,400900
601899,591,65,1417,1467400
603993,786,65,492,922200
600183,890,68,531,154100
600887,635,68,111,70400
601166,686,65,128,114600
601127,634,65,191,59600
601628,783,68,12,21400
600036,831,65,506,200900
603259,685,65,226,62600
601628,837,68,36,35300
601857,840,65,417,657400
600809,832,68,19,20700
601398,841,65,557,2850400
603019,621,68,64,33400
600183,606,65,1255,396500
600089,647,68,33,77300
601088,598,68,148,72300
688981,670,68,202,163173
688111,666,68,91,42206
600031,684,65,96,90900
600031,831,68,113,190200
600930,610,65,140,732800
600930,681,65,101,372100
600089,682,65,46,69900
601658,872,68,84,828000
600930,885,68,153,416696
600809,675,68,23,7000
688981,799,68,190,153178
603993,884,65,431,723000
603259,888,68,203,84948
600050,895,65,144,337200
601318,688,65,228,86900
601601,591,65,632,614800
603501,594,65,173,69500
688111,654,68,111,57283
600309,865,65,575,298988
600028,676,65,238,697600
600309,879,65,234,140200
600406,656,65,148,93200
600028,600,68,382,2517100
600150,670,68,53,47700
601988,633,65,273,1535000
603019,803,68,41,13700
600028,588,65,598,2603400
600030,805,65,285,210000
688041,842,68,298,104711
601398,874,68,136,1221800
600183,632,65,767,224303
601328,609,68,101,567800
601398,649,65,228,817200
601288,885,68,301,1064800
688256,809,65,325,81339
600276,662,65,471,299000
688981,681,65,202,170180
601398,682,68,106,3031200
600930,837,65,179,820300
601628,580,65,488,319300
600930,682,68,122,362000
603993,868,68,145,255800
600150,616,65,453,476418
600309,886,65,323,232900
603259,619,65,1267,333280
601328,619,68,53,331700
601857,795,68,26,28400
600150,845,68,106,73700
600050,606,68,69,793100
688256,865,65,237,59546
688012,687,65,279,103925
688256,792,65,233,63998
688041,680,65,672,239895
601628,794,65,67,44200
601328,668,65,195,407600
600309,678,68,32,28700
688111,689,65,111,47398
601628,610,68,55,33400
601601,866,65,209,104600
600309,687,68,58,25200
601668,860,65,124,735300
600809,650,65,78,18700
603259,607,65,799,221896
601127,681,68,104,35100
601688,676,68,27,49300
600809,798,68,14,3200
601012,788,68,53,92400
600930,617,65,100,479800
600111,792,68,33,44900
600900,798,65,481,860700
600309,857,68,328,315100
600809,632,68,37,6600
600183,790,68,242,91100
601318,812,65,237,213200
601658,597,68,175,1638400
600089,673,68,22,22700
601628,867,65,150,77000
600900,597,65,589,666200
600030,817,65,194,155400
603019,634,68,35,15200
688111,578,65,429,171640
600519,595,65,191,26600
600276,595,65,1365,912500
603259,827,68,231,76300
688041,687,65,527,176595
601919,583,65,596,966000
600519,829,68,62,8400
601088,670,68,34,22300
603993,610,68,229,725200
600111,802,65,133,79100
601318,832,65,231,150800
600519,843,65,84,15800
601668,575,65,373,4857400
600809,884,65,114,21000
601088,839,65,76,22600
601668,627,68,513,3105580
601398,855,65,231,1874829
601088,623,65,205,60200
601127,874,68,91,144400
600028,866,65,271,1057400
600111,631,68,57,41300
688041,796,65,451,169066
601857,615,65,348,667900
600519,846,65,106,15600
603019,652,68,448,79900
600809,803,68,40,9700
601628,577,65,471,545600
600031,803,65,198,227700
600150,817,68,100,107500
601328,854,65,189,1281100
600036,680,65,172,87100
600809,895,65,118,31500
603986,596,68,884,174730
600050,669,65,55,553500
600809,796,68,22,4700
601012,863,65,109,128200
688111,858,68,78,42413
688981,821,68,179,154775
600031,892,65,589,606600
600036,870,65,497,365500
601919,792,68,79,119710
600031,626,68,104,300900
600111,621,68,80,42000
601888,661,68,67,39100
600809,834,68,22,13600
600050,870,68,104,1490200
603259,606,65,546,169404
601318,676,65,170,77900
601601,606,65,252,264700
600809,596,68,63,19300
601398,581,68,126,564500
688041,856,68,304,131811
600089,789,65,91,249700
603986,875,68,263,70000
688111,609,68,289,120579
600809,623,68,140,42600
601888,783,68,28,19600
600028,811,65,593,1505500
600309,606,68,73,36100
601012,656,68,65,99500
600183,653,68,234,73100
601857,782,65,559,2627400
601127,805,65,101,68500
600276,789,65,203,242000
688256,654,68,276,59119
688256,888,68,266,61290
600031,586,68,101,156200
601988,624,68,155,1334400
601318,829,65,288,198700
601012,610,68,111,402500
600406,636,65,109,67000
600887,838,68,88,95500
603019,870,68,50,29600
601988,830,65,136,702700
601318,596,68,126,233500
688981,834,65,263,157814
600760,838,65,78,109600
601288,840,65,521,3205600
688041,896,68,198,78488
688111,591,65,363,158202
601328,793,68,40,255100
601988,675,68,124,916600
603986,689,68,166,63600
600036,613,65,397,199900
603501,579,68,145,60800
601988,658,68,57,115500
600900,596,68,137,261300
600930,625,65,188,1124800
688012,861,68,161,70288
600519,650,65,171,21500
601088,608,65,269,142500
601088,673,65,105,48200
600030,625,68,101,68900
600930,787,65,112,394000
600089,816,68,44,73900
601899,601,68,335,546100
600406,780,68,194,239156
601211,594,65,234,268700
600519,802,68,70,8700
601088,786,68,51,23700
603501,816,65,108,39500
600406,818,65,176,149600
600031,829,68,45,40400
600900,615,68,140,189700
600050,650,68,58,1152200
600519,837,68,81,11000
600309,841,65,536,300100
600183,859,68,212,88000
600150,891,68,185,178656
601288,886,68,245,883200
603019,678,68,48,38300
601600,622,65,432,1116600
601888,835,68,30,17200
601668,585,68,76,2187900
601888,857,65,76,41400
600050,622,68,40,320000
688981,849,65,212,149912
601166,893,65,143,343400
601658,643,65,69,325300
601012,647,68,66,127000
601328,634,65,290,776950
601211,669,65,164,266000
600900,803,68,84,115700
600519,821,68,97,11500
603993,848,65,220,999300
601728,822,65,74,165300
600930,844,68,82,110100
600760,619,65,46,42700
600183,804,68,156,43800
601688,674,68,46,102400
688256,808,68,204,50401
688981,815,68,155,115330
601628,645,68,45,25200
600309,579,68,162,98100
601328,637,68,37,152100
601688,601,68,45,182200
603019,686,68,33,26800
600309,648,68,116,89700
600887,620,65,330,233900
600519,584,65,302,38750
600111,600,68,123,122100
601888,618,68,45,51138
601988,817,65,561,2265100
600183,827,68,390,76500
603986,858,65,301,66600
601211,883,68,59,108800
601398,896,65,188,1305100
601688,896,68,165,235000
601988,888,68,117,886200
601318,592,65,486,397100
601012,583,65,1096,2153800
600089,685,68,25,158600
601988,811,65,221,2129700
688041,809,68,402,169566
600050,863,68,149,1139300
601318,866,68,153,317600
688981,648,65,715,275682
601688,650,68,32,121400
600030,667,68,20,24600
601318,588,65,680,577000
601318,668,65,221,75600
603019,685,65,226,119900
600036,799,65,362,193200
600519,846,68,57,9200
600276,876,68,83,61000
603993,879,68,188,529600
600150,625,68,127,223800
688041,787,65,457,161847
601888,794,65,77,39800
600030,886,65,219,309400
600050,617,68,29,248600
600887,586,65,525,709800
601857,638,68,20,57700
601658,592,68,175,1273300
601127,594,65,586,363400
688041,655,68,369,136140
600519,666,65,137,19100
600276,849,68,226,135100
600089,782,65,98,205140
601166,860,68,42,171200
601688,654,65,151,288000
600050,847,65,91,417300
601601,586,65,689,654200
603501,877,68,52,28500
601919,882,68,39,947700
600900,890,65,543,695608
600089,678,65,117,207470
603019,895,68,140,53310
688008,780,65,1461,675527
600276,591,68,277,174200
600887,646,68,47,47900
600519,798,65,133,22000
600519,806,68,29,3100
601166,807,68,31,143700
600150,608,68,355,515090
688041,656,68,335,127405
603501,600,68,188,40300
600930,820,68,81,633800
601857,839,68,60,172600
601919,853,68,63,194095
601728,685,65,62,73400
600809,598,68,55,26300
600930,857,68,58,801300
601688,643,68,36,52000
600031,584,65,425,450799
601328,614,68,44,485000
600111,824,68,31,18300
688041,887,68,385,196027
600900,896,65,315,777000
601668,859,65,127,869100
601211,668,65,111,342300
601668,605,65,446,2793500
688012,786,68,506,159255
600930,689,68,143,285900
600030,847,68,155,107275
688041,872,65,415,159146
600406,849,65,169,182800
688111,653,68,142,63441
600089,822,65,158,144282
601398,583,68,191,1289800
600111,656,68,45,72000
603259,852,65,289,75802
600030,812,65,150,451000
688111,887,65,164,69625
601888,640,65,119,131700
688111,682,65,73,30518
688012,800,68,237,85968
600406,647,68,44,50200
688008,630,65,635,354950
600760,635,65,43,48700
601857,670,65,89,221000
601012,838,68,33,70400
600030,786,68,78,38310
600930,827,68,48,160900
601328,857,68,60,201400
601857,836,68,23,34800
600930,881,65,513,1720696
600519,822,68,27,2800
600760,816,65,48,41500
601012,572,68,108,681420
600036,782,65,597,301400
601988,819,65,484,1112300
601328,578,68,309,1443700
603259,896,68,214,86000
600309,844,65,332,223500
600150,655,65,485,334868
600183,834,65,318,100600
601857,614,65,301,883300
600276,676,68,72,166800
601398,613,68,136,968200
601600,638,65,291,1032500
603019,624,68,63,63627
601600,648,68,68,426400
600900,788,68,66,146600
601658,587,68,396,3326200
601888,649,68,26,15100
601398,796,65,366,1489196
688981,819,68,346,253655
600900,826,65,228,304900
688111,640,68,78,35634
688111,685,68,62,27287
600309,850,68,195,191518
600809,681,68,11,2200
601318,827,65,218,133200
601658,851,65,95,579500
600050,857,68,55,208700
600760,870,68,58,34900
688012,872,65,258,96103
601012,671,68,41,89700
601688,822,68,68,58100
600887,656,65,201,172000
603501,818,68,37,24200
601288,801,68,103,441200
600150,861,65,386,309568
688111,884,65,163,84296
600406,891,68,149,224400
601919,637,68,130,267700
600028,670,68,31,78400
600760,798,65,33,20700
600050,644,68,22,59400
601398,652,65,342,848800
601318,831,68,73,38600
601658,836,65,79,603900
601127,651,65,230,171325
600111,886,68,119,121300
688041,781,68,318,118982
601318,605,65,400,273700
601919,640,65,282,283200
600309,826,68,40,18600
601288,848,65,426,2031000
600276,857,65,151,111600
603259,821,65,335,74300
603019,629,65,516,138600
688981,677,68,111,95359
600519,838,65,99,13200
600406,665,68,41,69500
688111,644,68,126,56107
601328,866,65,120,445000
688256,586,65,683,163603
601728,634,68,39,128700
600309,685,68,65,43100
601888,613,68,65,73400
688008,592,68,1144,499451
688111,825,68,82,39699
600309,859,68,420,516800
600406,674,68,22,16700
601668,815,68,43,395100
603986,618,68,578,138101
603993,799,68,140,220500
603986,587,68,1199,239100
601166,625,68,25,106900
603501,659,68,61,22600
600900,607,65,465,944850
603019,571,65,1291,697800
600760,799,68,25,19600
688256,887,68,256,55913
601668,833,65,95,588700
601318,598,65,371,494000
600887,681,65,209,127900
603501,871,68,36,17650
600183,579,68,949,388700
601398,808,68,112,184500
600036,654,65,288,117500
600111,610,65,356,343600
603501,802,68,142,94253
601857,824,68,54,163000
600036,624,68,60,57800
601600,665,65,369,763300
601688,581,65,227,511200
601899,832,65,461,578400
600519,648,65,215,30500
688008,834,65,337,173148
600309,848,65,249,125400
603986,850,68,242,42900
688111,687,68,126,57039
603986,580,65,1729,493957
600050,636,65,93,356100
600809,584,68,114,63600
601012,880,68,117,283400
601919,876,68,44,1108600
601398,799,68,124,259600
601688,837,65,74,107600
600309,570,65,2356,2601980
601211,884,68,35,91260
601728,613,68,44,263400
601328,650,68,47,148400
601288,675,65,498,1740300
601600,646,65,542,1599400
601166,782,65,220,357000
600030,649,65,151,193900
601658,613,68,34,386300
600050,814,68,26,389200
601398,822,68,103,510200
600930,785,68,49,299400
600760,837,65,82,59000
601318,630,68,146,127300
688041,590,68,753,354728
600089,842,65,120,118400
600809,679,65,74,11000
600309,640,65,294,152100
601888,622,68,59,45499
600887,786,68,73,110400
601318,622,68,66,60100
601658,650,68,77,131400
600111,678,68,33,68300
603259,795,68,87,20764
601288,805,65,285,846600
601888,669,65,32,22100
601919,843,65,223,275300
688041,844,68,312,113031
601211,597,68,57,470200
603993,644,65,381,1127100
600111,668,68,35,21500
688111,893,65,142,63040
601728,651,65,89,181800
601328,633,65,138,519100
601398,806,68,156,492400
601318,686,68,71,65100
601658,891,68,168,879200
600519,580,65,426,62974
688111,614,68,250,121247
600809,594,68,71,35300
603986,620,68,770,174154
601600,642,65,309,823200
688041,835,68,272,103736
601728,876,65,344,1268800
601012,640,68,343,358300
601988,886,68,133,507200
600036,806,68,57,47300
601166,631,68,53,136900
601988,803,68,63,752600
603501,613,68,171,42300
603993,656,68,77,220600
600276,812,68,69,57000
601857,593,65,425,834100
603019,599,65,1994,504000
601318,881,65,326,174000
688981,572,65,928,594614
601211,571,68,129,300446
600028,831,65,835,2835300
600089,663,68,22,75900
600183,787,65,879,281200
600050,788,65,62,711500
601166,876,68,48,57100
601127,876,68,68,79500
601668,789,65,132,565600
601398,884,65,255,1379000
600309,784,68,100,84000
600406,576,65,436,506400
600089,787,65,76,87900
601658,788,68,26,267600
601988,633,68,47,333000
600276,643,65,440,309100
601668,611,65,325,2092600
688041,674,68,431,150638
601988,780,68,656,2992990
600809,790,68,26,6100
601728,676,65,99,114400
603259,810,65,484,253900
688008,812,65,377,167178
603993,587,68,266,589300
688256,847,68,232,51898
601398,828,68,89,413900
601628,825,68,94,37800
601600,851,68,91,185200
601888,854,68,27,7700
688111,875,65,98,46237
688012,879,68,293,101180
601601,812,65,151,98600
603986,839,65,490,92300
601398,888,68,310,1467700
601988,793,68,213,806400
600111,580,68,92,108600
603501,826,65,118,39900
601211,661,68,22,22000
603993,618,68,116,203400
600887,634,65,225,274000
600809,882,68,45,17000
603259,644,65,1177,279600
601012,646,68,74,133800
603993,619,68,139,194400
600030,817,68,177,93200
601328,814,68,152,316400
601398,852,68,249,1865200
600276,886,68,149,272240
601398,892,68,447,2681031
600031,789,65,157,218000
601211,803,65,455,604399
600406,801,68,44,54300
601688,810,68,68,175400
601088,677,65,171,79500
603259,847,65,226,66300
600887,890,65,332,272806
603993,636,65,331,370800
601658,780,65,747,3638300
601688,782,68,47,207000
601211,824,65,171,106500
600183,807,65,501,233100
603986,623,65,745,160100
601288,791,68,238,2581800
600760,620,68,13,11300
601398,826,68,87,697900
601628,879,65,101,49600
600276,588,65,700,803000
603986,602,65,1270,309831
688012,851,68,219,84428
601919,826,68,33,43500
600309,621,65,925,569100
688008,665,68,333,140680
600276,628,68,113,108800
688111,666,65,119,50710
601328,686,68,129,860200
600150,607,68,157,353313
603986,651,65,480,110200
601628,839,68,22,263500
688111,857,68,97,43392
600028,798,68,129,835000
600309,578,65,1028,580100
601211,597,65,321,663224
600900,641,68,91,141050
601328,792,68,51,488500
688012,583,65,764,270528
601012,861,65,109,278300
601127,587,68,272,137700
600050,864,68,98,856500
600930,597,68,61,479300
601668,650,65,86,545300
603501,655,65,137,46800
600089,851,68,36,85700
600150,640,68,315,755670
600887,820,68,57,38400
688981,835,68,149,135510
600050,637,65,114,2331300
603501,674,68,31,17400
688012,656,68,300,102610
688012,826,65,349,113515
601628,849,65,109,44800
601328,865,65,120,240200
600276,655,65,238,161000
688008,654,65,515,243951
601658,667,68,92,511000
603993,603,68,181,475600
600150,824,68,77,36400
601628,653,65,63,29700
688012,584,68,321,111482
600900,809,68,110,101200
688256,818,68,195,43736
600030,662,65,176,178600
601088,623,68,45,13300
600406,783,68,29,83300
688041,665,65,392,155803
601728,784,68,40,107900
601628,685,65,70,36900
601628,646,68,40,13900
688256,820,65,252,65421
601328,821,68,27,204200
600406,824,65,136,157100
688041,825,65,755,282107
601127,834,65,120,46000
600887,842,68,41,54400
601088,849,65,146,46000
600406,850,68,66,77800
601211,831,68,27,47400
601658,878,68,70,754800
601211,842,68,62,78722
688012,887,68,301,110530
601601,656,65,90,60300
601658,847,68,37,105000
600111,809,68,56,37300
600031,659,65,291,515200
600809,662,68,29,7700
601088,820,65,216,100400
601166,576,68,50,252000
688012,627,65,445,155103
688256,575,65,709,180707
600309,664,65,265,115200
600887,685,68,32,27700
600930,615,68,55,236700
600276,635,65,381,290300
603501,670,65,77,24400
601668,620,68,100,969000
601919,810,68,170,281060
688041,654,65,300,107233
688111,816,65,90,45273
601688,831,68,60,125400
600028,847,65,159,473000
601668,794,65,231,1161700
600111,852,68,42,19400
600276,657,68,87,82900
600031,686,68,61,49900
601601,857,65,169,143000
600028,659,65,208,333400
603986,868,68,149,28100
601668,851,68,57,973800
601919,678,65,374,478800
600030,876,68,53,81600
688041,839,68,228,114080
600111,597,68,205,125200
603019,615,68,142,47300
601328,790,65,273,1611400
688008,585,65,2795,1407342
600887,803,65,185,121700
603986,573,65,2785,665200
601398,620,65,472,3632500
600111,780,68,265,528800
688012,820,65,356,124687
601857,861,68,153,247100
600309,841,68,170,95400
601888,859,68,33,21200
601398,868,68,232,1057600
688012,811,65,307,104399
600276,628,65,369,317200
601012,588,68,414,1126000
600150,668,65,377,388200
601888,674,65,49,32200
600030,830,68,53,94170
600809,870,65,52,24500
601888,630,65,123,124100
603501,849,68,77,31000
600276,839,65,190,144600
600028,861,68,103,545800
688111,863,68,101,49604
601899,608,65,800,944000
600030,865,65,200,274500
601127,584,68,271,132200
603259,676,68,78,20900
600036,803,68,45,18600
601318,863,65,299,140000
601668,894,68,548,4504756
601288,817,68,161,628600
601919,603,65,321,324300
601857,675,65,112,211900
600276,678,68,72,127900
600930,826,68,69,402500
600036,581,68,132,117739
601919,781,65,300,614800
601328,871,65,485,2405800
601628,686,65,61,45600
601668,628,68,89,797340
601899,846,65,522,505711
688981,823,68,198,168083
600887,893,65,272,279300
601211,783,65,214,165800
601288,680,65,286,636400
601628,603,65,161,144300
601899,788,65,326,461200
600930,806,68,103,232500
600519,625,68,110,13900
601088,886,68,57,42700
688111,616,68,223,89357
600276,828,65,178,155500
688256,660,65,330,76798
601668,807,68,671,9306960
600089,640,65,424,393596
601857,829,68,31,250300
688041,852,68,129,47540
601328,667,65,86,260065
601012,672,65,158,297600
601857,820,68,49,35100
600150,671,68,77,65219
600406,866,65,158,204600
601288,587,65,1272,8789000
601888,605,65,378,304800
601601,797,68,57,36400
600089,620,65,287,344800
600809,627,68,50,16100
600930,799,65,117,333900
688981,820,68,223,175710
601088,823,68,61,45400
601888,865,65,42,30500
601166,685,68,146,177000
600183,663,65,425,166000
688008,786,68,317,141363
601658,682,65,77,265400
600887,687,65,148,126700
688041,875,68,284,112946
601012,885,68,113,374900
603986,572,68,746,166587
600309,580,68,571,584100
600519,613,68,84,11100
600111,676,68,34,92500
601600,623,65,370,917000
600050,577,65,409,3316600
601127,593,65,340,166700
688111,865,65,118,47321
600030,637,65,162,275300
600760,689,65,105,141780
688111,872,68,55,21801
688008,875,65,354,167634
601318,571,65,1510,1247800
601668,667,68,52,639700
600028,669,65,157,388500
601888,626,68,68,88400
601899,629,68,122,157500
688111,861,65,136,61313
601088,837,65,100,39800
601318,885,68,134,127312
603993,791,65,429,669400
688012,849,68,256,95314
601601,856,68,61,84100
601601,624,68,28,15400
601166,672,68,39,103600
601688,570,68,291,941100
601166,632,65,94,221400
600150,592,68,107,87400
600031,814,68,58,84500
601398,813,65,206,1255400
601668,838,65,83,530000
600809,621,65,145,91400
600089,611,65,176,351700
600028,646,65,578,1066920
601988,824,65,275,938500
600150,813,68,182,113700
600150,832,68,86,55968
601668,632,68,40,639000
600089,864,65,127,262380
601857,817,65,200,266000
601600,625,65,427,1250300
600887,662,65,166,113207
600111,679,65,99,87200
601919,647,68,20,40400
600887,597,68,70,97600
600050,819,65,65,554300
600028,795,68,88,402800
600031,603,68,167,313700
688981,605,68,292,241197
601988,584,65,835,2782800
601728,677,65,45,126700
600036,627,68,116,65400
601127,617,65,356,154300
601398,657,65,269,863300
601127,689,68,179,67000
600760,594,65,291,99300
601857,790,68,81,438300
688008,813,68,390,175913
600031,683,68,28,47400
600111,681,65,178,85700
688012,573,68,237,85279
600030,615,65,185,213400
601088,794,68,55,23500
600028,668,68,28,142500
603986,680,68,180,35000
600089,857,68,44,76100
600031,640,65,186,185000
600183,639,65,591,201600
600519,583,65,230,33400
600519,810,68,26,3200
601988,861,65,243,787900
601888,625,68,832,192499
600031,889,68,139,195100
601328,573,68,93,945200
601888,642,68,58,108400
601398,791,68,163,2646100
688256,587,68,324,70939
600030,587,68,213,240892
601988,873,65,140,764100
601127,590,65,554,349600
601668,870,65,316,1002200
601012,827,65,156,245600
601088,785,68,40,39900
601899,861,68,182,176000
600111,887,68,89,68500
601857,610,68,67,192200
600028,660,68,58,172800
601728,676,68,14,123600
601088,653,65,180,85600
601600,678,65,156,300300
600309,588,65,668,329000
603986,819,68,526,109300
600050,827,65,84,1086700
600406,838,65,194,147700
601601,874,65,172,90000
600406,570,68,328,849694
600050,608,68,77,551200
601601,640,68,25,34200
601688,647,68,69,98700
600309,639,65,311,160000
600036,867,68,50,44000
600028,802,65,259,1030500
688041,879,65,440,155021
600930,677,65,123,339800
688256,638,65,470,111136
600760,614,65,150,115800
688041,792,65,397,139714
601601,614,65,254,236400
601211,603,68,36,53514
601088,817,65,98,58400
600183,837,65,311,93900
688111,679,68,116,56571
601127,630,68,76,190700
600760,657,68,10,5700
601318,671,68,218,115609
601398,788,65,219,1824500
601668,596,65,594,5813680
601288,685,68,100,1142700
601166,651,68,202,302000
600309,655,65,319,193200
600030,828,65,136,210985
600028,589,65,406,2401700
601728,834,65,60,293700
600930,836,65,86,462700
601328,864,65,105,301100
601899,673,68,268,286650
600050,798,68,25,91000
601857,803,65,329,485200
601088,576,65,439,225000
601899,586,65,1923,2354800
600111,643,68,39,14100
601919,651,68,38,53330
600887,801,68,95,99500
688256,807,68,183,47811
688041,583,68,640,245558
601211,593,68,142,324200
601288,591,65,1274,7721000
600031,587,68,106,178500
601012,594,68,114,240100
600030,595,65,356,464660
601668,597,68,540,5860180
600150,613,65,544,368216
601688,617,65,273,303500
601211,666,65,110,316100
601857,630,68,41,123500
600887,657,68,57,45500
600031,663,68,46,53000
688111,781,68,81,56110
688111,607,65,359,183436
600276,688,68,530,85500
600809,571,68,109,28995
600030,782,65,122,229400
601211,822,65,86,135500
600031,863,68,154,223700
601600,633,65,205,745600
601166,650,68,25,80900
601658,668,68,39,194700
688008,675,65,439,205630
600050,687,65,46,144100
688008,858,65,435,193073
600930,593,68,60,593300
688981,630,68,203,155834
603019,640,68,141,24400
601919,637,65,327,544200
601088,869,65,174,109800
601601,845,65,333,278700
600309,851,65,367,242700
600089,853,68,38,26900
601012,826,68,61,160400
601318,793,68,45,42600
601600,611,68,152,771000
600276,826,65,159,221880
600900,854,65,502,581500
603259,662,65,625,179600
601166,876,65,148,236300
601288,794,68,109,1185700
600030,796,65,255,286401
601919,846,65,325,454300
600276,574,68,206,199600
600900,632,65,362,363300
601919,816,65,164,246700
600809,780,68,181,73800
600028,637,65,509,1849600
600406,642,65,120,150400
600031,630,65,283,405600
600036,670,65,232,254500
601668,638,68,60,511500
601127,811,68,69,30000
688981,850,65,202,130244
603993,830,68,65,86000
600276,869,68,89,70200
600030,893,65,278,428055
600028,785,68,195,694770
603259,838,68,81,22936
601988,649,65,418,864800
600519,866,65,100,12300
600930,834,68,60,187200
603019,790,65,83,59000
600089,675,65,62,194600
600050,891,65,111,193200
600089,867,65,92,116900
603019,622,65,181,75700
600036,877,68,86,64300
601012,873,65,234,443200
601628,587,68,74,116200
600276,597,68,228,230800
600406,657,65,98,108800
601211,605,68,87,184600
601658,657,68,44,240200
688111,838,65,66,28693
601688,687,65,79,139800
603501,633,68,29,14900
601988,653,65,389,1873800
600028,689,68,352,1180300
600900,815,68,279,462200
688041,575,65,1284,540276
601728,583,65,200,815000
601628,584,65,258,310800
600309,645,65,204,138500
601919,873,68,24,46200
603019,587,65,264,159200
600111,602,65,373,290787
603501,810,68,21,12900
688012,843,65,219,91919
601601,886,65,392,188200
601288,581,68,291,2150300
601728,891,65,269,876200
600150,595,68,153,203900
601012,634,68,54,156600
600309,880,65,277,158400
600760,661,65,130,98000
600030,670,68,20,52200
688981,867,68,186,161409
688012,605,68,359,144357
600930,676,68,57,321300
601601,607,68,97,164600
601688,678,65,91,130800
600309,856,68,218,284500
601328,609,65,370,1959500
600030,639,68,59,67315
600809,613,68,96,41300
601857,579,65,513,1363000
601600,587,68,151,640500
600276,614,65,439,390100
601211,619,68,44,134300
688008,653,65,546,241638
600406,650,65,118,80700
601899,656,65,276,255400
601088,657,65,125,67600
600760,638,65,89,68100
601328,796,65,269,720500
600309,855,65,568,309700
600900,874,65,164,252900
603501,627,65,200,60500
688008,837,68,251,141706
601127,637,65,291,90200
601899,626,68,200,340200
600276,649,65,208,192700
603259,659,65,469,172500
600276,785,65,190,139000
600036,794,65,338,228300
688111,892,68,104,44382
600089,631,65,124,245800
600809,633,68,68,20000
688008,601,68,875,363821
601919,819,65,258,223600
601600,615,68,156,216200
601899,634,68,170,316500
601728,793,68,29,85800
601857,578,68,159,531900
603993,816,68,75,185800
600887,645,68,44,106800
603019,832,65,126,65009
601288,833,65,287,1184400
601211,657,65,113,278820
688256,845,68,164,36000
600887,847,68,94,96200
603259,791,65,286,92920
600930,871,68,167,791300
600519,893,65,159,19500
600183,896,65,1525,489487
600406,573,68,82,136700
603501,603,65,231,230200
601088,642,68,49,26400
601288,653,65,382,1562500
601088,843,65,164,53000
600276,842,65,199,143800
601899,869,65,549,543100
600031,865,65,420,494200
688012,874,68,287,105007
600089,894,68,146,183600
601728,856,68,91,1101000
688008,658,65,408,177208
688041,598,65,645,271620
601398,572,65,1235,5800045
601888,611,68,156,132400
601988,595,68,219,776400
600036,599,65,282,252800
601728,646,68,73,187900
603501,661,65,232,90300
601601,870,68,80,53700
601211,654,68,21,14600
603259,650,65,315,109900
600309,615,68,352,210900
600519,660,65,138,17100
688981,663,68,157,117043
688256,682,68,181,44048
601668,800,65,175,1452500
600900,653,65,509,467700
600028,861,65,420,1040100
601600,851,65,368,755400
600309,642,68,175,74700
601728,855,68,44,166600
601628,808,65,124,56800
601668,874,65,118,553700
603019,887,68,100,75815
600900,888,65,466,578400
603019,688,68,32,14400
601919,586,65,493,549579
601288,841,68,164,1817700
603986,685,65,323,66500
601012,857,65,155,198740
603259,681,68,109,21900
601398,627,68,73,514000
603986,628,68,627,88700
600406,828,68,132,201700
600760,828,65,34,18600
600050,830,65,113,749000
600050,860,68,73,617700
601919,834,65,174,154800
601601,648,65,250,144600
603019,660,68,37,24200
601328,882,68,185,1073400
600030,607,65,272,267800
600030,571,65,851,1507391
600760,572,65,319,217661
601600,651,65,427,1041400
688111,852,65,44,22070
601919,891,68,108,120678
601688,795,68,59,60500
600031,611,68,246,448400
603986,679,65,316,57930
600030,850,68,188,174400
601919,798,68,96,161400
600031,576,65,621,1051355
601166,848,65,128,166700
601318,880,68,132,89000
601211,648,68,31,77800
600031,857,65,541,913600
600089,792,65,109,848121
688041,859,68,181,71332
601166,864,68,61,184600
600183,781,68,521,143400
601328,883,68,90,402300
688981,604,68,381,308711
600111,581,68,139,299500
601988,673,68,88,319600
688041,577,65,1024,420624
601127,669,65,160,116002
601398,796,68,179,586200
600519,681,65,88,11200
601857,679,65,60,180500
603501,786,68,68,40000
688256,573,65,707,199848
601857,877,68,61,151300
601088,879,65,119,56600
600900,892,68,242,543000
601127,822,65,76,20800
603259,813,65,251,73300
601012,580,68,112,318300
601988,630,65,503,2124000
601166,804,68,36,109600
601888,821,65,57,45900
688041,625,68,288,120103
601318,642,68,67,38700
600309,670,68,46,25600
601166,590,68,121,1300000
600183,825,65,426,117000
600887,577,68,162,153300
688256,597,65,530,128040
600183,685,68,223,53800
601012,677,68,88,106800
600031,652,68,74,59100
688012,782,68,277,91807
600887,804,68,63,56900
600760,618,68,17,4400
688012,821,68,230,79293
600900,829,65,232,254800
603019,869,68,58,26700
688981,629,65,216,155502
600183,571,68,882,365300
600050,612,65,89,549800
601600,878,65,356,1180500
600900,642,68,244,355000
600050,673,65,62,248900
600809,576,68,107,34400
603019,782,65,732,237800
601688,672,65,59,65600
601600,682,68,131,718000
600036,794,68,123,97000
601398,848,68,165,1312200
600309,576,65,983,619700
600089,606,68,49,230279
601988,634,68,68,1279700
600036,617,68,169,50800
600150,780,68,351,390307
600519,582,65,284,44900
603501,674,65,78,35400
601728,797,65,60,140400
688041,824,68,215,89246
600028,834,68,50,184000
600900,864,65,216,597000
600809,852,65,104,36100
600030,840,68,142,189645
600930,842,65,114,886900
600309,875,65,303,264339
601988,796,68,69,330600
600930,572,68,402,2206010
601600,668,68,85,399600
601088,681,65,104,42700
600900,637,65,339,339700
688012,799,65,215,83666
601318,585,65,565,754934
600150,641,65,690,882436
601211,818,65,204,269800
600519,827,68,41,4200
601127,846,65,172,66500
601899,871,68,170,159347
601601,580,65,440,330400
601601,578,68,126,137900
601012,604,68,221,359600
601328,647,65,67,184700
600519,634,68,61,7600
600406,786,65,64,85800
601211,812,68,70,119000
601318,888,68,113,63100
601919,847,65,232,289300
603501,802,65,256,109853
688012,861,65,255,95803
688981,885,68,225,191984
600309,666,68,101,45300
603501,839,65,107,52100
603019,653,65,623,185100
601318,808,65,233,208400
600030,877,68,91,137800
600276,606,68,194,158400
600309,866,65,621,430188
600183,573,65,3809,1541030
600900,844,65,466,439300
600050,868,68,577,2496100
601888,885,68,53,39700
601127,892,65,201,113700
600050,806,68,20,241900
688256,649,68,332,76934
601288,677,68,103,679700
603259,657,65,734,270300
601899,580,68,715,1000100
601601,633,68,101,24300
600030,653,68,33,45100
600309,844,68,143,110400
601166,577,68,87,343600
601658,879,68,68,1331700
601728,829,68,80,212000
600309,793,65,144,96300
601658,589,68,79,260000
603501,644,68,87,31800
600028,877,68,73,431800
601899,571,65,3605,5233020
600028,594,68,99,384900
600406,628,68,29,45800
601988,787,65,412,1810300
600809,781,68,36,9800
688111,807,68,94,44284
601088,814,68,40,33000
600930,630,68,59,162700
600930,807,65,126,431400
603993,665,68,77,294200
600050,574,65,567,4769800
600519,651,68,38,4100
601600,631,68,159,841055
688041,672,65,684,419682
600809,815,68,34,21700
601899,592,68,243,453611
600150,825,68,83,425900
688008,582,68,779,383287
601318,838,68,119,92300
601988,857,68,49,893900
603986,626,68,280,51200
603993,864,68,90,98700
601728,820,65,307,726900
600036,579,68,108,346700
601899,808,65,413,461600
601919,576,65,1320,990100
688111,629,68,103,51284
601888,675,65,35,22300
600089,684,68,15,26100
600519,781,65,187,32800
688256,798,68,263,59048
603993,629,65,314,468200
603986,640,68,316,65300
601668,782,65,97,918900
600111,818,68,39,40200
601988,827,68,312,1492600
601012,851,68,53,218300
601601,865,68,84,59700
600760,872,65,100,67900
600150,654,65,309,296600
688111,686,68,85,38977
601668,585,65,382,3248300
600028,892,68,162,758040
688041,829,68,174,62471
688256,867,65,191,45590
601166,673,68,30,70100
601318,840,65,210,167000
688111,620,68,215,103445
601328,870,65,342,1661300
600111,845,65,111,78100
688256,813,68,248,60064
601688,808,68,34,37200
601127,888,65,160,70000
600150,828,68,98,81800
688008,686,68,222,117533
600050,622,65,90,521600
688981,689,65,129,102426
601857,644,68,33,447700
600028,650,65,208,643000
688012,876,68,209,79620
601601,816,68,43,33700
601888,643,65,764,187500
600031,677,68,63,76900
600309,783,65,227,98100
600031,586,65,458,534600
601127,606,65,222,158600
688012,603,65,648,310184
600089,854,68,35,26500
601688,641,68,19,27800
600760,797,68,13,5800
688981,601,68,725,357885
600760,606,68,28,73100
601398,615,65,748,1715100
600276,784,65,228,139900
601328,830,65,110,961600
601398,626,68,90,1084100
601668,802,68,52,912000
600930,867,65,207,1149000
600028,571,68,436,2857900
601328,576,65,714,4863700
601628,656,68,69,30600
601601,673,65,58,48200
601601,589,68,107,49600
600050,823,65,75,501400
600050,859,68,65,709700
600036,572,68,205,288000
600406,812,65,171,150000
601888,599,68,56,57800
600089,573,65,523,901430
601919,800,68,107,140900
601628,688,68,43,31000
601211,799,65,114,201200
688981,640,65,353,284880
600276,631,65,276,292300
601857,661,68,53,69800
603986,601,68,476,105276
603019,618,65,222,126100
601919,857,68,78,173700
601012,587,68,360,688000
688111,599,68,205,90936
600930,605,68,66,957000
600276,665,65,302,241400
600031,577,65,544,624300
601658,628,65,90,931500
688008,683,68,198,84698
600406,638,65,99,113000
600900,791,65,217,401900
601288,589,68,290,3590900
600183,686,68,165,68800
600089,814,65,105,152089
600519,825,68,87,9000
601012,865,68,41,62800
601088,876,68,59,42000
600050,877,65,114,944600
600111,859,68,50,42100
601088,592,68,92,92400
601668,642,68,37,378500
600309,672,65,204,100900
600030,875,68,86,69300
688981,613,68,619,342759
600030,808,65,200,184000
601012,807,65,119,119300
600089,578,68,249,367200
601012,854,68,45,154100
601012,645,68,37,151600
600309,633,65,411,354400
603986,668,65,616,98400
600036,609,68,99,98600
600183,670,68,251,87400
601600,780,68,354,3002700
600809,804,68,25,6200
600276,810,65,326,334500
601899,840,68,199,278643
600930,590,65,333,1839200
600028,789,68,49,407400
688256,818,65,262,59047
600900,853,65,201,271000
601857,593,68,51,220000
601318,854,65,313,196000
603259,884,65,351,123700
601166,788,68,64,212900
600887,607,65,648,790500
601688,678,68,16,43800
603986,652,68,156,25000
600519,831,68,46,8100
603259,881,68,118,46200
601211,581,65,569,561600
601398,588,68,335,3686600
600030,818,65,229,228400
601658,579,65,278,2255900
600406,580,65,429,419900
601658,852,65,107,814100
603501,847,65,75,30100
688981,625,68,225,181722
601899,688,65,302,330200
601899,817,68,180,320900
601688,573,68,53,114800
600183,631,68,649,163300
601728,803,68,18,143100
603019,601,68,952,252200
688041,607,65,433,209150
603993,611,68,194,346900
688981,687,65,276,179761
688111,853,65,54,27374
600050,848,65,84,558700
601600,620,65,384,1073000
600809,811,68,25,9900
600760,813,65,64,79100
601288,663,65,547,1297400
603993,670,65,241,441000
600031,629,68,83,81000
600111,685,65,71,61100
688981,805,65,331,227827
688111,812,68,66,30237
601600,858,68,83,391900
600900,635,65,509,515250
601688,665,68,76,160700
600150,802,65,586,281600
601127,850,68,48,15800
601658,807,68,31,196500
601658,848,68,65,2145364
601398,807,68,72,1348600
601888,827,68,20,19200
600050,846,68,58,386000
600900,620,68,152,200900
600887,570,68,390,644479
600900,669,68,186,395100
600111,657,65,98,95600
601012,672,68,54,121900
600309,594,65,323,146400
601012,802,68,100,214300
600031,806,68,82,76000
601012,837,65,110,217500
601888,838,65,54,32100
601919,856,68,177,182200
601728,790,68,26,145400
601012,876,65,172,342500
601601,885,68,117,72500
601988,637,65,222,731300
601888,802,68,52,34800
603993,682,65,223,324473
601288,791,65,580,5107200
601600,586,65,1030,3576600
603501,574,65,757,379500
600900,598,65,1090,1005800
601988,637,68,49,170500
601600,669,68,75,557500
601398,780,68,519,6940854
601888,797,65,100,146800
600036,801,65,377,228800
600031,809,65,256,377800
601288,815,68,158,699500
601012,848,65,119,132100
601398,856,65,264,731845
600406,839,65,234,160675
603501,851,65,89,40300
600089,653,68,32,82100
600111,572,65,842,828900
601288,636,65,499,2553800
601857,669,68,22,15200
603259,803,65,334,91700
600028,880,68,105,439600
601728,886,65,117,274200
601857,655,68,68,442600
601012,584,68,283,924000
688981,891,65,411,407478
600930,627,65,150,869600
601668,634,65,217,1359380
601166,653,68,166,269600
600036,572,65,763,872500
600930,635,68,50,420100
603019,820,68,76,54500
601211,826,65,166,154200
688256,819,65,275,116918
600276,621,68,161,102200
601668,826,65,649,6388390
600036,605,68,70,42200
603986,639,65,1086,219100
600028,790,68,75,437600
600030,627,65,244,472200
600030,570,65,3649,6267215
688256,675,68,244,55379
603019,841,65,196,60800
600036,621,68,150,71700
603019,842,68,108,35200
601318,849,65,283,163700
601919,860,65,292,275400
603501,884,65,101,52700
601601,686,68,25,20000
688981,641,68,188,159074
601919,805,65,159,268800
600150,815,68,73,42200
603501,797,68,35,18300
600036,658,68,84,79000
600183,575,65,3744,1120797
601668,590,65,707,8474700
600276,648,65,239,195620
601012,676,68,31,48200
600089,835,65,122,259600
601601,885,65,396,154200
601919,619,65,217,232000
600150,663,68,56,24000
600809,680,68,18,8300
601398,679,65,201,397300
603259,780,68,437,194820
600900,810,65,268,326300
601857,582,65,531,1108300
600150,656,68,111,82766
600030,661,68,24,77500
601398,814,65,144,402500
603501,825,65,138,28800
600036,847,65,206,163300
600050,588,68,58,1244500
603986,863,68,137,37400
601012,632,68,42,123500
603019,791,65,886,183300
688981,651,68,126,108760
601012,657,68,83,148800
601600,786,65,344,826000
601211,875,68,39,103800
601658,677,68,23,193400
601012,850,68,40,176800
688256,661,65,218,55591
600809,604,68,99,50000
600519,808,68,79,13300
600900,811,68,102,179100
600809,606,68,183,46800
688981,628,68,177,138721
601211,586,68,82,154800
600030,792,65,307,469900
600028,634,68,85,1294300
600183,622,65,1781,569901
600111,867,65,108,53500
601628,605,68,64,79300
600887,796,65,264,170800
603501,590,65,274,117200
600111,873,68,61,84600
603259,891,68,184,95400
600276,896,65,326,523000
603993,834,65,140,305500
601088,822,68,19,14700
600519,678,65,82,13600
601211,882,65,254,167900
600760,787,65,36,35500
688981,570,68,602,362895
600111,879,65,155,129000
600406,861,65,157,171200
688012,640,65,348,138837
601919,886,68,53,112200
600089,585,65,266,583400
600150,602,65,622,559012
600519,664,65,117,16700
600028,786,68,94,268400
600900,793,68,86,105900
601857,793,65,229,733200
603019,674,65,173,73400
601088,663,68,86,69500
688041,598,68,451,166736
688111,627,68,107,49902
600036,640,68,102,82400
601166,796,68,31,124000
601988,821,68,98,399400
600406,834,65,154,149900
601688,644,65,81,101600
601728,843,65,114,261900
601658,827,68,33,493500
601899,885,65,1218,777700
600111,885,65,196,202400
600809,844,68,55,11100
600089,593,68,135,118900
600276,864,65,186,155300
688012,603,68,437,209455
601728,853,68,69,244700
600183,816,68,351,105302
600309,867,65,463,216200
600760,880,68,56,25100
600887,623,65,291,269200
603986,866,65,360,65000
600030,808,68,54,48400
601988,662,68,231,2180200
600760,795,68,65,27400
600276,892,68,176,130100
688041,572,65,1125,528549
601658,610,65,493,2200400
601211,677,65,89,61000
601318,649,68,107,128879
601668,581,65,197,1936200
601328,670,65,95,380000
601658,822,65,234,311600
601288,822,65,256,903600
600150,883,65,505,378347
601601,835,68,48,24400
600760,670,68,116,38500
600050,852,65,84,345500
600150,628,68,70,81431
603501,833,65,66,19000
600028,866,68,89,679500
600887,879,68,111,109900
600089,879,65,196,236900
601398,809,65,252,550800
688041,655,65,521,214452
600030,685,68,49,74900
688111,859,65,87,36903
688008,583,68,847,403393
600111,675,68,39,27700
601088,799,68,45,49400
603501,662,65,171,80100
601012,832,68,101,669000
601211,608,68,58,87700
601628,854,65,61,52100
601398,877,65,168,919400
601600,621,68,210,477500
601166,663,68,52,236600
603259,670,65,569,160400
600809,612,65,317,121000
688111,807,65,112,50325
601688,832,68,60,160600
600089,615,68,283,254398
600276,587,65,721,620700
688012,825,65,261,94974
688111,587,68,287,141015
601628,677,68,94,52500
601728,689,65,96,502400
603986,877,68,288,56800
600089,788,68,10,14600
688041,808,68,295,100170
600036,865,65,303,186400
601328,853,65,173,678300
600089,837,68,54,45100
688256,581,68,285,72635
601127,605,68,96,27500
688008,576,68,939,543938
601899,614,65,552,529400
600519,806,65,78,9500
603993,606,68,239,432600
601398,641,68,360,1698700
601127,600,68,59,47400
600760,814,68,21,7000
600809,891,68,49,10600
601012,648,68,44,101500
603986,586,68,1320,391163
600309,587,65,860,408400
600031,591,65,608,873200
601688,835,68,33,106300
600900,643,68,189,337400
600036,661,68,66,19700
600028,787,65,238,721300
601728,858,65,86,189300
601012,609,68,162,425300
600183,587,65,3436,1219750
601088,633,65,303,88900
688256,673,68,217,47635
688012,810,65,415,150231
600031,654,65,333,424900
600111,863,68,52,24900
600760,637,68,10,4700
688041,875,65,358,135332
601888,889,65,169,148500
600028,809,65,213,1104100
603993,604,65,724,1274300
601398,890,68,355,3346519
603986,570,65,10940,3269004
601658,879,65,108,961500
600809,574,65,386,173400
600276,819,68,81,79600
600028,683,65,97,217000
600089,577,68,108,172900
600030,791,65,316,902400
600900,649,68,89,68400
601688,679,68,70,60300
688041,807,65,395,148390
601012,813,68,36,94900
601857,600,65,602,1275000
601888,859,65,68,53000
601328,786,68,28,147100
600050,603,65,185,2056500
601899,598,68,316,516600
601857,796,65,131,263600
600183,865,65,460,117700
600930,595,68,83,421900
601012,871,68,59,146600
601328,621,65,330,1419400
603993,844,68,99,144500
600031,612,65,612,808805
600150,588,65,1289,1625594
600887,834,65,323,138300
600036,844,65,244,150400
600028,580,68,147,632900
601658,621,68,162,1944300
600519,874,68,56,7200
600406,617,65,541,739018
601628,807,65,114,45500
688111,821,68,77,35664
688256,642,68,394,90155
601601,810,68,182,75100
688981,680,65,170,147979
601988,814,68,313,396600
688041,686,65,542,230542
601658,596,68,118,1022200
601166,868,65,215,219200
688012,665,68,266,107161
601600,578,68,173,730300
601919,604,68,49,121100
601601,886,68,90,81000
601628,580,68,71,63900
601211,865,68,25,160500
601899,590,68,427,504100
601988,580,68,180,1111000
603501,589,65,218,98600
688981,592,68,571,433017
601601,579,68,98,104800
600050,796,68,24,84100
688012,853,65,219,74528
603019,622,68,68,32100
600887,641,68,56,76900
601318,630,65,357,398500
601088,795,65,73,39100
600760,797,65,39,31700
600031,795,65,271,451300
600406,574,68,95,150600
601857,880,68,38,135300
600111,582,65,710,556900
603993,621,65,500,1264200
603986,870,65,418,81600
600028,613,68,78,467200
601668,574,68,94,1688100
688256,634,65,382,103096
601728,883,68,73,713400
601088,638,65,136,49600
600887,639,65,267,210200
601919,656,68,27,63700
600519,618,65,225,49200
600089,782,68,25,108500
601328,818,68,42,143700
600519,795,68,86,11400
603019,597,68,1225,291800
688008,627,68,584,237075
601668,613,65,344,3872300
601919,669,65,132,98180
600089,784,65,89,127200
600036,668,68,56,44400
600183,662,65,669,229200
601328,788,65,58,404100
600111,669,68,24,16300
600036,817,65,239,134200
601600,581,65,893,3828400
601899,663,65,400,347100
600183,677,68,168,54523
600406,831,68,48,78300
601728,862,68,35,136500
601857,878,68,73,276900
601919,629,68,31,60800
601601,652,68,17,8900
600930,630,65,240,961700
601398,645,68,109,464900
601728,830,65,70,129100
601919,612,65,284,254400
688012,893,68,239,97976
601288,620,65,605,2116400
601688,663,65,162,147400
601857,572,65,560,1028600
601088,792,68,31,6800
688981,835,65,204,164607
603019,878,65,176,83500
601688,585,68,181,488019
600150,851,68,153,162852
600183,817,68,443,139600
601601,582,65,862,939500
600111,603,65,406,325400
600050,686,65,61,656600
601728,813,65,103,217700
601658,683,65,71,107400
603259,796,68,164,76900
600276,674,65,498,424700
688256,684,65,169,38989
688111,801,68,84,38856
600900,826,68,72,169600
600028,803,68,101,709300
688012,617,65,533,183366
601318,663,68,39,60900
601658,864,65,237,674800
600276,573,68,191,372700
600111,625,68,67,191400
688256,593,65,617,154121
600760,660,65,61,52200
600036,672,68,157,99400
600031,826,65,224,321200
688008,858,68,306,132560
600050,651,68,26,169600
688981,578,68,440,269656
601288,852,65,740,3096100
601328,880,65,263,759900
600089,623,65,437,430400
601166,842,68,82,81900
600030,603,65,238,294100
601127,611,68,338,77700
600309,622,68,219,140500
603259,594,65,1296,371200
601688,632,65,150,284100
688012,621,68,370,119553
688981,661,68,163,124944
688111,618,65,161,67682
600036,671,68,103,123200
600028,577,65,839,4943600
601166,650,65,280,313700
603501,799,65,58,25300
603986,823,65,568,104500
600050,648,65,56,451200
601012,881,65,278,596577
601127,572,68,277,299100
600036,571,65,893,1304900
603501,615,68,156,29700
601288,647,68,323,2164600
601601,666,65,112,41400
601728,838,65,124,428700
600309,676,68,46,14791
688111,576,68,348,170797
601888,636,68,297,77070
600028,780,65,2598,9324550
600809,657,68,107,23900
601012,600,65,397,903916
600406,594,65,329,476000
600030,598,68,71,173000
603501,624,68,35,21200
601328,651,65,170,427300
600089,812,68,34,89700
688111,821,65,107,45959
601012,855,65,100,167800
600809,857,68,342,46300
601888,577,65,538,419500
600276,840,65,276,173600
600809,892,65,96,41900
603501,655,68,58,14500
601658,611,65,367,1538000
601211,637,68,33,82200
601012,668,65,248,625900
601668,850,65,135,1479200
600309,624,65,701,534800
688008,796,68,292,124100
600309,795,68,48,36200
601328,867,65,142,205400
600760,844,68,25,13080
688041,791,65,425,166998
600887,685,65,152,139400
601318,881,68,120,71900
603019,882,68,68,38500
603993,780,65,1978,4262800
600183,584,65,2850,1113300
603259,840,68,229,50440
601658,624,65,73,430400
600887,655,68,63,38500
600809,824,68,36,7800
600028,841,65,155,404300
603259,814,65,290,62200
600111,682,68,38,53000
601688,844,68,70,111700
600050,820,68,48,912300
601668,845,65,124,680800
601857,787,68,95,276600
600930,800,65,113,432300
600887,580,65,809,1063200
603259,601,65,953,462601
688111,796,65,174,78495
600519,890,65,141,18500
600900,614,68,100,456810
600276,845,68,57,49800
601668,654,65,81,400100
688008,872,65,463,214987
600030,605,68,60,76600
601328,849,68,59,223300
601012,642,65,196,446100
601628,841,68,30,39700
601628,680,68,18,17400
600809,595,65,216,69700
688981,802,68,180,143634
603993,850,68,126,298900
603259,872,68,94,29000
601628,654,65,130,46200
601318,576,65,1103,797600
600276,579,68,259,255200
688008,824,68,346,160502
600406,829,68,88,166000
600150,842,68,89,45660
688981,879,68,165,132091
600309,635,68,99,73400
600900,860,68,87,222900
600028,630,68,152,1047500
600036,625,65,224,203400
601288,631,68,153,849700
688256,859,68,180,40773
603993,669,65,249,348600
600276,647,65,273,168500
600930,800,68,63,444300
601398,683,65,153,298900
600309,805,68,93,68000
600930,805,65,82,312600
600930,808,68,64,303800
688012,795,65,306,130212
601857,846,65,173,688100
688012,599,65,868,347698
601288,651,65,635,2744400
600519,659,68,53,7300
601899,600,65,1071,847700
688111,635,68,95,47198
688008,802,65,448,176273
601012,798,65,278,745000
688111,867,65,141,68117
600028,618,68,182,1425700
600276,816,65,213,138900
688041,816,68,320,168629
601988,863,65,246,793000
600900,595,65,414,656300
601211,896,65,140,396338
601012,819,68,75,123500
603993,815,68,73,94600
600111,673,68,40,30200
688041,595,65,843,401419
601628,642,65,81,32600
601288,621,65,767,4470500
601288,580,68,232,2337200
600150,598,68,103,129700
600089,590,68,74,161880
601288,601,65,1087,4774900
600183,621,68,1186,363750
600406,675,65,69,90800
688981,788,65,257,169780
601919,615,68,36,57200
601668,675,65,143,299600
601628,638,65,93,64400
603501,646,68,56,27000
600150,682,65,207,176762
600760,817,68,14,9000
688012,887,65,390,139742
688012,602,65,626,254466
603986,640,65,646,128874
601166,782,68,52,140200
603986,891,65,961,191900
601728,616,65,370,575400
601857,633,68,141,317600
600406,660,65,112,144200
603259,631,65,668,209100
601328,660,65,293,620000
601398,837,68,95,559700
601211,834,65,246,494600
600050,867,68,129,1713700
601668,616,68,99,1903800
601211,676,65,144,103500
601628,614,65,164,88900
688981,646,68,278,237170
603019,846,65,146,48000
601688,878,65,84,131400
603259,573,68,495,509900
601857,603,68,103,552500
601127,842,68,35,110800
603993,574,65,1744,3580400
603986,799,65,400,123800
600519,622,68,44,13600
600031,651,65,301,286100
688111,639,65,180,80451
601919,844,68,27,90100
688256,870,68,206,46768
600150,877,65,460,242780
600887,894,68,164,163500
601088,684,65,141,69800
601888,894,65,141,104000
600519,856,68,49,6400
601318,613,68,141,538700
601211,787,65,340,197700
601899,798,68,123,198200
601688,895,68,126,212100
600089,600,65,411,718498
600183,616,65,1289,349100
600050,664,65,86,292000
601600,847,68,67,170400
601398,673,65,178,404700
600276,790,68,146,79500
601088,648,65,217,105100
600183,652,68,250,91800
601600,651,68,129,862600
601600,796,65,441,573500
601318,860,65,452,237800
600050,644,65,60,452500
688981,837,68,161,147830
603986,890,68,582,105130
600036,646,68,47,35100
600930,647,68,42,163600
600050,670,68,28,166400
601601,813,68,44,39800
603993,787,68,253,543600
601088,875,68,25,11300
603501,796,68,127,75000
603501,647,65,67,32300
600276,856,65,203,140800
601012,884,65,174,214800
600276,880,68,111,83560
600276,674,68,213,200600
688111,885,65,124,56043
600519,680,68,88,10100
688012,831,65,344,121208
601328,662,65,162,336300
688041,892,65,580,210985
601328,575,65,944,3303865
601398,585,68,162,979500
601012,592,68,632,889600
601012,621,68,57,178400
601600,627,65,179,327700
600150,784,68,105,125900
601919,663,65,206,190300
600150,786,65,498,296054
601988,621,65,349,1609200
600111,639,68,50,35100
601600,617,65,422,971600
601318,806,65,358,282500
688981,809,68,186,151303
688981,619,65,339,230108
601166,829,68,54,101500
603019,664,68,20,5100
601600,835,65,235,468400
600887,585,65,441,422200
600887,654,68,64,24200
601988,595,65,646,1942000
601127,890,65,178,100600
688008,865,65,515,243153
600930,823,68,35,190500
688012,858,68,312,120632
601899,846,68,163,215600
601668,618,68,52,239700
601668,827,68,90,566400
600406,781,68,26,46300
601012,638,65,201,240800
601601,641,65,123,89200
600809,789,68,39,12379
601919,656,65,99,96700
601088,614,68,81,39000
688256,872,68,166,43075
600031,612,68,254,363200
601318,802,68,136,103500
601728,868,68,55,194000
601166,594,68,85,278500
601012,636,68,118,313451
603019,670,68,540,96952
601658,792,68,74,329200
601888,813,68,19,7500
600760,836,68,63,51100
601988,834,65,433,2674900
601988,617,68,117,513500
601288,853,68,104,701400
600150,651,65,343,265895
601628,626,68,20,15000
601601,859,68,56,51300
601127,867,65,157,53700
601688,586,65,348,658500
603019,826,65,153,79200
603993,874,65,380,646700
601988,885,68,323,1680270
600276,583,68,259,291660
688041,782,65,373,150123
601658,570,65,2163,14989400
603019,830,68,31,11300
600760,809,68,45,20012
601668,570,68,91,4304300
600030,822,65,124,83700
601600,789,65,426,1763500
600030,648,68,40,70700
600900,830,68,51,41900
600030,618,68,95,188900
688111,598,65,301,134206
601688,854,68,62,37200
601658,655,68,22,301900
600900,861,65,267,358600
603501,677,65,52,29600
600276,885,65,324,240800
688111,889,68,135,67489
600030,891,68,307,231300
600309,894,65,316,213149
600036,855,65,293,282000
601166,610,68,46,218200
601328,594,68,38,212500
601166,848,68,77,93100
600036,784,68,117,119200
600183,636,68,541,188100
603986,642,68,662,99626
601398,606,65,631,2557500
603986,782,68,776,98800
600930,784,68,87,164400
601601,817,65,161,103800
688012,667,65,194,72519
600519,834,65,112,12819
600183,845,65,341,111900
688256,657,68,386,85775
603019,663,68,29,9300
688012,610,68,524,179113
688041,640,65,425,179278
600030,672,65,115,291900
600887,830,65,189,91300
601166,837,65,95,98600
600031,588,65,438,502500
601628,576,68,115,126000
601328,628,65,429,955900
600276,687,65,130,164300
600050,854,65,98,1190600
688008,873,65,458,198062
600028,878,68,85,309400
601628,592,68,80,59700
601166,881,68,36,61800
601728,893,65,131,1729500
601728,896,68,203,936800
601318,599,65,315,186300
601088,655,68,53,87700
600036,623,68,130,70400
600887,636,68,54,315900
688041,832,68,300,120028
603986,841,68,359,88900
601899,873,65,628,714700
601857,570,65,2431,9255194
601919,636,65,448,512100
601658,572,68,193,1843600
688012,627,68,368,129065
600028,789,65,178,538100
601899,602,68,939,610500
603259,790,65,351,116100
601012,795,65,225,520000
600519,862,68,29,3200
601318,865,65,302,162200
600089,639,65,108,153000
601728,662,68,23,252600
601688,683,68,16,41200
600276,870,65,238,151800
601857,671,68,38,132300
688012,785,68,267,94079
600760,577,68,57,43300
601919,853,65,290,1350800
688008,895,65,714,313390
601857,607,68,106,513200
601398,877,68,159,720700
600111,574,68,238,235300
688041,579,65,1007,422851
603019,811,68,65,38200
601211,600,68,108,150900
600809,626,65,206,42900
688256,644,65,289,86386
601658,676,65,114,529600
600809,833,68,28,12500
601888,836,68,23,27800
601658,648,68,95,636964
601012,833,65,189,361600
600809,831,65,89,31700
600028,670,65,140,307000
600276,837,68,85,77700
600050,625,65,97,642150
603986,595,65,2677,481400
601328,626,65,170,588100
688008,684,65,330,142713
601658,656,65,108,755600
601600,637,68,80,691900
688041,609,65,624,228977
601328,626,68,39,422200
601668,637,68,43,557700
601288,628,65,747,4491400
600036,655,68,101,62400
601012,666,65,106,323700
600519,831,65,63,8400
601728,831,65,74,241600
603993,883,65,390,676900
601601,843,65,323,218100
600111,856,65,120,80600
601888,799,65,103,65060
603993,609,65,683,1190600
603501,634,65,85,48700
601919,652,65,123,131900
601318,654,68,48,26000
601668,617,65,382,2844847
600183,794,65,405,132300
603019,608,68,422,117900
601728,612,65,119,332800
601899,786,68,150,229400
600183,659,68,217,95200
601899,891,68,298,422300
600036,597,65,358,197800
600809,817,68,27,9400
688008,841,68,332,152441
601658,870,65,184,950300
688012,849,65,311,113212
600031,623,65,326,406900
603986,810,68,285,63400
601127,854,65,177,98800
601668,872,68,85,818500
603993,610,65,650,1084600
688041,660,68,253,95756
603986,811,68,244,40700
603986,864,68,196,31700
601318,618,65,565,459000
600050,894,65,112,308600
600887,597,65,447,417400
601318,661,68,67,33300
601600,585,68,140,393950
600183,843,68,196,46755
688111,665,65,175,67602
600406,878,65,132,136500
600050,891,68,186,772400
603259,571,65,1625,648400
601318,597,65,401,370200
603259,832,65,184,64191
600183,839,65,424,102800
600276,844,65,331,239700
600030,873,68,74,177800
600150,884,65,576,585396
600930,789,68,112,228900
601288,604,65,708,2423500
600050,887,68,109,510200
603993,890,65,521,614900
603993,630,65,365,731500
601857,578,65,679,1086900
688256,658,68,221,47460
688256,798,65,318,73202
601211,827,65,165,189100
688111,794,68,100,44147
601919,870,68,99,263100
603986,825,68,276,58664
601601,574,68,212,275700
601398,782,68,56,179700
688012,622,68,368,122193
601988,663,65,316,2572300
601288,581,65,1005,4607200
600036,798,65,222,196800
603019,851,68,56,43218
603993,872,65,313,401100
601166,892,65,261,413700
603259,875,68,260,50280
603986,585,65,3035,896233
600111,847,68,41,23100
601919,796,68,22,21400
601088,818,65,104,59600
601601,827,68,82,49200
600887,825,68,42,48200
601658,882,65,120,455200
601127,580,65,1247,858000
601127,592,68,117,61000
600036,882,68,117,165700
603019,665,65,131,47315
603259,797,68,93,33700
600030,656,65,121,196900
600036,683,68,44,26300
600050,816,65,104,709200
600930,886,65,243,1151100
600150,580,65,1916,1700646
600760,652,68,23,78300
601658,666,68,83,621900
601288,816,65,363,1227500
601211,648,65,231,184024
601658,595,65,442,2617700
601888,598,68,104,80470
600036,624,65,191,174600
688111,617,68,227,97359
601688,642,65,93,110800
601318,801,65,220,161524
600809,631,65,241,40248
600887,673,68,63,45700
603986,805,65,313,92700
601328,802,68,186,575800
600276,600,65,884,554300
600050,660,68,29,151600
600519,849,65,86,10400
603019,860,68,37,14991
600760,647,65,99,60800
601668,884,65,266,967400
600111,619,65,265,208900
600309,639,68,111,79900
601088,627,65,133,38800
600031,790,68,72,151000
688008,889,68,312,148234
601288,789,65,342,1111000
688981,674,68,258,175394
603259,572,65,1765,730500
601601,577,68,97,146200
600028,596,65,598,2090900
600519,653,68,88,10100
688012,784,65,273,119895
601398,787,68,69,756000
600309,850,65,473,322100
601012,663,68,72,64900
601127,798,68,26,16200
600031,818,68,40,68000
688256,857,68,198,43569
688111,580,68,176,75932
601088,580,68,102,83600
601919,685,65,190,275900
600036,818,65,284,154400
688012,822,65,314,126655
600406,795,65,78,119100
688008,790,68,446,184154
600887,831,68,167,138400
601899,843,65,555,452100
601318,862,65,321,375300
688111,846,65,69,30724
601728,879,65,99,674300
688008,885,68,456,240173
600309,890,68,194,102900
601688,796,65,227,254400
600036,689,68,175,54700
603259,635,65,424,153800
600089,790,68,16,54000
601288,630,65,860,2881500
601601,820,68,104,58300
600031,583,68,80,96998
601288,861,65,240,861000
603501,664,65,104,62000
600050,606,65,112,1547300
688008,869,68,296,132183
688256,644,68,255,55201
601600,594,68,137,774000
600760,642,68,16,11088
600183,630,68,419,143102
600406,798,68,81,103800
603019,784,68,33,11100
601888,800,68,24,29600
600309,817,68,52,34000
601728,824,68,33,74500
688041,844,65,432,166949
601658,615,65,354,1813400
688041,851,68,223,76747
600036,868,68,80,83200
601668,868,65,141,1028400
601166,621,68,114,345400
600031,601,65,284,455100
601628,632,68,21,30400
601919,608,65,407,447200
601127,641,68,33,7300
601088,833,68,22,13100
600111,590,68,189,157500
600183,596,65,1885,540465
600031,872,68,103,243700
601211,601,68,63,135200
601857,810,65,292,469800
601288,855,65,320,3361500
600050,802,65,83,292900
601888,617,65,206,165438
600887,628,68,46,45800
688111,844,68,106,43905
603986,887,68,261,61286
600036,891,65,355,251300
600030,646,68,54,163700
601728,674,68,26,253900
601728,842,68,22,85200
601728,630,65,147,329200
601166,780,65,637,1299600
601888,664,65,79,36100
601012,824,68,39,241500
601012,798,68,102,442626
600150,862,68,52,70700
601668,671,65,412,1778200
600150,584,68,276,248027
600030,684,65,62,71601
600036,585,65,787,444607
601857,845,68,43,208200
601658,871,65,114,393100
603993,623,68,161,192500
601628,834,68,30,11400
688981,822,65,230,158584
600309,845,65,327,198100
601127,879,65,129,52900
601899,868,68,353,644000
600183,880,68,415,108407
600183,585,65,3332,1029240
688008,856,65,388,209768
600809,865,68,28,5300
601166,624,68,36,54900
600030,628,68,59,57900
600150,591,65,666,744414
600760,589,65,171,102100
601398,629,65,259,1258000
688256,603,68,402,87365
688256,656,65,263,65110
603993,663,65,326,428697
688041,644,65,378,165861
600183,824,65,438,127700
601318,827,68,84,144700
688981,642,65,315,242215
603993,829,65,163,262900
600089,642,65,401,353900
688981,809,65,296,203547
601857,830,65,116,141500
600036,594,65,347,350600
601628,842,68,66,49600
601328,844,65,156,255800
600309,609,65,373,225900
600150,863,68,149,70600
688012,889,68,349,157253
601988,608,68,230,2222286
600031,824,65,156,230000
688041,674,65,695,244307
601088,827,68,37,32400
688111,878,68,70,31822
600183,588,68,1076,465675
603501,891,68,79,36400
600930,856,68,69,785700
600031,891,68,190,260700
600030,664,68,55,38500
600089,799,68,135,240412
600030,840,65,380,554950
601288,614,68,111,564000
601601,575,68,190,298500
603501,572,68,136,97500
600028,890,65,258,797800
600050,667,65,72,519400
601088,686,65,149,71700
601888,822,68,20,4800
600111,819,65,137,105500
601211,663,65,81,114200
600030,846,68,36,59800
601600,645,68,132,920500
601211,607,65,156,219900
600031,784,65,201,212594
688041,596,68,525,214420
688111,620,65,239,112704
600309,649,65,582,559700
601318,573,65,1067,927400
601012,797,65,159,284298
688256,637,68,408,86586
601318,592,68,167,91900
601988,591,68,309,2075300
601601,828,68,35,27700
603993,847,68,75,122000
600406,584,65,387,453700
603986,620,65,1269,312122
601628,578,65,368,652100
601328,662,68,24,142600
688111,832,65,107,54718
600050,624,65,126,413600
600036,636,65,411,249500
600036,660,65,204,118700
601688,802,65,175,365700
603993,593,65,1207,1597600
688008,889,65,753,279632
600309,627,68,153,91900
601166,666,65,230,533000
603993,852,68,180,562200
601857,855,65,337,412300
600309,843,65,404,191400
600111,632,68,50,50600
600406,611,68,84,78036
601628,806,68,91,46100
600309,572,65,840,572595
603986,826,68,249,47000
601398,829,65,127,748500
601211,585,65,386,454700
688111,890,68,135,76067
603019,668,68,69,38500
601857,854,65,169,430900
600900,876,65,164,227500
601398,677,65,194,1380200
601919,888,65,232,282800
600089,876,65,104,139100
601888,814,68,25,15630
601899,829,68,195,297400
601166,589,65,797,1475500
601857,893,65,474,1394900
601728,869,68,71,179400
601899,828,68,243,310700
601127,619,65,255,161700
601012,603,65,299,467400
601899,650,68,136,150500
601166,797,65,97,100000
600309,873,65,462,311300
601988,876,65,155,566900
600111,831,68,72,39600
600036,590,65,589,495600
600089,670,65,80,268500
601398,793,68,109,2303100
601211,656,68,27,44800
601211,583,68,73,122725
603019,794,68,25,9192
601318,640,68,65,121580
688111,610,68,172,80292
603986,871,68,450,71830
600150,821,65,328,237569
603019,588,65,1113,365700
601888,609,68,110,78600
601166,657,65,172,172500
601012,611,65,887,1481939
600183,623,65,1703,569099
601127,676,68,13,15900
601211,677,68,25,36600
601919,684,65,153,125500
601728,686,68,13,42800
688012,798,68,226,82700
601628,810,68,74,25700
601668,825,65,324,1730020
601012,836,65,176,235000
601728,839,65,115,327000
603019,862,68,36,10364
688041,625,65,393,169945
601328,836,65,156,812200
600276,679,65,209,275000
600050,849,68,22,131600
600150,582,68,160,115126
688012,608,65,496,172251
688008,852,65,351,139048
601668,656,65,81,801160
601688,633,68,53,72300
688981,661,65,240,175873
600519,842,65,46,5500
603986,670,68,424,90500
600760,570,65,1194,899434
600309,651,65,301,162673
600183,660,65,464,164600
601288,626,65,410,1430900
600183,643,65,559,173600
688008,801,65,443,205040
601728,689,68,102,991500
601888,806,68,67,67900
601601,814,65,247,114900
600031,806,65,248,336700
600028,803,65,234,898800
601888,829,65,286,130700
600036,833,68,41,27000
688012,658,68,197,74823
603986,634,68,358,83000
600031,835,65,368,487138
601328,848,68,99,620000
600930,865,65,428,2574000
603993,803,68,95,146600
688008,877,68,242,106743
601088,570,65,2193,1300007
600111,638,68,48,51900
601658,846,68,29,103800
600150,847,68,95,101825
601166,881,65,117,143700
600760,591,68,147,101000
600887,885,65,394,312700
688041,604,68,491,248955
600887,895,65,229,212500
688256,675,65,302,71706
601318,621,68,78,52100
601688,859,68,23,33000
601601,684,65,78,32600
600930,877,65,329,1125796
601658,835,68,33,266200
600406,646,65,191,194282
688981,833,68,144,116868
601398,859,65,215,498400
600900,604,65,415,462600
603993,865,65,265,511300
603993,828,65,159,238500
601328,653,68,31,210800
600031,660,65,350,835100
603986,673,65,486,93500
601601,602,65,334,382100
600050,671,65,56,302400
601857,785,65,303,879000
688111,574,68,127,50215
601318,791,68,38,28800
601127,660,68,66,39200
600050,825,68,55,406300
601166,604,68,62,276900
601211,602,68,47,104000
603259,648,68,213,68300
601919,685,68,47,175300
600150,792,68,103,74900
600089,796,65,299,591200
600050,659,68,43,301000
601658,836,68,52,910400
601012,596,68,97,290821
601688,825,68,94,177400
601398,786,65,218,868204
601857,601,65,385,943600
688041,873,65,463,156989
601919,876,65,288,372900
600150,823,65,425,257300
601628,656,65,188,79100
600900,869,65,377,423900
603501,873,68,34,15450
601628,590,65,344,249700
600089,588,65,478,924000
601600,605,65,714,1905400
600930,819,65,109,336000
603259,890,65,453,151000
603019,790,68,32,13000
601668,877,65,263,2557800
601012,893,68,171,255500
601088,825,65,107,61800
600809,633,65,147,40500
600760,671,68,100,37368
600900,651,65,535,483400
601919,625,65,221,142400
600028,808,65,254,1057400
601211,786,65,108,74500
600519,663,65,159,27390
600900,784,65,180,217000
601601,809,68,91,66192
600809,833,65,56,19100
601919,611,68,61,115000
601988,854,65,129,801400
603259,632,65,454,127820
600111,873,65,131,60311
603986,664,68,152,31915
600028,837,65,128,370300
688012,578,65,597,214120
603501,831,68,101,14900
601628,593,65,211,91100
600309,839,68,121,70400
601288,630,68,195,1889200
600809,624,65,122,54700
601899,644,65,398,318100
600760,884,65,99,37900
688008,614,68,595,290293
600760,635,68,15,13200
600028,643,65,193,944400
603259,638,65,406,176900
600036,862,68,46,87500
601127,884,68,53,26500
603019,600,65,1365,380900
688111,646,68,98,43227
688008,584,68,733,407893
600150,834,68,63,53234
601628,672,68,60,40400
600309,677,68,32,10900
601088,857,65,100,30300
601328,667,68,23,72800
601601,782,68,21,13500
600089,687,68,43,38900
600028,607,68,159,1303800
601888,637,68,593,206000
600183,632,68,348,116700
601318,605,68,134,159700
600900,647,68,76,65100
600150,666,68,34,37600
600050,673,68,31,94700
601088,830,68,57,28300
601318,854,68,152,46900
601318,889,65,454,330400
600887,626,68,40,71200
601899,687,68,174,369500
601688,660,65,255,391300
601288,617,65,741,2221200
688981,786,65,381,269127
600276,806,65,219,202800
600519,830,65,222,28600
600760,612,65,202,103500
600150,657,68,84,93500
601601,676,65,265,101000
601888,805,68,43,24000
603259,822,68,67,17200
688041,635,68,395,156217
600309,625,65,707,448800
688041,643,65,382,180671
688012,797,68,218,79364
600089,603,68,161,242438
600030,836,68,73,169100
600406,819,68,67,67600
600309,626,65,768,451971
600050,571,68,118,623100
600150,835,65,330,278076
600050,839,65,65,507200
600519,841,68,39,5200
600028,687,65,86,228800
601600,602,65,926,2306000
600309,624,68,199,99300
603986,605,68,477,100551
603259,656,68,163,71000
600309,840,68,314,217700
600050,840,65,208,789300
688256,853,68,198,43758
600050,858,68,42,337600
601601,866,68,112,49000
601012,868,68,119,338800
601688,875,68,35,108500
688256,877,65,268,72825
600276,629,65,265,201500
688256,842,65,288,73226
600111,626,68,53,97900
603501,662,68,80,43700
601398,593,68,160,836200
600406,627,68,99,319900
600150,683,65,282,231100
601601,888,65,228,118100
601988,667,65,145,1417800
600150,869,68,114,110700
601688,857,68,66,100900
600276,617,65,499,312300
601211,685,68,27,184700
600760,633,68,68,33500
600930,584,68,208,1076800
601728,792,65,110,362100
601988,889,68,124,731200
601988,863,68,69,757800
601628,613,68,40,20100
603019,636,65,533,209685
601318,622,65,292,186900
601668,847,68,53,422900
601668,605,68,93,1062900
601899,854,65,978,911500
600089,597,68,307,221198
601688,803,68,17,12300
601688,663,68,32,118000
601601,689,68,87,110100
688041,662,68,359,165358
601857,885,65,455,688300
601919,630,68,37,84200
600406,626,65,169,159700
601318,620,65,444,464000
688041,628,68,241,100902
601668,829,65,119,1378000
600150,841,68,303,121700
600276,656,65,388,329600
600276,871,68,116,68000
688256,885,68,196,42498
603501,658,68,102,42400
600183,626,68,1149,413505
600887,784,65,320,334900
688981,655,65,447,391665
603019,679,65,131,58700
688041,784,65,443,204946
600809,608,65,334,152900
600183,780,68,1127,397900
600276,825,65,137,109520
600030,633,68,41,63100
601857,781,68,51,507100
601888,591,65,256,177600
600887,832,65,257,128600
600900,870,65,479,631079
603019,580,68,168,107300
601088,601,68,96,46600
600309,604,65,272,155600
600760,796,68,29,27800
601166,861,65,133,267300
600930,878,65,282,663900
601318,894,68,132,68800
601988,682,68,128,2345100
603501,613,65,252,86135
688981,584,65,1059,484574
600887,667,65,116,122800
600150,890,65,926,500579
603259,843,65,246,108500
601127,660,65,138,43800
601088,571,65,843,385807
601088,780,65,492,194500
601658,685,68,64,241500
600050,782,68,219,1213500
600036,787,65,152,132400
601398,809,68,95,469600
601857,814,65,195,430200
601328,850,65,132,516900
603986,604,65,1163,271552
601318,829,68,68,96900
601328,585,68,40,521800
601857,585,68,137,1026700
600050,645,68,20,37900
600276,678,65,190,213500
601899,577,68,1003,991544
601688,605,68,51,115700
601600,811,68,92,583700
601658,824,65,153,515400
600150,810,68,86,170800
601988,585,68,101,461800
688981,604,65,844,542568
603993,627,68,132,1063700
600900,670,68,188,325400
601658,872,65,102,836900
600406,657,68,25,66500
601211,667,65,241,734300
601328,842,68,26,328700
600809,896,68,71,34900
600183,593,65,2014,688000
601211,819,65,155,169400
601318,781,65,245,96900
600887,867,68,54,48100
601127,600,65,379,206900
601658,655,65,49,201300
603993,852,65,280,604500
603019,885,65,211,175500
600031,817,65,207,211966
600183,801,68,166,39100
601919,789,68,73,298200
600406,582,65,347,319008
601328,684,68,54,71600
601012,590,65,1025,1790521
603993,809,68,129,188800
688041,685,68,378,152094
601318,585,68,166,173305
688012,578,68,382,141976
603259,576,68,512,208600
600760,653,65,61,77300
601658,840,68,71,671400
600111,846,65,123,119000
688256,652,65,436,100904
688041,847,65,346,125118
600031,594,65,371,478100
600050,613,65,183,671900
603259,834,65,226,73100
600030,848,68,259,1020500
601166,608,65,179,457300
601088,787,65,229,167600
600028,642,65,488,1263420
688111,849,65,89,42674
601318,859,68,99,52100
603259,868,65,228,77200
601328,621,68,138,910900
600900,676,68,52,77100
600111,632,65,152,114800
601166,585,65,603,826100
601166,641,68,22,43200
688012,689,68,301,99620
601601,783,65,239,82100
601288,808,68,161,941400
600900,833,68,54,73200
601658,823,68,169,428699
601988,687,68,83,110000
601088,667,68,15,12600
601899,631,65,548,661600
600809,826,65,90,34500
601328,870,68,122,1222800
600276,587,68,149,153700
601628,664,65,148,113700
688008,868,65,455,193675
688981,823,65,270,211250
600276,638,68,90,77400
601127,781,68,57,25700
600031,888,68,218,657000
603986,856,65,283,68132
601728,806,68,21,122900
600276,831,68,96,68800
688008,633,65,571,263808
600519,684,68,38,4200
600887,622,65,300,237900
601012,827,68,119,176100
600111,645,65,184,97700
603993,819,68,127,320000
601658,577,65,596,4467900
600111,580,65,479,521700
601988,599,65,534,3134800
601919,791,68,135,127880
601628,611,68,29,23800
601728,639,65,250,480990
601398,573,68,257,3459700
601888,668,68,14,5300
601919,795,65,213,154300
601988,812,68,46,366700
600276,622,68,321,127900
600050,781,68,45,484300
600887,624,68,58,47600
600309,823,68,48,20400
601857,792,65,169,393000
603501,845,65,74,30300
600028,639,68,72,250400
600030,869,65,395,566700
600150,880,65,553,479310
601166,639,65,178,555800
688111,881,68,120,54472
600183,892,65,1119,302860
600028,795,65,368,899100
600036,608,65,576,447200
600050,880,68,143,2524194
600900,648,68,134,221800
600276,585,65,850,750200
601288,833,68,142,778200
601127,666,68,33,20700
600309,833,68,84,50500
601988,611,65,1457,11745100
601899,844,68,175,215071
601166,851,65,93,89700
688981,570,65,2661,1573118
688111,621,68,230,107421
600031,801,68,71,99400
600900,623,68,136,61700
688012,889,65,462,167073
688111,894,65,175,82064
601211,890,68,66,99800
600519,859,68,42,5000
688012,895,68,262,126404
601658,599,65,169,2685100
601318,606,65,530,499500
600276,601,65,614,504400
688012,613,68,270,104661
600089,668,65,79,91300
603986,686,65,255,58900
601166,862,68,32,136400
601012,882,68,101,248300
688111,871,68,94,41883
600309,657,68,144,73400
603019,805,65,99,42900
600900,597,68,155,224400
600309,781,65,275,187500
601899,818,68,169,301900
600900,840,65,590,328500
688111,593,68,256,120899
688981,646,65,401,321139
600030,883,68,77,101800
601328,610,65,338,1050400
688256,663,68,288,70012
601088,679,68,22,10600
600900,817,68,86,91500
600309,895,68,268,300200
603993,599,65,928,1706200
601688,618,65,199,232400
600111,656,65,73,41900
600030,647,68,48,88800
600519,785,68,54,8100
688012,814,68,285,97491
603501,887,65,163,61700
600036,577,68,158,376300
601919,584,68,83,116500
600930,832,65,89,341100
601888,888,65,113,75900
600309,595,65,574,310800
688256,582,65,557,144240
600809,632,65,108,34800
601728,653,68,35,90000
600887,668,65,117,126900
601728,606,68,117,297500
603986,628,65,945,155700
601688,662,68,18,9200
600276,865,68,82,47900
601899,587,68,310,333800
601288,890,65,423,1919900
603019,884,68,79,84400
603993,631,68,165,320100
600406,648,68,71,67846
600150,837,65,367,195100
600930,887,65,416,1050900
603993,626,65,350,557300
603986,862,68,120,19500
601628,614,68,52,25400
600309,637,65,348,174700
601628,819,65,116,80200
600406,853,65,116,110200
601888,663,65,101,80623
601601,800,68,154,119200
603259,611,65,1578,481398
601127,590,68,164,94000
601398,573,65,936,5670400
601728,658,65,201,637200
601668,665,65,517,4101500
601398,666,68,86,578600
601328,824,68,36,145500
601012,830,68,89,348500
601166,652,65,213,364900
601211,593,65,482,757862
601398,578,65,1033,5407500
601288,668,68,145,297000
601088,628,65,136,73100
601888,855,68,46,15300
600900,866,68,106,247000
600030,621,68,44,59600
601728,608,68,50,409600
601988,609,65,1061,3410000
600930,587,68,332,1045655
688008,882,68,514,231748
600760,625,65,169,67300
601988,657,68,73,410000
601211,588,65,318,398900
600309,609,68,155,119800
600406,612,68,202,573951
600900,610,65,567,647400
601988,861,68,76,908100
688111,680,68,251,85943
600050,616,68,27,248200
601628,683,65,74,39700
600887,807,68,58,59800
603259,613,68,365,195800
600309,814,68,61,22600
688012,866,65,264,95664
600900,620,65,435,412900
600028,818,65,310,961400
600930,896,68,544,1874400
600900,888,68,233,396000
600760,571,65,247,220700
601166,579,68,121,380900
600930,581,65,266,1174700
688256,612,68,422,108329
600519,626,68,86,16000
601728,818,68,32,92500
600930,686,68,66,136100
600183,847,65,400,130700
601668,689,68,175,1580020
600028,881,68,72,200100
601012,858,65,148,287900
601328,595,65,449,1332700
601658,816,68,35,121800
600031,893,65,614,925748
600887,627,68,143,119100
601601,652,65,142,35400
600760,608,68,20,13700
600900,674,68,112,295800
600900,634,65,193,217600
601127,671,65,72,43700
601600,893,65,553,1297600
688012,795,68,245,86279
601211,625,68,71,54738
603986,662,65,250,42865
601211,573,68,84,275546
601628,581,65,322,238700
600028,788,65,293,971600
601600,877,65,334,556500
603259,839,65,233,69800
601628,596,65,352,418400
600036,812,68,96,72900
601012,677,65,163,288300
600183,630,65,1099,313102
600900,637,68,123,140500
688012,652,68,240,86299
600111,587,68,167,69000
601628,809,68,65,27800
601012,783,65,193,227200
600760,830,68,17,21200
603993,874,68,145,168600
600028,595,65,740,2200800
601288,571,68,232,1289300
600809,843,68,20,3900
600309,673,68,52,37000
601857,805,65,107,139700
601318,825,68,115,116700
601658,828,68,40,143300
601899,844,65,518,443100
600900,679,68,61,130500
601398,858,65,206,763945
601988,800,65,244,683600
601728,819,68,68,158700
688981,860,65,241,180894
688012,637,68,340,121799
600887,788,65,242,286600
600036,848,65,283,215500
601012,622,68,125,382700
601888,849,68,35,32900
600406,825,68,59,39300
601166,674,65,94,206400
601919,852,65,362,862900
601601,877,65,281,254900
601919,609,68,69,97100
600887,660,68,83,68800
603019,626,65,459,123000
601628,572,68,75,40800
600031,807,68,58,61200
688256,810,65,308,87548
601088,871,65,178,75900
600089,803,65,166,340200
601728,846,68,27,81300
688981,880,68,195,162198
688008,575,68,1267,925995
601668,644,68,59,1768100
688012,828,68,209,74742
601688,787,65,69,108700
601398,598,65,487,1609200
601328,798,65,82,970200
601127,680,68,16,8800
601857,816,68,45,146500
601166,894,68,116,298800
600183,662,68,360,118300
603019,580,65,464,265200
600406,631,68,49,65400
600050,685,68,57,257000
600036,577,65,737,741800
601088,827,65,93,55800
600089,573,68,72,167830
601899,823,65,771,1008900
688256,847,65,288,67893
600111,787,68,52,104300
601088,809,65,121,91200
600089,832,68,40,110300
600900,890,68,272,642200
688111,579,68,205,84667
600028,613,65,330,911500
688012,671,65,358,127538
600519,851,68,29,4600
601398,634,65,442,2674000
603019,613,68,276,81200
601658,781,68,53,589400
600050,686,68,23,63900
600031,661,68,47,138100
601688,688,68,28,71300
601166,823,65,128,189200
601628,587,65,470,245000
688981,837,65,210,176835
601318,660,68,56,40500
603259,595,65,1850,497500
601211,813,65,216,366758
600406,875,68,87,123312
600276,582,65,1094,1008073
601318,640,65,190,110100
600519,628,65,179,26300
600760,815,68,18,13300
601012,816,65,92,137100
600028,664,68,88,360100
601211,875,65,184,197000
600519,812,68,41,5000
603019,675,68,79,37000
600183,844,65,378,141355
601919,832,68,36,127300
600111,842,68,56,42100
601988,601,65,385,1802800
603501,886,65,144,67000
601127,791,65,115,47200
688256,834,68,132,30994
601328,818,65,82,246400
600036,843,65,321,111200
600760,624,68,28,13000
600309,828,68,67,41800
603019,816,65,511,102300
600930,846,68,98,809500
600030,649,68,45,89800
601288,587,68,382,3015900
600030,819,65,175,183600
601919,601,68,95,152300
600183,880,65,810,274807
600028,630,65,662,2217500
601211,816,68,28,54400
601600,684,65,177,290700
601899,611,65,624,795300
688012,579,68,385,127894
600276,867,65,167,138000
600050,896,68,435,5459100
688008,645,68,336,136413
600036,866,68,82,92000
688041,868,68,207,79865
601328,605,68,100,738800
601688,792,68,55,62300
600050,797,68,47,114800
600030,862,68,75,78800
688256,659,65,236,59039
600930,840,68,94,244700
601166,868,68,84,291100
601012,613,65,546,938200
601668,805,68,49,614800
600183,891,65,787,263700
601318,877,65,411,235500
600050,576,65,716,7127825
600031,599,65,325,517900
600760,878,65,97,102340
688012,624,68,289,97264
601600,664,68,99,493400
603993,623,65,563,1646900
600930,666,65,144,758300
600036,607,65,269,261500
603986,854,68,133,23500
600406,895,68,119,154600
601668,588,68,121,1366872
601919,808,68,51,56100
601127,623,65,190,96200
601688,851,68,61,52900
601318,796,68,57,48700
601398,615,68,175,1358300
601888,600,65,219,158300
603986,882,68,263,60100
601668,685,68,50,378100
600036,596,68,75,92500
600089,689,68,20,22100
603993,598,68,356,736600
600887,791,68,49,44500
601288,822,68,133,579900
601088,633,68,44,24500
603019,858,65,92,76100
601600,882,65,411,930800
601166,592,65,236,1079300
600028,684,65,339,808000
600031,839,65,285,623000
600519,841,65,72,10100
601288,643,68,166,1257200
603501,827,65,100,30700
603501,580,68,132,47400
601127,864,65,133,64400
603019,594,65,2232,645900
600150,610,65,727,646988
688012,838,68,142,52750
600036,802,68,115,88200
600276,856,68,64,28700
603501,679,68,18,9865
600519,598,65,152,25200
600089,638,68,149,203298
601688,677,68,8,14800
688041,804,68,282,100124
600406,888,65,206,372700
600900,611,65,378,717900
601988,599,68,253,1152600
600183,651,65,558,218700
600887,676,65,92,79700
603501,650,68,65,30700
600809,679,68,30,6800
600036,836,65,276,198500
600519,604,68,153,19800
600050,818,68,35,107200
603019,592,65,1927,507900
601600,801,65,292,594900
600809,580,68,63,19272
603019,841,68,72,44200
688256,890,65,398,97148
600111,890,68,124,108700
601728,808,65,56,139100
600887,792,65,204,188800
600028,785,65,1036,2214100
600519,882,65,158,25900
601857,895,65,204,408100
603986,617,68,767,134023
600887,858,65,166,129100
600028,871,68,61,168600
600150,875,65,568,419200
601658,894,65,687,3328036
601318,644,65,268,178782
603501,797,65,62,31200
601288,819,65,624,3256100
601668,688,68,160,1695500
600031,787,65,223,216500
601166,862,65,79,173400
601668,821,65,115,499600
688041,828,68,301,131366
688256,817,68,178,40396
601600,850,65,230,364500
600900,856,68,155,410300
601318,577,68,149,102500
601012,599,65,319,956601
600150,840,68,216,189600
601127,815,65,64,19000
600089,830,68,63,98000
601211,580,65,762,998400
601688,829,68,90,219700
601857,599,65,239,419200
601288,657,65,501,1253600
601688,611,65,205,179500
688111,859,68,82,38998
600519,875,65,185,22200
603019,876,68,86,35615
688256,627,68,328,79302
600030,593,68,68,153100
600031,674,68,39,47600
601211,841,65,142,522896
601857,892,65,187,469100
601600,683,68,57,272400
600030,575,68,160,465100
603501,576,65,700,346100
688012,827,65,350,124197
600150,642,65,599,631328
601888,685,68,16,3600
600030,881,68,61,69600
601899,647,65,299,296900
601988,865,68,58,139500
600150,589,65,710,715434
601012,593,65,546,1033821
601601,629,68,86,146900
600030,644,68,43,49800
601012,675,65,108,238000
600150,664,65,499,214012
688041,624,68,263,96900
688111,677,68,54,33045
600900,607,68,131,428600
601919,668,68,20,47400
603986,823,68,314,58200
600760,785,65,32,36091
688981,862,65,255,185281
601668,822,65,110,352400
601628,868,65,115,58000
603993,592,68,323,733816
601127,815,68,55,20000
600031,870,68,122,143600
601988,895,68,310,1489300
601012,664,65,94,125400
600111,865,65,92,73200
601688,598,65,223,294700
600111,650,68,38,24000
600809,800,68,34,5400
688111,669,65,109,46875
600309,820,65,106,54556
601601,804,68,51,12000
601988,792,68,46,768400
601688,782,65,138,298300
601628,680,65,71,35700
600809,624,68,36,15900
600900,787,65,245,464400
601728,571,68,68,247800
601728,631,68,34,85300
600150,597,65,618,732819
601166,853,68,28,94900
601211,848,68,62,86500
601166,787,68,147,230400
601857,637,65,94,102400
600930,586,65,251,1262900
603259,806,65,256,103500
601088,812,68,70,49000
603501,677,68,32,19700
600089,821,68,35,115900
601628,661,68,56,13400
601728,860,65,95,171300
601658,651,65,55,643000
601857,812,68,110,241600
601728,796,68,19,43900
688008,677,65,397,189065
688041,805,68,228,89146
600031,819,68,72,75200
688981,861,65,231,177520
688981,614,68,327,271940
601166,607,68,54,221900
601668,685,65,74,218400
688012,819,65,347,112354
688111,790,65,97,44133
600276,686,65,657,195500
600519,812,65,124,15900
600111,603,68,116,151200
600031,689,68,140,414000
600028,574,68,429,11497100
601919,579,68,140,232100
601166,591,68,84,430500
600887,805,68,61,63700
600111,848,65,144,86100
603259,884,68,187,81960
601888,879,68,44,33100
600150,570,68,1316,2521615
600050,828,65,47,530800
601211,683,68,38,48300
601328,592,65,392,1958600
601628,679,65,66,43500
600900,603,68,170,297700
601127,627,68,69,29800
600089,617,68,148,128600
688981,634,65,306,231647
600030,801,68,123,200500
688111,582,68,295,156396
600111,665,68,40,18700
601328,809,65,195,752000
603019,819,68,320,53900
601899,618,65,619,695900
600150,824,65,235,142715
688012,586,65,689,254984
601988,838,65,276,1511500
601318,685,68,58,49400
600028,607,65,648,2943900
600309,866,68,227,160700
601658,814,65,117,325300
600028,781,65,897,3378400
601728,637,68,125,183400
603986,895,65,972,212042
601988,827,65,649,3387590
600887,599,68,87,112200
601398,791,65,371,1635800
600276,658,65,363,217300
600150,673,68,59,76997
601688,639,65,74,110100
600887,793,68,34,62600
600887,626,65,230,230700
688012,794,65,177,63231
688008,794,65,527,226129
601688,800,68,15,26700
601166,804,65,129,225800
600406,820,68,53,36400
601328,647,68,50,70600
601166,823,68,52,107300
600089,824,65,81,122300
601318,825,65,322,206600
600028,848,65,139,368500
601211,852,68,60,108200
601398,853,68,68,342700
688008,816,68,227,103328
688111,688,68,158,74052
601600,854,68,87,299600
600089,626,65,139,189900
600183,641,68,311,95300
601899,589,65,1487,1499000
600028,645,68,73,144700
601127,663,68,28,28200
601328,803,68,54,103000
600050,835,68,36,183500
601088,879,68,19,15700
603259,602,68,334,136800
601658,612,65,291,1560600
600036,894,68,102,69100
601166,656,68,344,471700
601988,780,65,1615,4526520
600887,666,65,130,109000
601600,872,65,365,1213000
600111,607,65,526,477313
601600,889,68,221,314200
688008,597,65,1708,913557
600930,835,65,81,446300
601658,844,68,47,222700
603993,822,65,172,361400
600406,887,68,117,138500
688008,855,65,456,182589
601288,586,65,1300,6718800
600276,891,65,510,582660
600887,653,68,79,73100
688256,895,68,326,102425
601328,841,68,28,111500
600887,594,65,530,568977
603993,680,65,169,354300
601919,814,68,20,41300
601888,648,68,1041,186500
603993,876,68,154,329700
601318,781,68,69,39400
600030,641,65,179,298700
600111,793,68,27,18000
601127,886,65,237,79800
688012,791,68,331,109494
601628,782,68,158,89000
600519,879,68,62,9419
688111,831,68,110,47414
603501,635,68,32,9600
601318,798,65,184,145583
600089,822,68,36,55182
688111,582,65,396,219845
600050,879,65,94,1576700
603019,814,65,450,105000
600760,597,65,95,78900
601328,637,65,161,475300
600309,593,68,131,54722
600887,600,68,98,115200
600276,625,68,168,119000
600036,890,68,181,181800
603259,788,68,186,78500
600150,598,65,483,529540
601127,595,68,234,129300
600309,584,65,1328,898300
603259,597,65,1282,408100
688256,604,68,294,64830
601012,891,65,326,1004873
601600,818,65,552,606900
601899,646,68,675,605800
601127,833,65,43,26900
601012,835,65,125,460000
688012,622,65,428,141377
600887,671,65,151,192300
600760,862,65,69,27300
601628,619,65,87,55300
600036,647,65,258,100300
603986,578,68,864,225899
601919,682,65,193,145600
688008,793,65,552,276488
600900,855,65,399,602100
601728,661,68,23,69400
601888,788,65,56,68200
600887,785,68,137,175700
600309,894,68,162,109239
600050,582,65,192,1416700
601328,634,68,73,372200
600036,837,68,76,66200
601899,645,68,318,218600
600089,680,65,89,118500
600028,628,65,410,1805900
688041,597,65,898,428626
601857,613,65,222,604900
600930,626,68,58,157300
603019,629,68,195,35300
688111,636,65,218,95718
600036,634,65,298,145300
688012,676,68,299,111222
600036,679,68,30,31800
603019,794,65,99,54900
601318,642,65,394,149400
601600,797,68,81,466100
601166,799,65,79,138100
601688,791,68,13,66300
600030,802,65,242,372200
688012,607,68,405,137416
601088,803,68,34,25700
603019,815,68,65,50500
600809,840,65,74,18700
601600,848,68,83,151400
600519,860,68,46,7500
600031,606,65,603,1193000
600276,655,68,75,56500
600150,797,65,698,605800
601688,807,68,27,30000
601012,862,65,94,241600
601088,807,68,58,36900
600406,840,65,220,160800
688111,629,65,138,61108
600930,682,65,154,750000
603259,791,68,119,26900
600089,825,68,47,90690
601728,890,68,217,463700
600406,794,68,20,21100
600406,834,68,54,35100
601899,885,68,456,332300
600276,610,65,707,579570
688981,896,65,335,295311
600276,843,65,204,116100
600930,611,65,111,657400
600030,611,68,45,66700
603501,582,65,294,125900
600030,656,68,53,51200
601318,817,65,325,171800
600050,880,65,188,2768800
600887,578,68,76,73100
601127,790,65,100,59600
603259,636,65,409,135200
601127,820,68,31,7000
601899,833,68,167,425600
600809,622,68,70,35200
600809,572,65,292,69300
600031,599,68,84,174200
601012,655,65,166,229900
600809,669,68,39,10800
688256,617,65,544,146430
601088,680,65,153,59200
601988,782,65,338,1551600
600050,787,65,70,361500
601919,811,68,93,242200
601600,583,68,202,1198000
603259,683,68,67,26720
600309,575,65,771,479765
688256,834,65,178,41202
601318,676,68,43,40300
601288,834,65,258,1509300
688256,839,68,165,43537
601658,867,65,247,817100
601166,584,68,69,200700
601088,574,65,563,272500
601398,637,65,281,1459600
601628,570,65,1578,2042000
601012,888,65,376,642800
600111,792,65,94,62700
603501,656,68,33,10800
601088,659,65,114,82300
600900,840,68,153,163000
601888,669,68,17,4700
601658,896,65,273,1235800
601398,643,68,152,374100
600809,888,68,51,17082
601888,573,68,56,48700
601728,820,68,84,313900
603019,592,68,1638,326000
600276,882,68,117,122900
600760,883,68,32,15200
601288,875,65,264,1459800
600887,601,65,551,421000
601012,619,65,388,912300
688041,577,68,464,203478
601211,657,68,30,127800
601688,572,65,402,711300
601328,583,68,107,518100
688256,572,65,857,304052
600031,643,68,58,179300
601127,599,65,450,245900
603019,838,65,90,59800
600519,617,68,126,20900
601398,873,68,94,390800
600183,800,65,420,122800
600809,889,68,56,22900
601600,585,65,938,2531900
600519,819,68,32,3600
601919,784,68,19,41900
600050,890,68,151,555600
603986,894,68,678,126485
603259,675,65,420,122600
600930,896,65,132,510700
601328,863,68,71,278400
601601,895,68,176,91800
600183,594,68,752,274408
600406,605,68,69,102500
601899,663,68,184,180000
601398,673,68,47,100100
600089,829,65,106,305400
600036,822,68,55,28500
600036,603,65,449,381400
601328,611,68,87,401900
688256,785,68,205,45292
600276,840,68,169,101700
601888,575,68,109,97867
600028,821,65,149,773100
600030,856,68,294,311099
601988,867,65,207,1285100
600930,838,65,202,812700
603259,880,68,153,80600
601088,856,68,36,16600
601628,573,65,281,212200
601166,639,68,125,401600
600150,825,65,398,216583
603501,841,65,185,50840
601688,851,65,116,118800
601668,859,68,96,557900
600036,875,68,68,70300
601012,892,68,245,463877
601398,812,65,141,419400
601318,595,68,131,171300
601658,571,65,904,5378300
601328,642,68,156,1067500
688111,656,68,186,84911
600276,848,68,223,441100
601600,578,65,678,2097600
601888,598,65,300,200070
600150,677,65,290,235496
603993,842,68,112,261700
601857,801,65,525,1665800
601398,682,65,268,2737100
601328,795,65,138,373500
601012,860,68,42,124000
600519,654,65,208,23640
600900,582,65,1066,1398800
601012,612,68,118,235400
601211,870,68,82,269200
688981,886,68,185,147239
600150,866,68,194,99368
603993,876,65,350,540000
600887,572,68,80,113300
601088,647,68,59,28500
600930,801,68,47,181400
600887,892,68,140,239800
603019,666,65,96,39500
688008,848,68,312,141094
601668,892,68,229,996200
600900,588,68,94,178600
600111,669,65,83,101000
600760,662,65,53,58100
688256,844,68,159,44286
601166,785,68,49,115700
600031,854,68,101,254000
600031,580,65,549,581500
603986,625,65,916,193514
601919,580,65,765,687300
603993,853,65,288,518900
603501,814,68,51,26100
601288,602,68,384,1322800
601888,809,65,71,43200
601398,889,68,356,1869700
601398,657,68,82,931900
601628,638,68,30,12500
600900,781,68,82,572500
600183,578,65,2241,697065
600050,808,68,33,236900
600930,863,68,84,780000
600930,799,68,109,236600
600036,636,68,117,77900
600030,874,68,68,91000
601857,879,65,299,387200
600031,670,68,43,86500
601888,600,68,64,52900
601088,672,65,125,55300
600887,688,65,76,46600
688256,667,65,274,61939
600809,894,68,58,23300
601288,823,68,119,1943500
600887,587,68,99,160100
601628,829,68,96,35200
600930,843,65,139,709100
601288,686,65,159,711000
688012,852,68,232,104119
600900,864,68,109,194500
600276,570,65,3610,2916080
600111,842,65,128,157800
601601,594,65,381,226700
600900,801,68,283,320100
603501,598,68,51,35000
603986,780,65,2146,395300
688256,861,65,122,32015
603993,620,65,538,1043200
601628,666,65,230,643300
600519,688,65,141,17000
600150,606,68,313,401045
603019,893,68,111,40800
600050,617,65,111,805300
600809,786,68,52,13900
601288,601,68,366,1912900
600809,611,68,195,93000
603259,636,68,187,75500
603993,581,68,391,1356600
600760,642,65,67,54888
601728,671,68,57,168200
603986,663,65,306,83098
600406,627,65,272,425400
600050,781,65,95,627800
688041,785,65,451,185375
603259,585,68,275,120800
600036,584,68,103,69400
603019,597,65,1181,329800
601658,645,68,20,188800
600930,783,68,55,435200
603986,788,68,231,35000
601728,655,68,37,129000
688041,689,68,444,160161
601899,865,65,567,540600
600036,594,68,71,93600
601857,869,65,291,527600
603993,877,68,159,184500
601398,681,68,121,796100
601328,844,68,23,149600
601688,844,65,91,162200
600276,665,68,77,86100
601012,649,65,136,291200
600030,864,68,132,487100
688256,631,65,380,89428
601398,651,65,232,1500358
600809,666,68,25,14900
603019,821,68,63,27200
688256,596,68,355,80583
600111,785,65,83,54200
603986,895,68,560,109899
603986,630,65,504,120500
688111,854,68,82,37632
688981,663,65,202,132522
601012,828,65,139,310000
600089,676,68,28,73400
600111,870,68,55,50300
600089,592,68,240,353800
601888,833,65,50,56100
601211,798,68,31,48100
600150,677,68,84,128200
601728,847,65,103,183300
603259,689,65,224,60900
601600,621,65,540,973200
600930,809,65,96,319100
601318,681,68,91,53300
600050,888,65,162,272470
600150,615,65,690,619669
603259,837,68,66,28800
688256,789,68,207,48095
600900,645,68,93,187200
600809,856,65,327,56000
601888,636,65,402,174070
601318,782,68,54,20100
600183,592,68,585,168300
600089,587,68,177,170100
601211,812,65,194,289100
601601,852,65,225,432300
600309,645,68,50,43700
601688,648,65,430,550900
688008,843,65,443,190782
603019,575,68,198,128700
600900,647,65,313,412200
600406,659,65,74,115400
688012,663,65,248,100934
601857,581,65,662,2209000
601919,879,68,102,128400
601127,599,68,135,71500
600809,801,68,44,10000
601318,861,65,486,183000
601919,802,65,261,190800
688008,850,68,278,121463
600050,812,65,71,413900
601857,622,68,35,55800
601166,661,65,212,253700
600089,592,65,527,575800
600519,864,68,34,4500
601888,878,68,44,21300
603259,668,68,338,80700
603259,785,68,133,48300
600760,685,68,26,22000
688256,854,65,256,65028
601088,864,65,118,46400
601012,886,65,205,362900
600050,851,68,30,200500
601857,838,68,89,378500
601668,582,68,51,1051100
600183,612,65,1111,386596
601288,638,65,543,1834200
601857,653,65,134,309400
600900,689,65,119,122700
600183,887,65,708,211400
603986,667,65,322,60785
601888,577,68,177,149300
600111,570,65,3645,3854229
601088,599,65,254,132520
603993,634,65,312,462600
688012,662,65,191,75808
600900,879,68,123,141700
600050,663,65,79,465018
601888,846,68,57,27400
600089,608,68,90,344800
688008,892,65,517,233484
600089,597,65,764,645636
601919,621,68,61,101600
688256,633,65,356,85078
600887,802,68,48,49700
603986,865,65,703,118078
600930,596,68,78,365900
600809,867,68,23,6700
601211,893,65,254,503200
688008,579,65,2844,1440941
600031,793,68,69,118100
601601,609,65,305,225200
601688,624,68,53,32600
600150,849,65,448,385361
603993,582,65,1780,2162200
601288,617,68,182,1077900
688111,652,65,163,93312
600887,813,65,146,146200
601857,658,68,62,283300
601318,675,68,61,79500
600030,595,68,77,120400
601988,628,68,205,1016500
603993,580,65,1220,3109500
601988,686,65,154,1472700
601211,631,68,30,73900
688041,822,65,487,203848
600900,830,65,285,200000
688981,653,65,347,276179
600036,669,65,291,196400
600030,669,68,39,65800
601328,681,68,27,83500
601012,678,68,51,138700
601728,786,68,32,88000
600183,633,65,869,242050
600309,573,65,628,343200
601899,638,68,147,180300
601088,878,68,63,23400
601288,607,65,1398,6805942
600760,891,65,148,59800
600050,809,65,53,465000
601211,613,65,177,157600
600519,671,65,81,11600
600519,589,65,293,44659
600030,620,68,39,120500
601318,581,68,324,262300
600887,634,68,62,130300
688111,612,68,155,75654
600030,644,65,146,167300
600887,676,68,29,46200
603019,605,65,805,422436
601398,619,65,752,3401567
601857,815,65,306,425800
688008,847,68,298,131596
601888,892,65,163,106300
601600,881,68,201,271600
601012,655,68,70,85600
601328,851,68,40,398100
601919,686,68,17,55800
601600,891,65,714,1237646
601688,843,68,77,76300
601888,601,65,218,172400
600183,668,65,527,227300
603993,831,65,231,395100
603259,641,68,142,40900
688111,638,65,196,84333
603259,597,68,545,111800
601166,851,68,39,74700
601288,868,65,199,724600
601728,611,68,26,199800
600887,606,68,132,230700
688041,646,65,476,169884
600111,671,68,30,27100
688111,627,65,128,57252
601211,800,65,247,449700
688012,633,65,412,146309
600030,857,68,92,164200
601857,888,65,412,611700
688012,653,65,342,121957
688981,619,68,204,143194
603019,611,68,764,232700
600028,679,68,61,285900
600760,848,65,50,35500
603019,863,68,40,13300
601211,608,65,214,230200
601328,590,65,384,2170300
601127,645,65,100,61800
601088,595,65,350,204300
601668,782,68,23,209400
601899,793,68,141,281700
603986,599,65,1883,423936
600089,803,68,36,124900
600760,832,65,46,51400
600028,633,68,66,472800
688008,586,68,2262,1235116
601328,791,65,131,1816400
601688,824,65,102,102500
601899,664,68,81,72000
688981,845,65,221,160777
601166,846,65,182,177900
688111,841,68,127,50418
600887,831,65,352,307700
600089,864,68,53,53500
603986,622,65,831,226200
603986,623,68,319,58000
601601,635,65,116,69300
688008,685,68,210,89159
601600,839,68,58,529100
601888,630,68,41,37800
600028,859,68,72,354300
601658,579,68,86,740300
603993,683,68,58,185700
600809,885,68,39,8700
600036,813,68,71,60200
600519,840,65,52,6900
600031,865,68,115,95500
600760,595,68,239,97700
603986,611,68,1646,254900
601658,612,68,69,714900
601857,686,68,40,161000
601919,871,65,378,365800
601628,892,65,337,279100
600150,812,68,109,117600
601601,846,65,360,254000
600183,809,68,328,105600
601857,574,68,93,221143
688041,591,68,700,276672
688041,802,68,288,110372
600183,816,65,774,261500
601919,681,65,78,136800
601628,665,68,53,24500
601288,676,65,386,1164400
600406,572,65,625,828700
600309,611,65,966,1098600
688981,803,68,143,111464
601988,612,65,1172,6546200
601688,619,65,78,74500
601288,605,65,1128,6777900
600276,656,68,230,185600
601857,666,65,112,152900
601328,826,65,67,128800
601988,675,65,427,1736700
601988,587,68,234,2671800
600887,845,68,39,48600
601088,870,68,38,20200
600519,836,65,132,17500
688256,879,68,152,36354
688008,883,68,352,150282
600887,588,65,364,393600
601919,618,68,37,43800
600031,647,68,111,199800
600309,632,65,583,341000
603259,660,65,715,279600
600089,884,68,67,123700
600031,782,68,35,41300
601398,662,65,248,466400
603986,624,68,418,77300
601728,644,68,46,164300
688111,796,68,157,68900
600309,780,65,1118,477000
688981,781,68,131,107120
600809,791,65,54,11100
688256,582,68,416,98189
601628,635,65,113,43900
600930,670,68,52,334600
600760,785,68,10,16140
601600,645,65,697,2001500
601012,634,65,155,364300
600760,869,68,24,18000
600183,864,68,447,85200
601012,787,68,55,73100
600276,637,68,77,59800
688111,814,65,118,65440
601628,837,65,104,96200
601658,860,65,102,321500
600183,874,68,403,143200
688256,575,68,410,96065
601318,635,68,124,70230
600050,791,65,69,344700
600030,858,68,79,118600
603993,824,68,70,167500
600900,842,68,235,178900
688111,574,65,265,124044
600030,810,65,262,231000
601899,572,65,2920,3765463
601888,612,68,82,55100
600050,811,65,83,253600
601211,815,68,31,85800
603019,787,65,594,165000
603259,645,68,617,146840
600111,881,68,68,89111
601288,671,65,572,1650700
600050,579,68,91,1314700
600111,800,68,30,39200
688008,854,65,433,187141
601211,858,65,216,525800
601601,801,68,126,52810
601857,688,65,72,114000
601919,886,65,268,346900
600887,598,65,444,409500
601211,632,65,85,90200
603993,681,65,311,1458400
603501,806,68,58,21800
688111,855,68,63,25950
600031,827,68,48,62500
601088,609,65,253,120800
601899,623,68,263,414300
601728,678,68,19,32800
600050,810,65,96,263800
600276,811,68,103,98400
600900,595,68,131,236400
600028,876,65,305,927900
600111,838,65,123,77300
601600,890,65,792,1209400
600309,816,65,187,72400
688041,817,65,397,140330
688041,657,65,452,171287
601600,894,65,509,1500500
600028,683,68,45,140300
600089,655,68,41,72100
688981,668,65,172,148150
601728,848,65,199,227400
603993,617,68,182,607500
601919,835,65,530,470000
601988,840,68,155,344300
601919,629,65,126,155550
600887,868,65,252,184900
601328,608,68,53,423900
601211,643,65,158,231600
688981,872,65,239,170363
688012,892,68,339,131503
601127,605,65,260,138000
601318,657,65,240,81400
601398,671,68,80,149900
600036,787,68,52,74100
603259,656,65,542,244760
600183,788,68,266,86700
603986,610,65,2017,391200
601127,855,68,103,35600
688012,575,65,605,207655
688012,801,68,183,73347
603501,854,65,86,54000
601288,623,65,659,3390700
600887,817,68,20,22800
688012,878,68,225,80014
601601,649,65,112,106400
600406,846,65,148,129600
603501,681,65,105,41700
600111,828,68,51,25300
601628,839,65,77,173900
600111,674,68,33,24900
601857,624,65,373,1416400
603019,636,68,195,61400
600183,658,68,220,74400
600760,660,68,10,11100
603986,578,65,2618,646000
603259,786,68,106,55000
600519,870,65,160,22100
601668,836,65,229,1742300
601919,832,65,313,210600
603259,860,68,124,54100
601328,848,65,267,997900
601728,875,65,135,263700
601398,821,65,271,716800
601919,816,68,25,25600
601899,876,65,707,615400
601012,576,65,923,2530813
603259,642,68,139,46200
600519,820,65,58,6800
600406,896,68,190,186560
600930,652,68,55,180600
600028,634,65,261,1071600
601012,665,68,44,117200
601628,871,65,176,68200
688256,854,68,234,54450
601211,802,65,111,228700
600887,617,68,130,128600
603501,866,65,117,36400
600028,882,68,60,1026600
600028,841,68,48,273700
600150,841,65,626,289100
600030,829,65,216,461970
601601,891,68,93,89900
600887,884,68,129,179300
600183,887,68,397,108200
601288,782,65,476,4204900
601166,784,68,140,223400
600183,812,65,741,225100
600183,657,68,279,85700
600036,856,68,79,79200
601600,799,65,259,433000
600030,623,68,58,87900
601088,845,68,30,38700
601888,807,68,251,64700
601668,630,68,48,1380500
600519,686,65,70,9400
600309,791,65,164,88800
603019,835,68,59,56800
601728,781,65,84,241400
601398,812,68,75,518500
603259,845,68,185,83471
601318,855,65,351,180600
600030,857,65,249,286200
600050,834,65,96,1002800
601668,862,68,54,410000
688981,872,68,174,140711
603993,595,68,370,594000
601211,811,65,287,429000
600406,820,65,95,77800
601658,821,68,115,219300
601601,671,65,355,152800
600809,844,65,99,32100
600028,840,68,54,176800
601166,890,65,164,229600
688981,590,68,907,474696
601728,799,65,111,112900
600050,611,65,78,916500
600887,844,68,59,81000
601012,823,68,45,261200
601288,782,68,180,2057500
601899,644,68,185,112100
600111,641,68,48,23487
600028,637,68,103,498800
600519,658,65,128,16300
600309,632,68,185,228600
600030,821,68,61,96400
601668,615,68,133,715580
601857,843,68,98,553700
688041,886,65,545,266935
601088,884,65,129,81300
600030,572,65,753,1398101
600887,602,65,444,685800
600519,606,68,200,48200
601728,630,68,27,126000
688008,641,65,573,243539
601857,646,68,26,157000
601600,607,68,87,139400
600036,652,65,815,248200
688111,886,65,93,45632
600887,871,65,344,303900
600031,673,68,51,70200
601601,675,65,194,100400
601318,683,65,162,72300
600050,632,65,373,3277000
600406,628,65,158,237300
601658,659,68,162,1016500
601888,819,65,80,47400
601988,823,65,542,1928100
601988,860,65,592,1209700
688111,863,65,109,45042
601899,887,65,757,855500
601166,610,65,161,483500
688012,787,68,323,110507
601318,639,65,216,164300
600036,809,65,307,266500
603993,659,65,275,433200
603259,870,68,140,38300
688041,825,68,377,173186
601211,638,68,12,33200
601600,843,65,389,1424100
688111,852,68,37,18608
601328,858,65,432,2225700
603259,862,68,72,24008
601668,878,68,140,1324920
688111,595,68,172,82432
600150,618,68,145,231715
600309,836,65,556,270700
600887,876,65,220,253100
601899,578,68,642,762744
603259,614,68,1282,530253
601211,681,65,58,70900
688111,787,65,121,60803
600309,668,68,72,26300
600111,652,65,137,79100
600930,644,65,87,524200
600519,570,68,206,34490
601628,647,68,31,22200
601328,622,68,51,269000
601328,665,68,67,321800
603993,575,65,1516,2458413
601127,596,68,130,82300
600760,807,65,73,53500
601328,630,68,69,556200
601127,598,68,466,157658
600089,613,65,319,445000
600276,661,68,121,104500
688256,688,65,239,60809
600519,596,68,96,14900
601318,787,65,225,223200
600309,809,68,28,11300
688256,827,65,222,52411
601988,603,65,633,1895300
601328,689,68,166,427500
600089,831,68,49,104600
601601,838,65,168,118600
600028,863,68,107,161700
601668,871,68,94,331500
601288,890,68,282,1491900
600183,793,68,185,51300
601166,655,68,31,77400
601899,781,68,206,323700
600031,789,68,45,43000
600406,632,68,35,43800
601857,570,68,342,2739394
601398,648,68,83,2037300
688041,893,65,608,271350
601899,621,65,968,1145200
601899,830,65,540,453700
600887,667,68,47,150800
601688,794,65,155,322700
688008,590,68,752,403506
688041,780,68,528,191987
600887,816,68,41,27900
603501,829,68,49,17900
601668,842,65,141,1706500
688981,665,68,364,308342
600309,842,65,502,371600
603019,669,68,56,23100
601857,689,68,158,199600
600519,827,65,93,10600
601888,666,68,19,26800
600089,876,68,56,105100
600900,570,65,4418,6784100
600030,638,68,26,20800
601601,796,65,149,125500
600760,833,68,20,25700
600111,865,68,39,69400
600406,827,65,280,462944
601658,827,65,113,885400
601398,586,68,349,2983100
600089,612,68,46,82000
601919,783,65,278,228800
600111,843,65,111,226100
688981,597,68,1238,499628
601688,838,65,118,148500
601398,885,68,195,830300
600406,592,68,133,182900
601988,584,68,131,905000
601088,634,68,107,46200
601012,800,65,187,510700
603019,893,65,252,138100
603501,812,65,81,26500
688981,630,65,270,248646
600930,599,65,153,1026500
601288,843,68,142,421300
603993,863,65,233,377600
601888,647,65,146,73600
601988,826,68,35,253800
600050,582,68,43,481800
601668,657,68,87,604600
600183,884,68,434,135200
601899,810,68,110,148400
601288,652,65,687,2943000
601857,592,65,520,897100
601888,594,68,74,85500
601127,881,68,121,56000
600028,828,68,44,277270
601398,829,68,99,310200
600309,785,65,210,130446
600030,799,68,56,54400
600276,805,65,205,183600
600887,633,65,285,518300
600028,618,65,510,2868400
688256,653,68,286,64382
601211,795,65,173,468100
601668,792,65,70,672000
601919,679,65,190,207690
601601,587,68,161,113800
600760,687,68,104,32100
601088,591,68,156,119100
688012,654,68,221,90258
600809,664,68,15,5500
601988,677,65,124,324500
688041,688,65,505,158237
688012,848,68,261,93794
603986,874,65,573,107000
601211,871,65,193,133200
603993,856,68,89,150700
600031,604,65,655,1483902
603259,667,68,317,53502
601012,875,68,85,133700
601288,644,65,935,4200200
688256,597,68,443,108609
601600,669,65,261,973500
601658,831,68,70,778200
603019,894,68,112,60358
688981,620,68,277,234851
600519,870,68,81,13500
601899,684,65,513,769600
601601,600,65,312,281800
600276,641,68,198,88200
601919,680,68,24,33300
688041,685,65,492,199568
601328,575,68,114,501500
601398,647,65,184,649400
688981,577,65,1149,730308
600406,866,68,84,212161
601857,880,65,216,259600
601857,583,65,617,1195000
600406,629,68,55,68300
688111,631,65,176,72085
600031,825,68,97,190300
688012,632,68,336,116537
601288,826,68,138,1000800
600900,849,68,115,219500
601988,674,68,191,1465000
601288,609,65,1514,6614000
601211,629,65,127,160000
600028,801,68,126,830800
600150,844,65,419,182100
600031,850,68,107,154100
600519,669,65,89,11800
688111,841,65,160,62483
600930,855,65,226,1198700
600276,861,65,140,117200
601857,607,65,517,1093100
601857,637,68,20,37800
601328,873,65,155,563900
688981,626,68,411,228711
600760,799,65,43,22300
601288,824,65,299,2254000
601088,627,68,28,15000
603993,676,68,81,205900
688012,888,68,237,108376
688008,689,68,378,197097
601668,863,68,44,331500
600030,890,65,199,371040
600028,895,68,375,1408400
601600,580,68,204,1428900
600930,788,65,121,664300
688256,823,68,191,42103
603993,823,65,149,251300
600150,615,68,151,134240
601658,689,68,450,1261100
600809,619,65,273,127100
600036,639,65,351,220500
688012,623,65,319,116039
601288,575,68,238,3667800
601628,862,65,98,51600
601899,620,68,141,177100
600036,823,68,52,29600
688981,581,65,687,488446
601628,685,68,16,6500
600930,577,65,445,2991200
601628,623,68,25,16400
603993,797,68,108,111400
601601,817,68,55,36900
688041,620,65,501,184203
603986,888,65,706,135754
601211,602,65,207,302200
601899,857,65,601,476900
601899,801,68,118,536000
601628,888,65,132,125200
601857,787,65,297,436700
688256,873,68,125,28176
601211,787,68,107,109700
601888,843,68,13,5600
600036,640,65,299,193400
600276,673,65,345,392400
601919,829,68,24,40700
600887,878,65,314,255600
600406,673,68,31,52100
601728,787,68,53,112600
600050,595,68,42,401200
601888,818,68,68,51800
601318,820,68,117,93000
601166,630,65,217,326000
600309,783,68,74,31300
603501,608,65,225,88800
601127,666,65,110,35800
601658,570,68,602,3895600
601398,797,68,121,479500
601857,895,68,132,251000
603501,618,65,142,63900
688256,863,68,214,48942
600900,667,65,199,277900
601288,790,68,175,1128200
600930,885,65,381,854200
601658,845,65,78,152500
603019,834,68,41,41300
601211,668,68,42,132900
603259,589,68,305,83083
601211,868,65,83,115100
601318,575,65,1113,790900
601628,827,65,81,48200
600030,663,65,133,141700
601728,663,68,13,15500
601600,687,68,43,138400
600089,813,68,33,47100
601088,864,68,24,19400
601857,632,65,161,228900
600031,688,68,45,56500
688981,574,65,958,521224
688008,799,65,495,203314
601012,832,65,193,683200
601088,881,68,31,13100
600089,617,65,281,335400
600930,632,65,186,751400
601888,825,65,55,42800
601728,789,68,24,130400
600900,800,68,371,773800
601127,851,68,77,17900
600760,585,68,106,33300
601888,815,68,41,35100
601127,679,68,45,14700
600031,896,65,443,1130700
600031,881,68,125,121200
601127,794,65,65,29200
601658,646,65,78,311200
600930,793,68,45,256700
601318,586,65,574,339500
601658,812,68,31,230100
688012,871,68,211,81796
601288,643,65,533,2236500
600276,624,65,481,263100
601166,786,65,102,220400
600028,675,65,636,2754700
600760,597,68,48,39500
600406,816,65,177,235200
600276,793,68,63,35500
603986,608,68,749,320000
603501,896,65,173,93700
601857,659,68,38,247400
601668,814,68,81,566500
601600,572,68,484,1796500
601601,834,65,166,149400
601318,593,65,542,401300
600089,633,65,136,317800
600406,870,68,67,37461
600276,829,68,75,43100
603501,872,65,78,34550
600031,873,65,418,731000
601012,849,65,101,176000
603993,888,68,244,362550
600519,895,68,76,10000
601668,884,68,185,832300
600183,602,68,1676,396700
600089,635,68,25,77600
688041,651,65,505,186352
688256,671,65,375,100071
601012,639,65,142,255820
688111,663,65,72,32252
601988,682,65,438,2136800
600309,681,68,68,33200
601601,800,65,348,246200
603501,623,65,71,44400
600406,813,65,156,95700
601127,644,65,169,82300
600183,879,65,579,168800
601601,615,68,83,37600
601628,665,65,115,45000
601088,789,65,174,102300
603501,885,68,108,54200
600276,890,68,145,195200
600406,676,65,82,113300
601012,888,68,245,411500
601288,883,68,229,1889900
601012,623,68,64,178660
601012,579,68,126,380900
601318,857,68,75,84700
688008,651,68,499,206624
688008,652,68,294,137565
603259,792,68,63,17700
600309,799,68,33,14200
603993,618,65,427,675300
688256,643,68,366,77783
600760,578,65,156,95400
688008,832,68,269,131313
600111,590,65,579,468300
688012,799,68,186,70580
688041,646,68,397,153856
603259,877,68,100,23300
600276,795,65,133,81500
600900,829,68,51,105300
600030,837,68,56,49900
601600,821,68,169,1093100
600406,681,65,93,79700
603986,672,68,239,40100
601658,583,68,78,693600
601328,811,68,53,632400
601127,626,65,195,94500
601888,890,68,81,74400
601919,801,68,97,79800
601088,642,65,216,72700
600036,788,68,131,195873
600036,796,65,441,402200
600089,817,68,43,106600
600050,845,68,62,990200
600036,894,65,244,159400
601318,892,68,138,98019
600887,684,68,119,52800
600031,593,65,359,372000
600406,639,65,140,142600
601398,623,65,320,1313800
601888,638,65,469,113100
601688,637,65,144,211500
688012,668,68,135,51322
600809,823,68,21,6100
601628,856,68,40,23800
601166,892,68,116,243300
600036,612,65,293,148600
601288,618,68,106,535200
603993,830,65,190,275700
601658,689,65,456,1708000
600111,856,68,52,28100
603501,788,65,104,54100
600183,613,65,1333,511401
600887,835,68,140,67100
600519,638,65,182,21200
603501,651,68,77,25700
600406,845,65,137,113700
688981,592,65,876,641598
600036,646,65,146,108600
601600,575,68,265,2012200
601600,643,68,66,385000
601728,866,65,124,425000
600519,574,68,72,10000
688256,618,65,370,101777
600111,866,68,55,39300
601088,873,68,44,28400
603986,646,68,525,99000
603019,591,65,709,246300
601127,616,68,309,82900
600089,801,68,150,217300
600050,599,65,126,1540600
600760,592,68,43,29300
600183,829,68,566,134300
601328,834,68,26,239700
601919,689,68,134,151400
601658,683,68,26,60300
601288,818,68,152,1383600
601012,681,68,50,147200
601988,884,65,188,474600
600050,684,65,80,398800
601688,784,68,17,24700
603986,606,65,1597,302207
601318,584,65,538,369500
601601,594,68,85,105200
600930,786,68,92,157000
601012,633,68,134,150200
603501,835,68,58,15600
600887,629,68,80,72600
600089,659,68,26,194100
601127,856,68,54,20800
603993,860,68,103,184100
688008,675,68,271,132657
603986,608,65,1482,499900
600930,653,65,92,463255
603019,673,65,1100,236000
600028,783,65,218,1128300
688111,575,68,293,122870
688981,583,68,457,441078
601857,639,68,26,38500
601668,817,65,227,1912280
603986,593,65,1937,514500
600031,862,68,229,245000
601318,626,65,266,279730
688111,585,65,666,297584
601688,621,65,219,271864
601601,664,68,50,33600
600760,882,65,87,115340
601668,659,65,449,7496100
688256,793,65,456,102950
601088,796,68,27,20400
601628,789,68,38,42000
603986,852,65,190,44650
688111,887,68,139,59512
601288,865,68,139,701800
688012,645,68,313,109056
688981,798,65,269,164120
603259,581,65,1183,584687
601088,626,68,56,32700
601668,611,68,102,898400
601398,789,65,283,1814800
600760,584,65,137,99700
688981,588,65,547,413650
600036,604,68,93,131100
600900,819,65,158,207600
603993,602,68,329,1316700
600028,793,65,329,686100
601328,847,65,420,855200
600036,630,68,68,115700
688012,651,68,246,86220
600309,838,68,151,77700
688041,851,65,330,122216
601628,866,68,77,42966
600030,886,68,118,270800
601127,831,65,127,38800
688111,632,68,91,43148
600930,794,68,105,532300
601127,840,68,128,28000
601601,639,68,27,21200
601688,583,68,41,106300
600089,619,68,333,336800
600031,783,68,46,63200
600900,866,65,174,292100
688041,798,65,455,156685
601628,854,68,23,12300
600760,889,65,96,39600
601919,621,65,258,213300
600111,658,65,98,75300
688012,879,65,362,125216
601600,617,68,124,343000
600183,859,65,401,166725
603986,642,65,1220,179726
600183,654,68,457,183897
601318,819,68,111,126600
601857,608,65,301,957000
600406,610,68,96,114700
603259,813,68,107,24400
600111,797,68,24,15200
600760,877,65,80,48200
600930,858,68,67,1285700
603019,633,68,97,26400
601288,796,68,115,440700
600036,670,68,104,99100
600276,598,68,184,244900
603986,665,65,305,55600
600111,789,68,31,24300
688041,611,68,599,223025
600111,611,68,45,62300
600150,627,68,73,117500
600276,669,68,86,99900
601988,846,65,596,2471700
600036,818,68,55,40300
600183,800,68,244,71600
601668,689,65,75,993500
600089,575,68,79,192200
688111,584,68,194,93001
688041,641,68,284,110467
601919,653,68,90,307000
601012,812,68,50,133000
600150,830,68,131,60900
603986,793,65,382,71900
600900,590,65,766,1590000
601658,871,68,61,453300
601688,628,65,113,129600
601888,877,68,37,41300
600030,889,65,187,259045
600887,590,65,683,921100
601328,791,68,66,674000
603019,591,68,90,63100
601899,593,68,434,621200
688008,679,68,291,138642
600900,837,65,261,395600
601328,847,68,83,442000
601668,870,68,65,321800
688008,871,68,485,207811
601668,600,68,220,2386600
600406,623,68,65,104600
688256,645,68,158,41399
603501,813,68,58,14000
601600,784,65,569,988110
603019,847,68,60,28200
688256,641,65,240,56810
601628,599,65,185,107200
601728,623,68,23,24800
601919,622,65,223,212900
601658,643,68,23,58900
603501,652,68,53,25400
600183,803,68,210,86500
603501,815,68,30,7700
601088,856,65,120,47900
601600,839,65,227,341989
601988,580,65,667,2627200
600028,880,65,352,674900
601012,829,65,736,1418000
601288,886,65,347,1905300
600031,685,65,129,132500
601628,782,65,181,72800
600150,665,68,73,196902
688111,826,65,196,86638
601012,686,68,1764,974100
601601,874,68,48,86800
600887,868,68,98,61100
601398,789,68,80,599500
688041,584,68,487,221406
601628,787,68,61,16300
688111,573,68,155,68930
600809,639,68,35,14600
601728,811,65,214,265000
601857,883,65,221,587500
601127,591,68,214,131600
600887,593,68,418,959177
601600,869,68,209,430400
688981,602,65,1283,764797
603986,829,65,431,74100
601211,832,65,415,353200
600760,851,65,41,33000
601601,601,68,96,68900
601600,782,68,144,300600
600760,586,68,93,102700
600887,812,68,66,73800
600760,604,65,54,92500
600309,606,65,313,156700
601166,642,65,499,820100
601988,655,65,341,1863400
601919,799,65,217,164500
688012,611,68,484,147265
600183,796,68,265,80900
603986,842,68,275,38600
601899,886,68,309,442800
601988,625,65,1032,2489600
600030,813,65,404,1039400
603259,794,68,109,53700
600887,892,65,285,288000
600406,890,65,233,469300
600900,605,68,195,532400
600150,586,68,921,419109
600760,654,68,20,18000
600030,580,68,164,403108
601600,785,65,454,1542690
601628,815,68,87,48300
688111,678,65,106,56111
601988,606,65,1537,13965600
601398,606,68,142,572000
600050,793,68,36,345300
601668,821,68,35,265300
603259,865,65,308,115300
600887,893,68,128,178500
601728,594,65,334,1538900
600760,593,68,43,33700
601688,620,65,206,197136
601658,638,65,134,673100
601127,896,68,126,55800
603993,668,65,283,519500
600887,576,68,91,91400
601398,675,65,267,1228200
601988,800,68,40,233900
603501,577,65,541,219200
601658,606,65,343,3678800
688041,600,68,699,310671
601668,684,68,55,188600
688012,781,68,266,91521
601318,653,65,159,106800
601888,787,68,29,23100
600809,688,68,17,5900
600887,813,68,26,13200
603019,832,68,34,10000
601668,846,65,129,1377400
601668,631,68,43,440500
600150,883,68,168,153500
601601,650,65,155,73400
601328,890,65,269,596400
600036,592,65,418,401900
600028,599,68,341,767300
603993,667,68,122,449900
601988,571,65,1036,4972930
603259,838,65,229,73340
600900,865,68,85,310800
601288,688,65,266,696700
603019,578,68,187,130333
600036,661,65,130,58300
600809,680,65,50,18700
601288,781,65,229,1115200
600031,623,68,126,162400
600028,791,68,67,1248300
600760,805,65,50,26700
601601,858,68,50,33500
688256,885,65,264,68635
688981,888,68,305,254797
601288,625,68,179,1482900
688981,668,68,159,119015
600760,671,65,150,81960
601628,824,68,82,37400
601658,609,68,58,415200
688008,674,68,311,136917
600030,679,68,36,63800
603259,799,68,70,39700
603501,813,65,80,23100
601628,627,65,97,54900
600111,622,68,88,121500
600887,649,65,198,203800
601919,572,68,79,105400
603259,635,68,151,67624
600150,854,68,63,46996
603986,833,65,320,66000
601328,593,68,74,317800
688008,606,68,535,236202
601127,607,68,84,30900
600089,599,68,59,154400
601211,835,65,131,76700
601328,864,68,54,110200
600309,882,68,153,72002
600028,635,65,1047,2958800
601318,666,68,50,28000
600031,637,68,42,65100
600031,624,68,86,113400
601166,644,68,228,388400
600111,641,65,161,138487
600028,665,68,99,51600
688111,790,68,92,40156
601600,790,68,109,424800
600406,575,65,496,508200
600406,814,65,147,169000
688981,595,68,432,382008
601658,783,68,21,144700
603019,866,68,79,27200
600036,600,65,556,611400
600887,643,65,238,232400
688981,881,65,271,210187
601728,882,68,92,537000
601688,887,68,81,186800
601628,622,65,127,41700
600309,683,65,89,54200
601728,586,65,385,843000
601658,783,65,93,297500
601127,799,65,117,41400
601601,815,65,252,164692
688041,664,65,581,293428
603019,818,68,51,26600
600276,820,65,200,228700
603986,821,68,364,97000
688041,838,68,169,63661
600089,858,68,44,85000
688981,868,68,163,128880
600030,683,65,38,45100
600309,888,68,146,71600
600030,686,68,42,111800
688256,893,65,289,79384
601628,835,68,35,33400
601398,630,65,321,1985600
688981,673,65,204,206041
600111,573,65,939,816500
601088,675,65,216,105100
600519,688,68,124,13200
601600,822,65,266,270000
600031,894,68,206,205700
600276,689,65,102,75900
688008,668,68,479,187147
688041,895,68,297,114391
600031,792,68,32,54000
688041,821,68,219,79522
600887,881,68,112,302900
601668,645,65,75,452400
601728,833,68,28,285600
600309,791,68,42,28100
600406,844,65,161,235100
688008,838,65,335,162050
601628,670,68,48,19500
600406,851,65,160,164900
603501,808,65,88,20500
600900,608,68,132,763200
601328,796,68,100,252900
601211,627,68,34,50900
600519,814,68,67,7000
601398,640,65,403,2413000
601166,679,68,16,17000
688008,591,65,1530,895457
600028,819,65,255,417100
601628,848,68,36,22100
600930,631,65,203,914800
601088,610,68,64,39300
601398,782,65,193,790900
601127,577,65,1305,844500
688008,578,68,797,362687
600028,592,65,582,2836800
601888,601,68,63,48500
601318,587,68,255,192700
601012,601,65,577,984440
600519,614,65,295,47300
600276,780,68,663,557626
603019,584,65,486,235900
600406,843,68,65,31400
688008,595,65,1390,727806
600930,669,65,140,1030900
601601,808,65,196,144400
600028,862,68,110,255700
688981,606,65,698,439130
601318,659,68,56,31200
601857,835,68,18,156100
688041,614,65,673,249043
601600,867,65,390,1340200
600183,873,65,771,214600
601628,842,65,253,103800
600760,573,65,237,175590
601166,614,65,144,447100
601600,613,68,108,522700
600760,788,65,22,132300
600309,800,65,198,91700
600276,801,65,307,290600
600900,631,68,67,113000
600309,805,65,256,133900
600028,832,65,193,685700
688008,866,68,230,113785
601988,593,65,493,2473600
600150,619,68,100,120907
600760,615,68,43,35600
601988,822,65,156,327900
600760,602,65,112,55600
601857,872,65,258,204800
601728,878,65,193,949600
600111,596,68,98,93500
688256,655,65,286,71695
601166,603,68,35,87700
600887,618,68,84,80400
688256,819,68,222,51655
600089,843,65,102,215500
600276,850,65,530,381300
601988,890,65,265,1355700
688008,678,68,530,184285
603993,593,68,274,463300
603019,805,68,33,11500
601857,869,68,67,127600
601127,637,68,184,48800
601601,818,68,106,91000
600519,578,68,272,45491
600183,814,65,596,222500
603501,795,68,28,14200
601318,896,68,285,127700
601988,629,68,223,1611000
600406,784,68,19,12000
601318,857,65,351,152400
601857,678,68,70,210900
601857,617,65,287,731200
603501,579,65,419,231000
603986,786,68,556,88973
601888,798,68,21,11400
688256,860,68,188,47818
601899,799,68,161,237400
600406,658,68,21,41300
600930,864,68,100,430700
600111,575,68,105,116100
601211,591,68,146,172900
601318,593,68,149,132500
601398,628,65,664,2162900
600111,829,68,38,20900
601988,886,65,283,1510000
601211,879,65,250,220900
600111,875,68,58,38200
600760,888,68,37,27100
600276,577,68,286,261200
601012,610,65,531,1171380
601600,623,68,84,590500
601601,648,68,51,75500
601601,846,68,59,77100
603259,585,65,925,345900
601318,851,65,251,147400
601688,790,68,154,360700
688111,794,65,121,59379
600036,880,65,277,534100
601211,889,65,119,211200
603019,587,68,42,15900
601398,644,65,226,1381100
601328,857,65,232,503500
601288,870,68,133,1186400
603019,575,65,643,422900
601318,612,68,85,153636
601318,581,65,822,613500
601127,788,65,47,55902
603501,586,65,434,201300
600276,581,68,185,267558
601127,588,65,618,304736
600809,582,65,295,81900
600809,673,65,42,14315
601166,570,65,1738,3848300
600887,681,68,119,49400
603993,683,65,171,251227
600309,643,68,94,60300
688111,687,65,137,63766
601919,804,65,147,148400
601658,805,65,69,611100
601857,642,68,194,1010701
600900,858,65,357,343300
601601,627,65,169,106610
688111,882,68,102,46606
688981,669,68,166,123991
601211,639,65,40,115800
601328,607,65,486,1189900
600760,816,68,19,7600
601919,668,65,97,93100
600036,583,68,113,101600
600887,675,65,112,277400
600031,815,65,161,233700
600309,818,65,162,74800
688981,869,65,315,232842
601857,604,68,51,168700
601211,838,65,217,529700
601601,889,68,93,98700
601668,878,65,194,1275200
601628,892,68,106,55500
603986,847,68,142,30200
600183,614,68,616,252999
600111,633,68,117,86549
603259,796,65,345,108200
603259,593,68,504,152700
600276,599,65,772,533600
601899,666,65,654,622600
600309,688,65,103,50500
601857,848,68,43,223000
601288,874,65,169,1032500
600309,798,68,30,27200
600031,878,65,327,407500
601857,634,68,27,81800
601899,826,68,157,197400
600183,627,65,2301,670000
601988,643,68,208,1466700
688008,806,68,397,183100
601919,594,65,274,249700
601211,869,68,47,59400
600809,780,65,294,110200
601688,795,65,188,232600
600111,806,65,166,80400
601988,606,68,660,8355300
600406,686,65,51,29300
601668,634,68,35,990800
603259,683,65,434,76900
600809,781,65,78,22600
601888,890,65,141,101300
600089,646,65,421,531199
600276,855,65,184,166400
600183,658,65,480,154600
601166,687,65,121,101100
601668,595,68,133,1879600
603501,637,68,57,22000
600111,647,68,36,41600
601318,882,65,321,147800
688256,579,68,423,106376
603259,798,65,258,93800
688012,593,68,452,155962
601668,643,65,79,573500
601899,647,68,85,105400
600111,805,68,36,42600
688008,818,68,440,213222
600406,586,68,85,91800
603501,823,68,36,9100
601318,860,68,149,63000
603993,570,68,1250,3067290
688111,624,68,146,66106
601658,654,68,29,105700
600028,656,68,108,219000
601888,853,68,34,33700
600111,602,68,126,133787
601600,641,65,301,574200
688012,683,68,221,83824
688981,856,65,319,234781
601398,893,65,297,2114600
603019,798,65,180,89400
603986,832,65,292,58200
600930,882,68,154,1076800
601211,836,65,156,158000
688111,850,65,92,50456
601919,624,68,40,60400
600089,607,68,108,339500
600111,657,68,36,18300
600930,586,68,66,407500
600309,587,68,199,99600
603501,689,68,72,18100
600900,639,65,277,287300
601899,810,65,326,499800
601601,674,65,103,50400
601601,896,65,238,154200
601658,647,65,274,685900
601012,870,68,66,84100
601988,877,68,76,1168900
601012,612,65,543,877990
601857,684,65,144,229900
600030,686,65,107,705900
601728,822,68,27,89200
600930,809,68,104,258300
601166,586,65,365,607600
603019,793,65,93,51592
601127,651,68,102,52500
600930,633,65,131,517100
601211,675,65,217,271262
601857,683,65,356,542300
600276,591,65,792,626434
688008,588,65,2197,975517
601728,579,65,455,1511100
601088,615,65,186,86100
601601,605,65,371,412500
688981,586,68,328,269014
600031,618,68,188,312700
600406,668,68,33,37500
688256,589,65,661,170041
688012,658,65,251,98114
601166,644,65,263,495100
601658,597,65,365,1680300
600111,620,68,59,60200
601988,687,65,107,673410
601988,783,65,138,698700
603993,784,65,758,975200
600031,788,68,57,115800
600309,796,65,167,86200
600031,809,68,62,74300
603259,811,65,302,90500
600028,654,68,126,173200
688041,661,65,484,224981
603993,838,68,75,98200
688981,670,65,227,182731
601988,661,68,140,220800
601600,847,65,197,420200
601857,874,65,178,341819
601328,878,68,96,510100
600900,883,68,227,253400
601988,642,65,846,2499100
600183,626,65,2117,780705
688012,822,68,251,108583
601601,677,65,143,63400
601328,661,68,115,703700
603019,577,65,629,415115
601628,599,68,37,24800
601601,610,68,32,15900
603501,610,68,34,20400
600809,581,65,221,82380
600760,648,68,26,21700
601988,676,68,29,58000
600809,785,68,21,5100
600406,793,65,60,37400
601211,609,65,257,436876
603259,832,68,114,21400
600309,671,68,66,30000
601127,579,65,1222,834900
601012,666,68,30,145500
600036,626,68,64,54500
601166,575,68,76,331000
600406,785,68,15,20700
601988,845,65,223,431700
601600,850,68,102,215600
601919,865,65,252,308900
688008,893,65,648,299022
601127,629,65,116,95900
600519,840,68,22,3400
601728,784,65,101,288400
603259,801,65,347,88900
603993,576,68,384,742800
600519,618,68,106,14200
601328,789,68,25,118100
600028,608,65,481,2132300
603019,838,68,40,21500
600760,784,68,9,8900
600050,585,68,115,2013300
600036,829,65,213,165400
601658,673,68,43,106800
601899,603,65,702,705900
601988,787,68,112,394900
601728,854,68,118,343400
601600,572,65,1930,6414600
600111,832,68,875,294800
601166,852,65,244,721900
600028,870,68,104,418000
603259,850,68,105,33302
601668,877,68,175,1770300
601318,832,68,104,90700
600406,661,65,120,85400
600111,624,68,56,54100
688111,785,68,62,29135
601012,570,65,1732,3737107
601888,826,65,51,38700
601012,621,65,255,424800
600036,681,68,228,239100
603019,856,65,101,57600
600183,652,65,516,164500
601127,789,68,11,3800
600760,876,65,65,56400
600031,833,68,277,439459
601318,850,65,375,182700
601600,845,68,244,661900
601658,630,65,221,728200
600900,625,65,430,356500
688981,631,68,301,253441
601899,608,68,253,411300
600519,652,68,70,23200
601211,656,65,133,147640
603986,784,65,409,100100
601166,825,68,27,54600
600031,577,68,126,179000
600760,652,65,52,103200
601688,834,65,188,209300
600031,644,68,58,176700
603993,842,65,315,741900
600760,852,68,19,24000
601888,874,68,27,7900
600031,879,65,326,718700
603993,789,65,378,673700
601012,638,68,76,78100
688256,830,65,244,67255
601211,842,65,126,168600
601988,610,68,333,2542800
601899,581,65,1580,2029400
601888,852,65,113,29200
688256,604,65,400,102279
600050,676,65,57,227400
600519,855,68,30,3600
601988,858,68,134,580000
601668,862,65,129,638400
688041,863,68,299,114729
601088,889,65,130,163700
688012,894,65,367,150307
688111,808,65,126,53139
600028,850,68,61,305800
601668,669,68,69,353600
601628,608,68,148,79900
688008,632,68,490,203594
688041,610,68,416,180148
603993,811,68,75,124500
600111,612,65,251,183700
603986,814,65,763,166700
601328,893,65,380,1330400
600900,812,65,451,533079
600050,840,68,191,3161200
603993,845,68,92,143900
688256,811,68,266,63890
688256,799,65,249,57273
601728,638,65,126,253500
601288,849,65,292,1134000
600887,665,65,266,177000
600111,859,65,109,59600
688111,878,65,83,36057
601398,660,68,132,999000
600519,818,65,136,17500
600309,675,65,211,70791
601899,658,68,81,217100
688041,815,68,306,116440
688256,795,65,304,74573
601328,887,68,87,386700
601088,656,65,147,88800
600111,871,65,143,124900
601088,894,65,160,81000
600276,594,65,1561,1160300
600887,671,68,61,82000
600028,572,68,342,1255100
601628,640,65,104,62400
601888,641,68,47,72600
600031,680,65,194,273800
688111,787,68,105,46450
688981,803,65,202,136582
688041,857,65,491,191912
600036,871,68,99,167600
600309,896,68,244,117200
603019,590,68,1183,218300
601628,648,65,149,81800
600111,622,65,355,236100
600183,670,65,690,238200
600031,589,68,86,273600
603019,627,65,140,47600
601919,654,65,280,327680
603993,655,65,381,815200
601318,681,65,227,85500
601888,791,68,39,49700
601668,813,68,40,670300
600809,813,68,32,8100
600900,821,68,73,95200
601211,851,68,21,51400
600887,628,65,193,188900
600900,856,65,372,512400
600887,821,68,44,43300
603501,851,68,58,15700
603501,625,68,29,17200
603501,675,65,66,48800
600030,570,68,908,2100800
600276,837,65,210,164600
688012,846,68,141,52837
601127,872,68,59,32700
601988,876,68,84,1650212
603501,587,68,187,53600
600519,672,65,76,9900
600406,606,68,76,115900
688111,611,68,206,91696
603501,844,68,46,28500
601658,847,65,142,678200
601688,853,68,16,19200
601166,863,65,97,78400
601288,659,65,487,1642400
601012,660,65,179,466616
601888,581,65,388,341300
600809,649,68,23,3500
600050,589,68,67,836100
688981,664,65,327,258262
600050,681,65,36,97600
600089,783,65,77,113800
600809,607,65,441,162200
601988,852,65,226,813200
688012,639,68,230,86704
601658,821,65,164,462300
603501,603,68,83,45700
601600,646,68,132,924400
603259,863,68,53,139200
600030,795,65,204,216299
600028,875,68,90,566200
600089,870,65,173,190890
600028,629,68,89,270700
688981,808,68,189,156929
601398,831,68,251,1140800
600760,658,68,23,15100
600031,851,65,399,489700
601600,857,65,277,667700
601668,865,68,84,395200
600887,785,65,321,308300
601857,633,65,376,1131800
600030,851,68,113,62800
600031,583,65,379,363298
601658,794,65,124,152500
688256,588,65,616,153305
600900,789,65,351,827100
601888,781,65,66,28600
601601,623,65,232,123600
601857,896,68,189,522200
600900,573,68,181,557200
601688,587,65,440,800700
601628,650,65,126,130500
601288,605,68,428,4191800
600519,657,68,51,5900
601688,811,68,18,36200
600150,833,68,107,122768
601166,872,65,182,255900
600809,603,68,170,74000
600028,673,65,120,265200
600930,889,65,149,909600
601888,651,68,24,20100
600809,683,65,58,11300
600030,796,68,78,151000
601088,850,65,119,42500
600150,846,65,631,430190
600031,647,65,257,274600
601127,574,65,639,463400
601127,583,65,635,534900
601668,681,65,81,1193100
600050,651,65,91,214700
688256,684,68,149,33067
601857,848,65,248,711600
603019,664,65,106,40785
600406,684,68,52,46300
601658,894,68,705,2591136
601088,800,68,44,42500
601628,802,68,29,17500
600111,893,68,162,144000
600111,589,65,499,405000
601601,848,68,51,39300
601919,582,68,137,418700
600760,585,65,310,130900
600111,664,65,150,62000
600150,667,65,652,231535
600760,858,68,18,10800
601888,791,65,112,141600
600406,664,68,31,71700
601628,575,65,593,699600
688256,828,68,217,50930
600760,684,65,42,18300
603501,857,68,38,16500
601166,791,65,125,128900
601688,640,65,245,337700
601601,852,68,56,36500
600111,604,65,364,312300
600050,824,68,82,538400
601601,620,65,431,373100
600519,644,65,117,26000
603259,669,68,138,21202
600183,651,68,339,73900
688981,863,68,156,127138
601012,808,68,54,183900
601318,842,68,90,116600
601919,577,65,699,618047
601668,592,68,345,3974499
688256,613,65,576,154939
601628,619,68,31,13800
600111,637,65,122,74100
600276,803,68,87,88500
601127,878,65,210,82300
601318,649,65,264,211296
688008,800,65,400,165473
603019,583,65,931,482286
600028,623,65,828,2400900
688981,610,65,550,375079
601899,682,68,131,191500
601600,845,65,502,1383900
600089,861,68,42,98100
600760,627,68,12,10304
601919,669,68,26,31800
601919,834,68,196,165800
603259,634,65,403,158200
601012,873,68,74,168647
601012,663,65,238,205500
601328,841,65,96,238600
600050,607,68,134,1199100
600183,686,65,410,164200
600111,670,68,36,37100
601658,791,68,246,2007400
688981,616,65,451,317604
603259,840,65,407,101500
688012,834,65,307,108302
600031,853,68,118,152200
601211,885,68,45,136800
601857,890,68,72,350400
601288,884,65,423,2151900
601628,805,65,254,118800
601012,822,68,111,281800
603986,797,68,208,39800
688981,792,68,203,167075
600183,648,68,329,108150
601601,818,65,278,236900
601166,601,68,68,69600
601919,687,65,108,79400
600276,833,68,73,70000
601211,844,65,188,271000
600406,854,68,43,53000
600036,890,65,351,223600
688041,590,65,1231,605899
600183,634,65,1198,364150
603259,805,68,205,50700
601688,868,65,90,64200
600276,660,65,709,615402
601012,660,68,55,176300
603986,787,68,298,52300
603501,805,65,97,48400
601398,822,65,152,423200
601888,830,65,64,42700
600887,579,68,273,365300
601899,642,68,117,170300
601628,798,65,41,19300
601628,805,68,119,46600
600930,588,65,266,1933400
601888,820,65,70,38000
688012,865,68,251,92676
600183,876,68,317,92500
603986,819,65,1122,285500
600519,890,68,100,12100
600809,600,68,34,9200
601658,895,68,535,1749000
600036,889,65,686,1414300
603501,578,68,126,64600
601658,576,65,793,4460200
600519,634,65,165,28700
600519,601,68,137,20300
601988,860,68,409,337700
601211,612,65,265,421062
600519,595,68,73,9000
600031,876,65,427,639500
600519,822,65,65,8500
600030,645,68,27,45500
600036,839,68,67,54500
601668,799,68,74,460200
600809,610,65,443,276800
601328,636,68,52,335800
688256,822,65,253,60392
601899,850,68,185,284300
601857,842,68,86,381000
600030,868,68,94,509700
603019,653,68,529,108600
601658,672,68,33,88900
600150,783,68,306,300406
600760,855,68,20,7200
601166,601,65,212,296700
601658,884,68,155,259800
600760,650,68,28,18200
601211,655,68,79,84500
600519,581,68,219,34000
600111,795,65,80,47600
600028,881,65,207,381100
600887,614,68,74,66800
600406,826,65,166,159200
600900,886,65,291,286700
688041,586,65,1433,669881
688041,619,65,442,171280
601127,656,65,129,71200
603993,878,65,289,658200
601668,879,68,187,892900
601658,860,68,95,238700
600028,604,65,1000,3889400
601288,793,68,110,1064600
600183,680,68,325,103723
600183,875,65,561,175885
688041,613,65,636,268599
601088,863,68,19,9000
601211,674,65,104,122800
601857,794,65,158,417500
601127,679,65,114,60800
601988,797,68,55,305900
600030,664,65,97,157800
688008,810,68,359,163488
600900,823,65,251,279700
600309,571,68,398,200500
601857,594,68,75,360800
600760,613,68,59,54400
601127,686,68,68,38500
600028,636,65,887,2035500
603993,640,68,87,193100
601888,810,65,81,59400
600809,816,68,23,7200
601919,873,65,131,145600
601688,590,65,293,555100
603259,883,68,257,124300
600031,895,68,220,495000
601288,634,68,336,1345800
601288,815,65,328,1954200
688111,819,68,95,52016
601628,786,68,23,12200
600030,605,65,282,328400
600030,787,65,157,154600
603259,807,68,149,41100
601688,819,68,114,87700
601012,595,68,101,363300
601919,826,65,138,173000
688041,618,68,465,172402
600309,846,65,365,251300
601288,658,65,466,1270900
600089,890,68,119,210300
603019,616,68,708,118400
688041,670,68,670,240769
600111,840,65,124,59100
601601,657,65,56,43300
601668,786,65,296,1746800
600031,588,68,120,216000
603019,602,68,888,223300
600030,813,68,185,99900
601658,815,68,34,88200
601601,810,65,390,186000
688041,837,65,309,178764
601668,866,68,59,824300
603501,889,68,73,38000
600050,613,68,94,660800
603259,580,68,457,243846
688041,669,65,504,192254
600089,815,68,31,36700
603986,687,65,252,45700
601668,792,68,54,669600
600183,811,68,404,135614
600183,833,68,197,65500
603993,836,68,70,145500
600406,593,68,92,155500
600028,610,65,459,1407000
600089,585,68,48,70600
603019,852,68,34,12100
601012,668,68,104,310400
688256,816,68,293,73320
688111,618,68,132,59991
601088,590,68,79,53300
601328,631,65,628,1042500
601919,653,65,233,336600
600183,835,65,454,140600
601988,649,68,89,224700
600309,813,65,141,47500
601658,888,65,134,440636
688041,882,65,465,194407
600406,615,68,84,143600
601728,825,65,193,388500
601899,874,65,1022,1136200
600111,882,68,75,61100
601728,685,68,17,24100
600519,804,68,21,2900
688981,652,68,175,151661
601211,828,68,29,27300
600050,600,68,87,1284600
601728,617,68,33,174900
601288,670,65,439,1016900
600930,851,68,135,304300
603501,667,68,40,14300
601088,683,65,143,97500
600183,595,65,1895,696900
600036,588,68,95,156700
601601,601,65,199,143000
600309,634,65,392,263300
600760,875,65,81,77200
600930,874,68,122,576700
601127,636,65,115,63700
601600,795,68,91,513200
600809,618,65,231,145800
600036,878,65,412,396900
601211,637,65,234,368900
601899,824,65,623,774700
601088,664,65,62,44400
601601,822,65,171,124200
688012,590,65,821,277110
601899,836,68,476,708600
601728,602,65,134,278500
601600,649,65,339,659600
601328,671,65,88,406900
600930,866,65,239,953600
688111,683,68,72,32463
603993,670,68,58,130800
601211,572,65,405,960606
600276,781,68,71,91400
603993,837,68,77,112700
600150,796,65,677,679834
688111,895,65,108,52884
600930,868,65,170,654200
601127,838,65,115,37800
600150,661,68,98,53300
601600,884,65,410,1013000
600930,684,68,90,184000
600031,861,68,158,316200
601601,814,68,48,32500
688012,790,68,266,90340
600089,611,68,132,295700
600276,583,65,898,811400
688111,608,68,423,214090
603986,677,68,184,37200
603259,641,65,387,104400
600760,575,68,100,66300
601857,791,65,335,944800
601600,792,68,61,173500
600036,812,65,310,190900
603501,820,68,26,12200
601988,641,68,130,928400
601919,837,68,165,136100
603019,659,65,93,50200
601628,872,65,205,117200
601658,876,65,80,418300
601600,886,65,872,1796200
601668,788,65,85,700480
600183,621,65,2926,930030
600183,849,65,533,137100
600031,861,65,444,765200
601127,828,65,112,42500
601600,574,68,194,1031600
600887,827,65,167,180100
601628,893,65,179,116200
600809,820,65,95,33500
601600,632,65,270,438200
688256,643,65,438,102849
601127,883,68,82,42700
688041,831,65,463,184158
600900,624,68,102,195200
601601,634,68,101,84900
600089,657,65,237,330943
603259,596,68,267,75600
601211,633,68,14,36700
601318,856,65,357,250300
600809,613,65,283,150700
600406,796,68,61,182400
601899,823,68,377,421300
600028,641,68,90,330600
688008,790,65,704,293961
600031,870,65,390,426800
600050,597,68,60,446100
600809,604,65,352,134800
600276,621,65,674,420600
600036,807,65,244,136900
600887,687,68,21,18100
601628,875,68,56,82400
600887,780,68,191,202400
601012,869,65,134,307400
600150,625,65,566,890931
600031,665,68,71,102900
603501,892,68,74,35500
601088,576,68,96,88300
601166,609,68,90,456500
603501,573,68,184,78800
600930,824,68,88,122000
601919,833,68,15,20200
600150,578,68,419,780977
688008,646,68,379,164855
600111,782,68,65,96800
600031,587,65,474,562080
601088,822,65,85,31400
601211,814,68,35,111800
601288,618,65,582,2146700
600036,615,65,342,199100
601012,624,65,217,546100
601012,680,68,57,196600
688012,859,65,390,160225
601668,807,65,899,10903900
600036,809,68,83,88218
601318,807,68,74,100700
601288,648,65,785,3367800
601628,884,68,57,54500
688008,590,65,1849,1052492
601288,608,68,442,6585800
600050,607,65,372,2371700
603986,829,68,257,44200
601600,874,65,242,347400
600036,859,68,47,40100
600036,869,68,59,52100
601288,662,68,149,336800
600150,623,65,514,489600
603501,626,65,94,35700
601658,795,65,164,526000
600150,886,68,149,169839
600309,793,68,48,29500
603259,848,65,361,175100
600183,868,68,260,95193
603993,798,68,154,248600
603993,832,68,71,114400
600183,829,65,851,237200
600183,782,65,1099,297525
601888,607,65,221,200600
601398,585,65,1208,5011045
600900,815,65,601,848000
600276,671,65,175,215200
601857,645,68,65,350600
600031,814,65,180,360200
688256,815,65,204,51667
601211,871,68,33,44200
600030,590,65,372,395008
600406,862,68,49,57400
601012,866,68,58,221400
601600,814,68,69,171100
601088,621,65,232,83900
600760,681,65,46,66200
601728,859,65,89,119500
600036,623,65,399,202300
601888,576,65,363,280300
688041,820,68,328,130611
601318,579,65,1047,801700
601600,571,68,762,2190000
688111,641,65,169,80328
600089,684,65,52,62200
601628,818,65,149,103300
600031,822,68,51,118000
601668,651,65,79,364300
601211,853,65,141,470600
603993,873,65,394,636200
600887,883,68,120,144200
601658,644,68,62,854200
600050,836,68,23,392500
600887,659,65,201,131800
603019,787,68,539,124100
600887,797,65,168,187000
601988,889,65,230,968000
601688,821,65,72,97100
601318,589,65,563,407500
600309,596,68,139,82500
601919,618,65,266,169100
688012,831,68,270,97548
601919,865,68,81,250300
600183,669,68,481,127400
601628,579,68,106,94800
600809,628,68,114,16800
601857,639,65,96,183700
600519,782,65,136,18100
600150,811,65,435,416800
688981,843,65,241,215412
601899,876,68,160,281200
688041,848,65,381,119535
601211,595,65,322,438000
603986,800,65,422,74300
600309,796,68,68,32500
603986,577,65,2482,603481
603986,818,65,724,175542
688012,840,68,209,80598
600930,821,65,111,284400
601628,604,68,64,40100
601318,839,65,223,159500
603019,885,68,83,36000
688041,580,68,363,154455
688981,804,65,199,144153
688041,879,68,278,110957
600930,689,65,139,489300
601668,849,68,181,691300
601127,688,68,146,35100
688981,613,65,779,442601
601600,810,65,343,412600
688041,884,68,292,122455
600150,834,65,313,223741
601919,598,68,85,122000
603501,654,65,144,62400
600089,804,65,149,251600
688256,811,65,311,84904
601888,812,68,22,13700
601012,820,68,94,109500
601088,885,65,190,87400
601728,851,65,185,682700
601601,663,65,60,62200
601211,651,68,30,166400
688981,659,68,230,195071
601988,664,65,141,384500
601600,675,65,290,401400
603501,675,68,35,32900
603019,682,68,33,17600
601688,789,68,16,13600
601601,820,65,227,185000
601888,824,68,16,7300
688111,833,68,102,47059
688981,865,65,214,165580
601919,893,68,86,84200
601328,820,65,121,321000
601318,669,68,53,43200
601728,592,68,45,372300
601919,802,68,78,64100
600900,883,65,448,451500
601127,869,68,80,27000
600519,896,68,113,15890
601601,664,65,109,55200
601088,810,65,160,77300
601012,842,68,56,117300
601857,672,65,302,524200
601728,626,68,52,215800
603993,844,65,177,327200
600031,848,68,86,81600
601088,887,65,191,114700
601211,644,65,79,155900
601318,578,65,781,587000
601398,790,65,400,2297900
603986,821,65,778,226100
688008,615,68,419,209735
600900,619,65,549,398900
601127,782,65,143,50200
601601,797,65,219,113200
601688,793,68,134,359900
601668,798,65,831,5948600
600150,843,68,138,80000
601328,603,65,300,853700
601899,791,68,133,382100
601328,602,68,55,483900
601857,847,65,304,662100
601688,858,65,92,78600
601012,887,68,119,273440
601628,591,65,175,215200
600111,883,65,148,136900
600760,896,65,90,90100
601318,570,68,461,1143476
601728,783,65,242,499400
600031,687,65,155,153600
688256,837,65,214,52187
601988,572,68,178,1322450
603986,621,68,469,102768
600519,640,68,141,15900
603019,595,68,122,78800
600150,826,65,380,237260
601318,628,65,326,474500
600406,684,65,104,500600
600809,807,65,58,16200
601398,671,65,395,603500
601328,574,65,948,7476500
688256,624,68,211,48531
603501,653,65,105,39800
600930,620,65,177,566100
601600,584,68,133,426850
601919,672,65,231,312280
688981,673,68,167,149343
603501,819,65,82,24800
601012,822,65,246,312200
688012,857,68,295,97966
600028,615,68,411,2701070
601088,880,65,183,96300
603501,607,65,134,48700
600276,805,68,76,54400
600183,623,68,770,265899
688041,653,65,513,177240
601668,830,65,141,1024200
601288,645,65,937,3308600
601919,859,65,300,254700
688041,643,68,276,116157
600309,685,65,156,88700
601688,658,68,23,41600
688256,874,65,151,40339
601601,877,68,84,96600
603501,676,65,53,40300
601398,605,65,855,2366300
600760,857,68,15,57600
600089,821,65,98,100800
600900,640,68,135,630200
601012,814,65,98,164400
601888,651,65,65,55600
600519,683,65,131,16000
688981,780,65,1739,751696
600760,822,68,17,25000
601988,684,68,39,83800
601600,673,68,69,126800
600089,688,65,193,169443
600809,805,65,40,10700
688981,678,68,155,160826
601328,687,65,82,402200
601628,624,65,111,50800
600406,806,65,87,79200
601988,579,65,850,3954000
601398,646,65,186,423700
688008,668,65,618,260862
601318,688,68,45,20700
603259,810,68,169,154346
603993,840,65,217,724300
603501,811,68,56,16300
688008,842,68,335,161579
601628,859,65,172,84900
600519,794,65,124,22500
600183,664,65,724,156800
603986,685,68,133,22400
600089,859,68,41,55900
601288,863,65,177,1138000
600406,884,65,216,180200
601088,884,68,38,13400
601658,571,68,309,2432800
600760,893,65,97,94047
601888,887,65,120,76231
600276,664,65,343,291900
601668,828,65,137,1242800
603019,573,65,877,480800
600111,624,65,161,116500
601988,882,68,81,371600
601601,882,68,71,52100
600028,649,68,44,204000
603986,845,65,297,57900
688981,887,65,383,253433
601857,800,65,131,254300
601988,651,68,54,148400
688111,795,68,191,90316
601088,834,68,17,13300
600150,796,68,172,373923
600930,849,65,837,2931700
601127,654,68,18,13500
600036,656,68,154,99900
600030,828,68,43,85500
600031,848,65,367,380100
688111,672,68,64,29222
600031,823,65,228,449800
601166,867,65,188,219600
688012,649,65,353,119618
688111,877,65,55,27160
688008,885,65,730,350030
601628,831,68,23,14300
600887,873,68,74,71600
601899,804,68,89,188100
600760,830,65,27,18400
601127,587,65,645,442800
601088,639,68,33,10900
688008,784,68,394,175191
603259,822,65,237,50300
600809,788,68,31,7021
601857,597,65,198,424200
601628,631,65,111,130300
601988,836,68,91,616500
601899,612,65,698,713400
601668,861,68,48,351300
688041,874,65,322,122480
601601,605,68,146,230300
600930,645,65,110,461400
601688,580,68,51,67200
601668,587,68,227,1634500
600183,606,68,633,217096
601288,571,65,1273,6812100
603501,685,68,24,8900
601601,781,65,249,129700
600406,811,65,158,107500
600930,871,65,402,1194700
603993,677,68,82,266500
600089,587,65,436,945600
600111,606,65,425,339100
601600,796,68,80,376000
600031,800,65,189,323200
601211,818,68,41,83400
600406,821,68,28,31700
600150,638,65,422,375012
601288,584,68,220,2106100
601688,647,65,152,266500
600028,798,65,546,1527200
600406,830,65,265,334500
601628,886,65,201,174500
601658,668,65,90,225400
600760,633,65,81,65800
600030,816,65,202,151200
601899,783,65,552,777100
601328,590,68,72,797800
600030,625,65,275,247715
601728,871,65,315,977500
600183,864,65,693,197100
601857,811,68,68,199700
600930,627,68,51,411400
600900,576,68,189,401600
600031,670,65,207,191600
600028,815,68,42,229200
688008,643,68,413,137777
601899,604,68,186,314000
600406,819,65,169,159700
688012,841,68,212,83589
601166,627,65,242,326900
600309,636,65,287,184500
601668,885,68,145,1339900
601211,835,68,42,120300
688012,587,68,515,178464
603259,678,65,345,89200
601688,894,65,120,113000
601318,599,68,65,44700
601628,602,65,236,219600
600519,603,65,232,34500
600809,677,65,29,6400
601600,816,65,205,580000
600089,848,65,159,132200
601688,785,65,146,246700
688111,823,68,64,29095
600930,680,65,102,330600
601088,809,68,33,13500
601318,662,65,214,188300
600930,812,68,127,699700
601857,620,65,257,596400
601012,572,65,626,1840520
600111,576,68,173,149100
688256,620,65,414,92468
601658,868,65,188,572400
688111,835,68,61,28256
601288,660,68,217,960100
601688,602,68,42,65200
688012,783,65,374,128790
601601,670,68,36,26800
601166,843,65,76,120900
600760,646,65,85,53900
601166,793,65,81,109500
601988,808,68,42,221800
601888,576,68,168,168699
600930,678,65,124,418400
600183,813,65,652,286300
603993,798,65,264,436900
601857,598,65,333,654200
601398,597,65,761,2449100
603993,596,65,1422,2031200
601888,875,65,60,41000
601899,884,68,390,484600
601398,660,65,239,946800
600276,879,65,202,163420
603501,617,68,107,55800
688256,783,65,289,75137
601601,686,65,121,68300
600036,830,68,93,75900
601658,895,65,433,894100
600900,885,68,200,258000
600406,581,65,247,375700
600031,607,65,470,819000
601012,859,68,43,178800
601600,664,65,441,851900
600406,664,65,74,77300
688256,600,65,379,83363
600930,798,68,30,202400
601601,824,68,33,60500
600028,872,68,97,290000
601328,682,65,284,1235700
601600,797,65,367,602600
601166,875,65,118,196600
600930,816,65,91,580500
600887,819,65,330,344200
601988,614,68,80,512800
600089,627,65,171,303600
600887,840,68,171,115400
600809,876,68,33,13800
600111,791,68,32,17900
600309,683,68,27,21300
600030,612,68,42,57500
603501,638,68,90,29200
601728,657,68,52,115900
600050,780,65,453,3197400
600028,846,65,139,790800
600036,879,68,125,214400
600309,620,65,771,562400
601688,878,68,41,98800
600930,650,65,161,431500
601688,791,65,103,136100
601888,824,65,44,16300
601600,597,68,168,973400
600809,806,65,48,20600
600111,575,65,740,650700
600276,662,68,84,100300
601127,869,65,132,93500
600031,663,65,188,212600
688012,845,65,192,67013
600031,579,68,88,82398
601211,646,68,8,9600
601688,668,68,12,17700
600276,684,68,85,69100
603986,857,65,298,60500
688111,791,68,97,44489
601888,828,65,41,25400
601600,658,68,62,181400
601088,645,68,169,89200
600809,812,68,16,6300
601688,865,68,31,53000
688111,877,68,52,22562
601688,856,68,42,59700
688008,632,65,696,317824
600028,874,68,95,567000
601166,653,65,258,734300
600183,679,65,389,141900
601288,811,68,172,1234800
688111,662,68,81,38084
601012,894,68,213,310800
600111,830,65,152,103400
601328,616,65,182,1003900
601398,608,68,289,2816200
601601,894,65,318,209810
688012,618,65,579,203978
600930,604,65,135,839300
600809,583,65,260,100900
601919,650,68,32,147100
600089,872,68,71,132000
601166,681,65,113,121000
600760,888,65,103,52800
601318,687,68,67,66800
601088,657,68,40,28800
600519,627,65,191,25000
600930,591,65,210,1511000
601166,841,68,32,25100
600930,792,65,131,673900
601899,659,65,246,266600
601988,669,68,48,246000
600887,800,65,276,194400
603993,584,65,1199,1805800
600031,671,65,186,224000
600760,854,65,63,50700
600031,810,68,49,78600
600887,828,65,173,232819
601127,868,68,51,28200
688041,885,68,351,123920
601127,792,68,53,14900
600760,639,65,54,26600
601600,822,68,61,456200
603993,661,68,92,109600
601899,639,68,122,140200
600030,803,65,257,489900
688041,877,65,418,149633
600028,627,65,462,1674500
601127,573,68,202,219200
600031,781,68,20,59300
600309,618,68,424,304000
601288,660,65,992,2582700
601658,848,65,240,2006564
600050,872,65,119,368400
600760,836,65,123,77600
600183,677,65,588,192823
600900,833,65,249,265400
601668,869,68,232,541600
601398,632,65,542,2524900
603501,648,65,61,26900
600900,618,65,360,323300
600309,877,68,167,218000
601088,891,65,118,64200
603986,859,68,126,19932
603986,867,65,356,150202
688012,890,65,475,163368
603986,851,68,135,27700
600183,656,65,771,241100
600519,661,65,180,21910
600111,840,68,39,128800
601211,576,68,97,300300
601688,616,65,95,129100
603986,645,68,130,85400
601012,586,68,1209,1586680
688981,624,68,161,184098
601919,823,68,28,65100
601012,808,65,98,200200
600183,853,65,692,246900
601688,646,68,54,42300
601988,887,65,297,1294300
600089,895,68,127,206100
601888,611,65,432,244500
601857,887,65,422,543500
600406,572,68,136,303600
600406,682,65,72,57700
601628,864,65,138,73300
603993,622,68,180,1259100
601600,689,68,277,716000
600183,645,68,208,63500
600150,619,65,404,322793
688256,671,68,310,79548
601899,785,65,625,794500
600183,805,68,136,50200
600406,631,65,184,303200
601988,806,65,262,1543900
601318,830,68,62,38400
688981,841,68,206,151331
601668,841,68,50,932600
601888,855,65,91,43600
600309,863,68,263,161100
601988,873,68,67,179200
601658,885,68,150,402000
603501,666,65,141,64100
603993,868,65,309,704500
603986,896,68,898,198244
600150,875,68,135,150700
688008,607,65,917,424736
600519,863,68,50,6100
688041,592,68,620,235536
601088,673,68,31,19800
601988,672,68,57,603800
601899,686,68,242,206600
600031,832,68,101,366500
600309,884,65,303,259298
688256,876,65,245,64032
600930,605,65,140,1056200
688008,651,65,765,289157
600809,815,65,92,39900
601688,643,65,92,134300
688012,810,68,318,120411
688256,881,65,364,108294
601688,863,65,84,86000
600028,822,65,119,469600
688041,618,65,671,256918
600809,821,65,89,27700
601658,582,65,489,2510799
600089,873,68,48,42300
601988,880,65,251,1320400
600900,656,68,95,95900
603993,641,65,286,868500
688981,672,68,141,104575
601318,803,65,254,271700
600887,883,65,232,166000
601600,602,68,204,1619200
601127,635,65,111,53000
600111,626,65,178,171700
601658,613,65,180,816400
601012,618,68,93,411800
601988,635,65,256,1751300
600406,670,68,45,58100
601628,627,68,43,26100
600309,643,65,283,132000
600900,682,68,52,116700
600930,603,68,47,208500
600809,874,68,50,11100
601601,880,65,316,193300
601166,641,65,64,114700
603501,788,68,59,24100
603019,878,68,75,42215
603501,852,68,39,32800
688041,668,65,630,236312
601211,679,68,36,116400
600050,652,65,80,258900
688256,791,65,337,79347
688256,797,68,346,90117
601398,864,65,227,1329800
601012,608,65,573,1295700
601288,861,68,164,720000
600150,645,65,755,723335
600036,575,68,195,249600
600030,666,68,20,31800
601857,885,68,76,224300
600519,625,65,182,25300
601398,888,65,267,1440800
688008,842,65,574,273313
601728,636,68,23,72700
600809,637,68,28,6700
600030,668,65,87,126400
688256,678,68,287,63515
601288,681,68,132,215000
603993,853,68,112,164300
600183,885,65,655,209585
600887,889,68,99,88300
600760,818,68,17,8800
601668,820,65,507,2347700
600276,858,68,206,97800
600028,817,68,203,286600
601166,624,65,116,164000
600183,646,68,226,72800
601688,834,68,73,85100
601328,839,65,56,172000
601601,875,65,182,116300
600519,881,68,50,8200
601288,839,68,366,977900
600519,578,65,564,90400
600150,601,65,552,514501
600183,799,65,460,153300
601601,608,65,419,390500
600760,649,68,20,15500
688111,780,65,211,86309
600089,686,68,15,46800
601318,828,65,223,148100
600760,834,68,10,19700
601166,796,65,78,132000
600809,841,68,30,15100
603986,886,65,752,170732
601328,688,65,69,288900
600887,630,68,101,101900
601988,684,65,138,561600
603993,810,68,72,186400
601012,839,65,107,173900
600030,687,65,150,289100
600031,657,68,120,168500
688012,601,65,643,253231
600028,844,65,147,460200
600406,831,65,215,291300
601919,585,65,545,650100
601857,648,68,23,96600
600900,841,68,119,147800
600809,808,65,67,24500
600031,614,68,194,329500
601728,604,68,41,98800
600930,673,65,114,835900
601600,811,65,355,953300
688981,884,68,191,196135
688111,605,65,241,151639
600089,805,65,144,291000
600309,668,65,167,68000
600276,683,68,33,39100
688012,626,65,464,153164
601318,629,68,143,93400
603259,854,68,109,25900
600900,585,68,203,307600
601127,635,68,30,8000
688981,787,68,470,481404
601600,842,68,174,1874900
601988,604,68,299,1527200
600519,591,65,260,42400
600276,797,65,132,136800
601601,628,68,29,53412
603019,654,65,759,162500
601288,805,68,87,1300200
600183,815,68,304,90200
600309,808,65,124,67700
601211,616,68,51,70000
601166,808,65,138,309800
688981,844,68,192,153779
601628,610,65,161,71500
688008,781,65,723,348271
600809,813,65,80,20900
603993,622,65,555,1728090
601211,849,68,88,274200
600030,639,65,153,246700
603259,612,68,640,189781
600900,641,65,593,445850
601166,831,68,31,65200
603501,832,68,45,10900
600887,849,65,236,185300
600111,875,65,158,118400
601012,570,68,163,530300
601601,591,68,140,234400
601288,672,68,85,457100
603993,688,65,117,177300
603993,589,65,944,1656890
601601,570,68,327,622800
688012,631,68,458,163338
688008,688,65,264,140830
601127,825,65,81,39300
601857,875,65,304,360600
688012,812,68,286,104395
600276,876,65,263,197600
601600,890,68,196,293900
603993,689,68,81,147000
603259,861,68,99,29100
603259,670,68,278,60800
601288,892,65,854,5917700
601288,635,68,153,1064700
601899,812,68,85,109400
601211,878,65,180,278300
600887,660,65,342,198200
600050,638,68,40,208300
601318,806,68,116,82300
601088,888,65,125,59700
688256,836,68,226,52258
603019,611,65,1027,455600
601088,647,65,180,83700
600030,684,68,27,52700
601628,642,68,49,20300
601899,820,65,488,733700
600031,649,68,79,216800
601658,648,65,345,989200
601288,614,65,614,2395600
601012,613,68,160,502300
601288,632,65,1168,6454000
600031,641,68,50,89300
601398,575,68,256,2080029
603986,666,68,110,18500
601857,780,68,445,1679900
600030,791,68,132,688900
601658,819,65,117,402500
600519,585,68,121,16500
603501,837,68,83,94800
600406,604,68,83,158800
600900,799,65,338,705400
688012,645,65,398,141079
601328,685,65,102,161800
688008,880,68,294,139450
600050,653,68,32,196100
601888,624,68,64,68099
601288,807,68,119,2119700
688041,819,68,373,202212
601628,620,68,29,25100
600183,590,65,4344,1427765
600809,628,65,205,41000
601211,630,68,33,73000
688981,633,68,245,184370
600030,781,65,240,376700
688012,829,65,301,106188
601688,680,68,58,74200
601398,597,68,155,1055400
601318,789,65,234,308300
601658,878,65,152,984200
688041,614,68,430,173251
601288,895,68,563,2917200
601601,584,68,72,79700
601088,668,68,27,22800
601988,635,68,58,529100
600519,826,68,71,9700
601166,825,65,113,100900
601601,576,68,271,391200
600887,641,65,197,275750
601919,837,65,231,169700
600519,637,65,210,32100
600760,894,68,88,56400
603993,648,65,886,1319300
603993,640,65,267,534200
600089,802,65,193,355900
601328,570,68,590,7121335
601288,592,68,212,1291200
603259,686,65,245,78400
600036,854,68,55,85100
603986,597,65,1601,399826
601288,626,68,109,613000
600031,595,68,75,86500
601318,780,68,208,167400
603986,590,68,722,189282
601601,784,65,180,87700
600519,658,68,54,5500
603259,591,68,347,111620
688111,592,65,293,126136
601728,637,65,156,473000
600406,638,68,30,51400
603259,646,68,316,81600
600887,647,65,125,81500
600760,788,68,16,15900
600809,803,65,84,23500
601628,687,65,91,30500
601857,835,65,132,328400
601012,790,65,139,262400
600050,610,68,63,772700
601166,622,68,51,131400
600150,855,65,402,251800
601127,855,65,230,76000
601601,792,68,91,72100
601988,883,65,164,1433400
603259,687,68,80,22600
601728,875,68,58,136900
601988,892,65,219,2540600
600111,895,65,447,278100
603019,823,68,52,26800
601166,795,68,59,106800
600309,680,65,193,67000
600031,835,68,84,284234
603259,655,65,287,116940
600930,632,68,53,318000
688041,636,65,468,165104
601328,675,65,145,439000
600050,661,65,148,472700
603993,649,68,157,155700
601211,686,65,45,103800
600887,839,68,64,43800
601628,814,68,53,21000
600276,870,68,58,46100
600887,583,68,118,129200
688111,829,65,56,46096
603259,613,65,1531,610120
601888,798,65,97,68400
601988,627,68,94,818500
601127,618,68,264,80870
600809,810,65,123,25000
600406,585,68,97,118600
688981,828,68,163,120598
600036,583,65,432,319200
601628,679,68,16,7900
601919,806,68,51,83000
600900,572,65,1253,1741402
603019,596,68,102,52800
600089,645,65,71,114600
600900,599,65,480,736800
600036,688,68,74,116100
601288,602,65,765,3361500
601601,584,65,477,434100
601728,608,65,161,533400
600900,571,65,1879,2435700
600276,871,65,143,123540
603501,881,65,119,87600
601658,881,65,209,1368200
601600,589,65,560,1663000
601211,833,68,30,121400
600150,885,65,647,513146
600028,894,68,209,1004400
688256,640,65,330,75884
688111,607,68,251,116814
601988,608,65,1393,6683474
600760,887,68,39,22100
600111,570,68,1069,1258700
603993,834,68,71,91100
688012,877,65,336,121918
601658,858,68,77,297500
600930,792,68,86,423200
601166,833,68,56,168000
601919,890,65,456,324778
601668,847,65,137,993700
688256,881,68,267,63631
600276,781,65,216,161900
600309,633,68,134,59300
688012,792,65,683,350426
601328,675,68,42,658900
600930,888,68,137,656100
601211,880,68,71,174360
600150,643,68,146,260035
600809,594,65,184,72700
600050,581,65,251,2346400
600519,604,65,317,48200
601988,872,68,87,628700
601919,821,65,391,285600
688256,687,65,379,83953
601012,883,68,78,148700
600930,609,68,47,455900
600050,792,65,62,175900
601658,867,68,102,405600
600809,626,68,95,15700
600031,662,68,48,41100
600050,572,65,1182,7979300
603501,669,65,137,46600
688256,664,68,228,50523
600519,794,68,64,10000
601988,837,65,175,448400
688041,801,65,281,102111
688041,884,65,492,188838
601857,886,68,103,361700
601888,681,68,10,3500
688041,780,65,1221,420672
600030,654,65,92,155200
601899,822,68,120,200500
600900,785,65,200,541200
601398,640,68,150,1456900
601318,638,68,35,24200
601328,860,65,220,858100
601600,790,65,359,1117100
601328,807,65,152,635200
601600,594,65,735,2579800
601668,853,68,74,499700
688041,865,65,363,137539
601288,686,68,77,379200
601688,634,68,40,48100
600900,827,65,507,595500
600028,849,68,151,347200
601211,848,65,158,110200
601012,818,65,126,173900
688981,656,65,300,207408
601658,675,68,79,589000
601328,821,65,142,297500
603986,827,65,398,78500
601127,606,68,82,45800
601088,643,68,65,39000
601988,654,68,65,206700
601988,843,68,40,952400
600150,849,68,151,119009
601601,851,68,54,58700
603986,803,65,299,100700
601318,886,68,119,128200
600519,891,68,88,19800
601668,895,65,420,2758800
600887,896,68,201,220500
601328,587,68,209,994000
600111,820,65,99,85000
600760,614,68,68,47800
601919,593,65,408,502000
601919,595,65,704,433200
601211,620,68,48,118600
600900,835,65,233,264400
601888,645,65,138,151100
601288,604,68,206,1171600
603986,838,68,98,19700
688008,845,68,336,127972
600089,839,68,41,51400
600028,820,65,147,283000
603259,578,65,994,325800
601318,871,65,486,282700
600309,582,68,175,113300
601919,628,65,140,162700
601919,887,68,101,176422
603019,825,68,92,21000
600089,806,65,152,343538
600036,676,68,22,17500
600309,853,65,775,728000
600111,815,65,126,74300
600111,572,68,162,164600
600406,607,65,322,467800
603019,635,65,185,112053
600111,795,68,34,24000
600150,786,68,113,137399
600887,857,65,101,59600
601601,837,68,32,22600
600406,860,68,40,51200
688111,623,65,177,80964
603501,818,65,96,34500
601857,815,68,84,163000
600760,656,65,50,28500
601088,615,68,67,50400
601166,829,65,144,150300
603259,855,65,450,139400
603259,865,68,139,62600
601688,597,68,64,105800
600150,593,65,567,683658
600519,608,65,411,54000
603259,628,68,140,40500
603986,880,68,183,44200
688041,644,68,296,129856
601288,784,65,345,826200
603986,587,65,3453,771450
600150,674,65,256,186800
601668,845,68,78,499100
601857,818,68,42,131800
688111,849,68,77,33157
601728,862,65,136,380700
688008,871,65,555,280667
688008,887,65,533,214559
600089,594,68,51,96800
600887,575,68,106,211500
600036,634,68,155,121200
600050,833,65,75,1396500
600030,622,68,41,54500
601398,638,65,596,2356600
600183,852,65,391,193500
601398,599,68,165,1967229
601288,675,68,106,567800
600089,813,65,91,113100
601628,676,68,37,28800
601668,818,65,249,1370600
601318,822,65,311,192500
603993,858,68,147,257900
688008,884,68,313,154399
600031,681,65,152,201300
600111,616,65,262,252100
600150,892,68,201,157736
601728,655,65,95,222100
600150,609,68,211,428096
603993,782,65,297,705600
600031,882,68,133,251400
601919,892,68,108,113300
601398,672,68,61,502700
601600,628,65,209,387345
601688,575,68,93,316600
688041,671,68,560,221465
600900,621,68,337,484800
688041,629,65,348,136209
601288,671,68,128,422900
601398,689,65,128,369600
601628,678,68,55,25700
600031,812,65,152,172200
600276,823,65,155,151400
601899,833,65,563,569400
600900,834,68,77,131500
688012,844,68,132,48133
601288,845,65,312,1451500
600089,849,65,97,113700
603259,577,65,1550,458028
600406,868,65,152,139761
601012,614,68,941,720100
601728,896,65,140,618200
601888,844,65,40,23300
600028,800,65,603,3946000
600900,816,68,241,355300
600406,815,68,55,47400
600930,573,68,94,1236200
600111,810,68,30,24000
601288,888,68,279,1686964
601288,659,68,168,292600
601166,587,65,357,627400
601012,592,65,605,1349100
601628,841,65,112,47600
600519,579,65,561,92726
601628,626,65,101,54000
601166,626,68,19,27400
601127,675,65,50,30700
600900,593,65,533,1189900
601318,843,65,311,177512
603986,859,65,270,48700
601328,879,68,74,662400
601288,816,68,138,1392900
600183,860,65,515,147000
688256,627,65,396,96968
600760,603,65,69,70396
601328,620,65,463,547600
688981,632,68,284,217455
688041,865,68,264,95783
600519,828,65,126,15700
600519,664,68,30,3100
601127,865,68,59,15900
600930,887,68,138,427100
600309,659,65,319,120700
600111,882,65,196,143200
600309,889,65,293,135900
600519,628,68,88,10800
601688,631,65,261,287200
603019,689,65,82,41800
688012,840,65,271,104800
600031,591,68,228,556902
600030,660,68,88,135700
688008,663,65,421,173145
688981,852,65,209,137048
601688,586,68,50,107600
601166,856,68,52,148800
688008,860,68,252,120091
600036,655,65,354,180500
601888,589,65,283,219200
601012,842,65,186,169800
600031,794,65,263,367100
600036,592,68,140,110161
600887,798,68,52,86600
601601,651,65,133,83300
601601,598,65,381,281000
688111,833,65,115,61707
688008,667,65,559,279082
688981,874,68,160,126836
600036,853,65,312,263000
600111,598,68,218,101300
601328,879,65,137,568900
600089,581,65,534,800798
601088,606,65,235,93500
600519,583,68,93,12176
600406,599,65,167,195181
601857,667,65,102,161700
600150,589,68,151,158400
600036,835,68,85,71100
601012,880,65,332,421100
600760,881,68,31,46200
688012,635,65,468,181598
601012,809,65,90,177800
601919,883,68,69,115500
600183,600,65,4130,1374360
601600,626,65,228,456100
688981,635,68,346,216793
688012,671,68,292,123532
601919,590,68,129,197900
600111,783,68,36,37600
600028,804,68,122,323100
601398,819,65,348,1243900
603993,839,65,156,273800
600028,573,68,205,1772000
603259,652,68,390,59654
688981,635,65,452,278257
600760,780,65,237,131800
688111,820,68,69,32418
601888,849,65,71,75100
688008,652,65,418,205602
601127,870,68,40,44700
600028,578,68,259,1070500
688256,612,65,550,147171
600150,570,65,4705,6209119
601088,601,65,299,122000
688256,606,68,290,66654
601857,612,68,102,276500
601211,680,68,217,202800
688008,831,68,367,204067
601166,854,68,35,250200
603986,860,65,998,145044
688111,879,68,131,61172
600276,800,65,376,253420
603501,804,68,58,43253
688041,818,65,689,308520
603501,591,68,108,54100
601600,788,65,369,1205300
601088,851,65,130,47100
601668,858,68,65,600189
600309,868,65,434,199900
601601,882,65,255,140300
601688,882,65,170,182700
600031,621,68,109,341900
601127,875,65,142,67000
601288,882,65,422,3653800
601919,884,68,56,364800
603993,889,68,221,410200
601628,633,65,109,49500
688981,598,65,945,441040
601919,660,68,99,148130
688012,598,68,573,189109
688041,817,68,205,78421
688256,841,65,318,79954
603019,677,65,160,66800
600887,886,65,243,160400
600309,881,68,116,51000
600406,609,68,128,122300
600031,632,68,104,129700
601919,682,68,55,130100
600276,685,68,67,43600
601857,786,65,195,387200
601919,659,68,38,87300
601919,808,65,282,281700
601211,885,65,231,346660
601166,813,68,34,42200
600930,670,65,153,756100
600760,885,65,115,121113
600150,587,68,155,208408
601728,605,65,156,280600
601012,879,68,134,320900
600406,594,68,75,299200
600309,594,68,83,57800
601601,787,68,44,19100
601211,649,65,172,287024
601012,673,68,89,92700
600030,824,68,53,31900
600900,584,68,145,180700
601601,689,65,170,98700
603019,586,65,515,226300
601688,593,68,62,136700
601398,609,68,170,2279945
600887,621,65,273,184500
688111,571,65,563,229110
600150,623,68,140,317200
600150,577,65,1960,2049825
603019,688,65,87,72700
601899,792,68,179,236200
601988,828,68,100,852090
601012,639,68,70,207300
603259,629,68,160,42586
601088,796,65,76,43800
601398,881,65,229,1468700
601600,783,68,82,208600
600111,634,65,159,206600
601919,574,65,424,714700
600887,646,65,229,238300
601398,638,68,158,1654600
600760,582,68,27,16400
600900,680,68,67,102300
600276,688,65,618,199200
600150,798,65,550,402200
603259,825,65,354,122200
601328,606,68,95,613400
601988,671,65,304,1135300
601012,676,65,97,219200
600150,634,65,485,487568
688041,821,65,408,152517
600760,641,68,25,12200
600050,646,65,75,575800
600183,802,68,185,59800
601628,846,65,129,82700
600031,877,68,120,314000
601288,598,68,873,2463900
601398,588,65,2052,8788200
603259,637,68,146,56300
601288,674,68,86,270200
688111,892,65,132,63039
600031,629,65,137,213600
601088,635,68,46,26600
601888,687,68,19,16400
600150,688,65,157,166900
601088,782,65,141,69500
601166,860,65,128,103300
600183,873,68,309,90200
601728,618,65,223,359400
601328,650,65,433,519800
601012,652,65,169,226368
600276,790,65,350,287600
601288,787,65,292,722600
601857,824,65,186,346100
601919,571,68,244,310800
601328,658,65,122,188030
600930,658,65,103,613700
600111,660,65,108,91900
601688,601,65,217,247300
600930,610,68,88,331900
600406,677,68,15,28000
601398,587,68,324,2032019
601600,798,68,87,233200
601600,800,68,195,1010800
601658,842,68,36,231400
603019,864,68,54,28100
600028,570,65,3949,20579000
600887,873,65,261,214900
600900,846,65,226,396900
600036,826,65,214,146200
601088,602,68,90,59900
600900,792,65,204,229200
601088,621,68,84,42000
600031,843,68,110,217100
600309,884,68,162,120098
601600,584,65,896,2456450
601628,575,68,138,167300
600760,625,68,109,19700
601988,573,68,324,3572800
601857,844,68,67,473900
600030,862,65,224,645500
600809,889,65,90,35900
601328,654,68,62,91600
601888,822,65,42,42100
601328,833,65,74,114000
600406,848,65,177,170100
601600,868,65,418,1175300
601166,888,68,73,173200
688256,637,65,447,98348
603501,800,68,31,31700
600406,807,68,88,157243
601899,584,65,969,1083200
600406,892,65,231,458700
600900,806,68,122,143900
601398,595,65,900,3273700
600183,866,68,293,101100
600050,784,68,28,133200
600809,862,65,51,15200
601166,878,65,233,494300
600036,653,65,347,193500
600406,813,68,49,50400
600111,858,68,53,44500
688981,622,65,299,222505
603986,593,68,888,219302
600036,611,68,132,94900
600309,660,68,61,155500
688256,799,68,191,46203
601328,835,68,22,147500
688256,636,65,397,92130
600276,642,65,405,480900
600150,788,68,83,58500
600089,862,68,51,41200
601211,874,68,39,81000
688041,658,68,239,95719
601728,596,65,243,807600
600089,644,68,167,147100
601088,676,68,34,14822
601398,581,65,615,2538400
601888,829,68,219,72900
600031,840,68,230,541900
603986,793,68,166,27900
601628,849,68,26,9200
601628,682,65,158,101700
601328,682,68,134,1071800
600150,816,68,75,82000
601601,854,65,162,187700
603019,863,65,116,40500
600031,684,68,40,55300
601899,808,68,231,452700
601328,885,65,240,1015800
600050,602,68,217,2695400
601398,648,65,203,1173800
601688,614,65,101,192000
600050,580,65,470,3018700
600930,650,68,38,200800
600887,665,68,110,141900
601888,832,68,29,56600
601919,856,65,416,319300
600930,891,68,222,985600
603019,801,68,61,28800
603019,886,65,170,112300
600930,893,65,139,442400
603993,616,68,209,967000
601888,584,68,77,45900
601166,689,65,110,155900
600030,804,65,215,259300
600031,620,65,391,350600
601398,892,65,783,3252911
601728,573,65,445,1145300
601211,589,68,147,198300
601688,571,65,556,1276000
600900,671,65,231,338000
601127,687,65,115,62300
600809,630,65,120,26900
601919,824,68,30,40200
600183,851,65,459,187812
600111,667,65,113,74900
600031,781,65,111,244900
601658,850,68,76,285100
603501,882,65,92,30500
601628,689,68,61,21800
600150,789,68,100,125900
601658,846,65,73,220900
603501,628,68,49,48300
601668,631,65,158,1678300
601088,632,65,173,90900
603993,791,68,206,527500
688012,634,65,587,195806
601127,584,65,683,457100
601318,813,65,396,204500
600036,642,65,336,160600
600309,852,68,127,71900
688256,816,65,352,85362
600900,654,68,82,131500
600930,672,65,113,610100
688041,878,68,225,86922
601288,895,65,315,1361700
601318,835,65,228,150500
601888,780,65,934,326807
600111,892,65,296,237300
600111,668,65,89,90800
600809,878,68,34,9600
601398,610,65,1003,3206145
601127,664,68,32,14600
600276,809,65,308,266400
600760,796,65,36,32600
601668,667,65,122,839700
601628,792,65,131,61500
601668,835,65,165,502200
601658,601,65,440,1563100
601899,653,68,466,378200
601127,581,65,1350,849500
601919,833,65,139,123700
600930,686,65,129,809700
603993,856,65,195,297900
688012,858,65,391,164489
600900,638,68,319,293600
600309,682,65,100,55600
600406,871,65,194,255361
603993,891,65,469,488700
601888,664,68,30,12800
601628,590,68,109,82300
600809,821,68,44,11000
601888,850,65,54,22000
600089,834,65,138,255700
600309,621,68,341,231400
601600,823,65,486,609000
601318,858,68,82,56900
601658,833,68,25,68700
600030,648,65,133,162200
600887,851,65,146,105700
601899,618,68,160,240800
601628,844,68,83,34200
601328,570,65,2232,15622035
600028,600,65,991,6672936
600036,864,68,47,43500
600028,864,68,60,269800
601857,882,68,81,270200
601012,645,65,225,399300
600309,626,68,289,182000
601211,784,68,18,49800
600309,887,65,366,173100
688041,642,68,335,137760
600309,648,65,383,209900
600519,605,65,266,38000
600760,795,65,88,32600
601857,802,68,40,202500
601600,781,65,509,1128800
600887,822,65,186,100400
601012,650,68,60,163200
600760,809,65,71,26512
601888,807,65,312,102200
601857,813,65,259,427300
601288,606,65,1013,6524400
600089,857,65,126,123700
600930,575,68,94,1409100
603259,679,65,348,90700
601688,595,68,72,136600
688012,833,65,306,107986
600760,811,65,41,16300
688981,871,68,179,148726
603019,839,65,87,34800
600089,624,65,117,248300
601919,624,65,173,193700
601728,837,68,43,160100
601857,894,65,333,900302
600030,631,65,183,202525
603986,656,65,507,114400
600309,674,68,34,41100
601988,851,65,180,741400
600900,608,65,493,1350500
600930,604,68,76,364700
601628,815,65,195,73500
600028,612,68,152,1310000
600930,810,65,144,463400
600309,682,68,33,17400
601127,581,68,312,223900
603259,639,68,144,79600
600406,586,65,278,335800
688256,686,65,179,46125
600760,624,65,91,58700
601888,810,68,19,4500
600183,818,68,403,105100
688256,571,65,881,266908
688041,639,68,312,126479
601288,786,65,387,1766900
601398,600,65,816,2248100
600519,888,65,153,24550
688008,789,68,429,191318
688008,817,65,389,192374
603986,688,68,173,37100
600150,689,68,74,180700
600760,817,65,43,27000
600900,868,68,89,87100
603259,853,65,262,75300
601601,570,65,1852,3325210
601857,634,65,234,367500
601088,868,68,42,16600
600276,580,65,991,981420
601328,618,65,217,626900
601088,685,65,191,103900
601728,661,65,182,257400
601668,673,68,39,96000
600183,579,65,2461,874100
688111,593,65,368,160939
600519,670,68,35,5600
600036,610,68,68,68200
601668,795,68,58,1369900
688981,789,68,171,136041
601857,800,68,62,283200
601688,831,65,143,301500
601012,812,65,141,248100
601328,591,65,453,2762100
601127,678,65,81,50800
601600,818,68,121,202100
688012,679,68,301,101633
601628,876,65,100,98800
600150,794,68,200,456103
601088,783,68,40,23900
601658,795,68,43,224400
600519,803,65,86,10500
601601,572,68,137,216800
601601,629,65,167,162900
601688,809,68,25,51300
600111,571,68,184,256600
600030,872,68,105,104100
601888,652,65,80,48700
600089,783,68,20,92000
600276,607,68,263,310000
600760,810,68,29,72100
601211,799,68,25,109600
600760,580,68,39,26000
601398,891,65,824,3532200
600406,835,68,51,53200
600030,610,65,211,258900
600183,620,68,1090,384500
688256,642,65,467,111016
600930,786,65,130,327900
601398,816,68,90,435600
603019,837,65,113,46600
601166,845,65,123,169000
603019,788,65,92,42000
600111,888,65,241,221500
601988,883,68,97,194900
601668,834,68,54,539200
600276,571,68,375,373612
601211,678,68,19,33800
600760,627,65,47,145500
601988,878,65,179,639810
600150,838,65,507,381707
688256,893,68,250,65711
601888,604,65,424,261200
601688,846,65,166,280600
601988,638,65,199,588600
688111,642,65,230,95001
601688,783,65,121,148900
601658,629,65,102,871200
600887,858,68,63,66200
688111,604,65,253,131434
600031,828,65,169,225800
600276,881,65,177,137400
601688,881,68,46,97900
600930,655,65,108,229600
600809,621,68,45,20800
601658,649,68,24,137900
601398,571,68,246,1366500
601888,783,65,92,82700
601899,896,65,607,758000
601127,633,68,48,27200
600519,801,68,34,3600
600031,877,65,438,617800
601211,572,68,84,244800
601398,635,68,53,147500
601398,842,68,279,1980900
600036,677,68,163,250600
600111,887,65,269,152800
601398,858,68,97,266945
600030,844,65,147,213400
601888,584,65,299,297500
601857,813,68,58,168200
688041,666,65,427,187441
603259,862,65,237,65000
600900,877,65,457,739800
603986,616,68,1411,186800
600111,654,65,134,145900
601857,606,68,43,428700
601658,657,65,80,459500
600030,665,68,27,153100
600028,689,65,122,566100
603986,780,68,1399,269481
603993,790,65,362,649700
601988,578,68,262,2320000
600031,816,68,67,169000
603993,616,65,596,1643100
601088,609,68,67,37900
600887,891,68,106,104600
601601,614,68,71,79300
601088,844,65,109,51500
600406,826,68,63,38600
601318,663,65,269,134200
600183,688,68,238,62300
601728,684,68,35,51200
601728,607,65,373,978800
603019,783,65,375,145700
603019,845,68,35,13000
600183,855,68,287,115500
601728,871,68,128,470300
601668,647,68,41,218400
600050,789,65,59,655100
600150,645,68,122,97676
601899,854,68,532,430700
601857,626,68,45,241700
601166,836,65,122,178300
601088,661,68,61,19600
600036,836,68,114,81400
601888,850,68,28,11500
600150,869,65,416,347267
601211,601,65,286,380600
600930,814,68,49,192000
601328,586,65,546,1910500
603993,672,65,263,995000
688012,791,65,410,141049
603019,792,68,613,158000
601988,825,68,56,907700
600089,837,65,130,290300
601127,631,68,88,46700
601600,660,65,294,380700
601398,854,65,144,945900
601857,676,65,123,424500
601211,798,65,151,280700
600309,878,68,127,65600
600050,862,68,64,275200
601628,603,68,89,86300
603019,631,68,228,66800
601728,650,65,90,310300
600036,674,68,128,365970
601857,682,65,57,85200
601600,840,65,461,369400
688981,618,65,645,386729
600089,654,68,34,45300
601601,785,65,159,111000
601328,831,68,122,1240400
601600,854,65,378,724600
601658,856,68,55,919200
600930,636,68,35,99400
688256,880,65,266,68681
600111,623,65,213,215951
603501,880,65,119,55300
603019,890,68,117,61085
601288,652,68,143,1310700
601398,780,65,1659,8636614
601899,814,68,140,161600
601211,896,68,195,322054
601628,823,68,32,15000
601288,887,68,241,3139000
600760,599,68,30,25200
601688,827,65,98,191300
600276,615,68,179,125000
601166,642,68,256,456600
688008,682,68,283,112510
603993,859,68,86,96400
601328,819,65,130,253700
600900,842,65,341,302100
600050,648,68,14,79100
601857,822,68,46,156900
601088,800,65,157,70800
601398,831,65,506,2783700
600089,833,65,108,146200
601288,838,65,202,1142400
600276,857,68,66,93800
600036,873,65,519,339000
600036,840,68,100,73800
603986,842,65,491,76900
600030,823,65,233,219800
601658,882,68,91,1261800
600183,639,68,253,81800
600760,895,65,106,93000
603019,845,65,88,49500
601211,621,65,158,177268
601318,678,68,60,79400
601600,619,65,441,695200
600760,684,68,16,8000
688041,805,65,309,107772
688111,809,68,148,70593
601288,879,65,532,2145200
600519,817,68,79,11100
601166,819,68,42,144100
601688,598,68,54,152400
603501,886,68,90,46200
603019,649,65,211,126200
600183,649,65,492,155200
601988,878,68,83,1319400
601988,576,68,233,1340800
601988,857,65,134,698100
601919,588,68,62,216700
600276,651,65,210,186703
603019,687,68,29,7300
600930,843,68,63,216500
600089,862,65,84,125500
600276,862,68,67,52700
603259,845,65,805,245700
601211,815,65,141,217200
603986,639,68,564,91700
601601,811,68,54,30400
600111,825,68,43,21400
601600,598,68,184,1015100
601398,859,68,98,1056400
601127,667,65,203,431300
601211,814,65,101,217100
600519,675,65,98,16443
600309,623,68,203,104500
601211,782,65,360,384000
601601,596,68,94,122100
601658,859,65,75,311800
603259,645,65,1045,236440
600028,617,65,1033,5054100
601688,583,65,229,550300
601899,588,65,1207,1712584
600887,582,68,111,238993
600050,688,68,51,276900
601888,864,65,53,21700
688041,868,65,325,116979
603019,671,65,853,216200
601398,879,65,300,2156895
600309,892,65,313,170300
600111,600,65,365,427774
601899,683,65,520,589100
603993,597,68,372,1023300
600276,607,65,680,601869
600900,795,68,106,210000
600111,667,68,36,47400
601601,842,68,108,118500
600809,605,68,150,48700
600406,665,65,147,120500
688008,655,65,754,328080
600930,822,65,93,323100
601857,817,68,53,227700
601600,807,68,76,525300
601211,617,65,358,195300
601899,661,68,75,61500
601857,786,68,34,163500
601288,658,68,100,257600
600050,579,65,388,2754900
688111,659,68,157,72883
688041,800,68,318,114295
601728,659,68,64,112200
600406,802,65,238,185300
603993,811,65,197,404200
600809,668,68,20,4000
601328,607,68,96,494300
601688,630,65,238,317100
603986,636,68,289,52400
600028,653,65,198,270100
600183,667,65,539,142574
601988,822,68,51,403300
601166,831,65,98,159822
601288,785,65,619,3811100
603986,573,68,718,174600
688008,788,65,501,216720
601988,895,65,208,1292900
601601,832,65,247,206100
600900,794,68,79,63600
688111,870,68,75,37123
601398,652,68,80,873200
600760,802,68,22,11800
601628,624,68,33,12800
603259,632,68,140,55500
601899,636,65,672,920700
600050,639,65,70,987700
600887,610,65,657,694500
603259,789,68,158,56900
601600,644,68,274,2304700
600036,663,65,250,90500
600887,790,68,31,59200
600887,782,68,151,208050
601088,798,65,158,60200
603259,852,68,114,31900
601328,874,65,164,424200
601318,870,68,147,71200
601888,882,68,41,39960
601888,896,65,133,101857
600030,811,65,236,216400
601658,604,68,80,554400
688008,666,65,513,212675
600036,783,65,766,329100
688008,574,65,2047,1106790
603259,622,65,741,278929
600050,837,68,35,104200
600150,879,68,95,120624
688981,817,68,94,79589
601899,641,65,349,381700
601127,674,65,58,50000
600519,682,65,118,13050
600276,623,68,292,151400
600150,826,68,90,37800
600309,802,65,164,71300
688012,828,65,263,93569
688981,787,65,716,631707
601211,617,68,77,96500
601628,683,68,23,8700
603986,581,65,1868,438900
601166,660,68,32,63200
601012,589,68,722,727792
601888,670,68,14,8900
601318,683,68,60,42800
601088,872,65,253,129200
600406,809,68,53,80200
600760,676,68,34,38800
601012,872,68,128,301344
601658,789,65,54,339800
601899,574,68,304,425700
601288,594,65,781,3770200
601318,582,65,736,565300
600030,589,65,464,459625
600050,601,68,51,305900
688012,661,65,282,133093
601668,679,68,54,261500
603986,820,68,932,112100
600030,849,68,157,168100
601658,852,68,44,203800
601600,849,65,241,453000
600031,836,65,308,527000
600406,640,68,69,83200
600519,852,65,106,12000
600031,853,65,721,915100
601899,627,68,151,201400
601628,634,68,67,17500
600183,798,68,177,52500
600183,875,68,301,88400
600930,812,65,175,658300
601328,809,68,111,561300
601688,873,65,160,337600
601688,857,65,97,107300
601728,624,68,205,232500
688111,681,65,213,75475
601600,666,65,365,610200
601211,686,68,12,85896
600089,827,68,49,86400
603501,631,65,112,46700
601328,686,65,211,1212100
600030,819,68,46,108200
601127,611,65,518,142600
600887,818,65,231,221500
601857,864,68,57,174900
600276,615,65,571,350300
601601,654,68,31,27600
601728,811,68,34,147800
688981,632,65,428,279197
601600,580,65,732,3510800
601628,618,68,30,24200
600089,863,65,106,136300
601728,853,65,150,395300
601318,654,65,202,109300
601288,829,68,119,1407600
601328,597,68,52,177900
601628,628,65,201,125600
601988,871,65,286,982300
601728,644,65,127,331300
601658,592,65,404,2436700
601328,644,65,195,301700
603993,619,65,495,648200
603019,614,68,639,186200
603019,795,68,765,143000
603019,645,65,360,105759
601988,816,68,89,538600
600089,887,65,264,244700
600760,572,68,93,52761
600036,664,68,46,20000
600519,880,68,59,9281
601398,792,65,459,1970500
600150,833,65,375,353637
601857,668,68,24,269300
601688,865,65,153,171600
601668,594,65,602,4738900
600519,651,65,138,16600
688111,856,65,79,38175
688012,585,68,484,164766
600111,790,68,40,48600
601628,820,68,54,46000
601012,575,65,711,1751900
600887,615,65,403,682200
601318,616,65,412,382800
601166,619,65,163,517800
600036,852,65,459,340200
600183,624,68,759,300300
688008,643,65,475,204051
601600,855,65,179,428400
603019,661,65,98,61400
601211,625,65,223,156500
601899,806,65,484,518400
600519,668,68,38,4100
600809,880,65,78,23400
603986,816,65,1010,185300
600028,570,68,781,5109790
688981,599,68,616,299333
688008,600,65,1231,525982
600809,659,68,36,11800
601658,575,65,988,7658000
600809,578,68,113,34100
601899,616,65,1103,768500
603986,638,68,248,44800
603019,671,68,719,157500
601318,816,68,75,41900
601668,818,68,82,1846600
601728,832,68,18,430000
688041,834,68,215,79827
600406,612,65,789,1466061
603501,604,68,104,47300
600050,638,65,103,324100
601166,654,68,248,356900
600887,657,65,174,138000
601857,819,68,183,337700
601328,680,65,99,259800
688012,803,65,210,93194
603993,646,68,413,3632800
600028,816,68,193,118400
603986,833,68,126,28600
600183,687,65,295,113600
601166,670,68,145,175100
600183,581,68,673,241565
600900,626,68,189,211900
600930,788,68,59,517800
600050,581,68,44,669300
601888,785,65,50,28000
600089,650,65,201,226171
603993,835,68,85,148200
600089,841,65,161,165400
601988,850,65,271,790500
601600,864,68,290,531500
600150,861,68,119,131000
603259,831,68,90,26261
601398,871,65,377,1834300
601600,872,68,101,338100
601857,883,68,60,236300
601012,889,65,251,783040
601012,627,68,70,348500
601919,852,68,187,201000
688012,789,65,360,116324
603501,806,65,118,34800
601688,659,65,123,235000
603019,802,68,173,53408
601728,802,68,24,78300
601088,619,65,166,124500
600900,871,68,154,207100
601166,891,65,133,221500
601088,882,65,132,83200
601988,835,65,312,795400
688012,641,65,372,134795
601318,809,68,96,132300
600028,889,65,304,652800
601211,633,65,197,125960
601166,633,68,24,93800
601628,608,65,337,267700
600183,815,65,887,258300
600900,628,68,106,545800
601318,803,68,124,175300
601628,588,68,68,26800
600276,823,68,50,30700
601728,794,65,74,152500
600519,610,65,557,105885
601988,830,68,85,551400
600809,671,65,45,11200
600809,851,68,30,14700
600150,852,68,167,142800
603259,878,65,286,79400
600031,852,65,616,1247466
603019,864,65,123,64200
603259,836,68,70,33902
688012,643,68,289,117884
603259,892,68,159,80900
601166,809,68,34,92400
600089,840,68,42,60600
601658,575,68,251,4824400
601668,823,65,88,789500
601601,597,65,352,235200
688256,840,65,310,82142
688041,573,68,440,162051
600900,862,65,265,402850
688008,618,65,1045,445383
600519,824,68,40,6100
603259,618,68,291,119000
600900,618,68,83,178500
601127,847,68,33,29800
601728,821,65,293,472500
688111,831,65,120,59170
601127,867,68,80,21800
601857,631,68,73,209500
601668,844,65,143,629200
600089,877,68,49,80600
600036,613,68,70,39800
688008,844,65,516,194315
601658,590,68,116,1659300
601668,599,65,829,11126600
601628,896,65,190,362700
688012,793,68,222,88652
601658,619,68,204,2102400
600809,686,68,17,10300
601601,837,65,180,148400
601668,811,65,672,8305140
601658,662,65,59,185400
600031,619,65,342,341000
600050,584,68,83,1663900
603993,684,68,46,102700
603259,795,65,355,105500
688111,668,68,78,39119
601166,575,65,712,1230300
601318,591,65,576,413900
600036,606,65,465,253768
603019,667,68,590,97700
601127,824,65,118,44400
600900,824,68,107,149100
601166,870,65,247,426100
688012,628,68,288,102106
600036,876,68,79,76000
601127,571,65,700,674500
688041,800,65,457,161855
601211,643,68,30,56900
600276,791,65,168,109000
600930,795,68,57,375200
688012,823,65,337,122226
603993,857,65,164,254000
603986,598,65,1210,275463
601127,877,68,55,36500
600050,882,68,82,711400
601658,607,68,147,1277600
603501,640,68,87,27609
600030,680,65,105,103000
601166,587,68,66,195400
601658,678,65,75,387800
601888,599,65,209,170700
601288,842,65,299,827400
601601,622,65,206,155600
600183,854,65,470,147600
600150,893,65,784,888009
688256,583,65,593,144858
600406,894,68,121,147800
601012,781,65,140,144100
601628,824,65,171,80700
601288,616,65,811,4061900
600089,577,65,394,676000
601318,797,68,68,46300
603993,807,65,288,441400
600276,785,68,41,51600
600887,582,65,722,916228
600031,795,68,67,74900
688008,843,68,301,135582
601857,654,68,23,167300
601888,800,65,94,61300
600309,877,65,377,439800
600519,799,68,20,2900
688111,819,65,119,52971
603019,804,68,43,12600
603019,570,65,3696,1870400
600760,839,65,111,73100
601728,861,65,151,530000
600809,620,65,378,146900
601288,629,65,462,1705800
601211,630,65,129,144744
601318,590,65,535,504900
601658,682,68,27,491600
601857,834,65,234,356100
600900,845,65,280,334300
600406,863,68,52,103700
601088,869,68,53,19400
600036,872,68,56,65300
601398,889,65,306,1271900
601600,865,65,884,1632500
600406,856,68,163,74261
601288,893,65,334,1729900
601899,829,65,509,567000
601166,869,68,76,118500
601899,678,65,414,631800
601668,687,65,74,308200
601857,823,65,180,311000
601988,646,68,134,1189000
601628,834,65,102,35800
603501,607,68,52,22100
600036,861,68,103,91300
601166,817,65,81,106300
688041,882,68,313,153025
601899,890,65,701,884500
600183,894,65,990,331504
601728,821,68,18,51300
601328,572,65,672,3036000
688012,660,65,160,68595
601857,806,65,350,797000
601211,646,65,181,116200
603259,819,68,130,31000
601988,864,68,64,348100
600406,577,65,586,593981
600309,849,68,190,114100
600900,780,68,384,1230400
601688,685,68,20,50000
603259,631,68,286,82700
600031,688,65,176,365600
688008,593,68,1127,490955
600111,613,68,53,61800
603019,583,68,688,226500
600050,632,68,232,3216400
601888,804,65,118,119500
600760,883,65,62,46500
600309,679,65,124,49900
600030,629,65,153,253500
600030,880,65,164,214600
603993,668,68,88,101800
688981,782,68,164,130506
600031,592,65,396,489700
603501,596,65,111,56500
600030,802,68,62,111000
601012,843,68,73,113000
601127,575,65,849,508100
600309,857,65,821,538600
601600,861,68,193,1012000
600183,888,68,401,140000
688012,686,65,267,108306
600028,802,68,72,346500
603993,858,65,231,253600
601988,626,65,310,1825400
601658,837,68,52,700664
601127,797,68,82,30800
600930,594,65,204,1386100
600930,623,65,262,1306500
601600,831,65,520,1217400
600309,666,65,249,114700
601888,638,68,415,97500
688256,679,68,227,51683
688041,622,65,486,174509
601728,601,65,149,641900
601601,785,68,68,39800
600809,836,65,48,26100
600900,678,68,47,75300
688041,628,65,335,124940
600036,620,65,295,169300
601288,645,68,218,1628600
688041,837,68,164,55933
601601,643,65,143,106900
603259,815,68,151,44200
600111,584,65,601,570800
600900,843,68,204,290000
601012,846,68,81,234500
601398,865,65,185,408800
600031,613,65,535,889100
601728,588,65,168,538000
601288,583,68,206,1024500
601899,582,65,1340,2227444
601857,785,68,61,513100
601211,811,68,161,143700
600900,634,68,154,255900
600050,658,68,26,74900
600028,648,65,182,583800
688008,780,68,770,387438
601088,653,68,59,37600
601857,889,65,340,730200
600809,660,68,19,5300
601166,612,65,186,428400
601899,624,68,152,254400
601328,663,65,274,1315100
601127,788,68,16,12100
600900,814,65,282,456300
603501,814,65,96,57300
600028,847,68,55,151700
601600,849,68,104,167100
600111,623,68,149,81700
601728,615,65,227,383500
603993,790,68,159,274000
600183,588,65,4128,1555992
601600,622,68,132,297700
601857,782,68,194,930000
601728,805,68,26,75400
601600,812,68,57,95200
600150,815,65,300,176867
601600,655,68,176,143100
600150,850,65,579,550909
600760,581,68,48,24500
601899,855,65,770,598900
601328,855,65,249,837500
603501,856,65,85,25200
601919,842,65,200,175300
688041,630,65,587,351513
600760,628,68,13,5300
600036,837,65,299,175700
600111,893,65,303,259000
601600,672,68,41,94400
601127,658,65,98,67100
601728,846,65,76,149300
600760,843,65,62,63700
601328,811,65,189,953900
600036,652,68,61,35000
688008,616,65,742,357467
603501,883,65,146,76200
688981,576,65,1119,660823
601658,629,68,91,167400
601088,688,68,55,55500
601899,622,68,478,772500
601658,788,65,72,462100
600089,672,68,29,68200
600406,685,65,63,50100
601728,640,65,151,503300
600900,782,68,89,382800
600050,837,65,57,476900
600406,839,68,163,70475
601668,876,65,912,5435100
600150,877,68,90,92580
601899,892,68,353,402300
601728,869,65,95,252200
601728,665,68,37,156900
601857,820,65,154,254100
600887,886,68,73,76400
601601,853,65,250,280700
601127,570,65,2339,1437488
600150,633,68,136,246500
600309,689,68,144,44600
603986,818,68,420,100642
600030,673,68,31,39400
600036,819,68,203,87000
600028,611,68,264,1312100
600276,632,65,363,342900
601600,611,65,574,1383200
688256,682,65,203,56580
601899,585,65,1618,1526945
601288,588,68,338,3113600
600900,686,65,131,213000
688256,658,65,262,63092
601919,619,68,26,25500
601728,648,65,92,186600
600030,797,68,119,158001
601857,587,65,669,2293200
601601,589,65,504,295600
603993,814,68,60,74300
688041,866,68,266,98416
600406,644,68,33,47900
601600,895,68,575,767500
601601,624,65,137,79800
600030,573,68,133,160500
601088,782,68,51,33800
600050,681,68,28,92600
688981,852,68,139,122366
601857,615,68,100,217400
603019,657,68,120,36600
600930,853,68,58,244700
601988,790,68,131,632000
601601,619,68,46,81100
601166,662,68,152,250800
601658,839,65,74,1395264
600030,667,65,101,110200
600887,804,65,132,100300
603501,588,65,277,111600
601166,798,65,140,298100
601728,679,68,168,89400
600930,654,65,99,259000
600050,676,68,18,113900
600406,822,65,134,110300
601600,827,65,387,961800
601012,840,65,198,445900
600030,855,68,209,370630
688041,856,65,476,177165
603986,651,68,233,50200
600930,602,65,152,532500
601600,877,68,120,242100
688256,878,68,203,48015
601211,883,65,365,320400
601857,884,68,52,136900
600150,821,68,66,81500
600276,682,68,39,28700
601888,579,65,580,422600
600089,653,65,124,259500
688008,685,65,271,125607
600406,642,68,27,56600
600519,681,68,38,4500
600930,662,68,91,650000
600809,783,68,27,6200
601728,653,65,170,282500
600031,845,68,187,582500
601728,668,68,22,69900
601888,620,68,55,45100
688981,889,65,511,383139
601318,679,65,135,160400
601328,589,65,413,1612100
688041,570,65,3814,1815035
601601,662,65,196,112800
601658,636,68,174,802000
688008,783,68,445,226675
601601,627,68,36,36810
601668,639,68,43,93900
603501,876,65,66,47600
601899,609,68,152,173800
600309,808,68,56,21500
601288,839,65,238,1604200
600030,597,68,72,163400
601211,618,65,146,128820
603019,853,68,40,26200
600183,857,68,273,90825
688256,807,65,211,57972
600276,874,68,101,64900
603019,642,65,220,93400
603259,878,68,142,54500
600276,667,68,132,123200
601988,607,65,1783,9132712
688041,671,65,716,288278
601658,601,68,158,635000
600519,600,65,247,33920
601288,672,65,489,1394800
601127,859,68,45,18200
688012,860,68,225,85873
601658,861,68,257,1069300
601899,853,68,290,385400
600276,844,68,193,72100
601211,882,68,47,42100
601658,886,65,112,924300
603501,893,65,158,91081
601728,894,65,100,269900
601012,872,65,226,443500
600111,784,65,109,95100
688111,613,65,294,194830
600036,867,65,282,137900
601899,599,68,176,215267
601318,653,68,30,36600
601688,661,65,253,199000
603259,877,65,345,85000
688256,657,65,431,108524
601988,781,65,811,2971000
601857,657,65,291,775400
600028,810,68,49,444600
601628,848,65,111,65100
600111,864,68,52,37800
600309,809,65,109,38700
601628,586,68,71,147300
601328,641,68,134,253100
601601,647,68,17,26200
600183,594,65,2058,746055
601088,816,68,42,19400
601601,864,65,126,87700
688256,677,65,268,73518
600030,866,68,184,275100
600050,680,65,58,420200
688012,806,68,252,86390
603993,894,65,492,667400
600406,666,68,36,49000
603259,617,65,967,354780
688008,802,68,296,120777
601398,848,65,344,1469700
600050,624,68,38,247200
601658,880,65,85,539600
601668,606,65,871,4436900
688981,582,68,379,294079
601728,831,68,22,172100
600050,853,65,61,215000
600309,657,65,271,173600
601857,671,65,113,525700
600406,689,65,78,52600
601628,781,65,170,44800
600519,797,68,72,15900
600406,835,65,269,173600
601211,840,68,192,283500
603986,822,68,321,55150
601600,856,65,261,788800
600887,872,68,43,33400
601211,861,68,21,33800
603019,633,65,304,100200
601088,582,68,160,155400
600406,652,68,33,63900
600030,577,65,507,702600
603259,633,65,497,134900
600183,833,65,442,140900
601857,591,65,386,925000
601899,631,68,274,370500
601857,594,65,486,855000
601088,603,68,141,79700
600809,638,65,78,20200
603259,662,68,183,46800
601919,831,65,144,137000
600031,847,68,60,73300
600089,591,68,67,197500
600031,625,68,44,82100
603986,630,68,314,59700
600309,799,65,112,64900
600111,608,65,347,282500
600276,579,65,874,819230
600309,674,65,120,90300
601668,675,68,26,326700
603501,809,68,35,7700
600028,845,65,120,484200
688041,872,68,254,94651
600030,602,68,89,211710
601211,891,65,149,228900
601088,620,65,245,129100
600150,787,68,59,51000
600183,802,65,539,150500
601688,870,65,280,323800
600309,873,68,155,90827
601398,659,65,298,483500
600036,678,65,346,466000
601919,789,65,521,563600
600028,799,65,186,1058000
603259,842,65,223,49700
600089,647,65,87,139600
601127,780,65,972,397794
688981,846,65,166,115192
600809,846,65,53,13600
600900,850,65,377,472700
600050,682,68,23,113200
603019,782,68,610,192000
601888,894,68,96,61200
600930,828,65,128,332700
603501,591,65,231,104500
601888,866,65,73,42800
601088,581,68,103,112300
600760,665,65,55,82300
601600,575,65,1769,3625600
601857,580,68,82,665500
688012,826,68,265,91821
600089,644,65,242,221500
601628,799,65,78,44700
600809,652,65,78,26500
688041,859,65,248,88627
600089,628,68,33,43000
688012,600,68,538,209215
600309,883,65,391,195102
600519,809,68,32,4500
688008,571,65,2683,1359124
601398,627,65,189,1010200
600028,624,65,465,1962400
688041,645,68,376,149797
603993,686,65,141,200500
600183,598,65,3328,1030700
601857,644,65,186,530700
688256,654,65,334,79658
601888,891,65,141,90031
600111,614,65,244,196800
601318,647,65,309,100579
600276,868,65,212,151100
601012,622,65,377,877400
600930,796,65,114,743800
600031,857,68,122,244000
601398,630,68,107,558100
600406,874,68,74,158900
601899,879,68,444,417900
603993,891,68,271,442100
601601,612,65,344,256000
600111,631,65,183,70300
601668,896,68,367,2601000
600406,797,65,310,322674
601601,854,68,58,49600
688256,862,68,137,35366
601318,893,65,442,273700
600031,643,65,191,266000
601088,860,68,76,50300
601088,846,65,90,34700
600183,659,65,487,201000
600900,868,65,226,251600
688008,637,65,534,220571
601728,595,68,265,578500
688981,688,68,69,57026
600036,857,68,83,63200
601658,829,68,76,355400
600887,817,65,86,52200
600183,664,68,505,93800
601088,831,68,57,32900
600028,620,68,233,1433500
603986,837,65,690,95400
601600,671,68,75,104700
601728,663,65,99,198900
601211,607,68,16,60800
688256,611,68,482,122776
601012,817,68,84,121000
600036,828,68,52,41200
600519,673,68,29,4494
603019,807,65,134,72200
603993,804,68,76,112200
601398,870,68,171,927000
600406,811,68,29,34200
601919,787,68,141,119800
600930,883,65,278,1337555
601899,872,68,187,260900
600111,791,65,82,47800
688008,798,68,251,111911
600519,782,68,66,11600
600050,883,65,154,1016600
601088,784,65,143,96900
601658,817,68,52,192600
601127,795,68,46,14400
600183,650,65,628,171900
600031,650,68,93,159000
600111,854,65,114,108000
601658,856,65,120,848600
600028,893,65,267,1123900
603019,572,68,800,168600
688981,639,68,294,229974
601668,618,65,284,2947240
600760,674,68,182,49600
600930,677,68,50,163500
601888,679,68,12,8800
688008,819,68,385,160389
600406,896,65,173,233400
601127,634,68,71,31700
600050,668,65,56,762700
688256,786,68,317,73652
600036,677,65,443,372300
600930,608,68,68,443700
600031,680,68,49,69500
600887,805,65,142,184600
601728,837,65,115,347600
600406,848,68,74,101380
600519,865,68,102,12306
600031,644,65,170,339700
600276,619,68,131,140100
600930,589,68,142,538500
601668,686,68,38,185600
688012,789,68,277,96692
601398,807,65,280,473800
600031,887,65,394,662100
600150,581,68,230,312903
603986,625,68,394,81300
601988,598,68,572,961900
603986,575,68,684,190101
688008,833,68,254,110087
603259,684,68,55,24000
601857,797,65,115,245000
601166,608,68,50,154300
600031,785,65,233,259100
600309,831,68,88,40000
603019,684,65,229,102400
600150,782,68,165,206900
603259,844,68,71,15400
688111,681,68,186,69970
600809,645,68,43,10700
688111,783,65,147,81555
600809,875,65,113,24900
603501,816,68,48,16600
600760,630,68,20,12217
600760,791,65,40,18800
600887,800,68,92,97100
601012,814,68,35,61000
600030,829,68,129,296600
688256,889,68,258,59987
601899,616,68,200,181400
603259,787,68,75,19300
601601,803,68,201,117700
600030,853,68,48,79500
601166,896,65,135,458500
601127,857,65,127,41000
601211,598,68,85,218600
603259,866,65,320,118391
601668,780,65,692,4684400
688981,876,65,224,188693
601728,573,68,45,147000
600111,812,68,30,15800
600887,781,65,299,211700
601857,826,65,315,560000
603993,591,65,763,1309400
601728,876,68,70,264200
688008,840,65,475,271933
600887,592,68,317,754800
601728,659,65,142,248000
601600,663,68,169,166200
601988,663,68,106,1061200
688012,594,65,792,276708
601658,664,68,67,514300
603259,794,65,311,112000
688041,843,68,326,128417
600406,644,65,99,82182
600036,815,68,195,93400
600028,661,68,39,168000
601088,811,65,131,44600
601166,571,68,149,645400
601899,572,68,455,852280
600030,635,65,178,163200
603501,582,68,64,29488
601888,585,65,561,462500
601601,595,68,95,63892
688981,802,65,244,177562
603993,598,65,1076,1662500
601668,831,65,214,1680500
600406,832,65,186,431800
600031,673,65,252,215200
600519,783,65,132,18800
600406,845,68,42,39800
688111,614,65,347,136857
603986,654,68,574,89600
600519,573,65,233,43600
600760,603,68,35,22300
601600,846,65,440,1529700
688981,859,65,171,124900
603501,864,65,61,25800
601628,891,65,143,113100
600406,892,68,165,240600
601658,688,68,63,165100
600887,838,65,193,186100
600276,645,68,87,101400
601088,801,68,39,26500
601088,611,68,87,46200
688111,628,68,177,86307
601211,570,68,195,533500
600887,792,68,85,60500
601601,821,68,65,39500
600930,854,68,82,626700
600930,588,68,83,665700
603019,657,65,119,62500
603986,619,65,1261,225300
601398,672,65,313,420100
601288,593,68,323,2852000
603993,677,65,198,335700
688111,650,65,118,51626
600150,650,68,78,74200
601899,654,65,579,695600
600309,679,68,40,16100
600030,793,65,317,434500
600760,838,68,54,43500
601088,847,68,33,25500
601166,859,65,138,181100
603993,643,65,293,557500
601857,849,65,164,217000
688981,891,68,275,225237
600406,643,68,22,19400
601318,895,65,410,307300
600028,677,65,127,506100
600309,833,65,272,167900
600183,590,68,1360,432400
601601,833,68,31,9400
600150,855,68,91,67700
600760,886,65,94,58000
601328,659,68,83,86400
601899,888,65,765,925600
601166,598,65,271,544300
601658,623,68,26,134700
601988,652,68,46,474700
600900,665,68,146,314800
600089,590,65,476,740760
601601,813,65,175,113100
601899,831,65,613,661000
603986,844,65,320,65900
600031,881,65,406,469200
601600,780,65,1976,7095650
600028,807,65,448,2145900
601398,850,65,310,960900
600930,683,65,142,746000
601857,599,68,85,193500
688041,606,65,648,269790
603019,796,68,36,14200
601899,597,68,287,413000
600930,819,68,107,250900
688981,843,68,197,167053
601658,585,65,296,875800
601600,677,68,57,152900
601398,891,68,322,2735000
688008,853,68,272,107511
601919,845,65,492,374000
688981,615,65,506,369404
601658,673,65,62,331200
688041,845,65,519,150879
600030,582,68,122,110900
601888,603,68,142,152000
601398,851,65,159,618800
601899,784,68,117,335300
601398,815,68,219,1502300
601398,853,65,195,823600
688111,809,65,170,82975
601857,812,65,322,394400
601888,793,68,27,10400
601988,870,65,534,1981500
601688,592,65,236,317100
600900,873,65,326,850429
601166,672,65,94,176100
601888,814,65,60,40600
688981,839,65,154,102858
601857,780,65,1261,4410701
601211,664,68,129,314700
603019,831,65,137,52200
600183,853,68,281,106200
601919,573,65,514,894700
601888,593,68,101,70700
601398,577,68,310,2058700
601318,645,65,228,127700
600050,679,65,46,133800
601012,598,68,77,315861
600519,677,65,101,14200
601728,823,68,24,63500
601857,645,65,246,890800
601728,597,68,56,386200
601899,627,65,721,585800
600276,629,68,88,77600
601088,829,65,156,76700
600887,814,68,65,56800
688012,604,65,586,252167
603019,786,65,229,114400
688008,857,68,283,125074
600150,798,68,81,118300
688256,653,65,328,79498
601919,857,65,268,290400
601899,590,65,1445,1533000
601988,640,68,145,224000
601088,624,68,50,28500
600276,654,68,89,169000
600406,658,65,64,51800
600036,797,68,121,63500
601628,592,65,205,162800
600276,582,68,296,337773
600050,583,68,112,867070
600406,598,65,202,235800
601318,619,65,268,159800
688256,646,68,283,67931
600183,685,65,506,138850
601988,842,68,52,123900
601288,881,68,191,896500
600031,896,68,261,519100
601668,875,65,161,601000
603259,576,65,1467,747660
600900,681,68,75,92300
601688,591,68,76,176600
601658,866,65,269,637900
603993,579,68,302,555300
600276,782,68,90,90100
601088,578,68,96,54800
603501,880,68,59,17400
688008,874,68,203,115684
603259,624,68,165,53900
600028,805,65,387,1450000
603993,838,65,124,230200
688111,572,68,210,92856
601088,655,65,162,120000
603259,624,65,490,173740
600276,782,65,228,148600
601328,794,68,71,221900
601211,855,68,36,112800
600111,577,68,269,207700
600031,646,65,318,426600
600036,683,65,183,85400
603993,650,68,196,604100
600183,678,68,673,155400
601600,577,65,747,2339265
688008,576,65,2762,1554090
600028,647,65,170,399200
603019,673,68,987,172900
600030,634,68,39,68700
603501,644,65,153,65900
603501,631,68,45,18000
603993,850,65,314,836700
601288,854,65,184,1098100
601601,637,65,205,99400
601919,893,65,245,220200
600887,834,68,90,50800
688012,814,65,361,126596
600150,860,68,96,125531
600519,575,65,367,65559
601288,590,68,365,3913100
603501,608,68,65,31900
600111,642,68,52,55600
600150,662,68,89,89969
601088,684,68,57,23500
601318,883,65,400,423800
603501,805,68,32,14200
601728,673,68,17,57800
600406,837,65,195,166300
601728,870,68,108,342800
601127,816,68,53,29300
600930,600,65,227,926138
601688,816,65,71,250200
600809,839,65,75,31600
601600,619,68,97,296500
688981,637,68,236,198946
688041,638,68,331,129815
600030,581,65,492,807305
603019,618,68,88,55300
601919,616,65,237,219300
688041,660,65,352,126043
601668,809,68,148,569400
600887,890,68,146,120806
600030,659,68,33,27400
600036,872,65,245,364900
600030,887,65,239,313280
600028,577,68,284,3089000
600030,787,68,62,23400
601601,588,68,74,81300
688041,877,68,289,108940
601658,627,68,28,131200
600183,640,65,637,175400
601398,663,65,823,2388700
600028,666,68,35,381100
601857,585,65,687,2017500
601728,666,68,19,66400
601288,864,65,182,844500
600050,587,68,44,1281800
601398,592,65,992,5364100
601012,643,65,165,249700
688008,815,68,270,126795
601888,784,68,31,29700
688111,817,65,73,32501
601127,853,65,156,64700
601328,866,68,49,69900
600276,638,65,221,148100
601668,661,68,54,714020
601601,668,68,16,24000
600036,653,68,51,38400
601318,824,65,274,177900
600276,620,65,760,524300
603501,605,68,65,39000
688981,626,65,531,309639
600089,868,65,123,151800
688111,875,68,87,38017
601888,876,65,59,31800
600031,886,68,173,287822
601127,680,65,71,63100
601601,658,65,119,58600
688256,629,65,261,69142
600089,785,65,75,127400
601899,794,65,518,640400
601857,657,68,121,312200
600150,588,68,345,510816
601688,641,65,78,568600
688111,580,65,239,119602
601919,795,68,26,27100
603993,674,65,210,332800
601728,874,65,171,609100
688111,616,65,293,122418
601288,661,65,490,994500
601688,651,65,130,272100
688012,785,65,337,115448
600036,839,65,263,168000
600089,808,68,41,118800
603259,590,68,382,317600
601919,610,68,56,56800
601857,638,65,121,282100
688111,847,65,87,37821
688256,872,65,194,47739
600930,893,68,170,1141800
600809,591,68,101,42600
601328,804,68,21,120200
601899,669,68,170,317300
603993,871,68,125,199800
600809,882,65,93,28800
600519,627,68,87,11600
601318,891,68,173,94000
603501,891,65,135,68200
600760,639,68,26,17200
601668,658,68,376,2102000
688981,576,68,467,371595
601600,794,65,229,832400
600519,582,68,116,17500
601088,859,65,114,40300
600111,896,68,206,137766
601628,872,68,86,50400
600150,850,68,188,240100
688012,601,68,420,158935
688981,830,65,252,157640
601668,580,68,44,723600
600089,610,65,329,656300
601988,824,68,127,455000
601857,851,65,208,408700
601628,611,65,143,97800
603986,843,68,224,42300
603986,864,65,395,82000
600089,800,65,146,265000
601728,852,68,29,230300
601398,857,68,87,404300
688981,877,68,147,137968
603259,818,68,70,23700
601398,643,65,266,940600
601668,820,68,69,357400
601166,611,65,234,447300
600089,885,65,212,190160
688041,621,68,350,134431
601398,646,68,99,346200
600760,649,65,89,43000
601988,832,68,64,406900
600519,643,68,52,10700
600111,659,68,51,36900
601899,645,65,645,599400
600150,895,68,242,174905
601919,591,68,72,200160
600276,675,65,185,248800
601166,606,68,55,151761
600309,653,68,112,49500
601668,788,68,25,321300
601658,838,68,51,124700
600930,620,68,67,303800
600406,790,65,51,39100
600150,847,65,365,234000
600050,629,65,71,1319700
601857,833,65,129,271400
600111,628,65,133,75900
600276,613,65,531,335160
601166,685,65,229,285700
600276,828,68,56,77200
600809,614,65,447,169700
600406,621,65,208,226790
688041,576,65,1326,469415
601857,648,65,155,378200
601088,799,65,156,52600
600519,839,68,21,4000
601328,834,65,46,358500
600519,815,68,110,12800
601012,583,68,185,531900
600809,603,65,305,123600
603019,610,65,358,261600
600031,875,65,500,594852
600809,572,68,110,35600
688041,630,68,457,239373
688981,685,68,136,121510
600900,636,68,146,89900
601600,800,65,751,2302600
601888,795,65,98,39000
601668,636,68,32,591400
601668,836,68,28,344300
600111,836,68,56,66500
601628,637,68,21,11800
603993,796,65,252,308500
601899,797,68,212,308671
600309,619,65,1021,708100
688008,650,65,681,272713
601318,634,68,72,82500
600036,780,65,991,415000
600887,877,68,69,97000
600050,888,68,150,1116500
601398,883,65,217,1015400
601012,665,65,212,311900
688008,879,65,398,202293
601318,886,65,536,579200
688041,823,65,450,187485
688256,869,68,159,41914
601600,867,68,183,1007400
688111,872,65,69,27077
688111,661,65,120,53997
601288,818,65,412,2410400
688041,654,68,257,89753
600309,871,65,360,172200
601127,844,68,110,23500
688012,830,68,253,87654
600930,606,68,82,344000
600930,638,65,92,330900
601601,671,68,89,42900
600036,878,68,92,98100
600809,892,68,61,18667
688256,800,68,336,80688
688008,633,68,320,144596
688256,661,68,195,45095
601888,684,68,15,29400
601668,806,68,56,993700
600309,875,68,91,31700
600309,792,68,120,53200
601166,875,68,59,258000
601728,804,65,98,160600
601888,673,65,35,17400
600519,884,65,125,32470
601288,865,65,229,1242900
600309,893,65,307,195500
600028,808,68,56,423700
601127,818,65,100,48100
601088,586,68,132,48900
601899,674,68,326,271700
600760,659,68,15,12800
688981,860,68,172,141662
601728,594,68,164,732800
601628,605,65,296,184700
601600,868,68,180,985200
601288,858,65,176,1288900
601628,571,68,87,192900
600760,609,65,68,46300
688111,826,68,163,83931
600050,884,65,116,285000
601899,849,68,230,259900
688111,656,65,211,95762
601628,847,65,63,66000
688981,831,68,191,147907
601919,817,68,137,139500
601328,835,65,97,312500
603501,849,65,103,46700
601601,884,68,61,33000
600760,822,65,48,19500
688012,591,68,412,170877
603259,665,65,400,148600
600050,571,65,581,4139000
600309,818,68,93,38200
601658,857,68,75,1499664
600150,797,68,161,133500
688111,669,68,96,44179
603501,680,65,133,64500
600183,838,65,502,130100
603019,572,65,1317,437300
603986,893,65,1517,246701
603501,640,65,216,68100
601728,599,68,132,690100
600031,659,68,66,117400
601127,578,68,356,350898
600150,652,65,451,340621
601988,813,65,139,793800
601012,614,65,1229,1324700
601398,680,65,153,529300
601600,598,65,613,2333000
600309,600,68,154,108600
600111,635,68,53,78900
688256,600,68,318,71283
601166,785,65,265,348500
603019,789,68,35,11000
603501,871,65,81,29100
601919,875,65,248,163100
600887,876,68,82,85100
601919,615,65,209,417760
600036,884,68,76,102100
601088,687,68,52,36300
600036,632,65,252,190600
688111,823,65,77,31837
600111,843,68,59,62600
600809,620,68,222,47600
601398,665,65,202,591500
601328,829,65,74,723700
600031,682,65,116,175300
601688,817,65,113,140100
601318,602,65,495,499700
603259,643,65,381,130400
601857,660,68,13,69800
603259,893,68,202,66600
601888,828,68,18,13800
600519,793,65,103,12600
600183,814,68,420,252600
601728,810,65,130,201300
601088,788,65,64,33300
600760,789,68,13,8200
688008,869,65,485,192232
600150,876,65,514,328043
600809,575,68,69,26672
601857,891,65,274,767400
600183,797,68,258,79800
600887,850,68,65,53400
601888,659,68,16,8600
600050,828,68,29,493600
601288,851,68,101,1012200
600031,658,65,215,284600
601127,665,65,84,51900
600036,859,65,216,158500
600930,859,68,145,963800
601688,651,68,24,24100
600900,573,65,1023,2179798
601658,618,68,55,652800
688111,662,65,94,45648
600036,648,68,171,140200
600031,664,68,49,84400
688111,803,65,144,64293
601166,605,68,65,138700
688256,790,65,258,60675
601328,833,68,25,170600
688111,628,65,220,96327
601658,580,68,87,498600
601288,622,68,203,2129100
601398,855,68,97,762174
600930,890,65,379,1125800
601088,674,65,110,56300
601398,827,65,142,1322800
600089,893,65,169,241549
601600,662,68,164,255800
601318,674,65,210,118700
601288,684,68,142,390600
601088,825,68,36,29200
600089,883,68,79,123200
603259,834,68,75,37000
601888,792,65,101,74400
600150,820,68,77,82580
600050,663,68,18,160100
601127,598,65,514,285129
600150,858,68,118,104200
601899,606,65,1055,584029
600887,674,65,152,112100
600031,815,68,37,28500
600030,784,68,49,90100
600309,804,65,229,115100
601398,833,68,80,381200
601288,878,68,532,4206600
601888,613,65,217,189400
600406,885,68,98,129700
600930,842,68,119,666800
600930,641,68,40,223600
601211,830,68,54,196300
601601,572,65,672,962600
601919,598,65,417,387700
600930,664,68,67,772900
688008,581,65,1838,1045419
603019,818,65,103,46300
603501,878,65,102,41600
601288,681,65,266,1080400
601658,632,65,266,1090700
688008,608,68,538,275494
601899,683,68,201,208950
603993,599,68,253,668500
600028,792,65,268,764700
600089,800,68,44,305841
688041,651,68,320,121714
601012,821,65,171,197900
601012,643,68,59,132700
603259,789,65,389,99500
600028,890,68,173,661100
601688,611,68,37,61200
600276,807,65,265,266800
688256,664,65,293,77025
601127,784,68,52,32500
688981,574,68,227,127308
600309,667,68,149,49700
600111,786,65,91,135100
601658,609,65,264,1161200
601988,826,65,79,183700
601166,850,68,41,46900
600760,681,68,11,5500
600089,663,65,75,151100
601888,626,65,183,191140
688008,808,65,359,153047
600036,846,65,314,186400
601166,791,68,40,73900
601012,861,68,35,49600
601288,896,68,676,5979600
601899,819,68,227,487798
601668,619,65,195,1558700
603986,584,68,1111,201812
688256,870,65,248,58224
601658,652,65,63,816500
601688,599,68,112,153900
603986,576,65,2391,636309
603993,632,68,129,142700
600276,862,65,176,176000
601211,895,68,115,177200
603259,584,65,1058,383700
600809,661,65,91,32000
600900,827,68,138,299600
601127,632,65,360,113900
601857,796,68,19,72600
688981,826,68,227,171624
600809,826,68,33,11600
601328,571,68,144,671900
600276,603,65,620,422600
600809,805,68,12,2900
688012,812,65,365,137815
688111,866,65,100,39260
600028,597,68,82,355300
601988,831,65,247,596000
600276,829,65,183,113200
601012,577,65,1156,2643427
600809,636,65,77,25600
601857,801,68,204,1190100
601688,574,68,62,220600
601601,669,65,80,47900
601888,677,65,39,49100
601318,877,68,211,71600
688981,798,68,159,128984
600406,788,65,77,105300
600089,674,65,66,77800
600930,781,65,107,530200
600031,791,65,224,316100
601668,856,68,36,997000
601899,837,68,225,562000
601857,814,68,47,133100
601166,811,65,150,202200
601668,889,68,438,1620700
601166,861,68,44,92300
600089,894,65,210,324700
601088,837,68,18,11900
603501,604,65,182,89800
601857,609,68,59,261700
601600,648,65,491,1182400
601888,642,65,163,207840
601658,636,65,179,899900
601988,797,65,118,880600
600760,668,65,93,62500
600036,669,68,96,86400
600809,850,68,30,4800
601600,859,68,132,183400
601012,802,65,205,383802
600519,844,68,37,7400
603501,803,68,46,22400
601688,842,68,27,24300
600036,666,68,93,48600
603501,838,68,26,10000
600111,688,68,43,25800
600887,845,65,96,81300
600050,895,68,607,1883400
603993,658,65,394,471400
601658,849,65,141,652800
601088,853,65,146,68700
600028,652,65,129,607500
601688,612,65,224,343536
601328,644,68,57,140300
600031,869,68,143,126300
600519,817,65,130,22300
688012,863,68,311,117389
601127,782,68,49,26600
601899,678,68,301,360700
603986,838,65,233,58900
600887,839,65,144,225700
601211,891,68,139,186638
600887,595,65,622,659100
601857,604,65,403,545800
601398,678,65,161,365000
601658,803,68,46,399400
600036,860,65,325,192600
688012,816,68,239,89091
600887,640,68,48,106800
601211,644,68,34,71500
601601,602,68,130,195900
601288,599,68,317,2508100
688008,653,68,412,190271
601012,606,68,99,380700
600036,604,65,358,219000
688012,664,68,244,87536
688041,594,65,1073,533933
688111,800,68,148,75141
601211,872,68,54,139400
601688,671,65,204,387700
601688,615,68,22,24000
603501,683,65,66,43600
603019,828,68,85,31600
600050,609,68,74,504100
601601,679,68,25,10500
600809,871,65,47,29400
601658,633,65,571,3428700
600276,819,65,221,145000
688256,594,68,566,127134
601318,633,65,329,310600
688041,819,65,553,283654
600519,780,65,572,88600
600028,891,68,163,608100
688012,878,65,298,98447
600030,878,65,205,252600
601919,609,65,286,290000
601628,674,65,89,76800
601318,821,68,69,29200
600887,598,68,86,63800
601888,646,68,66,29700
601728,882,65,221,585700
601166,889,68,59,211200
600089,605,65,266,520600
603259,853,68,88,24800
600406,598,68,149,106400
600030,614,68,27,21900
601668,651,68,43,132600
600519,798,68,67,8500
600030,880,68,75,189800
601088,885,68,49,28600
600406,626,68,75,49200
688256,674,68,246,56036
601318,894,65,494,441800
600030,863,65,159,269900
601899,583,65,1199,1544876
601012,642,68,107,99400
688012,818,65,444,152094
600150,669,65,327,229037
600183,645,65,502,161900
600519,781,68,89,18500
603501,665,68,69,44300
688256,895,65,406,101029
600036,795,65,364,195100
600183,578,68,757,217710
601012,586,65,3415,3541800
601318,675,65,162,84200
601899,813,68,86,122100
601668,666,65,318,2450000
601668,839,68,152,712700
601088,886,65,188,81500
601211,604,65,192,262100
601288,827,68,350,3818400
601728,680,65,63,137300
601328,813,68,39,168000
601600,571,65,2570,7461100
601127,573,65,902,603200
600900,681,65,257,267300
688008,669,68,373,182070
601088,806,65,67,38800
601127,649,68,63,49700
601012,844,65,128,275100
600276,854,68,97,74100
603019,876,65,129,89815
601318,575,68,222,256100
601601,610,65,256,184000
603993,805,68,78,95300
601088,594,68,111,96500
603019,581,65,336,191200
600183,593,68,822,316155
600030,657,65,84,132400
601919,836,68,243,247700
603986,881,68,212,65314
600276,608,68,222,209400
600930,850,65,437,1505300
600276,646,65,259,165900
688041,815,65,495,188692
601012,686,65,1927,1012500
603259,570,68,485,197725
601688,649,65,265,558200
601899,584,68,306,406900
600031,824,68,38,131300
688256,683,68,120,26516
603019,639,65,174,86900
601919,576,68,242,345000
688012,807,65,380,132314
601988,680,65,165,413300
600036,798,68,70,87100
600050,608,65,185,938600
600050,801,68,23,391900
600930,823,65,91,334700
601601,889,65,253,127300
600111,615,65,218,192500
601328,617,68,57,257200
601601,603,68,48,57600
601127,570,68,555,358540
601628,598,68,72,67900
601857,624,68,117,808900
601398,684,65,163,592900
600150,822,68,81,59800
601658,837,65,66,863400
601398,854,68,81,944300
600150,873,68,120,228400
600089,618,65,447,383800
601012,780,68,520,562785
601288,876,65,210,1260100
601288,877,68,166,951000
600030,835,65,546,664100
601012,847,65,166,288400
600900,873,68,145,193900
600030,882,65,231,261300
601318,623,68,166,94900
601211,614,65,228,266770
601211,870,65,252,412500
603501,641,65,106,34909
600036,813,65,255,172600
688256,619,68,285,68667
601919,667,65,162,109100
600760,894,65,117,67700
601888,676,65,64,58000
600028,828,65,222,581400
601888,839,68,13,4200
600050,850,65,100,405000
601288,835,65,281,776000
600030,682,65,58,113200
601668,880,68,173,939200
601728,574,65,442,2183900
600760,825,65,37,13500
601919,578,65,721,672800
600809,616,68,83,80500
688981,785,68,119,91180
600309,840,65,626,478927
601328,883,65,163,423600
600111,687,68,32,22200
601088,641,65,101,47200
601127,571,68,183,274794
601888,572,68,111,76100
688111,625,65,149,66576
601166,883,68,70,122700
688012,593,65,694,228924
601628,835,65,101,60500
600900,812,68,217,294200
600031,868,65,373,590100
688256,677,68,228,57455
601398,794,68,112,833900
600036,582,65,730,782600
688008,678,65,694,235510
601166,832,68,41,106300
600050,575,65,583,4050700
601318,795,68,58,45800
601899,862,68,277,336800
601398,570,68,746,7492700
600111,579,68,125,112600
600028,826,65,286,756700
688256,826,65,430,121567
600028,854,65,141,418300
601398,842,65,774,2822200
600930,867,68,65,346500
600111,664,68,38,36000
603259,876,68,118,31600
601328,660,68,103,409100
603986,814,68,407,93599
600887,809,68,66,46700
600028,891,65,259,1258000
600930,656,68,37,143700
600028,581,68,152,884100
601899,894,65,649,764700
600519,648,68,109,16000
601211,817,68,46,144500
600809,830,65,93,26200
601398,804,68,55,312800
601328,830,68,84,452680
603019,617,68,1258,258900
601601,881,68,72,52100
600036,663,68,46,35900
600028,676,68,69,593700
600050,615,68,44,486500
600030,687,68,54,63300
601668,688,65,256,3984500
600028,780,68,697,4929430
600887,663,68,45,61500
600150,573,65,2186,2151233
600406,836,68,216,123300
688981,807,65,339,262552
600930,886,68,202,809800
603501,873,65,73,29000
601919,782,68,43,75100
600406,812,68,67,35700
688111,605,68,176,83858
600183,881,65,664,226700
601211,856,65,269,316300
603993,589,68,207,402500
600089,602,68,83,179600
601857,625,68,105,625100
688008,835,65,352,168752
601211,846,65,124,90900
600887,589,65,523,558900
601328,672,68,23,57100
601012,788,65,104,133400
601012,824,65,97,300700
601857,850,68,57,185900
688981,866,68,191,172188
601688,873,68,107,131500
601328,892,65,162,539100
688012,896,65,219,77997
688012,621,65,448,140095
600050,780,68,148,1588199
603986,614,68,864,124300
601288,860,68,154,1188800
600030,798,68,63,140800
688012,617,68,434,152669
688041,784,68,304,125418
600150,611,68,63,305600
688041,791,68,314,122055
600089,807,68,40,116600
601668,873,65,223,891500
601658,875,68,72,453300
603259,591,65,1271,503800
601398,781,65,519,1703200
603986,828,68,164,23200
600030,683,68,21,16100
601127,803,68,307,70200
601398,826,65,137,704600
601668,857,68,34,278400
600050,618,65,82,603500
688008,636,65,566,233502
601919,657,65,331,458600
600406,614,68,269,291500
600276,824,68,41,89800
688256,869,65,195,56205
601857,810,68,64,195000
603993,892,65,503,697300
688012,896,68,178,59950
600150,672,68,48,66400
600050,896,65,144,430900
601628,640,68,25,16500
600028,575,68,257,1182600
601318,792,65,202,138700
688256,846,68,192,46704
600760,827,65,34,34400
688981,627,65,424,294873
601127,813,65,87,33837
603501,782,65,202,93200
601088,823,65,139,111700
688008,658,68,290,134470
600183,689,68,145,46200
688041,587,68,771,345138
601398,611,65,697,3361000
601328,780,65,504,1561020
600930,864,65,222,965100
601668,838,68,344,936600
600089,881,68,61,109400
600089,896,68,196,245540
601919,654,68,48,145330
600031,642,68,70,204200
600111,683,68,27,30600
601166,802,65,310,794600
601899,621,68,223,319900
600036,684,68,60,73400
600036,786,65,267,157500
600036,589,68,118,137300
600028,653,68,193,137900
601601,665,68,75,24300
601668,659,68,356,5845200
601857,663,68,26,27000
601919,671,68,24,71000
600406,678,68,31,32100
601688,819,65,139,142700
603259,571,68,427,261900
601728,865,65,211,421900
688111,645,65,121,53169
600887,651,68,113,120100
688008,672,65,653,326311
601668,786,68,43,766800
600050,787,68,25,205900
600809,593,65,246,127900
601328,658,68,50,149900
600406,891,65,217,314800
600900,892,65,569,565600
600150,657,65,303,173400
600036,886,65,410,194800
603259,823,65,345,110200
600930,790,65,104,387500
601088,580,65,375,213200
600760,581,65,133,82700
601658,641,68,15,60800
600760,829,65,34,23700
601628,885,68,73,51100
601628,668,68,54,152600
601288,894,65,358,1642400
600030,780,65,549,753300
688041,603,68,578,284044
601988,612,68,307,3145800
601899,653,65,865,754300
688041,679,68,246,100678
601658,797,65,69,192600
600150,880,68,164,153400
600930,601,68,92,782300
603993,651,65,519,903800
688041,578,65,827,298507
601127,823,68,72,27300
600887,783,68,91,60800
688111,637,68,88,41636
600887,846,68,66,72300
601012,574,65,878,2781637
601318,788,65,352,259600
601398,783,68,138,328200
600519,821,65,133,16000
601088,863,65,131,45200
601600,805,68,178,377000
601328,885,68,155,1116600
600050,826,65,112,1222100
601658,625,68,40,98500
600183,832,65,644,202700
603259,802,65,302,69100
600900,832,68,127,200900
600050,784,65,113,453300
601628,789,65,99,70400
688981,595,65,503,512366
600028,883,68,135,349000
600887,599,65,372,550200
600183,571,65,4639,1715100
601601,625,65,155,59600
688012,585,65,686,301166
600309,583,68,283,258000
601857,788,68,47,489100
601166,623,68,31,44600
603259,671,68,204,52100
601628,793,65,70,41200
600887,798,65,200,211800
601658,839,68,144,494900
600150,871,68,91,57400
601857,799,68,69,335900
600183,785,65,593,184500
601919,632,65,238,153100
600276,653,65,249,146697
601601,621,68,89,127700
600183,855,65,611,242800
603019,855,65,92,67600
600030,609,68,103,185600
688008,575,65,2925,1932908
688041,649,65,580,191454
601127,575,68,370,248100
601628,832,68,32,14402
600309,644,68,74,96500
601166,874,68,48,666900
600183,881,68,305,95300
601088,640,68,68,46200
600111,681,68,44,30300
688008,649,68,331,155411
601628,673,65,79,67300
601166,828,68,34,143600
601857,670,68,33,66400
600036,593,65,383,434300
688041,649,68,433,144994
601211,588,68,58,99600
600760,607,65,109,109800
603259,654,68,70,42100
688008,849,65,511,232172
601919,780,68,197,364930
600519,823,65,75,9400
600183,836,65,399,129800
688012,868,68,315,134927
600887,888,68,71,77900
601658,804,68,19,126800
601888,652,68,23,15500
601088,847,65,169,53900
601899,680,68,239,329000
601328,889,65,408,1179400
600900,576,65,1470,1904100
601211,616,65,113,169000
600900,886,68,174,183500
600887,664,65,225,166700
601088,896,68,116,175575
600276,793,65,148,103900
601166,595,68,133,365839
600028,656,65,208,657590
600276,641,65,257,210900
601888,655,65,788,172500
600111,813,68,56,17300
601888,809,68,56,31700
600150,795,68,102,171200
601628,860,65,92,64700
603986,866,68,214,42732
601398,839,65,111,366600
600519,596,65,186,26050
601988,593,68,123,343500
601919,595,68,832,252700
600030,596,68,214,344542
600930,592,65,218,2134200
600760,637,65,41,25200
603993,673,65,177,217200
600036,632,68,57,112400
603019,800,68,28,12000
600309,870,65,402,196500
688008,878,65,420,169830
600089,818,65,132,169500
601658,664,65,187,1084600
600111,835,65,160,219200
603501,861,65,76,22100
601899,881,65,680,704900
601600,817,65,171,332200
601857,845,65,234,360000
601127,684,65,218,96300
601658,593,68,48,321900
601012,658,65,168,269300
601328,603,68,115,468300
688256,894,68,359,85589
601166,597,68,73,145300
600031,871,68,88,109200
688041,855,65,540,256113
600276,854,65,265,237400
600150,660,65,547,477428
601988,603,68,154,971500
601688,650,65,193,334900
601658,799,68,16,68700
601012,785,65,130,293800
601688,571,68,175,246200
601857,863,68,73,215600
601166,620,65,147,242200
600028,602,65,1286,5969900
601211,658,68,34,54000
601318,684,65,203,114300
600809,802,65,131,34700
600887,591,68,117,143000
603019,586,68,380,103600
600030,803,68,64,142000
600930,624,68,51,359900
601398,639,65,359,1669700
600089,613,68,62,92200
601288,688,68,136,532100
600930,678,68,42,627000
600809,822,68,28,12300
688041,659,65,296,112919
601166,883,65,86,163200
600031,788,65,219,571100
601668,799,65,200,1483700
601888,837,68,27,26100
688012,606,65,447,157955
600309,582,65,934,558900
601012,783,68,111,109100
600406,672,65,73,138300
688012,680,68,325,131791
603501,649,68,32,7900
601628,597,68,124,94300
688008,610,68,537,256064
601318,863,68,118,41000
600036,811,65,348,197300
601600,873,68,99,264000
688008,852,68,234,102761
601919,581,65,731,803400
688041,846,65,314,101308
601888,893,65,158,113769
600760,638,68,34,12100
601668,641,65,95,497880
601328,632,65,172,475500
603993,685,68,44,81100
601012,573,65,718,1885260
600309,825,65,117,55700
688008,660,68,309,137319
601919,869,65,336,229260
688981,599,65,1185,502535
600031,592,68,64,198300
600519,660,68,104,12100
601127,582,65,1139,909900
688008,600,68,756,310632
603259,625,68,182,100000
603259,663,65,563,151800
600760,866,65,54,28200
600930,828,68,53,268600
600036,598,68,70,43300
601688,588,65,326,518300
601919,683,68,58,139400
601088,572,68,201,102900
601728,582,68,132,561500
601211,782,68,61,153300
600930,570,65,2522,21639582
600930,591,68,60,479300
601728,660,65,244,318600
600183,661,65,425,199100
600150,793,65,640,845113
603259,592,68,428,183100
601088,600,65,246,152300
600028,649,65,247,644500
688008,649,65,642,325169
688981,794,68,182,127764
603501,581,68,102,41700
688041,619,68,363,126294
688008,673,65,438,183170
601857,592,68,84,313400
601728,823,65,76,175200
600519,848,65,72,9200
600028,667,68,43,120400
600050,805,68,31,163800
600887,668,68,28,23900
688012,850,65,240,84610
600150,655,68,141,134000
601211,622,65,70,174700
601211,671,68,49,93200
600887,602,68,105,116500
600028,573,65,951,5960300
601600,688,68,65,90300
601628,813,65,108,37200
688041,656,65,413,155755
600760,589,68,54,30900
600036,863,68,62,49427
601688,574,65,337,884200
600930,657,68,54,159600
600030,623,65,280,287215
601601,665,65,174,49200
603986,680,65,339,62700
600900,822,68,82,94500
600036,601,68,166,133000
600050,885,68,100,444600
600309,581,68,297,328100
601288,574,65,1149,9572300
600276,838,65,143,123600
600930,584,65,205,1095500
600031,595,65,372,494400
600111,800,65,99,95100
600050,805,65,76,317700
600809,860,65,44,17700
601601,592,68,117,118100
600150,633,65,588,502183
601166,794,65,114,189500
601688,572,68,79,191500
600150,791,65,341,263547
688008,830,68,319,139674
688111,830,68,113,52314
600519,845,65,111,14600
601127,870,65,197,109000
688008,671,68,401,190506
601658,591,68,85,869316
601601,791,65,182,128600
601601,801,65,243,117410
601398,841,68,169,953400
600183,649,68,238,75900
601088,824,68,30,26900
688256,574,65,750,205624
601328,784,65,111,193400
600900,800,65,696,945350
601728,830,68,22,55100
600887,855,65,192,133900
600519,861,68,41,4900
600760,823,65,43,33100
600150,642,68,122,143888
600028,838,68,171,1511349
688012,655,65,490,162141
603501,855,65,133,81550
600036,578,65,824,796900
600028,647,68,76,146100
603019,650,65,181,79100
601658,661,65,88,652700
600809,849,68,35,4100
603986,869,65,977,172130
688981,879,65,251,185668
601127,829,65,79,26400
601288,590,65,1680,9774100
600050,643,68,16,120600
601318,652,65,400,172300
601088,832,65,169,75900
601658,626,65,71,680600
688256,877,68,203,50308
688111,597,68,305,138438
600760,856,65,40,20700
603501,826,68,37,11300
601658,877,68,67,614000
688111,883,68,94,43433
600519,886,68,43,5200
601658,890,65,267,681200
601600,862,65,311,478700
