symbol,horizon,split,bin,n,mean_bps
600028,30,morning,0,136,-8.055287216771982
600028,30,morning,1,118,-1.88626989620135
600028,30,morning,2,231,-3.727477683149113
600028,30,morning,3,416,-0.8774612024986019
600028,30,morning,4,217,0.09171457923824403
600028,30,morning,5,196,0.8675200726378032
600028,30,morning,6,408,0.3530151634361015
600028,30,morning,7,184,3.276072003869036
600028,30,morning,8,268,2.45099910802075
600028,30,morning,9,215,4.059786341760123
600028,30,afternoon,0,93,-0.8081070759248088
600028,30,afternoon,1,111,-0.0009585435758043406
600028,30,afternoon,2,369,-0.1529636044027226
600028,30,afternoon,3,343,0.9339528553237795
600028,30,afternoon,4,372,-0.5076807253328017
600028,30,afternoon,5,318,0.05872198613231788
600028,30,afternoon,6,262,-0.07194703496930364
600028,30,afternoon,7,307,-1.5283341277866436
600028,30,afternoon,8,126,0.0028137595124336583
600028,30,afternoon,9,29,7.820984730196151
600030,30,morning,0,239,-1.301917134557448
600030,30,morning,1,167,-0.30191199156406723
600030,30,morning,2,189,0.1282757161396818
600030,30,morning,3,261,-0.12137535131402123
600030,30,morning,4,207,-0.16168114814343199
600030,30,morning,5,220,0.0771300088538581
600030,30,morning,6,219,0.12071537344045817
600030,30,morning,7,319,0.12945588596272223
600030,30,morning,8,280,0.16728884173859507
600030,30,morning,9,288,0.8120333909685937
600030,30,afternoon,0,312,-0.7597531094711832
600030,30,afternoon,1,199,-0.05605529595208093
600030,30,afternoon,2,196,-0.19092797438704673
600030,30,afternoon,3,268,-0.4318574210839909
600030,30,afternoon,4,247,-0.15165528255993901
600030,30,afternoon,5,253,0.133065589628068
600030,30,afternoon,6,202,-0.27742538821315965
600030,30,afternoon,7,205,0.5107607523878055
600030,30,afternoon,8,182,0.5027875485321052
600030,30,afternoon,9,266,1.2731783165363675
600031,30,morning,0,169,-0.4748005132832472
600031,30,morning,1,122,0.023299070666125365
600031,30,morning,2,163,-0.7574609210318832
600031,30,morning,3,176,0.17664794350849553
600031,30,morning,4,308,-0.8845604879549984
600031,30,morning,5,431,0.17986275259326676
600031,30,morning,6,314,-0.3766306244786628
600031,30,morning,7,250,1.083081651200315
600031,30,morning,8,215,0.5968025646325805
600031,30,morning,9,242,2.371371113372766
600031,30,afternoon,0,109,-1.6148408145731106
600031,30,afternoon,1,121,-0.18826928531134238
600031,30,afternoon,2,116,-0.7571686886538538
600031,30,afternoon,3,193,-1.4995012564506804
600031,30,afternoon,4,251,-0.799623831509769
600031,30,afternoon,5,259,-1.246725642656137
600031,30,afternoon,6,335,-1.2299832651122407
600031,30,afternoon,7,346,-0.14015096876667743
600031,30,afternoon,8,332,0.5060538895713399
600031,30,afternoon,9,268,1.273435440545472
600036,30,morning,0,376,0.18683571820313755
600036,30,morning,1,248,-0.7739341445051332
600036,30,morning,2,219,0.4676773324531055
600036,30,morning,3,214,-0.23886065775470708
600036,30,morning,4,260,-1.3096909579909772
600036,30,morning,5,274,-0.4657192312286902
600036,30,morning,6,229,-0.04141389508198086
600036,30,morning,7,164,-0.5872213633421512
600036,30,morning,8,176,0.6278651616931906
600036,30,morning,9,228,-0.13705702557986268
600036,30,afternoon,0,303,-1.1122828999462775
600036,30,afternoon,1,168,-0.21965871232115003
600036,30,afternoon,2,199,-0.5502499231193123
600036,30,afternoon,3,220,0.14646079335225237
600036,30,afternoon,4,207,0.20834776988741907
600036,30,afternoon,5,239,0.4225722286879779
600036,30,afternoon,6,233,0.6552358954075298
600036,30,afternoon,7,259,-0.07032476184620384
600036,30,afternoon,8,209,-0.30520609447036023
600036,30,afternoon,9,293,0.30748297909680483
600050,30,morning,0,154,-3.0914112104441673
600050,30,morning,1,160,-1.4877450314816492
600050,30,morning,2,193,-1.3583419155300538
600050,30,morning,3,27,-6.182300726127096
600050,30,morning,4,97,-0.9841825878741692
600050,30,morning,5,110,-0.4282402582482401
600050,30,morning,6,108,0.21966629115182587
600050,30,morning,7,115,1.3534353801424652
600050,30,morning,8,909,0.3681432653453102
600050,30,morning,9,510,1.3346313515503196
600050,30,afternoon,0,7,-23.894840143331432
600050,30,afternoon,1,225,-2.4400520931858174
600050,30,afternoon,2,31,-6.166410359569402
600050,30,afternoon,3,12,-3.9824733572219047
600050,30,afternoon,4,33,0.0
600050,30,afternoon,5,60,0.0
600050,30,afternoon,6,233,0.0
600050,30,afternoon,7,428,-0.027948588969856133
600050,30,afternoon,8,564,0.0
600050,30,afternoon,9,731,0.6717069588781458
600089,30,morning,0,205,-2.6260434785449007
600089,30,morning,1,182,-1.1080369018523923
600089,30,morning,2,253,-1.6247727031603363
600089,30,morning,3,243,-1.0671224657757101
600089,30,morning,4,260,0.1596288388315142
600089,30,morning,5,219,0.15237083064662713
600089,30,morning,6,354,0.2593040898948616
600089,30,morning,7,281,0.7571191620582359
600089,30,morning,8,177,1.358077292991233
600089,30,morning,9,213,1.454124439945612
600089,30,afternoon,0,396,-1.4384670211303376
600089,30,afternoon,1,283,-0.3810775746554987
600089,30,afternoon,2,244,-0.5665742275075565
600089,30,afternoon,3,246,0.28147301255419027
600089,30,afternoon,4,207,0.8425433767464126
600089,30,afternoon,5,214,0.6724772881713466
600089,30,afternoon,6,178,0.6216240427114009
600089,30,afternoon,7,200,0.38734229091171857
600089,30,afternoon,8,145,0.6485179189900372
600089,30,afternoon,9,216,1.2941559287164068
600111,30,morning,0,257,-0.303527793914809
600111,30,morning,1,211,-0.9545849823948187
600111,30,morning,2,192,-0.9918824145748774
600111,30,morning,3,222,-0.9482161145090312
600111,30,morning,4,210,-0.5201737260819295
600111,30,morning,5,213,0.2947516899693458
600111,30,morning,6,221,-0.09009876439370294
600111,30,morning,7,211,0.21515316292094802
600111,30,morning,8,279,0.00023310140647266555
600111,30,morning,9,374,0.24270204288656433
600111,30,afternoon,0,162,-1.309980452932967
600111,30,afternoon,1,147,-0.363475569001387
600111,30,afternoon,2,108,-1.0624015521371146
600111,30,afternoon,3,138,-1.034506307759131
600111,30,afternoon,4,96,-0.2642550147049482
600111,30,afternoon,5,156,0.45384231669749087
600111,30,afternoon,6,232,0.322413783536888
600111,30,afternoon,7,292,0.03221652089008341
600111,30,afternoon,8,384,0.30618944197660647
600111,30,afternoon,9,615,0.49318756703198474
600150,30,morning,0,366,-1.431416681803128
600150,30,morning,1,298,-1.543208670414246
600150,30,morning,2,264,-0.3106314484190231
600150,30,morning,3,234,-0.9554832371701273
600150,30,morning,4,227,-0.6129041663647415
600150,30,morning,5,186,-1.3880460491603197
600150,30,morning,6,195,-1.1975327899333863
600150,30,morning,7,161,-1.986137502946818
600150,30,morning,8,173,-0.5535875972958771
600150,30,morning,9,286,-0.750545091484928
600150,30,afternoon,0,296,-1.1701139122780824
600150,30,afternoon,1,238,-0.6228918590899564
600150,30,afternoon,2,261,-0.955843248997212
600150,30,afternoon,3,233,-0.39807776148256013
600150,30,afternoon,4,247,-0.662842320906772
600150,30,afternoon,5,201,-0.05692223622188151
600150,30,afternoon,6,202,0.4815179939943126
600150,30,afternoon,7,210,-0.6489526595270193
600150,30,afternoon,8,200,0.3262436186351803
600150,30,afternoon,9,242,0.25321294469503053
600183,30,morning,0,365,-0.3903502298957727
600183,30,morning,1,222,0.05532505667101534
600183,30,morning,2,237,1.2335178285600659
600183,30,morning,3,183,0.9156471274739232
600183,30,morning,4,127,-0.5838673594031996
600183,30,morning,5,243,0.9425178524232236
600183,30,morning,6,217,-0.817904648512227
600183,30,morning,7,192,-0.9590421872450001
600183,30,morning,8,257,2.377118787082423
600183,30,morning,9,347,0.18045335950917415
600183,30,afternoon,0,366,-0.5377333617240274
600183,30,afternoon,1,239,-1.0219215463871398
600183,30,afternoon,2,202,-0.13925547054531923
600183,30,afternoon,3,184,1.0821080550009408
600183,30,afternoon,4,163,0.4324539001341442
600183,30,afternoon,5,214,0.5570932005178035
600183,30,afternoon,6,200,-0.6519302101096303
600183,30,afternoon,7,208,0.18811931315402466
600183,30,afternoon,8,258,-0.06368021326742619
600183,30,afternoon,9,296,0.48016630277662464
600276,30,morning,0,302,-0.968445264117489
600276,30,morning,1,162,-1.0009918184070188
600276,30,morning,2,190,-0.9483079804114499
600276,30,morning,3,181,0.3400248130076028
600276,30,morning,4,183,0.9895050987778744
600276,30,morning,5,209,0.3744511798584158
600276,30,morning,6,214,0.7047141191704231
600276,30,morning,7,225,0.41891841567728166
600276,30,morning,8,304,0.49702067076744905
600276,30,morning,9,420,0.024471224283236854
600276,30,afternoon,0,273,-0.6101699894457198
600276,30,afternoon,1,184,-0.751177219836379
600276,30,afternoon,2,170,-0.6055953675055957
600276,30,afternoon,3,138,-0.18969311096057045
600276,30,afternoon,4,212,0.1765173322933739
600276,30,afternoon,5,264,0.10866568254797962
600276,30,afternoon,6,278,-0.10629734011040405
600276,30,afternoon,7,250,0.8532985459463082
600276,30,afternoon,8,263,0.08807370814045067
600276,30,afternoon,9,298,0.5199719385268831
600309,30,morning,0,217,0.4682295125762171
600309,30,morning,1,175,-0.3342566082050651
600309,30,morning,2,172,-0.3061859761284584
600309,30,morning,3,189,-0.7517536406419613
600309,30,morning,4,160,0.4180146615328784
600309,30,morning,5,240,0.017581456668668356
600309,30,morning,6,205,0.8974880111653982
600309,30,morning,7,276,0.05794346006124515
600309,30,morning,8,316,0.4657022023035295
600309,30,morning,9,440,1.1434821923218845
600309,30,afternoon,0,234,-0.011048399854891615
600309,30,afternoon,1,199,0.9304773134356744
600309,30,afternoon,2,194,0.2138218336533258
600309,30,afternoon,3,215,0.26091584438275983
600309,30,afternoon,4,197,0.5818064130677097
600309,30,afternoon,5,240,1.0359747261903898
600309,30,afternoon,6,228,0.30592597509346425
600309,30,afternoon,7,241,0.4847002114643485
600309,30,afternoon,8,274,0.025599592247135542
600309,30,afternoon,9,308,0.9470008744386587
600406,30,morning,0,348,-0.8749153856648951
600406,30,morning,1,205,-0.2502871591588712
600406,30,morning,2,197,-0.9110999290001385
600406,30,morning,3,234,-0.008497710285499447
600406,30,morning,4,220,0.05145246703146633
600406,30,morning,5,257,1.0926717771087997
600406,30,morning,6,149,0.6335155966232067
600406,30,morning,7,198,0.4316150390859306
600406,30,morning,8,212,1.2004062056803613
600406,30,morning,9,369,0.9743457286107111
600406,30,afternoon,0,306,-1.3654576854741587
600406,30,afternoon,1,215,-0.48784239015593794
600406,30,afternoon,2,295,-0.007004386248893182
600406,30,afternoon,3,300,-0.3794195131714898
600406,30,afternoon,4,232,0.7159604585660005
600406,30,afternoon,5,166,0.18953357412412514
600406,30,afternoon,6,233,0.49900567493859205
600406,30,afternoon,7,167,0.5087723119012266
600406,30,afternoon,8,166,0.5658039091858483
600406,30,afternoon,9,248,1.8385349351661509
600519,30,morning,0,97,-0.45379452419567473
600519,30,morning,1,140,0.3677833427300611
600519,30,morning,2,300,-0.2521934981615903
600519,30,morning,3,272,0.2868187197521892
600519,30,morning,4,119,0.3390290879050479
600519,30,morning,5,624,-0.2997550549224521
600519,30,morning,6,293,-0.1717299375146799
600519,30,morning,7,187,0.024115812544451803
600519,30,morning,8,218,-0.0721894539341744
600519,30,morning,9,139,-0.2670328147574641
600519,30,afternoon,0,78,-0.2844512901627147
600519,30,afternoon,1,156,-0.05422631353434577
600519,30,afternoon,2,243,0.024934251742548166
600519,30,afternoon,3,349,-0.05619792845955402
600519,30,afternoon,4,105,-0.12399577977126451
600519,30,afternoon,5,581,-0.07008325448507184
600519,30,afternoon,6,309,-0.07975869573520038
600519,30,afternoon,7,142,0.3272855003999073
600519,30,afternoon,8,209,0.2986347736662894
600519,30,afternoon,9,153,-0.41187135876300307
600760,30,morning,0,267,-0.5427833048966975
600760,30,morning,1,185,-0.730203965965828
600760,30,morning,2,198,-0.6067436542797144
600760,30,morning,3,225,0.03729688739964786
600760,30,morning,4,171,-0.8490941866273458
600760,30,morning,5,211,0.37186015032695735
600760,30,morning,6,245,-0.4856879505089822
600760,30,morning,7,221,0.9007046055338218
600760,30,morning,8,337,-0.37313152029561786
600760,30,morning,9,300,0.2531263853464805
600760,30,afternoon,0,183,-1.692880218552932
600760,30,afternoon,1,138,-1.2618711903839088
600760,30,afternoon,2,143,-0.9649011805257158
600760,30,afternoon,3,149,-0.3944685441610426
600760,30,afternoon,4,174,-0.6702132951638524
600760,30,afternoon,5,165,0.23362818068580052
600760,30,afternoon,6,219,-0.41795656405275616
600760,30,afternoon,7,281,0.007907640135175588
600760,30,afternoon,8,436,0.15048350021089
600760,30,afternoon,9,374,0.5402119277679814
600809,30,morning,0,193,1.3182390122175853
600809,30,morning,1,167,1.1680426096958256
600809,30,morning,2,234,0.774740310222906
600809,30,morning,3,171,1.226512221231973
600809,30,morning,4,151,0.4598146389861409
600809,30,morning,5,296,0.7598199331615053
600809,30,morning,6,255,0.21019853545792988
600809,30,morning,7,226,0.4934928575574201
600809,30,morning,8,341,-0.5047517937144061
600809,30,morning,9,339,-0.7242013330580489
600809,30,afternoon,0,120,0.44709315854942394
600809,30,afternoon,1,137,0.3686661750392751
600809,30,afternoon,2,192,-0.21820087681565656
600809,30,afternoon,3,147,0.049807645886707635
600809,30,afternoon,4,141,0.22561301638391326
600809,30,afternoon,5,303,0.17554193437358834
600809,30,afternoon,6,261,-0.3071917736144421
600809,30,afternoon,7,297,0.20302800871745944
600809,30,afternoon,8,349,0.11546245489480517
600809,30,afternoon,9,353,0.43737433169430073
600887,30,morning,0,262,-0.6834601574667399
600887,30,morning,1,232,0.020515387329653637
600887,30,morning,2,216,0.7179902585504183
600887,30,morning,3,268,0.17078751020056648
600887,30,morning,4,246,-0.22529980249150278
600887,30,morning,5,215,0.3481315138301201
600887,30,morning,6,240,0.5874055305358783
600887,30,morning,7,228,0.5967088950739557
600887,30,morning,8,209,0.7031959049442873
600887,30,morning,9,272,0.7102478595942867
600887,30,afternoon,0,119,-1.496210835752787
600887,30,afternoon,1,148,-0.30062399640780296
600887,30,afternoon,2,186,-0.5382515184280612
600887,30,afternoon,3,171,0.012375553634202324
600887,30,afternoon,4,268,-0.3805697769400809
600887,30,afternoon,5,238,-0.33484767076374
600887,30,afternoon,6,191,0.22402660121568124
600887,30,afternoon,7,234,0.5633789020012666
600887,30,afternoon,8,328,0.2944684518435852
600887,30,afternoon,9,446,0.6785644001128168
600900,30,morning,0,176,-0.8909225660498936
600900,30,morning,1,194,-0.75217868596898
600900,30,morning,2,172,-0.817449922992491
600900,30,morning,3,154,0.24363351308136816
600900,30,morning,4,238,-0.23921988710721648
600900,30,morning,5,257,-0.07608142701588176
600900,30,morning,6,221,0.04071078230346192
600900,30,morning,7,290,0.40020283785350774
600900,30,morning,8,281,0.5903061171126434
600900,30,morning,9,407,1.0701010751621292
600900,30,afternoon,0,538,-0.5957306626543581
600900,30,afternoon,1,280,-0.343210617390312
600900,30,afternoon,2,202,-0.10579236127303192
600900,30,afternoon,3,222,0.10453909481561992
600900,30,afternoon,4,248,-0.2368937101751612
600900,30,afternoon,5,182,-0.05839589376803921
600900,30,afternoon,6,159,0.6386978211387866
600900,30,afternoon,7,152,0.8205695220118918
600900,30,afternoon,8,96,1.5215849102288388
600900,30,afternoon,9,251,1.1495549856831617
600930,30,morning,0,23,0.0
600930,30,morning,1,68,-0.3737196466748325
600930,30,morning,2,24,-1.0588723322453586
600930,30,morning,3,133,-2.2928964788470925
600930,30,morning,4,399,-0.38214941314118206
600930,30,morning,5,209,-0.24287776995891366
600930,30,morning,6,63,-7.656043929164603
600930,30,morning,7,887,-0.25851086832230064
600930,30,morning,8,403,0.0
600930,30,morning,9,180,2.8308535827391443
600930,30,afternoon,0,123,-8.721917801253307
600930,30,afternoon,1,28,-9.12241402682106
600930,30,afternoon,2,12,0.0
600930,30,afternoon,5,1,-25.54275927509897
600930,30,afternoon,6,11,-18.576552200071976
600930,30,afternoon,7,924,0.0
600930,30,afternoon,8,722,0.0
600930,30,afternoon,9,507,2.5759697237079
601012,30,morning,0,237,-0.4084884862474831
601012,30,morning,1,214,0.5582306605148725
601012,30,morning,2,211,0.9132272605010135
601012,30,morning,3,207,-0.24370772833895193
601012,30,morning,4,243,-0.49699651563215563
601012,30,morning,5,315,-0.26149580289033053
601012,30,morning,6,269,1.1040352040216221
601012,30,morning,7,179,1.2935484472724894
601012,30,morning,8,236,0.4442581406427644
601012,30,morning,9,279,1.8781206085712265
601012,30,afternoon,0,96,-2.5878057451443386
601012,30,afternoon,1,142,-2.7049514867315327
601012,30,afternoon,2,189,-1.9391109931003099
601012,30,afternoon,3,232,0.26332872108028116
601012,30,afternoon,4,278,-0.032379274450724374
601012,30,afternoon,5,364,-0.08409709047572003
601012,30,afternoon,6,288,0.13775207793715696
601012,30,afternoon,7,425,0.3288755429882032
601012,30,afternoon,8,190,0.5058550224221396
601012,30,afternoon,9,126,1.0050515329186627
601088,30,morning,0,202,0.09847698717575117
601088,30,morning,1,182,-0.25715865739384974
601088,30,morning,2,203,-0.2352896291309527
601088,30,morning,3,192,-0.9431825061120431
601088,30,morning,4,194,-0.5178613310683294
601088,30,morning,5,233,-0.7450757229587259
601088,30,morning,6,219,-0.5822637407546962
601088,30,morning,7,259,-0.10678576383087886
601088,30,morning,8,317,-0.1504643805954621
601088,30,morning,9,386,0.24775055269054938
601088,30,afternoon,0,184,-0.5908497968849067
601088,30,afternoon,1,171,0.02535111868340192
601088,30,afternoon,2,181,-0.0284597013676859
601088,30,afternoon,3,163,0.33147723728589235
601088,30,afternoon,4,217,0.29314385046768354
601088,30,afternoon,5,255,0.04602408069652097
601088,30,afternoon,6,252,0.00880938250083287
601088,30,afternoon,7,221,0.05310750776764488
601088,30,afternoon,8,298,0.05007422554236019
601088,30,afternoon,9,383,0.27101093154181277
601127,30,morning,0,248,-1.1085534886545017
601127,30,morning,1,182,-0.38846309489087166
601127,30,morning,2,216,-0.8068980828184017
601127,30,morning,3,189,0.30051496301765146
601127,30,morning,4,210,0.9249450482063514
601127,30,morning,5,214,-1.4197915078695174
601127,30,morning,6,218,-0.06037728772890671
601127,30,morning,7,258,-0.1394088892955397
601127,30,morning,8,310,-0.282738412079429
601127,30,morning,9,342,-0.5445191191177436
601127,30,afternoon,0,219,-0.6691263156509336
601127,30,afternoon,1,220,-0.2817432779337376
601127,30,afternoon,2,232,-0.43006002374325963
601127,30,afternoon,3,196,-1.0711245549116963
601127,30,afternoon,4,158,-0.5740315717654763
601127,30,afternoon,5,199,0.5154766889579881
601127,30,afternoon,6,202,0.5393937721553448
601127,30,afternoon,7,247,0.23911340518206697
601127,30,afternoon,8,311,0.1870024595255229
601127,30,afternoon,9,341,0.5552406363644983
601166,30,morning,0,274,-1.732775415768929
601166,30,morning,1,368,-1.0012448059817394
601166,30,morning,2,467,-0.2029956279092067
601166,30,morning,3,293,-0.561996727878632
601166,30,morning,4,257,1.121295395654774
601166,30,morning,5,289,0.6103559683704052
601166,30,morning,6,156,1.1461413358390256
601166,30,morning,7,101,1.4114350780885803
601166,30,morning,8,98,1.8833588378468582
601166,30,morning,9,84,2.7650218636230517
601166,30,afternoon,0,206,-1.4245360101744866
601166,30,afternoon,1,205,-0.49098385326389216
601166,30,afternoon,2,78,-1.074496150165678
601166,30,afternoon,3,73,0.3835569427726258
601166,30,afternoon,4,206,-0.2034113513736655
601166,30,afternoon,5,300,0.27947217899759363
601166,30,afternoon,6,219,0.17871251105621686
601166,30,afternoon,7,259,-0.4210917312138548
601166,30,afternoon,8,272,0.4112504223278723
601166,30,afternoon,9,508,0.6224745887882991
601211,30,morning,0,260,-1.7152495254888531
601211,30,morning,1,258,-0.9514789636435224
601211,30,morning,2,283,0.08082136101725046
601211,30,morning,3,247,-1.1202169915285296
601211,30,morning,4,249,0.41038152086806706
601211,30,morning,5,281,0.5143361670270582
601211,30,morning,6,254,0.991705404828078
601211,30,morning,7,169,0.5207401807557152
601211,30,morning,8,142,0.7380603937520674
601211,30,morning,9,232,1.6948929637486687
601211,30,afternoon,0,350,-1.1087561862261104
601211,30,afternoon,1,222,-0.24202448258626613
601211,30,afternoon,2,267,0.41415414156050184
601211,30,afternoon,3,263,0.30212061831224224
601211,30,afternoon,4,212,0.18644355333984514
601211,30,afternoon,5,217,0.19666022458419258
601211,30,afternoon,6,282,-0.010279827538973454
601211,30,afternoon,7,195,0.24912062787006944
601211,30,afternoon,8,184,0.0015821986489632609
601211,30,afternoon,9,131,1.2156650119723935
601288,30,morning,0,102,-8.340247707802225
601288,30,morning,1,65,-1.569076934741842
601288,30,morning,2,37,-3.9347233410650357
601288,30,morning,3,75,-2.3267418501521737
601288,30,morning,4,98,-4.035598302480959
601288,30,morning,5,175,-1.7577683759642604
601288,30,morning,6,247,-1.3627170215552895
601288,30,morning,7,472,-0.6392206661178522
601288,30,morning,8,565,0.4443040122499416
601288,30,morning,9,554,1.68756168343434
601288,30,afternoon,0,59,-1.7434992469512576
601288,30,afternoon,1,55,-1.6019331522777962
601288,30,afternoon,2,395,-1.4104345815914567
601288,30,afternoon,3,392,0.8041100631669622
601288,30,afternoon,4,527,-0.0986426219940424
601288,30,afternoon,5,228,0.3867121839652491
601288,30,afternoon,6,170,1.9935101824128159
601288,30,afternoon,7,223,0.7913484517274884
601288,30,afternoon,8,162,0.7286292719909666
601288,30,afternoon,9,119,2.7211162957054675
601318,30,morning,0,320,-0.6068042728675989
601318,30,morning,1,274,-0.36597362796476895
601318,30,morning,2,250,0.2528294425390687
601318,30,morning,3,229,0.3064438044759444
601318,30,morning,4,225,-0.01099513529706627
601318,30,morning,5,252,-0.3762229183141259
601318,30,morning,6,189,-0.6088610161845601
601318,30,morning,7,186,-0.8867128925228537
601318,30,morning,8,220,0.36578024616405624
601318,30,morning,9,245,0.8097620010916228
601318,30,afternoon,0,270,-0.7476209760318296
601318,30,afternoon,1,160,-0.30079949469508094
601318,30,afternoon,2,182,-0.10628779839951175
601318,30,afternoon,3,180,-0.4680386722003672
601318,30,afternoon,4,201,-0.06878872117285621
601318,30,afternoon,5,235,-0.0034915419463834407
601318,30,afternoon,6,232,-0.18297982825660866
601318,30,afternoon,7,233,-0.13439881619842386
601318,30,afternoon,8,288,-0.18583454031945393
601318,30,afternoon,9,349,0.14898638411421836
601328,30,morning,0,195,-3.444628986807319
601328,30,morning,1,292,-2.1878602299414553
601328,30,morning,2,217,-1.286935837860057
601328,30,morning,3,185,-0.6777870431328429
601328,30,morning,4,220,0.2137000410359762
601328,30,morning,5,226,0.5628645244756249
601328,30,morning,6,189,-0.48644229440003545
601328,30,morning,7,217,2.4288220133004255
601328,30,morning,8,340,1.0997630836733612
601328,30,morning,9,307,0.5907933897912389
601328,30,afternoon,0,402,-1.1393134475158377
601328,30,afternoon,1,202,-1.2154928674183456
601328,30,afternoon,2,232,-1.0868822698672251
601328,30,afternoon,3,190,-0.9082728991360576
601328,30,afternoon,4,120,-0.00014433147043265335
601328,30,afternoon,5,92,2.384941487789913
601328,30,afternoon,6,127,-0.9420203146155331
601328,30,afternoon,7,141,0.6596133518201859
601328,30,afternoon,8,236,0.7878835320925617
601328,30,afternoon,9,582,1.679438051685398
601398,30,morning,0,124,-4.690983425969519
601398,30,morning,1,76,-4.30226491471048
601398,30,morning,2,137,-1.398248262554283
601398,30,morning,3,126,-1.079286718409203
601398,30,morning,4,175,-1.2405367444522903
601398,30,morning,5,254,-0.07050186847514844
601398,30,morning,6,421,-0.528325542243728
601398,30,morning,7,323,-0.7684105396262129
601398,30,morning,8,360,0.8446760381809377
601398,30,morning,9,394,2.161040423963677
601398,30,afternoon,0,150,-4.081139997762954
601398,30,afternoon,1,206,-1.202535969771134
601398,30,afternoon,2,214,0.0
601398,30,afternoon,3,346,0.16177733983660306
601398,30,afternoon,4,205,0.09063467720735252
601398,30,afternoon,5,313,0.4543859002331053
601398,30,afternoon,6,50,0.24830012285568245
601398,30,afternoon,7,88,1.2663974181472237
601398,30,afternoon,8,201,-0.06159816972228452
601398,30,afternoon,9,557,1.5354955337363634
601600,30,morning,0,135,-5.5727616687297425
601600,30,morning,1,51,-5.735033944158946
601600,30,morning,2,55,-4.7407376424906715
601600,30,morning,3,99,-1.8713154493241824
601600,30,morning,4,133,-1.310582457019088
601600,30,morning,5,133,-2.7759260041729306
601600,30,morning,6,296,-1.0497062685302372
601600,30,morning,7,284,0.24850647878152904
601600,30,morning,8,412,-0.8793194741589961
601600,30,morning,9,792,1.3711357035310818
601600,30,afternoon,0,184,-3.98768759054674
601600,30,afternoon,1,113,-1.502021589437878
601600,30,afternoon,2,105,-0.9909665858223594
601600,30,afternoon,3,188,-0.6991376399416881
601600,30,afternoon,4,192,-1.1405060890974361
601600,30,afternoon,5,128,-0.2548207240563645
601600,30,afternoon,6,183,-0.6873384545795586
601600,30,afternoon,7,241,-0.7504110817238504
601600,30,afternoon,8,159,0.4478522356683767
601600,30,afternoon,9,837,1.8998386478307305
601601,30,morning,0,203,-0.752367421181815
601601,30,morning,1,190,-0.741479970195428
601601,30,morning,2,187,-0.6173322565868241
601601,30,morning,3,229,-0.6962169743823484
601601,30,morning,4,244,-0.71240094776911
601601,30,morning,5,221,-0.019147008333290666
601601,30,morning,6,253,-0.19701026527992793
601601,30,morning,7,286,-0.46903970231626047
601601,30,morning,8,280,-0.07068182955806215
601601,30,morning,9,289,0.883160159965901
601601,30,afternoon,0,144,-1.5983269370848128
601601,30,afternoon,1,118,-1.1497955044940635
601601,30,afternoon,2,146,-0.9508073877199872
601601,30,afternoon,3,151,-0.5103761407341786
601601,30,afternoon,4,220,-0.12832835102460918
601601,30,afternoon,5,255,-0.6240297743508644
601601,30,afternoon,6,301,-0.06153434448419713
601601,30,afternoon,7,304,-0.4300822954042842
601601,30,afternoon,8,306,0.1961370863343663
601601,30,afternoon,9,385,0.6560388304262785
601628,30,morning,0,322,0.00958579402045497
601628,30,morning,1,252,-0.053848886398330395
601628,30,morning,2,203,-0.10468850083875982
601628,30,morning,3,169,-0.1890153194557091
601628,30,morning,4,179,-1.3340919189171379
601628,30,morning,5,228,0.9857244672166402
601628,30,morning,6,202,0.49363554127944587
601628,30,morning,7,226,-0.42708596648406655
601628,30,morning,8,267,-0.39953844090260415
601628,30,morning,9,334,0.7061295113437505
601628,30,afternoon,0,243,-0.8793407928851638
601628,30,afternoon,1,221,-0.3163255531725286
601628,30,afternoon,2,232,0.10108308448021011
601628,30,afternoon,3,180,0.15182586627315248
601628,30,afternoon,4,190,0.17094739732260777
601628,30,afternoon,5,183,0.03596329854653676
601628,30,afternoon,6,208,0.33066731323389525
601628,30,afternoon,7,215,-0.3676177785096776
601628,30,afternoon,8,266,-0.20912967376772584
601628,30,afternoon,9,385,0.3572441164627396
601658,30,morning,0,310,-3.3054366488828384
601658,30,morning,1,309,-1.4601947293359352
601658,30,morning,2,369,0.156493272532883
601658,30,morning,3,327,-0.8645830408238354
601658,30,morning,4,279,0.3055586330126064
601658,30,morning,5,201,0.5693953219306567
601658,30,morning,6,93,-1.9233610004116737
601658,30,morning,7,184,0.5164685122345163
601658,30,morning,8,149,1.337321131847283
601658,30,morning,9,161,5.045739951396121
601658,30,afternoon,0,172,-3.2709612498139045
601658,30,afternoon,1,151,-0.3109174535157003
601658,30,afternoon,2,461,0.0
601658,30,afternoon,3,126,-0.37169572907856113
601658,30,afternoon,4,408,-0.1371329458692637
601658,30,afternoon,5,188,0.30023389310458165
601658,30,afternoon,6,183,0.10281233497934672
601658,30,afternoon,7,156,-0.24121355514385193
601658,30,afternoon,8,149,1.2651089370441313
601658,30,afternoon,9,332,1.9800673510800353
601668,30,morning,0,219,-5.7410717443093775
601668,30,morning,1,423,-1.2527838427953124
601668,30,morning,2,246,-1.68508789034377
601668,30,morning,3,182,2.665802478930008
601668,30,morning,4,115,2.8155133320173116
601668,30,morning,5,313,0.0
601668,30,morning,6,584,0.6736043727874741
601668,30,morning,7,68,4.076344632155279
601668,30,morning,8,89,4.957158425327753
601668,30,morning,9,151,4.978445311957861
601668,30,afternoon,0,23,-4.0515672155493965
601668,30,afternoon,1,18,-5.16797465322109
601668,30,afternoon,2,44,-8.209951347668225
601668,30,afternoon,3,456,-0.2047122819904589
601668,30,afternoon,4,312,-0.819658433099444
601668,30,afternoon,5,566,-0.36817043342365763
601668,30,afternoon,6,374,-0.49658310993755067
601668,30,afternoon,7,365,0.4803540296951544
601668,30,afternoon,8,63,0.0
601668,30,afternoon,9,106,4.18156442778629
601688,30,morning,0,235,-1.4318503102503222
601688,30,morning,1,126,-1.3139294753293402
601688,30,morning,2,184,-0.7670832928557246
601688,30,morning,3,268,-0.676407864517866
601688,30,morning,4,258,0.41225792865743377
601688,30,morning,5,308,-0.28000253508319206
601688,30,morning,6,239,-0.5911589775791206
601688,30,morning,7,204,-0.2506013339721153
601688,30,morning,8,294,0.49856676449380694
601688,30,morning,9,263,1.0251918413982835
601688,30,afternoon,0,188,-1.5215670170141058
601688,30,afternoon,1,187,-0.7287706482441323
601688,30,afternoon,2,453,-0.6555113685266616
601688,30,afternoon,3,242,0.1466161944054965
601688,30,afternoon,4,311,0.12304968232690662
601688,30,afternoon,5,202,0.2564015270856201
601688,30,afternoon,6,351,0.18643585299573973
601688,30,afternoon,7,175,1.4956455210908461
601688,30,afternoon,8,80,0.8869720320209689
601688,30,afternoon,9,137,1.9908800581012787
601728,30,morning,0,186,-1.2283061052231041
601728,30,morning,1,247,-0.19797558041094873
601728,30,morning,2,317,-1.9531861376339033
601728,30,morning,3,321,-0.10130939504933203
601728,30,morning,4,270,-0.7247383899776886
601728,30,morning,5,221,-0.2591431477441009
601728,30,morning,6,234,1.393722734718951
601728,30,morning,7,189,0.47514448204973836
601728,30,morning,8,188,1.1300977413966216
601728,30,morning,9,208,3.973529049317235
601728,30,afternoon,0,226,-4.15782845001117
601728,30,afternoon,1,186,-2.1971518601264406
601728,30,afternoon,2,158,-0.7233271666639977
601728,30,afternoon,3,68,-0.2400958094419438
601728,30,afternoon,4,222,-0.6629681408804945
601728,30,afternoon,5,136,0.0
601728,30,afternoon,6,203,0.04031277584809123
601728,30,afternoon,7,244,0.36900096514414854
601728,30,afternoon,8,221,0.7402068531630841
601728,30,afternoon,9,662,1.607741743313845
601857,30,morning,0,187,-3.680745233241272
601857,30,morning,1,172,-2.054222532708368
601857,30,morning,2,317,-1.2294232536926522
601857,30,morning,3,282,-0.954140596681472
601857,30,morning,4,194,0.02536014517739555
601857,30,morning,5,171,1.068658015639567
601857,30,morning,6,317,0.3989194112178699
601857,30,morning,7,251,-0.07294384807292142
601857,30,morning,8,226,0.7020782702642338
601857,30,morning,9,269,1.9080546784185821
601857,30,afternoon,0,299,-1.7454279722797756
601857,30,afternoon,1,198,-1.7883477806324715
601857,30,afternoon,2,192,-1.2134697445715752
601857,30,afternoon,3,140,0.10196874601262458
601857,30,afternoon,4,158,-1.5323634963086328
601857,30,afternoon,5,222,-0.08328652932999847
601857,30,afternoon,6,241,0.42669993638875675
601857,30,afternoon,7,253,1.532230302175973
601857,30,afternoon,8,263,1.207585766538192
601857,30,afternoon,9,364,2.34600607787429
601888,30,morning,0,283,0.18339526038813342
601888,30,morning,1,216,-0.7825596954816687
601888,30,morning,2,199,0.2518487291976828
601888,30,morning,3,210,-0.489349393047276
601888,30,morning,4,216,0.015941029381444528
601888,30,morning,5,235,-0.1992815364199962
601888,30,morning,6,242,0.6690562977741299
601888,30,morning,7,227,0.46572317759527426
601888,30,morning,8,257,0.7010477030752932
601888,30,morning,9,288,0.7580373135816815
601888,30,afternoon,0,227,-1.075768069295223
601888,30,afternoon,1,176,-0.5009089915297441
601888,30,afternoon,2,182,-0.27351530510167776
601888,30,afternoon,3,166,-0.0805909514971343
601888,30,afternoon,4,193,-0.6650699331398361
601888,30,afternoon,5,272,0.031854780094917885
601888,30,afternoon,6,237,0.31968048182510145
601888,30,afternoon,7,230,-0.1038459888811639
601888,30,afternoon,8,257,0.5782455963357822
601888,30,afternoon,9,383,0.5530706059924546
601899,30,morning,0,157,-1.2121291780280095
601899,30,morning,1,153,-1.9280433819909792
601899,30,morning,2,201,-0.762207858899921
601899,30,morning,3,220,-0.8378951342974748
601899,30,morning,4,257,-0.45651383480194624
601899,30,morning,5,246,-1.1821875273639004
601899,30,morning,6,238,0.7684646432338801
601899,30,morning,7,300,0.09471801194927222
601899,30,morning,8,280,0.9083691508473388
601899,30,morning,9,338,0.33642209630274084
601899,30,afternoon,0,108,-1.398163006949642
601899,30,afternoon,1,109,-0.3939108494171649
601899,30,afternoon,2,185,-1.5801606765272715
601899,30,afternoon,3,230,-1.1536830082309855
601899,30,afternoon,4,207,-0.3764488037449618
601899,30,afternoon,5,288,0.48668839559516974
601899,30,afternoon,6,272,-0.11055219415086603
601899,30,afternoon,7,363,0.3941379372900149
601899,30,afternoon,8,302,0.3012010806588472
601899,30,afternoon,9,266,1.3881020636812356
601919,30,morning,0,137,-1.889232303347454
601919,30,morning,1,117,-1.6658762309783175
601919,30,morning,2,147,-1.3870210669214678
601919,30,morning,3,189,-0.8688837036031575
601919,30,morning,4,249,-0.21580799500105427
601919,30,morning,5,325,-0.09186309571915291
601919,30,morning,6,367,0.7011633795908732
601919,30,morning,7,307,0.23807798150016593
601919,30,morning,8,249,0.7357943148937824
601919,30,morning,9,299,0.5366025526345806
601919,30,afternoon,0,289,-1.3947393745430807
601919,30,afternoon,1,198,-0.908393040614233
601919,30,afternoon,2,130,-0.18748041318909886
601919,30,afternoon,3,163,-0.11227359685852836
601919,30,afternoon,4,138,-1.193825150804296
601919,30,afternoon,5,270,-0.3037791828605868
601919,30,afternoon,6,305,-0.26970313462961526
601919,30,afternoon,7,291,0.672303414325867
601919,30,afternoon,8,295,0.312780400684007
601919,30,afternoon,9,251,1.2427470498194568
601988,30,morning,0,129,-2.9585169252971433
601988,30,morning,1,188,-4.334485145027684
601988,30,morning,2,164,-1.5710784146242192
601988,30,morning,3,201,-0.6068600398932044
601988,30,morning,4,287,-0.013128854023321077
601988,30,morning,5,366,-0.5064712938357995
601988,30,morning,6,129,-0.6935970884214441
601988,30,morning,7,166,-1.0084043068089688
601988,30,morning,8,365,0.08728147124810814
601988,30,morning,9,395,1.5003159958013068
601988,30,afternoon,0,414,-2.901781666554595
601988,30,afternoon,1,315,-1.2549890165373199
601988,30,afternoon,2,221,0.2067730018181718
601988,30,afternoon,3,270,0.5635992756516466
601988,30,afternoon,4,276,0.3034361391371888
601988,30,afternoon,5,171,0.9783659139078716
601988,30,afternoon,6,53,0.0
601988,30,afternoon,7,106,0.28783991368869327
601988,30,afternoon,8,198,0.6169684192766672
601988,30,afternoon,9,306,4.6547335630652
603019,30,morning,0,356,-0.7552693972742843
603019,30,morning,1,240,-0.7119392252556885
603019,30,morning,2,186,-1.0343727455569791
603019,30,morning,3,203,-0.34060641038146444
603019,30,morning,4,164,-0.155714788327561
603019,30,morning,5,202,0.14886352248204748
603019,30,morning,6,207,-0.3958689281918861
603019,30,morning,7,236,-0.3971676660450201
603019,30,morning,8,253,-0.5003370351931071
603019,30,morning,9,343,0.5824327333919491
603019,30,afternoon,0,242,-0.7637911839638973
603019,30,afternoon,1,234,-0.3285356974539124
603019,30,afternoon,2,211,-0.6782165655190003
603019,30,afternoon,3,186,-0.3302119531681933
603019,30,afternoon,4,213,-0.3078534462593139
603019,30,afternoon,5,223,-0.11196296575603698
603019,30,afternoon,6,222,-0.24758521382429818
603019,30,afternoon,7,211,-0.25761984369050334
603019,30,afternoon,8,253,0.2267114048394334
603019,30,afternoon,9,335,0.04886312878112935
603259,30,morning,0,319,-0.21557515171678573
603259,30,morning,1,212,0.511288121119284
603259,30,morning,2,224,-0.020732727951646903
603259,30,morning,3,206,0.9803336063477184
603259,30,morning,4,117,1.0656972347018532
603259,30,morning,5,272,-0.32499539663122173
603259,30,morning,6,242,0.11276288576858366
603259,30,morning,7,209,-0.9965814715831883
603259,30,morning,8,284,-1.1613605390468302
603259,30,morning,9,305,0.7366486088167402
603259,30,afternoon,0,260,0.33932701486655287
603259,30,afternoon,1,213,0.22222356468443202
603259,30,afternoon,2,238,-0.00892938319596859
603259,30,afternoon,3,180,-0.21775648581595636
603259,30,afternoon,4,165,0.17999694190969548
603259,30,afternoon,5,283,0.08962886415732009
603259,30,afternoon,6,237,0.43283859335900055
603259,30,afternoon,7,223,0.39158388541489986
603259,30,afternoon,8,283,-0.13178811686789077
603259,30,afternoon,9,248,0.6628969463490902
603501,30,morning,0,191,-0.6763007029788358
603501,30,morning,1,181,0.11372741546186924
603501,30,morning,2,182,-1.5676607501958808
603501,30,morning,3,199,-0.607469620931596
603501,30,morning,4,187,0.4634970192351683
603501,30,morning,5,258,-0.13672564915169658
603501,30,morning,6,238,0.04197409354355634
603501,30,morning,7,223,-0.3691026850206051
603501,30,morning,8,334,0.5955024761113322
603501,30,morning,9,393,0.3800304123983165
603501,30,afternoon,0,174,-0.9773278545830612
603501,30,afternoon,1,199,-0.2356573155735611
603501,30,afternoon,2,246,-0.1260270775342835
603501,30,afternoon,3,187,-0.8229375601616835
603501,30,afternoon,4,188,-0.13748450312696894
603501,30,afternoon,5,246,-0.13358966448807053
603501,30,afternoon,6,219,0.6706641650661581
603501,30,afternoon,7,235,0.6122302876803958
603501,30,afternoon,8,310,0.15211203797594855
603501,30,afternoon,9,323,0.2417453739611208
603986,30,morning,0,357,0.07351714055449808
603986,30,morning,1,214,0.2723612557869599
603986,30,morning,2,245,-0.8808609334330261
603986,30,morning,3,190,-0.13859659775250502
603986,30,morning,4,130,-0.957143644780492
603986,30,morning,5,302,-1.038851594078545
603986,30,morning,6,231,-1.4360187744300759
603986,30,morning,7,169,-0.8606569995539416
603986,30,morning,8,264,-0.36742778340149873
603986,30,morning,9,288,-1.0364847708792992
603986,30,afternoon,0,200,-0.5326626366013777
603986,30,afternoon,1,183,0.11825893305039452
603986,30,afternoon,2,217,-0.0575662314770254
603986,30,afternoon,3,196,-0.33791721310769185
603986,30,afternoon,4,140,0.2365728776537813
603986,30,afternoon,5,327,-0.21771338786222338
603986,30,afternoon,6,275,0.06850799209073319
603986,30,afternoon,7,215,0.01188658827664289
603986,30,afternoon,8,293,-0.038787136880186285
603986,30,afternoon,9,284,-0.24861882212387307
603993,30,morning,0,371,-1.1745842977607865
603993,30,morning,1,242,-1.3233870665334233
603993,30,morning,2,196,-2.8914786832835238
603993,30,morning,3,202,-1.5026872047323239
603993,30,morning,4,168,-1.0416721018633948
603993,30,morning,5,187,-0.8614218760631965
603993,30,morning,6,146,-0.5199174175405933
603993,30,morning,7,205,0.8417668656241561
603993,30,morning,8,240,1.2030429548823507
603993,30,morning,9,433,0.638104246717561
603993,30,afternoon,0,228,-1.4624478593797605
603993,30,afternoon,1,303,-0.30016057027915005
603993,30,afternoon,2,280,-0.8371689066738106
603993,30,afternoon,3,271,-0.4973033014977138
603993,30,afternoon,4,230,-0.00019762504404435109
603993,30,afternoon,5,248,-0.25087080789775207
603993,30,afternoon,6,257,-0.0328498203541177
603993,30,afternoon,7,158,0.018555838265770695
603993,30,afternoon,8,172,1.6790360715287604
603993,30,afternoon,9,183,2.261791581390589
688008,30,morning,0,277,2.0677806483571053
688008,30,morning,1,245,0.19652338447272635
688008,30,morning,2,256,0.22882296500700428
688008,30,morning,3,221,0.4659089638352468
688008,30,morning,4,207,-1.5485569283752771
688008,30,morning,5,237,-1.6365020182424264
688008,30,morning,6,215,0.01812422449025097
688008,30,morning,7,220,0.81182386500539
688008,30,morning,8,257,-0.8127780165489508
688008,30,morning,9,255,-0.301098659185969
688008,30,afternoon,0,300,-0.47397634165521346
688008,30,afternoon,1,266,-0.9262412453958938
688008,30,afternoon,2,210,-0.145655988949672
688008,30,afternoon,3,235,0.19360927628756497
688008,30,afternoon,4,199,-0.6227719832166257
688008,30,afternoon,5,205,-0.7888574651597215
688008,30,afternoon,6,204,0.36310253550453153
688008,30,afternoon,7,222,-0.396890245774696
688008,30,afternoon,8,229,0.22402638551530887
688008,30,afternoon,9,260,-0.026355053513030847
688012,30,morning,0,228,-1.053607864186103
688012,30,morning,1,279,0.3456644029517497
688012,30,morning,2,270,-0.7626744297200458
688012,30,morning,3,250,-0.21563338922471884
688012,30,morning,4,221,0.00681142000651655
688012,30,morning,5,345,-0.7856357444809146
688012,30,morning,6,236,0.6767722788139594
688012,30,morning,7,209,1.615396849619832
688012,30,morning,8,198,0.450221515095457
688012,30,morning,9,154,-0.7924105879019394
688012,30,afternoon,0,246,-0.9335027108211086
688012,30,afternoon,1,267,-0.11449445097110472
688012,30,afternoon,2,260,-0.8087386924984744
688012,30,afternoon,3,225,0.22144687932220564
688012,30,afternoon,4,208,0.4007158813589732
688012,30,afternoon,5,300,0.37532244885613014
688012,30,afternoon,6,218,-0.5880057770455446
688012,30,afternoon,7,243,0.5120108998838919
688012,30,afternoon,8,205,0.925126335624731
688012,30,afternoon,9,158,0.7611309215868014
688041,30,morning,0,250,-1.8006338495772307
688041,30,morning,1,264,-0.0011426491774864705
688041,30,morning,2,231,-0.5681887879579042
688041,30,morning,3,220,-2.0228422272784883
688041,30,morning,4,230,-0.5259337806908504
688041,30,morning,5,271,-1.3291875950690644
688041,30,morning,6,227,0.06849737006019262
688041,30,morning,7,231,-0.36617285474039063
688041,30,morning,8,246,0.5700015940930769
688041,30,morning,9,220,0.5048129612767964
688041,30,afternoon,0,234,-0.6979511797512894
688041,30,afternoon,1,207,-0.9101435003806171
688041,30,afternoon,2,232,-0.6840124952799026
688041,30,afternoon,3,213,-1.2018513781714015
688041,30,afternoon,4,232,-0.18502606931999613
688041,30,afternoon,5,265,-0.3220954083457484
688041,30,afternoon,6,234,-0.294990525880301
688041,30,afternoon,7,240,-0.32560256500378343
688041,30,afternoon,8,229,-0.3913215737476237
688041,30,afternoon,9,244,0.717426930019212
688111,30,morning,0,230,-1.1613785366097544
688111,30,morning,1,225,-0.34409189042248955
688111,30,morning,2,181,-0.8652271506213121
688111,30,morning,3,213,-0.7956507668544961
688111,30,morning,4,250,-1.2687323502493353
688111,30,morning,5,243,0.01635731924027619
688111,30,morning,6,227,0.31441961445844274
688111,30,morning,7,283,-0.3790724905989712
688111,30,morning,8,280,0.23764199031377795
688111,30,morning,9,231,0.42832276611953024
688111,30,afternoon,0,190,-0.0056203474444519045
688111,30,afternoon,1,223,-0.46131093389375033
688111,30,afternoon,2,179,-0.08610205596826177
688111,30,afternoon,3,172,0.04226155434632806
688111,30,afternoon,4,187,-0.1951567007807587
688111,30,afternoon,5,213,-0.35039220679444344
688111,30,afternoon,6,224,-0.06468884701618562
688111,30,afternoon,7,272,-0.1608052624385937
688111,30,afternoon,8,333,-0.08895053633133394
688111,30,afternoon,9,290,0.6421434319173212
688256,30,morning,0,171,0.773371028100895
688256,30,morning,1,206,0.389094597244027
688256,30,morning,2,231,-0.3013417189982322
688256,30,morning,3,263,-0.6131887945562375
688256,30,morning,4,235,-0.011026852714555172
688256,30,morning,5,368,-1.5337563631317273
688256,30,morning,6,255,-0.2838830356389396
688256,30,morning,7,240,-0.33048241001000983
688256,30,morning,8,226,0.09748445273684381
688256,30,morning,9,194,-0.14575378054478397
688256,30,afternoon,0,205,-1.6156146315966946
688256,30,afternoon,1,278,-0.6346227656818216
688256,30,afternoon,2,255,-0.5581424278469083
688256,30,afternoon,3,231,-0.8753378867242549
688256,30,afternoon,4,217,-0.9284569749513397
688256,30,afternoon,5,264,0.5105319007731037
688256,30,afternoon,6,195,-0.6102366109347648
688256,30,afternoon,7,200,-1.2382462740051168
688256,30,afternoon,8,220,0.06385658426353012
688256,30,afternoon,9,263,1.7513557056828855
688981,30,morning,0,352,-1.7760296536001468
688981,30,morning,1,255,0.10977721601569605
688981,30,morning,2,226,-0.5081500058790339
688981,30,morning,3,219,-0.5321062846551544
688981,30,morning,4,179,1.905703704515066
688981,30,morning,5,198,0.6690353181245409
688981,30,morning,6,206,-0.012359036107619065
688981,30,morning,7,211,0.18532794923348597
688981,30,morning,8,247,-0.39551295302681794
688981,30,morning,9,297,0.254657365397989
688981,30,afternoon,0,393,-0.2034695154226783
688981,30,afternoon,1,266,-0.3427249717305521
688981,30,afternoon,2,223,-0.12857929472303453
688981,30,afternoon,3,216,0.09408230407442456
688981,30,afternoon,4,212,0.05294137049587115
688981,30,afternoon,5,205,0.6003633683003476
688981,30,afternoon,6,191,-0.18405580903474802
688981,30,afternoon,7,195,0.1061076009165322
688981,30,afternoon,8,216,-0.2469841911980312
688981,30,afternoon,9,212,0.47337034642722675
600028,60,morning,0,136,-7.91581511392392
600028,60,morning,1,118,-3.6246749753788943
600028,60,morning,2,231,-5.277292216300226
600028,60,morning,3,416,-1.7766548311445247
600028,60,morning,4,217,0.27051554509391473
600028,60,morning,5,196,0.8714653769321875
600028,60,morning,6,407,1.237759602197848
600028,60,morning,7,175,5.170222662908372
600028,60,morning,8,268,3.4345225596979505
600028,60,morning,9,215,3.539961379566473
600028,60,afternoon,0,93,-0.40310656379743054
600028,60,afternoon,1,106,-0.1771634400515445
600028,60,afternoon,2,368,-0.46052584369525823
600028,60,afternoon,3,339,1.167288661248248
600028,60,afternoon,4,372,-0.7107530154659225
600028,60,afternoon,5,318,-0.2383357117837365
600028,60,afternoon,6,262,-0.2153006582171268
600028,60,afternoon,7,307,-2.4445043747369657
600028,60,afternoon,8,126,-0.44065058620353376
600028,60,afternoon,9,29,11.73208627901413
600030,60,morning,0,239,-1.2548553405870593
600030,60,morning,1,167,-1.0372103596732731
600030,60,morning,2,182,0.33927102928022174
600030,60,morning,3,259,-0.13579813796514034
600030,60,morning,4,207,-0.31367167310129057
600030,60,morning,5,220,0.31478382003177513
600030,60,morning,6,219,0.07052998540794485
600030,60,morning,7,319,0.39340035184965044
600030,60,morning,8,280,-0.0586536037589989
600030,60,morning,9,287,0.49692607572932274
600030,60,afternoon,0,307,-0.8512540572533611
600030,60,afternoon,1,197,0.09523813155578972
600030,60,afternoon,2,196,-0.1328090777420998
600030,60,afternoon,3,268,-0.22988550828706766
600030,60,afternoon,4,247,-0.2648644616279574
600030,60,afternoon,5,253,0.2438157696568009
600030,60,afternoon,6,202,-0.5178421940391554
600030,60,afternoon,7,204,0.5587246532778976
600030,60,afternoon,8,180,0.09376037945339301
600030,60,afternoon,9,266,1.7383588738594733
600031,60,morning,0,169,1.0080296275784262
600031,60,morning,1,122,0.6725689499089933
600031,60,morning,2,162,0.30029225389787784
600031,60,morning,3,173,0.26200261070900277
600031,60,morning,4,306,-1.3668652620725485
600031,60,morning,5,431,-0.6540778158466659
600031,60,morning,6,314,-0.5714036856353575
600031,60,morning,7,246,1.480271932755491
600031,60,morning,8,215,1.1612102448840798
600031,60,morning,9,242,2.535390463126365
600031,60,afternoon,0,107,-2.175318943067411
600031,60,afternoon,1,121,0.5160391513920746
600031,60,afternoon,2,116,-2.1279716279858705
600031,60,afternoon,3,193,-2.5722391599704055
600031,60,afternoon,4,251,-1.3195742380569433
600031,60,afternoon,5,258,-2.1606448024750833
600031,60,afternoon,6,334,-2.090359656868014
600031,60,afternoon,7,345,-0.42923537732857137
600031,60,afternoon,8,329,0.6415377093494297
600031,60,afternoon,9,266,1.1453397590167966
600036,60,morning,0,373,0.5059297635853038
600036,60,morning,1,248,-0.34824454254794673
600036,60,morning,2,217,0.14007737722737432
600036,60,morning,3,214,-0.8392117388707223
600036,60,morning,4,260,-1.7336900664116341
600036,60,morning,5,274,-0.8447495113074616
600036,60,morning,6,226,-0.01887340396935138
600036,60,morning,7,163,-0.48541828917188923
600036,60,morning,8,175,0.5760353766300368
600036,60,morning,9,228,-0.27692991880511675
600036,60,afternoon,0,299,-1.16357553133234
600036,60,afternoon,1,167,-0.7660633037589034
600036,60,afternoon,2,198,-1.4346959820731973
600036,60,afternoon,3,219,-0.08778145159236989
600036,60,afternoon,4,207,0.303708772823921
600036,60,afternoon,5,238,0.04713430364085898
600036,60,afternoon,6,232,1.295159296780128
600036,60,afternoon,7,259,0.2197305721663179
600036,60,afternoon,8,209,-0.26359160156863304
600036,60,afternoon,9,292,0.2920993663143183
600050,60,morning,0,154,-4.788595231649373
600050,60,morning,1,160,-2.081208485185948
600050,60,morning,2,183,-1.5628298885663956
600050,60,morning,3,27,-6.180191087868526
600050,60,morning,4,97,-2.948431645439695
600050,60,morning,5,110,-0.20583623576499846
600050,60,morning,6,108,-0.0005274095644476175
600050,60,morning,7,115,0.10922460018523415
600050,60,morning,8,909,0.8017523490087435
600050,60,morning,9,510,1.9662488906093416
600050,60,afternoon,0,7,-23.894840143331432
600050,60,afternoon,1,225,-4.455307028267964
600050,60,afternoon,2,31,-6.166410359569402
600050,60,afternoon,3,12,-23.894840143331425
600050,60,afternoon,4,33,0.0
600050,60,afternoon,5,60,0.0
600050,60,afternoon,6,229,0.0
600050,60,afternoon,7,422,-0.028345962272745082
600050,60,afternoon,8,564,0.0
600050,60,afternoon,9,731,0.9666025254377004
600089,60,morning,0,205,-2.3688182831521223
600089,60,morning,1,182,-2.1851716149080533
600089,60,morning,2,253,-1.6138737008302186
600089,60,morning,3,243,-1.577934004160707
600089,60,morning,4,260,-0.64665139325093
600089,60,morning,5,212,0.2227175824114997
600089,60,morning,6,351,0.3645848791470521
600089,60,morning,7,281,0.9552931703527278
600089,60,morning,8,177,1.4356760820455403
600089,60,morning,9,213,1.169036385206943
600089,60,afternoon,0,396,-1.1305020277944648
600089,60,afternoon,1,283,-0.40069920640947715
600089,60,afternoon,2,244,-0.8944937177925092
600089,60,afternoon,3,246,0.29261470924193433
600089,60,afternoon,4,207,1.1102324007996847
600089,60,afternoon,5,213,0.5201987744654256
600089,60,afternoon,6,176,0.39289930625442043
600089,60,afternoon,7,197,0.5896253665122512
600089,60,afternoon,8,141,0.8629056392318345
600089,60,afternoon,9,216,1.230054588369747
600111,60,morning,0,257,-0.8563263365384188
600111,60,morning,1,210,-0.850041386322614
600111,60,morning,2,192,-1.7137206784621597
600111,60,morning,3,222,-1.554030475917513
600111,60,morning,4,210,-1.0899248276370923
600111,60,morning,5,213,-0.46151611598892295
600111,60,morning,6,219,0.16666291379853573
600111,60,morning,7,210,0.18497684183474286
600111,60,morning,8,279,0.47440133234221094
600111,60,morning,9,368,-0.05565929715370759
600111,60,afternoon,0,161,-1.2847966582396826
600111,60,afternoon,1,146,-0.01842743817166152
600111,60,afternoon,2,108,-1.3337731758216362
600111,60,afternoon,3,138,-1.1406163157811937
600111,60,afternoon,4,96,0.18116273706296945
600111,60,afternoon,5,154,0.789607219814395
600111,60,afternoon,6,230,0.3019773931120253
600111,60,afternoon,7,289,-0.16612199963615878
600111,60,afternoon,8,383,0.2096297830954672
600111,60,afternoon,9,615,0.430459894465694
600150,60,morning,0,365,-3.233319465728993
600150,60,morning,1,297,-2.774978514856662
600150,60,morning,2,263,-0.9984015169480602
600150,60,morning,3,233,-1.2362811289805629
600150,60,morning,4,226,-1.565009439375554
600150,60,morning,5,186,-2.932857141841757
600150,60,morning,6,195,-2.240411417091281
600150,60,morning,7,160,-2.443594343806504
600150,60,morning,8,170,-0.8317195899086856
600150,60,morning,9,285,-0.6138951861300364
600150,60,afternoon,0,294,-1.6670469469265123
600150,60,afternoon,1,238,-1.00706548863428
600150,60,afternoon,2,259,-1.2962503734686415
600150,60,afternoon,3,232,-0.882356998548218
600150,60,afternoon,4,246,-1.53536783763339
600150,60,afternoon,5,201,-0.3269497434686252
600150,60,afternoon,6,202,0.016347528011537087
600150,60,afternoon,7,208,-1.2504052130963053
600150,60,afternoon,8,200,0.12655359540583164
600150,60,afternoon,9,240,0.01930172163756379
600183,60,morning,0,362,0.842364222500412
600183,60,morning,1,219,-0.1431795753657579
600183,60,morning,2,237,2.42627579862221
600183,60,morning,3,182,0.544655344755992
600183,60,morning,4,127,-0.4212627659985514
600183,60,morning,5,242,0.9238999839964755
600183,60,morning,6,215,-1.5917554234295843
600183,60,morning,7,192,-0.5797497951666051
600183,60,morning,8,257,2.1491687548296663
600183,60,morning,9,347,0.5732783659138235
600183,60,afternoon,0,364,-0.2791158541914855
600183,60,afternoon,1,238,-1.2455731011449984
600183,60,afternoon,2,202,-0.5306028925570052
600183,60,afternoon,3,184,1.4474185500836318
600183,60,afternoon,4,163,-0.06686404217403033
600183,60,afternoon,5,213,0.7382144192871843
600183,60,afternoon,6,200,-0.42058728989294286
600183,60,afternoon,7,206,0.25328467747976013
600183,60,afternoon,8,257,-0.1598217131840066
600183,60,afternoon,9,293,0.7803494756259294
600276,60,morning,0,302,-0.45563627393052275
600276,60,morning,1,162,-0.33037327981336717
600276,60,morning,2,190,-1.693287950268422
600276,60,morning,3,181,-0.2932184086238025
600276,60,morning,4,183,1.1339798042601048
600276,60,morning,5,208,0.1462317471706447
600276,60,morning,6,213,0.6236928230896264
600276,60,morning,7,222,0.7891009043933979
600276,60,morning,8,301,0.02217050350638767
600276,60,morning,9,418,0.3734372710647806
600276,60,afternoon,0,267,-0.8739676022454964
600276,60,afternoon,1,184,-1.2263034811585536
600276,60,afternoon,2,169,-0.46618823929327696
600276,60,afternoon,3,138,-0.9362703538969954
600276,60,afternoon,4,212,-0.22682427941303218
600276,60,afternoon,5,262,0.4454563628200773
600276,60,afternoon,6,277,0.04059151994113544
600276,60,afternoon,7,250,1.6407663993998067
600276,60,afternoon,8,263,-0.16242334244767342
600276,60,afternoon,9,298,0.59024279201648
600309,60,morning,0,217,-0.9891725587455268
600309,60,morning,1,175,0.27185161167241195
600309,60,morning,2,170,1.3876976927225895
600309,60,morning,3,187,-0.11953838209153951
600309,60,morning,4,160,0.3772128583320322
600309,60,morning,5,239,0.17300761816488283
600309,60,morning,6,202,1.941183511960255
600309,60,morning,7,276,-0.19459118661992308
600309,60,morning,8,315,1.0389944716871817
600309,60,morning,9,439,1.7669026535957721
600309,60,afternoon,0,234,1.1017644755481972
600309,60,afternoon,1,199,1.8017042266521035
600309,60,afternoon,2,190,0.569354433151975
600309,60,afternoon,3,212,0.8892078254730912
600309,60,afternoon,4,195,0.7783864576905919
600309,60,afternoon,5,240,1.930075653967092
600309,60,afternoon,6,228,0.37490383908368213
600309,60,afternoon,7,241,1.0861980121435786
600309,60,afternoon,8,273,0.023176598806551655
600309,60,afternoon,9,308,0.7034840366087999
600406,60,morning,0,345,-0.9912554855124588
600406,60,morning,1,205,0.7009709407474163
600406,60,morning,2,197,-0.07997044987032566
600406,60,morning,3,234,0.6449623175230048
600406,60,morning,4,220,0.49073395480865206
600406,60,morning,5,257,1.5061533333957626
600406,60,morning,6,149,0.4989232331717536
600406,60,morning,7,198,0.6135037948057868
600406,60,morning,8,211,1.5156952452215253
600406,60,morning,9,363,0.7343866754912347
600406,60,afternoon,0,306,-1.2630975536196525
600406,60,afternoon,1,215,-0.4978472897783392
600406,60,afternoon,2,295,0.37995657852195397
600406,60,afternoon,3,300,-0.7363049923864384
600406,60,afternoon,4,232,1.7503347967839877
600406,60,afternoon,5,162,-0.012730121725878948
600406,60,afternoon,6,231,0.6580814798384025
600406,60,afternoon,7,166,0.6871431317877592
600406,60,afternoon,8,163,0.6173521221627528
600406,60,afternoon,9,248,1.8387945622054938
600519,60,morning,0,97,-0.04200627125900479
600519,60,morning,1,139,0.5372603868020707
600519,60,morning,2,297,-0.1292380749757038
600519,60,morning,3,271,0.058768588750618876
600519,60,morning,4,116,0.5726401298162762
600519,60,morning,5,624,-0.46807535440508913
600519,60,morning,6,293,-0.6993218547519671
600519,60,morning,7,187,-0.19527929558590446
600519,60,morning,8,216,-0.12303381814113275
600519,60,morning,9,139,-0.12870448167961732
600519,60,afternoon,0,78,0.050644877779324984
600519,60,afternoon,1,155,0.00014462635474881924
600519,60,afternoon,2,243,-0.09408654643669137
600519,60,afternoon,3,348,0.007722377079843043
600519,60,afternoon,4,104,-0.29544131174846566
600519,60,afternoon,5,576,-0.12205635864654228
600519,60,afternoon,6,307,-0.4223506449359084
600519,60,afternoon,7,142,0.6078429383627842
600519,60,afternoon,8,209,0.6019476916616417
600519,60,afternoon,9,153,-0.7235252413393588
600760,60,morning,0,265,-0.6048699334712242
600760,60,morning,1,185,-0.4336696235102523
600760,60,morning,2,198,-0.4316334838384797
600760,60,morning,3,225,-0.8573617456624564
600760,60,morning,4,171,-0.13020977632121827
600760,60,morning,5,211,0.5834442708592303
600760,60,morning,6,242,-0.8219612903764553
600760,60,morning,7,220,0.15818514685257315
600760,60,morning,8,333,-0.32107002453333916
600760,60,morning,9,300,-0.49627455290149536
600760,60,afternoon,0,183,-1.957695532065181
600760,60,afternoon,1,138,-1.4986414659655327
600760,60,afternoon,2,143,-1.145719373937112
600760,60,afternoon,3,149,-0.6369344993425876
600760,60,afternoon,4,174,-1.1899488829585385
600760,60,afternoon,5,160,-0.6084421944304308
600760,60,afternoon,6,217,-0.8649962008160894
600760,60,afternoon,7,280,-0.5652236677912862
600760,60,afternoon,8,434,0.10978004818424916
600760,60,afternoon,9,374,0.40459595831899675
600809,60,morning,0,193,3.792190148761513
600809,60,morning,1,166,2.341491524764707
600809,60,morning,2,231,2.476216370313879
600809,60,morning,3,170,2.464492168774796
600809,60,morning,4,150,0.19101965039508179
600809,60,morning,5,296,1.0675872427419877
600809,60,morning,6,255,1.3338987283341788
600809,60,morning,7,226,0.5198337048986474
600809,60,morning,8,338,-1.2176800719680372
600809,60,morning,9,339,-1.7682591868880013
600809,60,afternoon,0,118,0.5362074128081826
600809,60,afternoon,1,137,0.9016464673340003
600809,60,afternoon,2,191,0.6146239260857209
600809,60,afternoon,3,147,0.5971694096678475
600809,60,afternoon,4,141,0.9111908980708222
600809,60,afternoon,5,300,0.7583457201307562
600809,60,afternoon,6,261,-0.6762980670208559
600809,60,afternoon,7,297,-0.19651565186126177
600809,60,afternoon,8,346,0.24206188002120246
600809,60,afternoon,9,352,0.42385645361986596
600887,60,morning,0,262,0.11210491512802716
600887,60,morning,1,232,0.3976474128583069
600887,60,morning,2,216,1.3802175748871064
600887,60,morning,3,268,0.29143420776592793
600887,60,morning,4,246,-0.3444809151466073
600887,60,morning,5,214,0.11867899746305784
600887,60,morning,6,235,0.5704584177633305
600887,60,morning,7,228,0.5997597370698261
600887,60,morning,8,208,1.4763516047365959
600887,60,morning,9,269,1.0035936424571816
600887,60,afternoon,0,118,-1.838601362038927
600887,60,afternoon,1,146,-0.24124155292072755
600887,60,afternoon,2,185,-0.6713180525791906
600887,60,afternoon,3,170,0.7225523213810366
600887,60,afternoon,4,266,-0.668478395466947
600887,60,afternoon,5,238,-0.13907927568229256
600887,60,afternoon,6,190,0.5381495565967652
600887,60,afternoon,7,234,0.7462600233659508
600887,60,afternoon,8,327,0.011858411030625515
600887,60,afternoon,9,445,0.688644352601058
600900,60,morning,0,166,-1.341338715966738
600900,60,morning,1,194,-1.4678552918449497
600900,60,morning,2,172,-0.6394767561481693
600900,60,morning,3,154,-0.04497218430838482
600900,60,morning,4,238,-0.19378927176740945
600900,60,morning,5,257,-0.06212631998818207
600900,60,morning,6,221,0.2991908091212333
600900,60,morning,7,290,0.5600454568371996
600900,60,morning,8,281,1.155613692268149
600900,60,morning,9,407,1.5349462137773222
600900,60,afternoon,0,532,-0.6827433278635399
600900,60,afternoon,1,279,-0.6890005124300723
600900,60,afternoon,2,202,-0.04395732141805649
600900,60,afternoon,3,222,0.5538591200997444
600900,60,afternoon,4,248,0.050592828637793526
600900,60,afternoon,5,182,0.1764197922462189
600900,60,afternoon,6,157,0.8171130762280325
600900,60,afternoon,7,152,0.7035379071865536
600900,60,afternoon,8,96,1.837109511250943
600900,60,afternoon,9,250,1.460726448951757
600930,60,morning,0,23,0.0
600930,60,morning,1,68,-0.3737196466748325
600930,60,morning,2,24,-1.0588723322453586
600930,60,morning,3,133,-4.203643544553002
600930,60,morning,4,399,-1.019065101709819
600930,60,morning,5,209,-0.24287776995891366
600930,60,morning,6,63,-11.286463354005834
600930,60,morning,7,877,-0.6676561601651955
600930,60,morning,8,403,-0.06289954825688425
600930,60,morning,9,180,5.661707165478289
600930,60,afternoon,0,123,-12.87521199232631
600930,60,afternoon,1,28,-11.859138234867377
600930,60,afternoon,2,12,0.0
600930,60,afternoon,5,1,-25.54275927509897
600930,60,afternoon,6,11,-25.54275927509897
600930,60,afternoon,7,924,-0.1935057520840831
600930,60,afternoon,8,712,0.0
600930,60,afternoon,9,507,3.737681559889895
601012,60,morning,0,237,0.8479573359509482
601012,60,morning,1,214,0.36486525985267443
601012,60,morning,2,211,2.219733991729257
601012,60,morning,3,207,0.20535701543176793
601012,60,morning,4,243,0.2950647916146624
601012,60,morning,5,315,-0.10405598550000845
601012,60,morning,6,269,2.2403910589655682
601012,60,morning,7,179,1.4682288665575989
601012,60,morning,8,226,0.9022211698757417
601012,60,morning,9,279,1.4594089266491364
601012,60,afternoon,0,96,-3.1325597205594335
601012,60,afternoon,1,142,-3.5017602202043334
601012,60,afternoon,2,189,-3.0937070458669074
601012,60,afternoon,3,226,0.19258931282274377
601012,60,afternoon,4,274,-0.06581523330692471
601012,60,afternoon,5,364,0.024421376745203723
601012,60,afternoon,6,288,-0.1952182577719851
601012,60,afternoon,7,425,0.06222846207429006
601012,60,afternoon,8,190,0.4600280315523292
601012,60,afternoon,9,126,0.9712254927643891
601088,60,morning,0,199,0.399645133822907
601088,60,morning,1,178,-1.1875149387470325
601088,60,morning,2,203,-0.23792636807879586
601088,60,morning,3,192,-1.5997089244181721
601088,60,morning,4,193,-1.1746606377229356
601088,60,morning,5,233,-1.5156702899234005
601088,60,morning,6,219,-0.26640158078351156
601088,60,morning,7,258,-0.5867758293141168
601088,60,morning,8,316,-0.6633787550084727
601088,60,morning,9,386,0.48064864836106247
601088,60,afternoon,0,184,-0.6935552259924327
601088,60,afternoon,1,169,-0.36175933144223865
601088,60,afternoon,2,180,-0.12814867317880357
601088,60,afternoon,3,162,0.6474731406876632
601088,60,afternoon,4,216,0.35854514840895507
601088,60,afternoon,5,253,0.17633214471820838
601088,60,afternoon,6,252,-0.26321560412730566
601088,60,afternoon,7,221,-0.14237231210250947
601088,60,afternoon,8,297,0.39941867480474236
601088,60,afternoon,9,381,0.5419691603266873
601127,60,morning,0,247,-1.9886290365707453
601127,60,morning,1,182,-1.204592420030136
601127,60,morning,2,216,-1.5950501030840807
601127,60,morning,3,189,0.25829418158480677
601127,60,morning,4,209,1.147767558783244
601127,60,morning,5,213,-2.3870185560773436
601127,60,morning,6,217,0.6406547963005659
601127,60,morning,7,256,-0.4692514393960393
601127,60,morning,8,307,-0.4372876189176811
601127,60,morning,9,341,-1.3895372448980032
601127,60,afternoon,0,219,-0.9724127811518494
601127,60,afternoon,1,220,-0.09012405872568544
601127,60,afternoon,2,232,-0.5065310703032391
601127,60,afternoon,3,196,-1.47475143113588
601127,60,afternoon,4,158,-1.007888777499642
601127,60,afternoon,5,199,-0.37563711051676324
601127,60,afternoon,6,202,0.4732716235179337
601127,60,afternoon,7,242,0.25254358095470897
601127,60,afternoon,8,306,0.6192116875899407
601127,60,afternoon,9,341,0.4196696824069257
601166,60,morning,0,264,-1.3315750521112495
601166,60,morning,1,368,-1.1752669500570851
601166,60,morning,2,467,0.030956658895246555
601166,60,morning,3,293,-0.4756479517307199
601166,60,morning,4,257,1.3176123774608464
601166,60,morning,5,289,0.6883792391350585
601166,60,morning,6,156,0.7707943261165006
601166,60,morning,7,101,0.9395499752248545
601166,60,morning,8,98,2.168156673568223
601166,60,morning,9,84,4.364082039943973
601166,60,afternoon,0,204,-1.781007813738901
601166,60,afternoon,1,205,-0.8864858191456408
601166,60,afternoon,2,78,-1.5753084276975686
601166,60,afternoon,3,72,0.6607859041385389
601166,60,afternoon,4,206,-0.5018778058186378
601166,60,afternoon,5,299,0.7104887115939971
601166,60,afternoon,6,217,-0.012790927157057872
601166,60,afternoon,7,258,-0.8236713758510058
601166,60,afternoon,8,272,0.5965223577233417
601166,60,afternoon,9,505,0.9198594001352779
601211,60,morning,0,255,-0.6389548476409759
601211,60,morning,1,258,-1.432733258441124
601211,60,morning,2,278,-0.5068197034172669
601211,60,morning,3,247,-1.1072262844004461
601211,60,morning,4,249,-0.24648489981021335
601211,60,morning,5,281,0.5549264578381254
601211,60,morning,6,254,1.1158781799019268
601211,60,morning,7,169,1.2574560472324676
601211,60,morning,8,142,1.5738090605447754
601211,60,morning,9,232,1.4886532987838554
601211,60,afternoon,0,350,-1.2697933731635618
601211,60,afternoon,1,221,0.7835363128893851
601211,60,afternoon,2,261,0.8366773070986969
601211,60,afternoon,3,262,0.260788546251838
601211,60,afternoon,4,212,0.10494518033257047
601211,60,afternoon,5,215,0.3449136266010329
601211,60,afternoon,6,282,-0.48187421743021286
601211,60,afternoon,7,195,-0.2160159807788936
601211,60,afternoon,8,184,-0.5677643596866631
601211,60,afternoon,9,131,1.2373864248047384
601288,60,morning,0,102,-10.637001669968694
601288,60,morning,1,65,-1.7925193830430854
601288,60,morning,2,37,-7.08887602177919
601288,60,morning,3,75,-4.468030456811789
601288,60,morning,4,98,-7.920168774020124
601288,60,morning,5,175,-2.843890331567695
601288,60,morning,6,247,-2.070470275080712
601288,60,morning,7,465,-1.0607869382544346
601288,60,morning,8,562,0.396338456389981
601288,60,morning,9,554,1.7455992955071569
601288,60,afternoon,0,59,-1.4966242998367818
601288,60,afternoon,1,55,-1.8683331627577262
601288,60,afternoon,2,394,-2.604137225861857
601288,60,afternoon,3,383,1.416364414076625
601288,60,afternoon,4,527,-0.14129078542976878
601288,60,afternoon,5,228,0.9014728036439882
601288,60,afternoon,6,170,3.640614725300698
601288,60,afternoon,7,223,0.9899152676557357
601288,60,afternoon,8,162,1.818763863699592
601288,60,afternoon,9,119,4.702759997948175
601318,60,morning,0,317,-0.9609882240754106
601318,60,morning,1,273,-0.13662030192715194
601318,60,morning,2,250,0.637827707913674
601318,60,morning,3,229,0.6371806505436833
601318,60,morning,4,223,-0.44835062450301705
601318,60,morning,5,249,-0.4423505018563187
601318,60,morning,6,188,-0.9496111150743665
601318,60,morning,7,186,-0.7609686487737503
601318,60,morning,8,220,0.37485406759813433
601318,60,morning,9,245,0.2573019143748445
601318,60,afternoon,0,264,-0.5185086212471521
601318,60,afternoon,1,157,-0.07032217169949277
601318,60,afternoon,2,182,-0.07543151449536639
601318,60,afternoon,3,180,-0.2920067397040994
601318,60,afternoon,4,201,-0.18348955614676096
601318,60,afternoon,5,235,-0.2590998861205093
601318,60,afternoon,6,232,-0.3744389149724244
601318,60,afternoon,7,233,-0.33308782107807355
601318,60,afternoon,8,288,-0.8509773903866863
601318,60,afternoon,9,348,-0.44369294170161766
601328,60,morning,0,190,-4.094223386749457
601328,60,morning,1,287,-2.756799541337016
601328,60,morning,2,217,-2.1450374191422106
601328,60,morning,3,185,1.1625455433660066
601328,60,morning,4,220,-0.50922623626484
601328,60,morning,5,226,0.3873203797871164
601328,60,morning,6,189,-1.5422585727142015
601328,60,morning,7,217,2.308458124589084
601328,60,morning,8,340,1.5130047027301203
601328,60,morning,9,307,0.6157368267259155
601328,60,afternoon,0,401,-1.1255413038385025
601328,60,afternoon,1,202,-1.9052993384112358
601328,60,afternoon,2,232,-2.48834985759341
601328,60,afternoon,3,190,-1.4670681549232922
601328,60,afternoon,4,120,1.1095583602605819
601328,60,afternoon,5,92,2.8184714271764135
601328,60,afternoon,6,127,-1.4653490933019515
601328,60,afternoon,7,140,1.898305648185074
601328,60,afternoon,8,233,0.7412204470536938
601328,60,afternoon,9,577,2.489045603567464
601398,60,morning,0,124,-5.737018428190216
601398,60,morning,1,76,-5.361819289716537
601398,60,morning,2,137,-1.489033839037931
601398,60,morning,3,126,-1.5191240278082287
601398,60,morning,4,175,-2.335519312347672
601398,60,morning,5,254,-0.33650090941052263
601398,60,morning,6,421,-0.9113296520571197
601398,60,morning,7,323,-1.3627785797780774
601398,60,morning,8,350,1.065786492383079
601398,60,morning,9,394,2.9024023588707584
601398,60,afternoon,0,150,-5.23495686516411
601398,60,afternoon,1,206,-2.2844047873885134
601398,60,afternoon,2,214,-0.05772704133715451
601398,60,afternoon,3,346,0.16177733983660306
601398,60,afternoon,4,198,0.09383893347225893
601398,60,afternoon,5,310,0.9977100124143718
601398,60,afternoon,6,50,1.1160914528149712
601398,60,afternoon,7,88,1.4081477022162054
601398,60,afternoon,8,201,0.3709949257306368
601398,60,afternoon,9,557,2.381084393163992
601600,60,morning,0,135,-6.473957971898902
601600,60,morning,1,51,-6.46613103932961
601600,60,morning,2,53,-5.310189437477576
601600,60,morning,3,98,-5.8046600685716045
601600,60,morning,4,133,-1.482102655809093
601600,60,morning,5,130,-2.758838784180091
601600,60,morning,6,296,-1.7506652160761482
601600,60,morning,7,284,-2.5767261450919845
601600,60,morning,8,412,-1.1119407996206043
601600,60,morning,9,788,1.064568998122512
601600,60,afternoon,0,181,-3.962264610492781
601600,60,afternoon,1,106,-2.5306878607158714
601600,60,afternoon,2,105,-4.434011378543352
601600,60,afternoon,3,188,-1.746866402812519
601600,60,afternoon,4,192,-1.2534112715609456
601600,60,afternoon,5,128,0.08783686235156435
601600,60,afternoon,6,183,-1.0761978921991366
601600,60,afternoon,7,241,-0.5459040098320105
601600,60,afternoon,8,159,-0.31101383956618256
601600,60,afternoon,9,837,2.7453105802713282
601601,60,morning,0,201,-1.29522926143863
601601,60,morning,1,190,-1.392060318034925
601601,60,morning,2,187,-0.6755839081307585
601601,60,morning,3,229,-0.06958449974267594
601601,60,morning,4,243,-0.4885969449530909
601601,60,morning,5,221,-1.0376012534031307
601601,60,morning,6,251,-1.222783403365947
601601,60,morning,7,284,-0.3819716813372289
601601,60,morning,8,279,0.5111248494310531
601601,60,morning,9,287,0.3601187180265673
601601,60,afternoon,0,141,-1.5074581167308945
601601,60,afternoon,1,115,-0.9044856303702421
601601,60,afternoon,2,144,-0.9624488133676586
601601,60,afternoon,3,151,-0.4473387561361573
601601,60,afternoon,4,220,-0.23536719898291245
601601,60,afternoon,5,255,-0.6422275178787383
601601,60,afternoon,6,300,-0.2922278920824639
601601,60,afternoon,7,304,-1.2808401335304544
601601,60,afternoon,8,306,-0.10200160004727848
601601,60,afternoon,9,384,0.11592485297160472
601628,60,morning,0,315,-0.2889739210885583
601628,60,morning,1,252,0.00965558989618745
601628,60,morning,2,200,-0.2005984310363973
601628,60,morning,3,169,-0.7086818957398874
601628,60,morning,4,179,-2.1064808621223365
601628,60,morning,5,228,0.47074857470109316
601628,60,morning,6,202,1.1551922092277085
601628,60,morning,7,226,-0.5346656535885074
601628,60,morning,8,267,-0.020281059040486757
601628,60,morning,9,334,1.4726829850184344
601628,60,afternoon,0,241,-0.6927649088409994
601628,60,afternoon,1,219,-0.3247398178313286
601628,60,afternoon,2,232,0.17383282687923482
601628,60,afternoon,3,180,0.2241213756840301
601628,60,afternoon,4,189,0.7965346765941201
601628,60,afternoon,5,183,0.10731449791419967
601628,60,afternoon,6,208,0.08828969585800782
601628,60,afternoon,7,213,-0.8696340062595719
601628,60,afternoon,8,264,-0.4018870820550132
601628,60,afternoon,9,384,0.030752806908712533
601658,60,morning,0,307,-4.348893530531159
601658,60,morning,1,308,-2.13585521518943
601658,60,morning,2,369,0.7179447895778287
601658,60,morning,3,321,-1.8760592982497624
601658,60,morning,4,279,1.9645389363330423
601658,60,morning,5,201,-2.6146215805672974
601658,60,morning,6,93,-4.1472451724010035
601658,60,morning,7,184,1.133453661241433
601658,60,morning,8,149,4.122593564839633
601658,60,morning,9,161,5.288072007862966
601658,60,afternoon,0,166,-3.5021051771906047
601658,60,afternoon,1,150,-0.18779473890270607
601658,60,afternoon,2,459,-0.040913561319095494
601658,60,afternoon,3,125,-0.4498589866955705
601658,60,afternoon,4,408,-0.13540419940917345
601658,60,afternoon,5,188,0.8006237149455511
601658,60,afternoon,6,183,0.20543159533708413
601658,60,afternoon,7,156,-0.7236406654315558
601658,60,afternoon,8,149,1.0149434605671523
601658,60,afternoon,9,332,2.6023803142001554
601668,60,morning,0,219,-8.741025632329292
601668,60,morning,1,423,-1.9059408955840165
601668,60,morning,2,246,-1.7730033022454499
601668,60,morning,3,182,3.937373981543816
601668,60,morning,4,115,4.222689070800908
601668,60,morning,5,313,0.6665490691230266
601668,60,morning,6,574,0.970118911523781
601668,60,morning,7,68,9.168802137498535
601668,60,morning,8,89,8.34529321577567
601668,60,morning,9,151,5.048812662295183
601668,60,afternoon,0,20,-2.325582283190575
601668,60,afternoon,1,11,-6.335122146460662
601668,60,afternoon,2,44,-10.053964198689217
601668,60,afternoon,3,456,-0.2047122819904589
601668,60,afternoon,4,312,-2.2373591169427187
601668,60,afternoon,5,566,-0.8188536248951096
601668,60,afternoon,6,374,-1.1176735164533018
601668,60,afternoon,7,365,0.38452104796911263
601668,60,afternoon,8,63,0.7408675316765401
601668,60,afternoon,9,106,6.3780610749677535
601688,60,morning,0,232,-1.861563361246962
601688,60,morning,1,126,-2.049011430825351
601688,60,morning,2,184,-0.868309772063222
601688,60,morning,3,268,-0.6747054744556424
601688,60,morning,4,256,-0.3860966096300764
601688,60,morning,5,308,-0.2865431122743875
601688,60,morning,6,239,-1.3608556286951239
601688,60,morning,7,204,-0.6102818492689951
601688,60,morning,8,294,0.12127006502915844
601688,60,morning,9,258,1.7400054903372304
601688,60,afternoon,0,186,-2.0941725846928274
601688,60,afternoon,1,187,-0.9618501413207694
601688,60,afternoon,2,452,-0.8077667736163601
601688,60,afternoon,3,242,0.21448755588253246
601688,60,afternoon,4,310,-0.008070548147704441
601688,60,afternoon,5,201,0.8277643739391572
601688,60,afternoon,6,351,0.3496459772194059
601688,60,afternoon,7,175,2.2119874756930447
601688,60,afternoon,8,79,0.7946016373047528
601688,60,afternoon,9,133,1.927886263840734
601728,60,morning,0,186,-0.6155814802625352
601728,60,morning,1,247,-0.1325227794980513
601728,60,morning,2,317,-3.340757771608497
601728,60,morning,3,321,-1.2181102117263065
601728,60,morning,4,270,-0.8459737990665165
601728,60,morning,5,221,-0.1114537059424281
601728,60,morning,6,225,2.101822203988579
601728,60,morning,7,188,0.911887671902425
601728,60,morning,8,188,1.9999495574455557
601728,60,morning,9,208,6.413620120680597
601728,60,afternoon,0,226,-5.422934916992245
601728,60,afternoon,1,186,-4.219179957760135
601728,60,afternoon,2,158,-1.756650903502743
601728,60,afternoon,3,68,-1.4409674904702907
601728,60,afternoon,4,222,-1.325936281760989
601728,60,afternoon,5,136,0.24088236334766022
601728,60,afternoon,6,199,0.1645894436864977
601728,60,afternoon,7,238,0.8245318054648726
601728,60,afternoon,8,221,0.7402068531630841
601728,60,afternoon,9,662,2.4611796531612704
601857,60,morning,0,187,-4.403697988423097
601857,60,morning,1,172,-2.4300363188931735
601857,60,morning,2,317,-2.284782415653307
601857,60,morning,3,282,-0.3216809506965928
601857,60,morning,4,194,-0.45279119482973884
601857,60,morning,5,171,2.541366601050405
601857,60,morning,6,315,1.1131386581891924
601857,60,morning,7,247,-1.1297129108570156
601857,60,morning,8,225,0.2092197219584079
601857,60,morning,9,266,1.2323166911004906
601857,60,afternoon,0,299,-1.963076903421482
601857,60,afternoon,1,198,-2.092298084742414
601857,60,afternoon,2,189,-2.04563332183174
601857,60,afternoon,3,138,-0.4372456722138602
601857,60,afternoon,4,158,-2.0911845830433724
601857,60,afternoon,5,221,-0.5886141663717052
601857,60,afternoon,6,241,0.8940258429857246
601857,60,afternoon,7,253,2.453459179749019
601857,60,afternoon,8,262,1.8173475556315826
601857,60,afternoon,9,361,3.2576396427253824
601888,60,morning,0,281,0.4884592522029324
601888,60,morning,1,216,-0.37932850458152756
601888,60,morning,2,198,0.8608992937956285
601888,60,morning,3,210,0.780266440331647
601888,60,morning,4,216,-0.14327364993704686
601888,60,morning,5,235,0.2261922815323492
601888,60,morning,6,241,0.5547056262710148
601888,60,morning,7,226,0.4773338503998972
601888,60,morning,8,257,0.14038872812283357
601888,60,morning,9,283,0.8883281951141201
601888,60,afternoon,0,227,-0.9781957777229278
601888,60,afternoon,1,176,-0.7073987043069617
601888,60,afternoon,2,182,-0.5207927414839054
601888,60,afternoon,3,162,0.12457877397775845
601888,60,afternoon,4,192,-0.9030905711869078
601888,60,afternoon,5,270,0.03615493852607801
601888,60,afternoon,6,234,0.6189653244684638
601888,60,afternoon,7,230,-0.16162454426811868
601888,60,afternoon,8,257,0.8207739222142622
601888,60,afternoon,9,383,0.14551686768049754
601899,60,morning,0,156,-1.5125231463485151
601899,60,morning,1,152,-1.9408827182042376
601899,60,morning,2,201,0.2349737728387993
601899,60,morning,3,220,-0.69286854099615
601899,60,morning,4,257,-0.5280121403921574
601899,60,morning,5,243,-2.104981088645182
601899,60,morning,6,237,-0.15847672017845646
601899,60,morning,7,300,-0.7225348273414811
601899,60,morning,8,280,0.8201386914683013
601899,60,morning,9,334,0.38557793440868154
601899,60,afternoon,0,108,-1.2644674769279372
601899,60,afternoon,1,108,0.10276116021612494
601899,60,afternoon,2,182,-2.077459979443209
601899,60,afternoon,3,230,-1.2436517117443087
601899,60,afternoon,4,206,-0.0376488618873293
601899,60,afternoon,5,288,0.5372465238943335
601899,60,afternoon,6,271,-0.48061649524561256
601899,60,afternoon,7,362,0.36521642045914504
601899,60,afternoon,8,300,-0.30029480716540957
601899,60,afternoon,9,265,1.0451144478517664
601919,60,morning,0,137,-3.3559251047022705
601919,60,morning,1,116,-2.5967661813519713
601919,60,morning,2,146,-2.001070644875017
601919,60,morning,3,189,-1.2570953794937556
601919,60,morning,4,249,-0.5444741351011602
601919,60,morning,5,325,1.0477993423634449
601919,60,morning,6,367,1.2925614767366218
601919,60,morning,7,303,0.37604766728707695
601919,60,morning,8,248,0.28533844358788923
601919,60,morning,9,296,0.2961028424164426
601919,60,afternoon,0,284,-2.053284034320346
601919,60,afternoon,1,198,-1.46247779483198
601919,60,afternoon,2,129,-0.021873276011259903
601919,60,afternoon,3,162,0.1531385774625504
601919,60,afternoon,4,138,-1.5240009543538602
601919,60,afternoon,5,270,0.16080738214509474
601919,60,afternoon,6,305,-1.1288814973663608
601919,60,afternoon,7,291,0.20042560064809722
601919,60,afternoon,8,295,0.5416696330594964
601919,60,afternoon,9,248,1.515901046894917
601988,60,morning,0,122,-3.9278595385262185
601988,60,morning,1,188,-5.1017682548787295
601988,60,morning,2,164,-1.0948081176956135
601988,60,morning,3,201,-0.6805690961766463
601988,60,morning,4,287,0.045353149438198063
601988,60,morning,5,366,0.12446629372072575
601988,60,morning,6,129,-1.5105057141230602
601988,60,morning,7,166,-2.287384085856975
601988,60,morning,8,362,0.34518580092827317
601988,60,morning,9,395,-1.3078945648029485
601988,60,afternoon,0,414,-3.819262347486056
601988,60,afternoon,1,315,-1.5450526092508703
601988,60,afternoon,2,221,-0.48131818710599833
601988,60,afternoon,3,267,1.538648749395482
601988,60,afternoon,4,269,1.1608880122352776
601988,60,afternoon,5,171,1.243977222368223
601988,60,afternoon,6,53,0.0
601988,60,afternoon,7,106,2.3009681938465905
601988,60,afternoon,8,198,1.7716341017748776
601988,60,afternoon,9,306,5.00409402486234
603019,60,morning,0,350,-2.217033442502122
603019,60,morning,1,237,-1.6795921555114701
603019,60,morning,2,186,-0.7527582289664759
603019,60,morning,3,202,-1.1009300421510109
603019,60,morning,4,164,-0.2329827715735078
603019,60,morning,5,202,0.1042059980968043
603019,60,morning,6,207,-0.6499899393461388
603019,60,morning,7,236,-0.8383938890576104
603019,60,morning,8,253,-0.9030837124626482
603019,60,morning,9,343,0.7747737062079619
603019,60,afternoon,0,240,-0.5907187397367758
603019,60,afternoon,1,232,-0.8448718856460976
603019,60,afternoon,2,211,-0.7313964825419819
603019,60,afternoon,3,186,-0.2821355431559139
603019,60,afternoon,4,212,-0.04133421780268448
603019,60,afternoon,5,223,-0.42788266488515747
603019,60,afternoon,6,221,-0.33499931109284875
603019,60,afternoon,7,211,-0.5689680590571243
603019,60,afternoon,8,252,-0.2795219367715364
603019,60,afternoon,9,332,-0.6537286382012149
603259,60,morning,0,317,1.281082938960646
603259,60,morning,1,212,1.8278067185783957
603259,60,morning,2,223,-0.09625115633043387
603259,60,morning,3,204,0.8792940221270726
603259,60,morning,4,116,-0.6839196291389517
603259,60,morning,5,271,-0.6014386535243976
603259,60,morning,6,240,0.5119383000691954
603259,60,morning,7,208,-2.00072739496869
603259,60,morning,8,284,-1.1919256434066259
603259,60,morning,9,305,-0.3275100770166417
603259,60,afternoon,0,254,0.5936775687123543
603259,60,afternoon,1,213,0.5931037749257628
603259,60,afternoon,2,238,0.3934461433334468
603259,60,afternoon,3,180,-0.19538692156367224
603259,60,afternoon,4,165,0.11793525277267143
603259,60,afternoon,5,283,0.21159450587673453
603259,60,afternoon,6,237,0.8458450151092052
603259,60,afternoon,7,223,1.0265239414699012
603259,60,afternoon,8,280,0.251019007050415
603259,60,afternoon,9,247,0.5224776177303521
603501,60,morning,0,191,-1.0525595560620167
603501,60,morning,1,181,-0.6825719205549311
603501,60,morning,2,182,-1.0421033681077847
603501,60,morning,3,198,0.053696171433047744
603501,60,morning,4,186,1.039331223021731
603501,60,morning,5,258,0.4068213522136671
603501,60,morning,6,236,0.005837495477349373
603501,60,morning,7,223,-1.002761270939831
603501,60,morning,8,333,0.28308770218118084
603501,60,morning,9,388,0.43251649478725834
603501,60,afternoon,0,170,-0.0981793585110204
603501,60,afternoon,1,199,0.04505039376933861
603501,60,afternoon,2,246,-0.44631801368157514
603501,60,afternoon,3,185,-0.9746800938750664
603501,60,afternoon,4,187,-0.8701479328901374
603501,60,afternoon,5,246,-0.25072307968795426
603501,60,afternoon,6,218,0.4967563162039951
603501,60,afternoon,7,234,0.9923769326139215
603501,60,afternoon,8,310,-0.05190229410834488
603501,60,afternoon,9,322,0.3912474182867727
603986,60,morning,0,356,-0.6216353924008665
603986,60,morning,1,213,0.31939763243998137
603986,60,morning,2,243,-2.372320158178647
603986,60,morning,3,190,-0.1317792451825832
603986,60,morning,4,130,-2.516009158544091
603986,60,morning,5,301,-2.0542929449923992
603986,60,morning,6,230,-1.556777735019282
603986,60,morning,7,168,-1.0098286225747326
603986,60,morning,8,262,-1.325677261326226
603986,60,morning,9,287,-1.9877413824086692
603986,60,afternoon,0,199,-0.6297932639020729
603986,60,afternoon,1,182,-0.2122888493778984
603986,60,afternoon,2,215,-0.06453048795588041
603986,60,afternoon,3,196,-0.28623162893843834
603986,60,afternoon,4,139,0.4553815913173581
603986,60,afternoon,5,325,-0.17449680519838406
603986,60,afternoon,6,275,-0.371312345789657
603986,60,afternoon,7,214,-0.28075586220564497
603986,60,afternoon,8,292,-0.3450881527578682
603986,60,afternoon,9,283,-0.17433870809868796
603993,60,morning,0,371,-2.2511395264032608
603993,60,morning,1,242,-1.5788884441023225
603993,60,morning,2,194,-2.5887149503292433
603993,60,morning,3,198,-1.9375835547211424
603993,60,morning,4,168,-2.981999279218746
603993,60,morning,5,187,-2.835337447447291
603993,60,morning,6,142,-1.4813396977929778
603993,60,morning,7,205,-0.62353760909357
603993,60,morning,8,240,-0.10612088497387782
603993,60,morning,9,433,1.1798929992142821
603993,60,afternoon,0,225,-2.134852954939169
603993,60,afternoon,1,302,-0.3105469764857453
603993,60,afternoon,2,278,-1.8177280657015014
603993,60,afternoon,3,270,-0.4756262087227803
603993,60,afternoon,4,229,0.08607760847953166
603993,60,afternoon,5,248,-0.22795414967727487
603993,60,afternoon,6,257,0.38643896814045964
603993,60,afternoon,7,158,0.4860659738018426
603993,60,afternoon,8,172,1.4011767041535856
603993,60,afternoon,9,181,2.0059114613536417
688008,60,morning,0,274,4.111717510356863
688008,60,morning,1,244,0.822933650558413
688008,60,morning,2,256,-0.4140331415260301
688008,60,morning,3,220,-0.4828475886682642
688008,60,morning,4,206,-2.9015626057644974
688008,60,morning,5,236,-1.7296800677413475
688008,60,morning,6,214,0.20257141826305267
688008,60,morning,7,220,0.14737867137941266
688008,60,morning,8,255,-1.1935224056167428
688008,60,morning,9,255,-1.280765049544047
688008,60,afternoon,0,299,-0.39460832881026586
688008,60,afternoon,1,264,-0.7680758696095951
688008,60,afternoon,2,210,-0.30719802461214624
688008,60,afternoon,3,234,0.4587039121347814
688008,60,afternoon,4,199,-0.9597439149106687
688008,60,afternoon,5,205,-1.2630915849184814
688008,60,afternoon,6,202,-0.06966540208643371
688008,60,afternoon,7,222,-1.1820697451123807
688008,60,afternoon,8,228,-0.20395572805319306
688008,60,afternoon,9,257,-0.36347162395017363
688012,60,morning,0,228,-0.18062626845316843
688012,60,morning,1,279,0.19217954066729337
688012,60,morning,2,268,-0.21557719621879534
688012,60,morning,3,249,-0.6443026879609579
688012,60,morning,4,219,-0.8565763604192768
688012,60,morning,5,343,-1.1463534098183974
688012,60,morning,6,235,0.23138447338182888
688012,60,morning,7,209,1.1623963116702503
688012,60,morning,8,197,-1.0309929559374877
688012,60,morning,9,153,-2.0701265894221623
688012,60,afternoon,0,245,-0.3531501586867298
688012,60,afternoon,1,264,-0.46397076289793715
688012,60,afternoon,2,258,-1.0501619098842834
688012,60,afternoon,3,224,0.1994081766445998
688012,60,afternoon,4,207,0.34068326137657484
688012,60,afternoon,5,300,0.3989189860636084
688012,60,afternoon,6,218,-0.5304488499612181
688012,60,afternoon,7,243,0.9961794472024095
688012,60,afternoon,8,204,1.00988201454251
688012,60,afternoon,9,157,0.8487628433087502
688041,60,morning,0,250,-2.25596768103272
688041,60,morning,1,264,0.3703115689121766
688041,60,morning,2,228,-0.9640416202471452
688041,60,morning,3,220,-3.028020046655296
688041,60,morning,4,230,-1.3558987912386766
688041,60,morning,5,269,-0.9939422916159251
688041,60,morning,6,226,-0.440290674434751
688041,60,morning,7,230,-1.3589104663947493
688041,60,morning,8,245,-0.1549036346524529
688041,60,morning,9,218,0.5332119660226521
688041,60,afternoon,0,233,-0.6644105082331675
688041,60,afternoon,1,206,-1.7937559558073086
688041,60,afternoon,2,231,-1.0213768577434685
688041,60,afternoon,3,212,-1.7986018505743133
688041,60,afternoon,4,229,-0.8501655630732589
688041,60,afternoon,5,264,-0.5439815060814728
688041,60,afternoon,6,234,-1.0038804498599136
688041,60,afternoon,7,239,-0.9085610129561965
688041,60,afternoon,8,229,-0.7599082811577542
688041,60,afternoon,9,243,0.4017821938093042
688111,60,morning,0,226,-1.0546061596719631
688111,60,morning,1,225,-0.004216639151853627
688111,60,morning,2,179,-1.7610380807570079
688111,60,morning,3,213,-1.514563238181679
688111,60,morning,4,248,-2.066699756976694
688111,60,morning,5,243,0.2672703451064611
688111,60,morning,6,227,-0.6309750826572462
688111,60,morning,7,281,-0.5440212910680003
688111,60,morning,8,280,0.19806758849881742
688111,60,morning,9,231,-0.18984714717862244
688111,60,afternoon,0,189,-0.31428980319349525
688111,60,afternoon,1,222,-0.6130453266383223
688111,60,afternoon,2,178,-0.26206716825842036
688111,60,afternoon,3,172,-0.10182899125097426
688111,60,afternoon,4,187,-0.43881159578136136
688111,60,afternoon,5,213,-0.47617913300839554
688111,60,afternoon,6,223,0.13968224097278584
688111,60,afternoon,7,269,-0.39892788523523076
688111,60,afternoon,8,333,-0.149569165981478
688111,60,afternoon,9,287,1.012770974504485
688256,60,morning,0,171,1.6226887713863904
688256,60,morning,1,203,-0.972233097831287
688256,60,morning,2,229,0.24352986245224892
688256,60,morning,3,262,-0.33921136475239866
688256,60,morning,4,234,-0.9983957161669269
688256,60,morning,5,365,-1.1538226432986192
688256,60,morning,6,255,-2.419805208322116
688256,60,morning,7,240,-0.38306054399469647
688256,60,morning,8,226,0.5016431135656841
688256,60,morning,9,194,-0.1515211001512869
688256,60,afternoon,0,205,-1.229787686520113
688256,60,afternoon,1,274,-0.73854037295035
688256,60,afternoon,2,254,-1.6556040472132323
688256,60,afternoon,3,231,-0.7369875500449604
688256,60,afternoon,4,217,-1.6389232260963982
688256,60,afternoon,5,264,-0.4488299515722122
688256,60,afternoon,6,194,-1.2540301285551378
688256,60,afternoon,7,200,-1.281524684652663
688256,60,afternoon,8,219,-0.4346296589755214
688256,60,afternoon,9,260,2.3774242597902795
688981,60,morning,0,352,-2.286220662581987
688981,60,morning,1,254,-0.5730128910680277
688981,60,morning,2,226,-0.9143308552118963
688981,60,morning,3,219,-1.097877822741437
688981,60,morning,4,178,1.864291533232852
688981,60,morning,5,195,1.3475819981328594
688981,60,morning,6,206,-0.7072562703092895
688981,60,morning,7,211,-0.30930560581367383
688981,60,morning,8,243,-0.5168672609280458
688981,60,morning,9,296,1.419410169186427
688981,60,afternoon,0,390,-0.07701470912299602
688981,60,afternoon,1,266,-0.8580142398612004
688981,60,afternoon,2,223,-0.1503409246446805
688981,60,afternoon,3,215,0.0666580251819015
688981,60,afternoon,4,212,0.3208498266728334
688981,60,afternoon,5,204,0.8074869837282176
688981,60,afternoon,6,191,0.013068800509017783
688981,60,afternoon,7,193,-0.44430611266391284
688981,60,afternoon,8,215,-0.3620954892282551
688981,60,afternoon,9,210,0.5211095979859766
600028,300,morning,0,136,-21.623635839154424
600028,300,morning,1,118,-17.196202501959572
600028,300,morning,2,231,-8.995310475695748
600028,300,morning,3,416,1.0914521560513988
600028,300,morning,4,217,11.25709354193267
600028,300,morning,5,196,4.460123698670862
600028,300,morning,6,407,6.2316232008213035
600028,300,morning,7,148,2.807783493263032
600028,300,morning,8,215,-3.27394195480727
600028,300,morning,9,215,1.9410212591365354
600028,300,afternoon,0,93,-2.2204605617456403
600028,300,afternoon,1,106,-0.5301544990887334
600028,300,afternoon,2,368,-0.5628776066088269
600028,300,afternoon,3,260,1.5219648313967542
600028,300,afternoon,4,371,-0.3563343958939664
600028,300,afternoon,5,318,-3.3846199570668114
600028,300,afternoon,6,262,-0.1925986113461791
600028,300,afternoon,7,307,-20.244856083562336
600028,300,afternoon,8,126,6.355624413205742
600028,300,afternoon,9,29,5.244273416524512
600030,300,morning,0,235,-1.5784389272228032
600030,300,morning,1,157,-2.548098835381473
600030,300,morning,2,169,-2.530605553909649
600030,300,morning,3,248,-1.0967869951732863
600030,300,morning,4,190,-2.002492219039137
600030,300,morning,5,213,-0.8392269462210965
600030,300,morning,6,207,-1.24523077586203
600030,300,morning,7,316,-0.851810207873591
600030,300,morning,8,278,-0.2556484839235468
600030,300,morning,9,286,-1.9910523128975943
600030,300,afternoon,0,285,-1.4841145676003051
600030,300,afternoon,1,182,-0.2636339646730581
600030,300,afternoon,2,187,-2.1641302349311
600030,300,afternoon,3,253,0.07704932149240652
600030,300,afternoon,4,244,0.24682938864735418
600030,300,afternoon,5,248,2.888157735891565
600030,300,afternoon,6,201,0.12190424864362671
600030,300,afternoon,7,202,-0.23876626826188554
600030,300,afternoon,8,175,0.494800001268419
600030,300,afternoon,9,263,1.6146227795641392
600031,300,morning,0,168,-1.1275385305273073
600031,300,morning,1,118,2.3145873315221204
600031,300,morning,2,160,2.573923880002584
600031,300,morning,3,170,-2.07419831958753
600031,300,morning,4,298,-4.341735547968341
600031,300,morning,5,409,-3.230385115588544
600031,300,morning,6,302,4.830839999100128
600031,300,morning,7,242,4.922850331725065
600031,300,morning,8,205,0.37367611790665894
600031,300,morning,9,228,1.2659167242860985
600031,300,afternoon,0,103,-8.022392625607571
600031,300,afternoon,1,113,-4.6149057486972955
600031,300,afternoon,2,113,-8.388658676184372
600031,300,afternoon,3,187,-7.259992206164741
600031,300,afternoon,4,237,-9.948887827150788
600031,300,afternoon,5,253,-9.765749718954646
600031,300,afternoon,6,321,-8.075171423199505
600031,300,afternoon,7,331,-2.431892068233108
600031,300,afternoon,8,324,2.4829337219662526
600031,300,afternoon,9,258,-0.351273556149436
600036,300,morning,0,366,-0.10281376253066224
600036,300,morning,1,239,-1.165301350983494
600036,300,morning,2,208,-1.4415266568805005
600036,300,morning,3,205,-0.9175818704852658
600036,300,morning,4,250,-2.7667630437734387
600036,300,morning,5,268,-3.184171561872787
600036,300,morning,6,220,-0.7392130575287607
600036,300,morning,7,156,0.5872829938824857
600036,300,morning,8,169,2.1355502006227014
600036,300,morning,9,218,0.3639749247887157
600036,300,afternoon,0,293,-1.1477816283638569
600036,300,afternoon,1,159,-0.9186310795716577
600036,300,afternoon,2,196,-1.4343725815341382
600036,300,afternoon,3,216,-0.411007868549646
600036,300,afternoon,4,206,-0.6361616057056915
600036,300,afternoon,5,233,-0.39798050074224495
600036,300,afternoon,6,215,0.12953977943545314
600036,300,afternoon,7,241,-0.4348579664721923
600036,300,afternoon,8,200,-0.17231623379141411
600036,300,afternoon,9,281,-0.5742658081149162
600050,300,morning,0,139,-14.211290869296818
600050,300,morning,1,150,-10.778911340309074
600050,300,morning,2,128,-2.605047339162914
600050,300,morning,3,27,-9.7075095758476
600050,300,morning,4,97,0.4979565005224762
600050,300,morning,5,110,12.375135120985119
600050,300,morning,6,108,-6.838135142194111
600050,300,morning,7,115,-2.992634488167059
600050,300,morning,8,909,4.468531935270492
600050,300,morning,9,510,2.739540063123047
600050,300,afternoon,0,7,-23.894840143331432
600050,300,afternoon,1,225,-13.37452840889886
600050,300,afternoon,2,31,-15.379277361516145
600050,300,afternoon,3,12,0.0
600050,300,afternoon,4,33,0.0
600050,300,afternoon,5,60,0.0
600050,300,afternoon,6,195,-2.328215193452806
600050,300,afternoon,7,376,-2.256067556105581
600050,300,afternoon,8,564,0.04246821496356074
600050,300,afternoon,9,731,1.9823539213650545
600089,300,morning,0,196,0.3536030302939598
600089,300,morning,1,177,-4.2419555836193465
600089,300,morning,2,253,-5.978481301307421
600089,300,morning,3,240,-5.370759137069026
600089,300,morning,4,260,-2.024836556217341
600089,300,morning,5,211,-2.0245842536903895
600089,300,morning,6,334,0.9817907907842143
600089,300,morning,7,245,0.2538284955166764
600089,300,morning,8,168,-1.098975153556084
600089,300,morning,9,213,0.5235772593710074
600089,300,afternoon,0,384,0.11256043663184141
600089,300,afternoon,1,279,-0.36442098260350575
600089,300,afternoon,2,239,-0.3679162485194052
600089,300,afternoon,3,244,1.6690964068705456
600089,300,afternoon,4,203,1.7195929487000292
600089,300,afternoon,5,205,0.041009548988359804
600089,300,afternoon,6,164,-0.5388384856494646
600089,300,afternoon,7,183,0.4540928994292845
600089,300,afternoon,8,124,-0.08908698690246467
600089,300,afternoon,9,214,-0.3497940380111808
600111,300,morning,0,257,-4.577797250368318
600111,300,morning,1,210,-3.8421329405052354
600111,300,morning,2,191,-4.265448568515186
600111,300,morning,3,221,-5.051659216888291
600111,300,morning,4,206,-4.581106950180509
600111,300,morning,5,212,-3.3729513826174746
600111,300,morning,6,200,-1.030870467550221
600111,300,morning,7,202,-1.7931096074842874
600111,300,morning,8,256,-0.27400412432544197
600111,300,morning,9,345,-0.5420804111299741
600111,300,afternoon,0,159,-0.16640376596074022
600111,300,afternoon,1,142,-1.3795546344042555
600111,300,afternoon,2,102,-0.3771676028281193
600111,300,afternoon,3,129,0.08451919292189927
600111,300,afternoon,4,94,1.109110949451589
600111,300,afternoon,5,152,0.6957122988290364
600111,300,afternoon,6,228,-1.1925404960241368
600111,300,afternoon,7,289,-1.065647685874254
600111,300,afternoon,8,379,-1.2279097349156733
600111,300,afternoon,9,566,0.06255972561303141
600150,300,morning,0,343,-5.157512882983744
600150,300,morning,1,280,-9.253362519711294
600150,300,morning,2,252,-8.20097247199135
600150,300,morning,3,224,-4.733167182842707
600150,300,morning,4,219,-5.633033312388091
600150,300,morning,5,183,-9.536134493102837
600150,300,morning,6,193,-12.03772275207275
600150,300,morning,7,160,-8.25052821353911
600150,300,morning,8,166,-11.309979447545347
600150,300,morning,9,280,-8.41803298480114
600150,300,afternoon,0,284,-3.940915848633715
600150,300,afternoon,1,235,-3.8847264222428857
600150,300,afternoon,2,254,-2.7318187784310424
600150,300,afternoon,3,228,-1.9199681367452428
600150,300,afternoon,4,224,-3.1581415184628665
600150,300,afternoon,5,194,-2.095034948018842
600150,300,afternoon,6,197,-1.1283964065630265
600150,300,afternoon,7,203,-3.6774689053076237
600150,300,afternoon,8,196,-1.5851891018742692
600150,300,afternoon,9,225,-1.6373860952541304
600183,300,morning,0,356,-0.442667030569108
600183,300,morning,1,214,2.687802633017969
600183,300,morning,2,232,1.341238173181665
600183,300,morning,3,173,4.846302131516788
600183,300,morning,4,120,3.1384800767137184
600183,300,morning,5,234,4.61549372530205
600183,300,morning,6,205,-0.08277073514258818
600183,300,morning,7,180,2.9973996517560497
600183,300,morning,8,248,1.7327655251481298
600183,300,morning,9,338,-1.3771051467243052
600183,300,afternoon,0,352,-2.361774056725208
600183,300,afternoon,1,232,-3.236734537141906
600183,300,afternoon,2,196,-3.934344230306148
600183,300,afternoon,3,175,-1.2276022048690827
600183,300,afternoon,4,154,-2.297412905770802
600183,300,afternoon,5,207,-0.40567064722723134
600183,300,afternoon,6,196,-1.966267906324458
600183,300,afternoon,7,200,-1.0840220741196338
600183,300,afternoon,8,243,-0.6577555327266863
600183,300,afternoon,9,285,1.0662328344831593
600276,300,morning,0,295,-1.1418836917258304
600276,300,morning,1,155,2.3116243761751085
600276,300,morning,2,182,-1.4044448028458096
600276,300,morning,3,173,-2.0262392069202075
600276,300,morning,4,177,-0.2093752888192024
600276,300,morning,5,200,-0.7068331455936493
600276,300,morning,6,202,-2.8507126340791134
600276,300,morning,7,214,-1.8027369337556753
600276,300,morning,8,293,-1.2579663249239872
600276,300,morning,9,409,-0.0007213894683914889
600276,300,afternoon,0,258,-1.49686047786323
600276,300,afternoon,1,179,-1.1962737962008445
600276,300,afternoon,2,159,-0.9633774097737918
600276,300,afternoon,3,131,-2.1322585923787893
600276,300,afternoon,4,202,-1.184532151648306
600276,300,afternoon,5,255,0.8430276849268881
600276,300,afternoon,6,267,1.0885497162060385
600276,300,afternoon,7,238,1.1905216391011375
600276,300,afternoon,8,256,0.5958724483057839
600276,300,afternoon,9,295,2.1781573519669157
600309,300,morning,0,207,0.22575226036007942
600309,300,morning,1,169,2.4418119401801808
600309,300,morning,2,166,6.095093766852409
600309,300,morning,3,180,0.9834069901579388
600309,300,morning,4,155,-0.454726519173241
600309,300,morning,5,235,-1.8230891551765305
600309,300,morning,6,195,6.526132560507857
600309,300,morning,7,268,4.3940191274520375
600309,300,morning,8,305,4.624805050534121
600309,300,morning,9,420,4.995877530096229
600309,300,afternoon,0,231,4.7356981873044335
600309,300,afternoon,1,195,5.896034052528499
600309,300,afternoon,2,185,2.0639720891464735
600309,300,afternoon,3,208,4.170949052111088
600309,300,afternoon,4,191,4.152016080033605
600309,300,afternoon,5,229,6.612022329015767
600309,300,afternoon,6,222,4.039478973619417
600309,300,afternoon,7,221,5.840134902760478
600309,300,afternoon,8,261,0.7175919819622438
600309,300,afternoon,9,297,1.858073156994942
600406,300,morning,0,275,1.4735443634073337
600406,300,morning,1,195,3.203036970675796
600406,300,morning,2,197,2.421918726776582
600406,300,morning,3,234,5.001017633294544
600406,300,morning,4,220,3.9696004745161915
600406,300,morning,5,257,4.080857880983305
600406,300,morning,6,149,3.363438385192831
600406,300,morning,7,198,3.205068021350502
600406,300,morning,8,211,1.4890971187602746
600406,300,morning,9,363,3.2891068924478977
600406,300,afternoon,0,302,2.2037154171004287
600406,300,afternoon,1,213,1.9480945815542254
600406,300,afternoon,2,292,2.221494607090609
600406,300,afternoon,3,294,-0.5952036756212662
600406,300,afternoon,4,226,1.8804769493231517
600406,300,afternoon,5,137,-0.3898271799580155
600406,300,afternoon,6,216,1.2952119203339048
600406,300,afternoon,7,158,1.8688766931711214
600406,300,afternoon,8,156,0.7613885627982818
600406,300,afternoon,9,244,2.118662855461264
600519,300,morning,0,97,5.069986681369195
600519,300,morning,1,134,-1.2529169113561318
600519,300,morning,2,285,-1.8116122515932283
600519,300,morning,3,265,-2.7765392942374962
600519,300,morning,4,112,1.1705110768117246
600519,300,morning,5,597,-1.5437967466736853
600519,300,morning,6,282,-2.1970342032363623
600519,300,morning,7,180,-2.6219592411312576
600519,300,morning,8,211,-0.3600124798946028
600519,300,morning,9,136,1.037347790534989
600519,300,afternoon,0,75,0.29911542403862806
600519,300,afternoon,1,153,-0.08639510478725206
600519,300,afternoon,2,233,0.20705434879309947
600519,300,afternoon,3,336,-0.15184116176441256
600519,300,afternoon,4,102,0.26694869261815335
600519,300,afternoon,5,560,-0.3812059739161298
600519,300,afternoon,6,298,-0.8148021598386495
600519,300,afternoon,7,135,-0.2473451852323415
600519,300,afternoon,8,198,0.4310333055143303
600519,300,afternoon,9,145,0.40542423960989815
600760,300,morning,0,260,-3.4130145935404435
600760,300,morning,1,181,-3.388105240182205
600760,300,morning,2,189,-4.767190394938393
600760,300,morning,3,218,-2.4193459316146404
600760,300,morning,4,168,1.9721181793732574
600760,300,morning,5,205,2.2107208342382147
600760,300,morning,6,224,1.7994669767292562
600760,300,morning,7,210,2.6522516024908036
600760,300,morning,8,327,-0.3147900771088422
600760,300,morning,9,291,-3.86084015414857
600760,300,afternoon,0,176,-4.863769213868221
600760,300,afternoon,1,133,-3.109392433388662
600760,300,afternoon,2,139,-2.682530643185977
600760,300,afternoon,3,137,-1.8822051208464565
600760,300,afternoon,4,171,-4.471081463578208
600760,300,afternoon,5,156,-2.5123357994132527
600760,300,afternoon,6,211,-2.501536734168425
600760,300,afternoon,7,278,-3.4962785170510755
600760,300,afternoon,8,418,-3.3722931407559944
600760,300,afternoon,9,353,-1.4066194836824788
600809,300,morning,0,190,2.866260916416512
600809,300,morning,1,166,7.01468371104379
600809,300,morning,2,231,4.970621941936239
600809,300,morning,3,166,7.645240455860262
600809,300,morning,4,146,5.994356768101267
600809,300,morning,5,285,5.84482673449423
600809,300,morning,6,238,4.851479265504003
600809,300,morning,7,219,3.6612537960638436
600809,300,morning,8,319,-0.1304077038065069
600809,300,morning,9,328,-0.0177839862122542
600809,300,afternoon,0,115,2.3444031669956225
600809,300,afternoon,1,128,2.8038038460851364
600809,300,afternoon,2,182,2.687519878346278
600809,300,afternoon,3,142,1.5896422148120586
600809,300,afternoon,4,138,-0.7434488226230903
600809,300,afternoon,5,293,1.6513801887511668
600809,300,afternoon,6,253,-1.293931380610697
600809,300,afternoon,7,292,2.7670273051284435
600809,300,afternoon,8,327,2.0264521288510866
600809,300,afternoon,9,340,-0.1478710700732931
600887,300,morning,0,261,0.14348661611167188
600887,300,morning,1,230,1.733514740258059
600887,300,morning,2,216,4.444874529668987
600887,300,morning,3,262,3.200876703969045
600887,300,morning,4,240,-0.28054344098911926
600887,300,morning,5,193,4.218356937885352
600887,300,morning,6,216,2.7125263011961036
600887,300,morning,7,209,3.8895343862470004
600887,300,morning,8,205,2.935371688628187
600887,300,morning,9,266,3.4650789255410377
600887,300,afternoon,0,110,-0.8890082244200931
600887,300,afternoon,1,136,0.8484531713674993
600887,300,afternoon,2,172,-1.6262219893849605
600887,300,afternoon,3,164,-0.2002336107203248
600887,300,afternoon,4,262,-1.4561154191945769
600887,300,afternoon,5,238,-0.27045085864497165
600887,300,afternoon,6,190,1.3418063958056228
600887,300,afternoon,7,229,1.777876400837512
600887,300,afternoon,8,317,0.535614536144279
600887,300,afternoon,9,421,0.012848075771527103
600900,300,morning,0,149,-1.8879235896409994
600900,300,morning,1,183,0.15121467499619012
600900,300,morning,2,172,-0.6482659200925789
600900,300,morning,3,153,-0.9994637671458144
600900,300,morning,4,228,-0.4590992089540421
600900,300,morning,5,246,0.05221770381992735
600900,300,morning,6,206,-0.30998397697583047
600900,300,morning,7,282,1.5200664281012
600900,300,morning,8,274,1.0888840310698251
600900,300,morning,9,407,0.8521043556614841
600900,300,afternoon,0,529,-0.9186975178355847
600900,300,afternoon,1,279,-0.8410674235241705
600900,300,afternoon,2,202,2.2582995090412137
600900,300,afternoon,3,222,1.4851791760845685
600900,300,afternoon,4,248,1.0990237025753742
600900,300,afternoon,5,176,2.1458946242519334
600900,300,afternoon,6,137,1.66480303669391
600900,300,afternoon,7,148,1.9272714181286392
600900,300,afternoon,8,93,1.3417630617822751
600900,300,afternoon,9,206,2.959292445255444
600930,300,morning,0,23,0.0
600930,300,morning,1,68,0.0
600930,300,morning,2,24,-1.0588723322453586
600930,300,morning,3,133,-9.36266062195896
600930,300,morning,4,399,-5.3500917839765485
600930,300,morning,5,209,-2.5528364564542265
600930,300,morning,6,63,-15.71444007583927
600930,300,morning,7,797,-3.5787606044203986
600930,300,morning,8,403,4.1731646569263185
600930,300,morning,9,180,11.889585047504408
600930,300,afternoon,0,123,-19.105153278935813
600930,300,afternoon,1,28,-25.542759275098973
600930,300,afternoon,2,12,-25.54275927509897
600930,300,afternoon,5,1,-25.54275927509897
600930,300,afternoon,6,11,-23.220690250089973
600930,300,afternoon,7,924,-2.405000061616461
600930,300,afternoon,8,632,2.0664820410125087
600930,300,afternoon,9,507,3.9902276112338066
601012,300,morning,0,233,3.812609252220276
601012,300,morning,1,213,6.370613347452299
601012,300,morning,2,211,8.231565976639834
601012,300,morning,3,205,2.3926342110285597
601012,300,morning,4,237,4.722467789814292
601012,300,morning,5,313,0.5969451106090816
601012,300,morning,6,269,4.225324971226439
601012,300,morning,7,177,3.7242971267329943
601012,300,morning,8,216,1.1066632017378877
601012,300,morning,9,226,2.49671940497998
601012,300,afternoon,0,96,-7.978109600427115
601012,300,afternoon,1,142,-4.227896986095412
601012,300,afternoon,2,188,-5.797914747639253
601012,300,afternoon,3,200,-5.036468193263621
601012,300,afternoon,4,225,-6.09598034662545
601012,300,afternoon,5,360,-1.8404626916280284
601012,300,afternoon,6,288,0.0037176635610992725
601012,300,afternoon,7,425,0.21868641080796458
601012,300,afternoon,8,190,-0.4553085225238509
601012,300,afternoon,9,126,-2.688950599440921
601088,300,morning,0,190,-3.9874521611254927
601088,300,morning,1,170,-2.9660090026972257
601088,300,morning,2,198,-2.0360869413745504
601088,300,morning,3,182,-4.374644825234172
601088,300,morning,4,187,-1.6051614807092391
601088,300,morning,5,218,-2.6246262345643427
601088,300,morning,6,209,-2.9830347138050426
601088,300,morning,7,252,-1.7296847898489096
601088,300,morning,8,310,-2.00777632959439
601088,300,morning,9,381,-2.5487678440539794
601088,300,afternoon,0,172,-0.4267500389578849
601088,300,afternoon,1,161,0.11497385007192516
601088,300,afternoon,2,170,0.28901603886677396
601088,300,afternoon,3,157,1.4450592081596667
601088,300,afternoon,4,207,0.14753464660799845
601088,300,afternoon,5,242,-1.585810515875269
601088,300,afternoon,6,246,-1.1566862630270631
601088,300,afternoon,7,218,-1.388029923000633
601088,300,afternoon,8,288,-1.157306599625316
601088,300,afternoon,9,374,-0.5543135845375955
601127,300,morning,0,239,-3.1049978921633716
601127,300,morning,1,177,-2.833431744363871
601127,300,morning,2,206,-4.258215641634942
601127,300,morning,3,185,-1.46543577070584
601127,300,morning,4,199,3.8335330152101252
601127,300,morning,5,208,-2.6085037681687946
601127,300,morning,6,212,-3.2034483890085665
601127,300,morning,7,251,-0.6377068378857592
601127,300,morning,8,294,-2.4734971325239163
601127,300,morning,9,326,-2.3514006393594764
601127,300,afternoon,0,212,-1.9918129962708786
601127,300,afternoon,1,214,-3.022667957130833
601127,300,afternoon,2,220,-2.946405104076571
601127,300,afternoon,3,191,-0.7694013182986846
601127,300,afternoon,4,157,-2.5725984127981234
601127,300,afternoon,5,198,-3.026743860890967
601127,300,afternoon,6,193,-1.26072013946855
601127,300,afternoon,7,235,0.11924034669057261
601127,300,afternoon,8,294,-0.17531054002875424
601127,300,afternoon,9,321,0.9646022199892688
601166,300,morning,0,225,-0.4157100588448522
601166,300,morning,1,348,-1.7584988282507286
601166,300,morning,2,467,-0.9459018411289403
601166,300,morning,3,293,-2.817411562613608
601166,300,morning,4,254,1.6687329452904331
601166,300,morning,5,289,1.7209954441351405
601166,300,morning,6,156,4.435401196355622
601166,300,morning,7,100,7.640910573132744
601166,300,morning,8,84,8.863769033641132
601166,300,morning,9,81,12.104267657839113
601166,300,afternoon,0,202,-3.6393643187270794
601166,300,afternoon,1,201,-0.639800186802679
601166,300,afternoon,2,75,-0.6696920678709676
601166,300,afternoon,3,67,1.586242786674335
601166,300,afternoon,4,204,1.4123908074896412
601166,300,afternoon,5,298,-2.784896166221974
601166,300,afternoon,6,204,-1.7526366136597953
601166,300,afternoon,7,250,-0.6480002117422059
601166,300,afternoon,8,256,0.6549550521750674
601166,300,afternoon,9,478,2.845199120149434
601211,300,morning,0,242,-1.330331115717234
601211,300,morning,1,229,-2.311669919323187
601211,300,morning,2,264,-1.1059943223436401
601211,300,morning,3,242,-2.805787877720562
601211,300,morning,4,247,-3.146683211613157
601211,300,morning,5,279,-0.05576155511555219
601211,300,morning,6,251,1.0889020301124817
601211,300,morning,7,166,-0.19724321372359863
601211,300,morning,8,141,2.1153977695086748
601211,300,morning,9,225,2.5197195729576656
601211,300,afternoon,0,313,-0.3998909853754761
601211,300,afternoon,1,208,0.6023580122147789
601211,300,afternoon,2,249,0.1656399697147881
601211,300,afternoon,3,259,1.2312767189410323
601211,300,afternoon,4,210,-0.798506901231263
601211,300,afternoon,5,213,-0.6994679011883154
601211,300,afternoon,6,280,1.8036352864056158
601211,300,afternoon,7,193,-4.235831410131602
601211,300,afternoon,8,181,-3.038941244741983
601211,300,afternoon,9,127,-3.194417120376623
601288,300,morning,0,102,-20.19729461323571
601288,300,morning,1,65,-17.47057716549163
601288,300,morning,2,37,-25.171339813594546
601288,300,morning,3,72,-17.395893137381034
601288,300,morning,4,96,-22.087529190915856
601288,300,morning,5,149,-11.28858611196232
601288,300,morning,6,215,-5.187476084088628
601288,300,morning,7,448,-1.648893301673678
601288,300,morning,8,562,-4.645136427364208
601288,300,morning,9,554,2.304878355788574
601288,300,afternoon,0,58,1.7419127754872514
601288,300,afternoon,1,54,4.888380913136126
601288,300,afternoon,2,370,-4.945245601487533
601288,300,afternoon,3,365,3.8639440270289667
601288,300,afternoon,4,514,1.6317933997066822
601288,300,afternoon,5,213,6.293309098389706
601288,300,afternoon,6,166,12.68247980914056
601288,300,afternoon,7,222,-0.002427315970222636
601288,300,afternoon,8,159,5.095629009387925
601288,300,afternoon,9,119,11.512288308056926
601318,300,morning,0,295,-1.4335474795803662
601318,300,morning,1,262,-1.290869954137625
601318,300,morning,2,242,-0.591338505426749
601318,300,morning,3,222,-0.4455286028435624
601318,300,morning,4,218,-1.0636158937016968
601318,300,morning,5,244,0.9723412392229388
601318,300,morning,6,183,0.6935813794316353
601318,300,morning,7,183,-0.5640730352879528
601318,300,morning,8,215,0.6866612922016497
601318,300,morning,9,236,0.49107646468594984
601318,300,afternoon,0,256,-2.005895441493581
601318,300,afternoon,1,151,-1.198973800466933
601318,300,afternoon,2,177,-1.2674571690427354
601318,300,afternoon,3,177,-0.15221797174080642
601318,300,afternoon,4,194,-2.641752143928568
601318,300,afternoon,5,228,-1.8556818231245948
601318,300,afternoon,6,218,-2.2302857273827907
601318,300,afternoon,7,222,-2.9277993741912756
601318,300,afternoon,8,278,-3.4266733871348327
601318,300,afternoon,9,339,-1.4607861089677774
601328,300,morning,0,171,-5.740320199162576
601328,300,morning,1,249,-2.907021875279396
601328,300,morning,2,194,-0.7409106972359237
601328,300,morning,3,185,-1.480131045682663
601328,300,morning,4,220,-2.0307841634155057
601328,300,morning,5,226,1.7033271238388847
601328,300,morning,6,189,-3.9849122755478947
601328,300,morning,7,217,-0.43718817274818045
601328,300,morning,8,340,1.1713476872219608
601328,300,morning,9,307,-0.8462211439003723
601328,300,afternoon,0,401,-2.3838610870829338
601328,300,afternoon,1,202,-5.580927271577874
601328,300,afternoon,2,231,-3.8431750101015516
601328,300,afternoon,3,179,0.7466006338608951
601328,300,afternoon,4,88,4.386977472891301
601328,300,afternoon,5,83,0.7230949150930512
601328,300,afternoon,6,116,-3.2654299941053093
601328,300,afternoon,7,132,0.6019060333121611
601328,300,afternoon,8,232,4.413713709003901
601328,300,afternoon,9,570,7.53656311596872
601398,300,morning,0,124,-15.811319399338833
601398,300,morning,1,76,-15.758177678762095
601398,300,morning,2,122,-6.83529124891271
601398,300,morning,3,119,-6.023186487555115
601398,300,morning,4,174,-3.5351542897624175
601398,300,morning,5,246,2.027430562438838
601398,300,morning,6,402,-1.3188059310054647
601398,300,morning,7,322,-1.8198359086615428
601398,300,morning,8,321,2.988588239798307
601398,300,morning,9,394,1.25013170291953
601398,300,afternoon,0,142,-3.4821347617480876
601398,300,afternoon,1,206,-0.057184689796369675
601398,300,afternoon,2,214,-0.7496750576148156
601398,300,afternoon,3,343,-0.5209067645556531
601398,300,afternoon,4,195,-1.7730891404987965
601398,300,afternoon,5,269,4.323973029993488
601398,300,afternoon,6,44,1.6928604208255797
601398,300,afternoon,7,88,4.082876916630295
601398,300,afternoon,8,194,1.282626695744221
601398,300,afternoon,9,545,4.504244916434161
601600,300,morning,0,135,-24.925469724655485
601600,300,morning,1,51,-21.331670496846595
601600,300,morning,2,53,-23.351119061437842
601600,300,morning,3,69,-21.290226346682434
601600,300,morning,4,92,-12.727148109158039
601600,300,morning,5,120,-15.16188752003983
601600,300,morning,6,296,-5.007817673554968
601600,300,morning,7,284,-11.49395487665844
601600,300,morning,8,412,-7.181863199082737
601600,300,morning,9,788,-3.721127477774517
601600,300,afternoon,0,172,-3.308624043515887
601600,300,afternoon,1,94,-3.377942827574179
601600,300,afternoon,2,93,-6.947235457668577
601600,300,afternoon,3,176,-3.078817889659233
601600,300,afternoon,4,184,-3.5113889191634353
601600,300,afternoon,5,112,-3.5197232528212163
601600,300,afternoon,6,178,-1.7520298810633375
601600,300,afternoon,7,239,-3.5290444106230674
601600,300,afternoon,8,159,-3.9962276473718434
601600,300,afternoon,9,833,5.011893826215801
601601,300,morning,0,198,-2.518491652663156
601601,300,morning,1,188,-3.1756584292221386
601601,300,morning,2,187,-0.4065351429752121
601601,300,morning,3,224,-0.945470907576483
601601,300,morning,4,226,-1.1103765897089968
601601,300,morning,5,210,-1.4586843691369287
601601,300,morning,6,244,-2.0057822686313576
601601,300,morning,7,273,-2.2963466168863076
601601,300,morning,8,267,-0.0013007414199046508
601601,300,morning,9,275,-0.00839602522887307
601601,300,afternoon,0,135,-2.489839985106455
601601,300,afternoon,1,106,-3.2990034877786334
601601,300,afternoon,2,136,-4.670166614435158
601601,300,afternoon,3,141,-1.4777883166586376
601601,300,afternoon,4,209,-1.5999996125900884
601601,300,afternoon,5,239,-1.433612868727967
601601,300,afternoon,6,288,-2.359289082465218
601601,300,afternoon,7,302,-4.824754467130671
601601,300,afternoon,8,302,-2.594629218734571
601601,300,afternoon,9,382,-2.295170091208413
601628,300,morning,0,268,-1.3842510199842513
601628,300,morning,1,240,-1.2583588666340944
601628,300,morning,2,193,-2.2402505933662504
601628,300,morning,3,168,0.1959533229284394
601628,300,morning,4,178,-2.1210619225707017
601628,300,morning,5,227,-1.3878979176587938
601628,300,morning,6,202,3.2303330725288495
601628,300,morning,7,223,3.706580581575544
601628,300,morning,8,264,2.837245258962549
601628,300,morning,9,330,5.81301203084853
601628,300,afternoon,0,235,-0.7397079233118793
601628,300,afternoon,1,211,-1.5892525629445837
601628,300,afternoon,2,222,-0.8323400779620223
601628,300,afternoon,3,176,-0.6801501285990524
601628,300,afternoon,4,185,0.6206364093891504
601628,300,afternoon,5,168,-0.15050592376699853
601628,300,afternoon,6,196,-0.1686272277754713
601628,300,afternoon,7,209,-0.6218401021340954
601628,300,afternoon,8,255,-3.2684745728602693
601628,300,afternoon,9,376,-1.244106122549046
601658,300,morning,0,307,-1.6379202818409433
601658,300,morning,1,308,-3.4716109099826107
601658,300,morning,2,369,-0.5476761823889593
601658,300,morning,3,261,-0.12300161005802922
601658,300,morning,4,259,-1.137391671407717
601658,300,morning,5,201,-16.77665476984214
601658,300,morning,6,93,-12.02579637934148
601658,300,morning,7,184,6.153133562845255
601658,300,morning,8,149,8.691945238334673
601658,300,morning,9,161,8.243582347257789
601658,300,afternoon,0,161,-1.0495572770768162
601658,300,afternoon,1,134,-0.1401442137721256
601658,300,afternoon,2,454,0.0
601658,300,afternoon,3,113,0.4985661410300693
601658,300,afternoon,4,369,0.693597028853951
601658,300,afternoon,5,186,2.238282675894017
601658,300,afternoon,6,183,1.0263856781989833
601658,300,afternoon,7,156,1.3239566566946852
601658,300,afternoon,8,149,4.311368368204683
601658,300,afternoon,9,331,3.0069706040008914
601668,300,morning,0,184,-7.376293843018494
601668,300,morning,1,396,-1.6129761886857108
601668,300,morning,2,246,5.957648348355431
601668,300,morning,3,182,9.021655982226887
601668,300,morning,4,115,-0.969624363585044
601668,300,morning,5,313,4.403870034989641
601668,300,morning,6,557,-0.3202931459356818
601668,300,morning,7,67,7.925288483787574
601668,300,morning,8,89,19.026923655302767
601668,300,morning,9,151,11.206663204121725
601668,300,afternoon,0,2,-23.255822831905746
601668,300,afternoon,1,10,-4.6457562407378195
601668,300,afternoon,2,37,-20.13653142497072
601668,300,afternoon,3,452,-4.1193054745047775
601668,300,afternoon,4,297,-6.726179069081691
601668,300,afternoon,5,555,-5.2268926528555735
601668,300,afternoon,6,374,-1.4904723680002778
601668,300,afternoon,7,350,-0.38785459726008215
601668,300,afternoon,8,62,4.130830791312236
601668,300,afternoon,9,98,5.226765491048135
601688,300,morning,0,232,-3.30044416929057
601688,300,morning,1,126,-6.7333721364099075
601688,300,morning,2,169,-5.225463482717114
601688,300,morning,3,234,-5.284225079958206
601688,300,morning,4,254,-3.2003833539484594
601688,300,morning,5,292,-3.45394705944941
601688,300,morning,6,229,-4.050827893272019
601688,300,morning,7,202,-1.4380097410476966
601688,300,morning,8,294,-2.134532744810409
601688,300,morning,9,258,-1.906815116308863
601688,300,afternoon,0,173,-5.006221418293836
601688,300,afternoon,1,182,-4.0569431793913635
601688,300,afternoon,2,409,-2.1639735507286972
601688,300,afternoon,3,223,1.3219369283931028
601688,300,afternoon,4,310,1.6998069878327142
601688,300,afternoon,5,201,3.8564562038883405
601688,300,afternoon,6,351,1.252822640575973
601688,300,afternoon,7,175,0.6705586945857307
601688,300,afternoon,8,79,0.897315344269177
601688,300,afternoon,9,133,1.8867874777547997
601728,300,morning,0,172,4.543876680410727
601728,300,morning,1,205,2.7833056373340717
601728,300,morning,2,317,-3.9035218126627997
601728,300,morning,3,321,-6.1842449114416835
601728,300,morning,4,270,-0.05172075999642137
601728,300,morning,5,221,-1.0223817273233662
601728,300,morning,6,202,-4.912366570788913
601728,300,morning,7,188,4.571530211637041
601728,300,morning,8,188,7.223052731481634
601728,300,morning,9,208,17.708837944797253
601728,300,afternoon,0,226,-7.551866135321429
601728,300,afternoon,1,186,-12.659692090580982
601728,300,afternoon,2,158,-9.208410523783911
601728,300,afternoon,3,68,-0.2400958094419438
601728,300,afternoon,4,222,0.0
601728,300,afternoon,5,133,-3.068893804897026
601728,300,afternoon,6,157,-2.492922474978001
601728,300,afternoon,7,203,5.397366243818907
601728,300,afternoon,8,221,1.4099322414845494
601728,300,afternoon,9,662,3.0688046416952055
601857,300,morning,0,179,-10.49733170290814
601857,300,morning,1,168,-9.05127440009259
601857,300,morning,2,317,-7.195928449306361
601857,300,morning,3,282,-3.6156131997580667
601857,300,morning,4,194,-8.411638238972495
601857,300,morning,5,171,-1.9464778363894157
601857,300,morning,6,314,3.828863187912219
601857,300,morning,7,232,1.8539855989992806
601857,300,morning,8,209,2.7462592634785845
601857,300,morning,9,230,5.136789468472731
601857,300,afternoon,0,263,-4.7098428074178464
601857,300,afternoon,1,197,-1.5312298314913693
601857,300,afternoon,2,180,-1.9864567974052094
601857,300,afternoon,3,126,0.3418541208804939
601857,300,afternoon,4,147,-4.958867705307343
601857,300,afternoon,5,213,-0.6066690560389187
601857,300,afternoon,6,239,-5.342521014829506
601857,300,afternoon,7,253,2.679645929308919
601857,300,afternoon,8,262,5.132331501597427
601857,300,afternoon,9,360,7.1199964690694335
601888,300,morning,0,277,2.8288636362531006
601888,300,morning,1,216,0.9092245721701575
601888,300,morning,2,181,3.273861987364355
601888,300,morning,3,195,0.6035068945338457
601888,300,morning,4,196,-0.393796581815743
601888,300,morning,5,230,1.5993473397422753
601888,300,morning,6,238,0.32054267274218506
601888,300,morning,7,225,1.1502928526022507
601888,300,morning,8,256,1.8913482344429904
601888,300,morning,9,274,2.3271453010768077
601888,300,afternoon,0,218,-0.9561572835434062
601888,300,afternoon,1,173,-0.4384587703944586
601888,300,afternoon,2,180,-1.0716970643731498
601888,300,afternoon,3,160,-0.4087759144765085
601888,300,afternoon,4,187,-2.797880207439702
601888,300,afternoon,5,262,-0.3408770940826102
601888,300,afternoon,6,226,0.2748086206212531
601888,300,afternoon,7,216,-0.7974100211696601
601888,300,afternoon,8,242,-0.6442515381884536
601888,300,afternoon,9,369,-0.7709322016987036
601899,300,morning,0,147,-7.679200454996938
601899,300,morning,1,150,-5.4033107743710325
601899,300,morning,2,198,-3.293496840638119
601899,300,morning,3,210,-4.7233206301647055
601899,300,morning,4,246,-1.410437223050903
601899,300,morning,5,235,-3.576758721327481
601899,300,morning,6,230,-0.20622698234178283
601899,300,morning,7,291,-2.2002718302482296
601899,300,morning,8,273,-0.8752353881779908
601899,300,morning,9,320,-2.9088033562319238
601899,300,afternoon,0,103,-5.483803999284731
601899,300,afternoon,1,103,-1.447854178072349
601899,300,afternoon,2,171,-4.866793532993419
601899,300,afternoon,3,211,-3.6521774930558735
601899,300,afternoon,4,196,-3.008523018726
601899,300,afternoon,5,276,-1.2410583027621769
601899,300,afternoon,6,262,-2.303340211187297
601899,300,afternoon,7,357,0.6773104669426883
601899,300,afternoon,8,299,-0.2393195147984927
601899,300,afternoon,9,262,2.1735323173284185
601919,300,morning,0,126,-6.17042188078601
601919,300,morning,1,111,-2.8606625282386826
601919,300,morning,2,143,-4.842084501352006
601919,300,morning,3,179,-1.3273667506660114
601919,300,morning,4,248,-2.3071016962097546
601919,300,morning,5,321,0.9387470644318692
601919,300,morning,6,354,3.2671888358250865
601919,300,morning,7,287,1.2042237317513833
601919,300,morning,8,241,0.5941200679696875
601919,300,morning,9,286,-0.041086556359533725
601919,300,afternoon,0,273,-3.5643193757907907
601919,300,afternoon,1,194,-1.931910351099411
601919,300,afternoon,2,124,-0.21632698375217804
601919,300,afternoon,3,157,-0.7518610961982054
601919,300,afternoon,4,136,-5.7124186643602926
601919,300,afternoon,5,259,-3.504779794050944
601919,300,afternoon,6,297,-3.114022110213823
601919,300,afternoon,7,279,-0.7919007283788346
601919,300,afternoon,8,288,0.9472546616246551
601919,300,afternoon,9,233,-0.32351138229361015
601988,300,morning,0,122,-5.431314626132874
601988,300,morning,1,188,-11.231425090284432
601988,300,morning,2,158,-3.5953610223911645
601988,300,morning,3,185,3.9948933319874227
601988,300,morning,4,286,-1.3547979679458375
601988,300,morning,5,361,5.347883853581603
601988,300,morning,6,119,-1.072645413033831
601988,300,morning,7,162,-7.797578747214479
601988,300,morning,8,324,-14.509083528301533
601988,300,morning,9,395,-9.077655207982858
601988,300,afternoon,0,414,-4.652883872841048
601988,300,afternoon,1,315,2.271133444482088
601988,300,afternoon,2,221,-0.8171597574338232
601988,300,afternoon,3,253,4.389542930661826
601988,300,afternoon,4,226,5.455905909327151
601988,300,afternoon,5,165,2.3097692373441276
601988,300,afternoon,6,49,0.6245667269069665
601988,300,afternoon,7,102,5.239053883380686
601988,300,afternoon,8,193,1.3481998257961374
601988,300,afternoon,9,302,7.1657448035138085
603019,300,morning,0,320,-4.005902082567029
603019,300,morning,1,234,-5.629258420931516
603019,300,morning,2,178,-0.4581196438511592
603019,300,morning,3,200,-2.1479079341617524
603019,300,morning,4,161,-3.585056560451037
603019,300,morning,5,201,-3.0356384187341576
603019,300,morning,6,202,-3.7239548016825617
603019,300,morning,7,230,-3.933449397118589
603019,300,morning,8,249,-4.701544531476258
603019,300,morning,9,325,-3.3520453624670754
603019,300,afternoon,0,232,-1.6097061006774274
603019,300,afternoon,1,225,-2.251846613255173
603019,300,afternoon,2,207,-2.027009909055928
603019,300,afternoon,3,174,-1.469514518819136
603019,300,afternoon,4,208,-2.5588169749670677
603019,300,afternoon,5,212,-3.1082916266291187
603019,300,afternoon,6,219,-1.8150546963338534
603019,300,afternoon,7,206,-3.200366662352663
603019,300,afternoon,8,239,-2.2726937199471973
603019,300,afternoon,9,318,-2.3273731147688794
603259,300,morning,0,309,-6.4783244009783045
603259,300,morning,1,206,1.4312821135965303
603259,300,morning,2,217,0.27726315905023247
603259,300,morning,3,196,-2.633288455328697
603259,300,morning,4,113,-3.704689301093459
603259,300,morning,5,258,-5.912095749417213
603259,300,morning,6,230,1.3568984821972456
603259,300,morning,7,202,-2.2004179639446937
603259,300,morning,8,274,-2.5160604467450285
603259,300,morning,9,295,1.342044200404293
603259,300,afternoon,0,246,1.8946698927853074
603259,300,afternoon,1,203,3.0132742205984204
603259,300,afternoon,2,232,3.2780321920775553
603259,300,afternoon,3,176,1.9058528567415989
603259,300,afternoon,4,160,1.6586137595191246
603259,300,afternoon,5,278,1.7531550456442144
603259,300,afternoon,6,229,2.5145977704953557
603259,300,afternoon,7,215,3.0938300899721205
603259,300,afternoon,8,270,2.2981360535510325
603259,300,afternoon,9,231,2.4546673600766593
603501,300,morning,0,189,-0.7142277839302726
603501,300,morning,1,175,-1.0653081762128778
603501,300,morning,2,179,0.8223716544257021
603501,300,morning,3,192,0.7162238422275929
603501,300,morning,4,182,2.7183988671431947
603501,300,morning,5,255,2.9162697167000826
603501,300,morning,6,229,3.1033495700013702
603501,300,morning,7,215,-0.238679573302088
603501,300,morning,8,315,1.9143187871895764
603501,300,morning,9,367,3.5893483454040993
603501,300,afternoon,0,161,-1.8228772290792377
603501,300,afternoon,1,194,-0.0929442916851276
603501,300,afternoon,2,239,-1.3349469404247483
603501,300,afternoon,3,176,-0.9598039793124784
603501,300,afternoon,4,175,-1.0164457353666112
603501,300,afternoon,5,237,-1.8441713784843965
603501,300,afternoon,6,210,-0.2769907461802506
603501,300,afternoon,7,226,0.5749665942190944
603501,300,afternoon,8,302,-1.388390378045225
603501,300,afternoon,9,317,-1.6102856408812491
603986,300,morning,0,350,-6.137411702711526
603986,300,morning,1,211,-4.497085069333647
603986,300,morning,2,234,-6.992301252259741
603986,300,morning,3,184,-1.6304059038008616
603986,300,morning,4,124,-5.760907156919346
603986,300,morning,5,288,-7.132337844289514
603986,300,morning,6,218,-7.0991386954502405
603986,300,morning,7,161,-1.379049788528986
603986,300,morning,8,252,-1.5903183228493754
603986,300,morning,9,278,-6.548083636178655
603986,300,afternoon,0,192,-1.5508268934875078
603986,300,afternoon,1,175,0.08700187625257436
603986,300,afternoon,2,206,-1.1297201097384884
603986,300,afternoon,3,190,-1.8876104375320735
603986,300,afternoon,4,134,-1.2753149733976388
603986,300,afternoon,5,319,-0.834975241854893
603986,300,afternoon,6,268,-0.3128056781318666
603986,300,afternoon,7,206,-2.2237101508256902
603986,300,afternoon,8,282,-3.001172171058239
603986,300,afternoon,9,268,-1.6974343293268723
603993,300,morning,0,371,-5.623103727464153
603993,300,morning,1,242,-4.944268086810222
603993,300,morning,2,191,-5.710906514538953
603993,300,morning,3,191,-6.729269498632644
603993,300,morning,4,150,-11.354193885959862
603993,300,morning,5,147,-12.10590097087132
603993,300,morning,6,140,-4.5626594223587595
603993,300,morning,7,200,-7.270704798290433
603993,300,morning,8,239,-9.165809196494257
603993,300,morning,9,429,-5.371688941415388
603993,300,afternoon,0,223,-4.031813788975684
603993,300,afternoon,1,295,-4.458166150048664
603993,300,afternoon,2,274,-1.726643990152171
603993,300,afternoon,3,263,-3.061517528926606
603993,300,afternoon,4,222,-1.766647904341961
603993,300,afternoon,5,238,-2.3505558359891476
603993,300,afternoon,6,243,-0.5785550508796198
603993,300,afternoon,7,153,-1.327400624548954
603993,300,afternoon,8,163,-1.716462782251469
603993,300,afternoon,9,166,3.5039526771511644
688008,300,morning,0,268,5.94926570538339
688008,300,morning,1,233,-0.4885207682232849
688008,300,morning,2,245,-3.840687634737692
688008,300,morning,3,213,-0.587481215282972
688008,300,morning,4,194,-4.222184812567923
688008,300,morning,5,229,-3.195455545722575
688008,300,morning,6,208,2.310085385685451
688008,300,morning,7,213,1.7989320259098733
688008,300,morning,8,250,-3.1350493100881986
688008,300,morning,9,247,-4.886264988185296
688008,300,afternoon,0,290,-2.1814574467574466
688008,300,afternoon,1,259,-2.753905451718092
688008,300,afternoon,2,200,-3.0087793389669213
688008,300,afternoon,3,221,-1.4478054647360412
688008,300,afternoon,4,187,-2.339910755675548
688008,300,afternoon,5,202,-4.3604672978322405
688008,300,afternoon,6,196,-3.421485934685177
688008,300,afternoon,7,215,-6.6319063406829155
688008,300,afternoon,8,225,-4.182665321371355
688008,300,afternoon,9,245,-4.138037368304045
688012,300,morning,0,219,-1.4857321764458091
688012,300,morning,1,268,-3.644850874463601
688012,300,morning,2,252,-3.075739260930278
688012,300,morning,3,241,-4.491105633826812
688012,300,morning,4,212,-4.530580087279366
688012,300,morning,5,334,-4.0113807234796015
688012,300,morning,6,228,-2.0526179964929514
688012,300,morning,7,205,-2.6791908594144087
688012,300,morning,8,193,-4.62907510873545
688012,300,morning,9,148,-3.40984496774295
688012,300,afternoon,0,237,-0.547581770965927
688012,300,afternoon,1,260,-2.1617023737296504
688012,300,afternoon,2,247,-1.5387038588449615
688012,300,afternoon,3,218,-0.2555407038864036
688012,300,afternoon,4,199,-0.5379400849286591
688012,300,afternoon,5,291,0.8677562035584285
688012,300,afternoon,6,214,-0.5295467558240692
688012,300,afternoon,7,235,1.1850795801448246
688012,300,afternoon,8,188,1.094427495085608
688012,300,afternoon,9,151,3.4310328077037955
688041,300,morning,0,242,-10.867255951957416
688041,300,morning,1,250,0.4065954237975111
688041,300,morning,2,223,0.9084204341448204
688041,300,morning,3,212,-4.859539499503424
688041,300,morning,4,221,-2.773247479540096
688041,300,morning,5,261,-2.6973600651260647
688041,300,morning,6,219,-2.169355857613086
688041,300,morning,7,223,-4.678680763316185
688041,300,morning,8,235,-5.975919394483299
688041,300,morning,9,214,0.7299978194121257
688041,300,afternoon,0,225,-5.48731149606575
688041,300,afternoon,1,199,-3.9143718692519283
688041,300,afternoon,2,223,-4.156386632660823
688041,300,afternoon,3,205,-5.134870105091407
688041,300,afternoon,4,218,-3.658820557793861
688041,300,afternoon,5,259,-3.581016062312051
688041,300,afternoon,6,225,-5.336910949649084
688041,300,afternoon,7,233,-4.282339098654737
688041,300,afternoon,8,223,-5.39183377399948
688041,300,afternoon,9,230,-2.7192970654074498
688111,300,morning,0,223,-4.313064684600131
688111,300,morning,1,224,-1.5881527688928248
688111,300,morning,2,173,-4.418843697674198
688111,300,morning,3,212,-3.6857266755324263
688111,300,morning,4,234,-3.3886067762829084
688111,300,morning,5,231,-3.002416737574498
688111,300,morning,6,218,-3.367523547319398
688111,300,morning,7,267,-2.6579162443511932
688111,300,morning,8,268,-1.4242640328240597
688111,300,morning,9,227,-1.7062319717721162
688111,300,afternoon,0,181,-1.940626774224779
688111,300,afternoon,1,212,-0.4205833155162415
688111,300,afternoon,2,177,-0.7036764051154738
688111,300,afternoon,3,167,0.6098680194087042
688111,300,afternoon,4,181,-0.10707062608670466
688111,300,afternoon,5,204,-0.23269674930059603
688111,300,afternoon,6,217,-0.3112058523559316
688111,300,afternoon,7,264,-2.2460614908792054
688111,300,afternoon,8,319,-1.121554277897542
688111,300,afternoon,9,271,0.2406748105858461
688256,300,morning,0,169,-4.344367229271795
688256,300,morning,1,201,0.5021664603889964
688256,300,morning,2,220,2.475458069500442
688256,300,morning,3,253,0.6618869133807653
688256,300,morning,4,229,-0.5912258503902181
688256,300,morning,5,350,-0.9021817312090882
688256,300,morning,6,243,-2.7525043363002615
688256,300,morning,7,225,0.19756386635634998
688256,300,morning,8,216,-0.04851925879334802
688256,300,morning,9,194,1.020534147905805
688256,300,afternoon,0,193,-5.116732184472879
688256,300,afternoon,1,263,-3.673975796269117
688256,300,afternoon,2,250,-4.332253820283882
688256,300,afternoon,3,227,-1.1868972337050228
688256,300,afternoon,4,213,-4.059747595618799
688256,300,afternoon,5,252,-2.729160648021553
688256,300,afternoon,6,190,-3.6955811887080414
688256,300,afternoon,7,191,-2.9689363255407075
688256,300,afternoon,8,213,-1.7089215882634012
688256,300,afternoon,9,246,1.0398181151761101
688981,300,morning,0,343,-1.790673509207007
688981,300,morning,1,247,-0.9033529270312408
688981,300,morning,2,219,-0.12163966369648507
688981,300,morning,3,205,-2.9340812765375306
688981,300,morning,4,167,2.2882683548712426
688981,300,morning,5,187,-2.6016546649053898
688981,300,morning,6,196,0.23728215918410803
688981,300,morning,7,205,-2.251217880257449
688981,300,morning,8,238,-2.410330932958866
688981,300,morning,9,293,-0.66101320858404
688981,300,afternoon,0,372,-0.11168055503534749
688981,300,afternoon,1,253,-1.9980602757166084
688981,300,afternoon,2,214,-1.8230457469136068
688981,300,afternoon,3,203,-1.0049296957962204
688981,300,afternoon,4,210,-0.7420702695296915
688981,300,afternoon,5,196,-0.1251175468339364
688981,300,afternoon,6,186,-1.3630498936999502
688981,300,afternoon,7,190,-1.4771957828204443
688981,300,afternoon,8,208,-1.4042543848539446
688981,300,afternoon,9,207,-1.021293783497184
600028,900,morning,0,128,-10.445645648753187
600028,900,morning,1,109,5.085962563712055
600028,900,morning,2,185,-13.08171292677644
600028,900,morning,3,416,-9.039106283655165
600028,900,morning,4,217,5.546765751767319
600028,900,morning,5,177,25.205385062649956
600028,900,morning,6,330,19.271547367357076
600028,900,morning,7,136,0.7331795921708837
600028,900,morning,8,196,-8.029621065816263
600028,900,morning,9,205,2.5862067724526088
600028,900,afternoon,0,93,-2.6152072694927933
600028,900,afternoon,1,106,0.004682942114694622
600028,900,afternoon,2,305,4.212684446545615
600028,900,afternoon,3,189,7.9892513868973
600028,900,afternoon,4,330,-1.192807919268558
600028,900,afternoon,5,293,-15.225965022148268
600028,900,afternoon,6,262,-38.01768399277704
600028,900,afternoon,7,307,-33.178875002488525
600028,900,afternoon,8,126,6.527471937353476
600028,900,afternoon,9,29,0.07959539969903895
600030,900,morning,0,212,-7.20809983105776
600030,900,morning,1,150,-6.617017200810472
600030,900,morning,2,139,-8.721561683291963
600030,900,morning,3,184,-7.659282065460669
600030,900,morning,4,156,-4.842439172651168
600030,900,morning,5,204,-3.800973539928903
600030,900,morning,6,204,-2.447578675489136
600030,900,morning,7,296,-2.7157542366724425
600030,900,morning,8,273,-0.47081966135104414
600030,900,morning,9,282,-4.072244606340581
600030,900,afternoon,0,252,-0.0256086172544649
600030,900,afternoon,1,161,1.507992697902988
600030,900,afternoon,2,175,1.4018422572989317
600030,900,afternoon,3,201,1.6020030068116833
600030,900,afternoon,4,223,1.6089341851950303
600030,900,afternoon,5,240,2.9595444252280845
600030,900,afternoon,6,186,5.198023097397464
600030,900,afternoon,7,186,3.8934769647022125
600030,900,afternoon,8,165,1.4462401443804662
600030,900,afternoon,9,251,4.998906289461329
600031,900,morning,0,149,-8.607265257528702
600031,900,morning,1,112,-2.5906337178393977
600031,900,morning,2,159,0.025895660344118002
600031,900,morning,3,166,-0.2622141502297751
600031,900,morning,4,263,-3.682290581770986
600031,900,morning,5,382,-10.177799482140996
600031,900,morning,6,275,8.145726320371486
600031,900,morning,7,224,4.949332313764373
600031,900,morning,8,163,1.8479366627318834
600031,900,morning,9,207,6.322246472472208
600031,900,afternoon,0,98,-14.833630795850503
600031,900,afternoon,1,110,-13.838071561595479
600031,900,afternoon,2,113,-20.80199877955546
600031,900,afternoon,3,187,-18.25512157004956
600031,900,afternoon,4,231,-21.732648646999703
600031,900,afternoon,5,250,-21.837001267265563
600031,900,afternoon,6,304,-20.15206113547201
600031,900,afternoon,7,270,-11.442957668433078
600031,900,afternoon,8,247,-5.746876601984869
600031,900,afternoon,9,230,-6.58052138846128
600036,900,morning,0,285,-5.472760019838631
600036,900,morning,1,221,-4.505036214979635
600036,900,morning,2,196,-5.269407507071468
600036,900,morning,3,188,-4.7706003352621575
600036,900,morning,4,238,-5.422167799058206
600036,900,morning,5,264,-4.872190324582815
600036,900,morning,6,218,-2.8767590260408626
600036,900,morning,7,148,-2.8066063567730377
600036,900,morning,8,149,-4.292030866295633
600036,900,morning,9,192,-2.3562668454264917
600036,900,afternoon,0,259,1.2681402340546095
600036,900,afternoon,1,136,-0.3948106585686051
600036,900,afternoon,2,183,-0.8635240839867726
600036,900,afternoon,3,200,-0.4882424485519012
600036,900,afternoon,4,189,-0.5246653711924355
600036,900,afternoon,5,211,0.14928567421573016
600036,900,afternoon,6,200,0.23765245395010454
600036,900,afternoon,7,231,0.1641677894374773
600036,900,afternoon,8,190,0.27092467138568116
600036,900,afternoon,9,241,0.954359675878707
600050,900,morning,0,138,-5.84557777350015
600050,900,morning,1,116,-19.472554148234092
600050,900,morning,2,128,1.132458720506571
600050,900,morning,3,27,9.711728852365278
600050,900,morning,4,97,4.670444298245088
600050,900,morning,5,110,4.564844205227616
600050,900,morning,6,108,-14.013419797294155
600050,900,morning,7,115,-13.150387438283538
600050,900,morning,8,745,5.268177334132667
600050,900,morning,9,510,1.2244249180905225
600050,900,afternoon,0,7,-23.894840143331432
600050,900,afternoon,1,225,-23.197961424050828
600050,900,afternoon,2,31,-23.85809160592407
600050,900,afternoon,3,12,-23.894840143331425
600050,900,afternoon,4,33,-7.964946714443809
600050,900,afternoon,5,60,-6.3719573715550455
600050,900,afternoon,6,195,-6.249419729794373
600050,900,afternoon,7,176,-0.06796588681305923
600050,900,afternoon,8,564,0.0
600050,900,afternoon,9,731,0.03276617406217272
600089,900,morning,0,196,-11.01306071857159
600089,900,morning,1,168,-7.652639591451061
600089,900,morning,2,219,-7.0991042494605
600089,900,morning,3,206,-4.191226932377192
600089,900,morning,4,219,-5.887682519054492
600089,900,morning,5,173,-5.765423141796846
600089,900,morning,6,326,0.17889884147383814
600089,900,morning,7,232,-5.679034811422285
600089,900,morning,8,145,-6.867086274356613
600089,900,morning,9,213,-3.1023930072039088
600089,900,afternoon,0,361,2.2816404715263072
600089,900,afternoon,1,274,0.36876820848902275
600089,900,afternoon,2,220,-0.017435605565839295
600089,900,afternoon,3,235,5.520102038246351
600089,900,afternoon,4,180,4.6643802673322785
600089,900,afternoon,5,173,0.0830847894239046
600089,900,afternoon,6,124,-2.722037811228085
600089,900,afternoon,7,172,-3.9239857419709545
600089,900,afternoon,8,104,-7.128010291122105
600089,900,afternoon,9,196,-0.06920729961460743
600111,900,morning,0,247,-10.252105586629584
600111,900,morning,1,200,-7.908543039975114
600111,900,morning,2,161,-9.277882084635712
600111,900,morning,3,203,-11.145170722089455
600111,900,morning,4,181,-9.522891356445111
600111,900,morning,5,195,-10.597053254546184
600111,900,morning,6,186,-4.291760938815679
600111,900,morning,7,198,-3.6317694180935325
600111,900,morning,8,217,-5.528241585541019
600111,900,morning,9,312,-5.969186330435909
600111,900,afternoon,0,158,-1.7466030200777831
600111,900,afternoon,1,142,-3.6148525873421584
600111,900,afternoon,2,102,-2.837121638507524
600111,900,afternoon,3,129,-3.3289886519455947
600111,900,afternoon,4,93,-2.3949024228388636
600111,900,afternoon,5,151,-1.3231743885675729
600111,900,afternoon,6,217,-3.3615870753238477
600111,900,afternoon,7,243,-0.11138356811178549
600111,900,afternoon,8,327,-0.017250200421246004
600111,900,afternoon,9,478,-0.4220658042937909
600150,900,morning,0,321,-13.835605413956081
600150,900,morning,1,248,-17.849590506760073
600150,900,morning,2,219,-11.44075576567625
600150,900,morning,3,211,-13.314829578812684
600150,900,morning,4,187,-9.589630179319656
600150,900,morning,5,165,-16.8762572906482
600150,900,morning,6,175,-21.030992116126974
600150,900,morning,7,150,-19.25522836536811
600150,900,morning,8,151,-18.91658387546381
600150,900,morning,9,273,-13.235093523987082
600150,900,afternoon,0,266,-9.94074314969647
600150,900,afternoon,1,222,-7.689771689489854
600150,900,afternoon,2,234,-4.3181853118049345
600150,900,afternoon,3,203,-6.018644894966808
600150,900,afternoon,4,199,-5.539263133424072
600150,900,afternoon,5,181,-6.983112399826353
600150,900,afternoon,6,179,-7.933910677290336
600150,900,afternoon,7,181,-8.129942401148018
600150,900,afternoon,8,179,-7.14118587815687
600150,900,afternoon,9,196,-10.179993285571738
600183,900,morning,0,329,-0.45405538284228336
600183,900,morning,1,185,7.8008018414117855
600183,900,morning,2,206,7.009996499810514
600183,900,morning,3,163,3.012114259131939
600183,900,morning,4,107,5.824395902438821
600183,900,morning,5,211,5.853440386014155
600183,900,morning,6,192,1.3441351935244406
600183,900,morning,7,164,-2.2636983447100514
600183,900,morning,8,231,6.855743355140076
600183,900,morning,9,312,-1.5231649137499734
600183,900,afternoon,0,313,-8.22291102499831
600183,900,afternoon,1,219,-9.989725078468508
600183,900,afternoon,2,178,-8.688410851544315
600183,900,afternoon,3,168,-9.776076416052856
600183,900,afternoon,4,144,-8.327648170986423
600183,900,afternoon,5,188,-8.515236679432109
600183,900,afternoon,6,181,-6.417769532749229
600183,900,afternoon,7,180,-4.9940457782239935
600183,900,afternoon,8,212,-8.211811346598472
600183,900,afternoon,9,257,-7.619716679685781
600276,900,morning,0,276,-5.987028715147898
600276,900,morning,1,149,0.599876012729777
600276,900,morning,2,171,-5.662060824616404
600276,900,morning,3,154,-5.315144340353069
600276,900,morning,4,160,-5.510410318545176
600276,900,morning,5,182,-6.103060847143205
600276,900,morning,6,186,-9.223085307100984
600276,900,morning,7,184,-5.020415503394946
600276,900,morning,8,262,-4.2706500067904285
600276,900,morning,9,376,-4.118545154670228
600276,900,afternoon,0,247,-3.966023576963995
600276,900,afternoon,1,168,-4.531462149688353
600276,900,afternoon,2,143,-5.5918524106004925
600276,900,afternoon,3,118,-7.252852743046932
600276,900,afternoon,4,184,-2.3893134322086134
600276,900,afternoon,5,219,-2.43172422983534
600276,900,afternoon,6,238,3.8447610418443054
600276,900,afternoon,7,218,5.907939623424428
600276,900,afternoon,8,235,4.838735354362491
600276,900,afternoon,9,270,2.2539122669155924
600309,900,morning,0,197,16.365180882845276
600309,900,morning,1,161,12.191463622829177
600309,900,morning,2,152,18.123416754929035
600309,900,morning,3,167,8.056276979972766
600309,900,morning,4,135,6.945427610163174
600309,900,morning,5,211,4.708760045937954
600309,900,morning,6,170,16.625893646961018
600309,900,morning,7,239,13.4671165229977
600309,900,morning,8,274,22.613080098919024
600309,900,morning,9,394,18.24269485797799
600309,900,afternoon,0,218,9.369437516909484
600309,900,afternoon,1,188,16.597074188769888
600309,900,afternoon,2,167,18.5887054147031
600309,900,afternoon,3,199,13.432015948000856
600309,900,afternoon,4,162,15.659600304183371
600309,900,afternoon,5,210,23.19335404113904
600309,900,afternoon,6,206,14.65831492901709
600309,900,afternoon,7,201,26.02459713300551
600309,900,afternoon,8,227,10.24654266819754
600309,900,afternoon,9,262,5.77177881962655
600406,900,morning,0,231,12.638590521585574
600406,900,morning,1,166,10.955637632047466
600406,900,morning,2,169,7.080945399795278
600406,900,morning,3,219,9.04024992245235
600406,900,morning,4,204,15.516714137540301
600406,900,morning,5,233,17.254762958342944
600406,900,morning,6,141,11.848971169798963
600406,900,morning,7,197,7.8201917171680035
600406,900,morning,8,200,5.068244627478075
600406,900,morning,9,340,7.761002987290006
600406,900,afternoon,0,283,7.130406692806217
600406,900,afternoon,1,211,4.2669558208610106
600406,900,afternoon,2,286,3.7675879430736803
600406,900,afternoon,3,273,0.3497542565561635
600406,900,afternoon,4,205,5.444615313284887
600406,900,afternoon,5,121,6.35397055873226
600406,900,afternoon,6,203,5.24532691905744
600406,900,afternoon,7,146,9.48470969161596
600406,900,afternoon,8,143,3.042591341187463
600406,900,afternoon,9,167,1.9190521885079472
600519,900,morning,0,89,-6.60059881808724
600519,900,morning,1,127,-8.30229796298201
600519,900,morning,2,259,-6.309724250356372
600519,900,morning,3,243,-8.056834656851514
600519,900,morning,4,102,-7.507831233679344
600519,900,morning,5,557,-6.782908425919983
600519,900,morning,6,247,-7.6817948953286415
600519,900,morning,7,167,-6.299262845878359
600519,900,morning,8,195,-7.9840968239259045
600519,900,morning,9,113,-10.016994375912768
600519,900,afternoon,0,62,-1.6809343926942546
600519,900,afternoon,1,134,-0.2589461108729414
600519,900,afternoon,2,213,-0.1067004040097759
600519,900,afternoon,3,313,-1.316188029077969
600519,900,afternoon,4,88,-0.7537401549148363
600519,900,afternoon,5,523,-1.7388363538109979
600519,900,afternoon,6,268,-1.2212654740648146
600519,900,afternoon,7,123,-0.44066556400104645
600519,900,afternoon,8,172,-0.23574503656878826
600519,900,afternoon,9,139,0.7076095530643929
600760,900,morning,0,245,-1.678898394401212
600760,900,morning,1,164,8.99606883529975
600760,900,morning,2,168,-5.683760093559309
600760,900,morning,3,202,-2.5072133456306696
600760,900,morning,4,150,1.762986648534846
600760,900,morning,5,181,-0.12679642274179342
600760,900,morning,6,188,-3.040396424393181
600760,900,morning,7,191,-5.537699598653723
600760,900,morning,8,312,-3.9222390984434266
600760,900,morning,9,274,-3.1488411008963877
600760,900,afternoon,0,174,-9.67596279156386
600760,900,afternoon,1,131,-7.075929712773647
600760,900,afternoon,2,131,-10.109363699431304
600760,900,afternoon,3,116,-7.517876653707601
600760,900,afternoon,4,142,-9.970150956680746
600760,900,afternoon,5,148,-8.875776200484749
600760,900,afternoon,6,181,-10.002752801417211
600760,900,afternoon,7,261,-8.7487458176285
600760,900,afternoon,8,390,-10.309375732042126
600760,900,afternoon,9,299,-6.276557589640352
600809,900,morning,0,188,5.938353611854866
600809,900,morning,1,160,19.221652675032356
600809,900,morning,2,210,15.592362793422577
600809,900,morning,3,154,18.51177690018421
600809,900,morning,4,135,2.282105736130855
600809,900,morning,5,254,12.461260645145146
600809,900,morning,6,211,-0.0038681504990878213
600809,900,morning,7,193,5.269957133325674
600809,900,morning,8,290,-0.3405753318211972
600809,900,morning,9,300,-8.684016751972402
600809,900,afternoon,0,99,5.807840499260367
600809,900,afternoon,1,116,9.079582491176602
600809,900,afternoon,2,164,7.36834374837591
600809,900,afternoon,3,122,9.31463096949843
600809,900,afternoon,4,125,4.596787136854746
600809,900,afternoon,5,264,5.93974535693011
600809,900,afternoon,6,223,4.146289160866405
600809,900,afternoon,7,274,8.055379392388154
600809,900,afternoon,8,305,3.9701145946702887
600809,900,afternoon,9,319,1.694539885685097
600887,900,morning,0,254,6.914904825215464
600887,900,morning,1,225,6.323709557390818
600887,900,morning,2,203,5.6018136391972995
600887,900,morning,3,233,6.919946329738279
600887,900,morning,4,175,2.8440495225753595
600887,900,morning,5,171,7.833589554714971
600887,900,morning,6,194,6.76283685492249
600887,900,morning,7,196,7.81548827891235
600887,900,morning,8,200,6.740642032310352
600887,900,morning,9,248,3.8286564783482366
600887,900,afternoon,0,87,-4.872374431911842
600887,900,afternoon,1,112,0.6193999623736338
600887,900,afternoon,2,149,-0.9033935235441117
600887,900,afternoon,3,151,-3.275577846093256
600887,900,afternoon,4,241,-1.4878688670148987
600887,900,afternoon,5,234,-1.7312118187508878
600887,900,afternoon,6,184,1.1264202404906984
600887,900,afternoon,7,209,1.6314513686801064
600887,900,afternoon,8,291,-0.09496786851512944
600887,900,afternoon,9,381,0.35971167912056484
600900,900,morning,0,133,-2.94582720524863
600900,900,morning,1,174,0.8579309174881928
600900,900,morning,2,161,-1.9430258145975041
600900,900,morning,3,140,-1.525676317951436
600900,900,morning,4,198,-1.2311023232054976
600900,900,morning,5,208,-0.2898172294876129
600900,900,morning,6,185,-1.2801713523640414
600900,900,morning,7,246,0.8592393088419352
600900,900,morning,8,264,-0.5576019892230141
600900,900,morning,9,391,2.0766256921913575
600900,900,afternoon,0,500,0.8765445227787705
600900,900,afternoon,1,262,-0.2712791596717823
600900,900,afternoon,2,184,1.9566927269923615
600900,900,afternoon,3,204,1.677574341234614
600900,900,afternoon,4,197,0.9321741718159235
600900,900,afternoon,5,165,6.0899646761594495
600900,900,afternoon,6,135,4.580226731784224
600900,900,afternoon,7,138,7.374742071096889
600900,900,afternoon,8,82,6.172827810281577
600900,900,afternoon,9,173,6.811169741834193
600930,900,morning,0,23,0.0
600930,900,morning,1,68,0.0
600930,900,morning,2,24,-1.0588723322453586
600930,900,morning,3,133,-9.36266062195896
600930,900,morning,4,399,-15.668125938788464
600930,900,morning,5,209,-0.607656755230042
600930,900,morning,6,35,-7.246124107782072
600930,900,morning,7,625,-12.269431780398865
600930,900,morning,8,403,2.7820029356372937
600930,900,morning,9,180,10.615700935271791
600930,900,afternoon,0,123,-20.974135664918666
600930,900,afternoon,1,28,-17.332586650960014
600930,900,afternoon,2,12,-25.54275927509897
600930,900,afternoon,5,1,-25.54275927509897
600930,900,afternoon,6,11,-25.54275927509897
600930,900,afternoon,7,924,-3.6213219318592684
600930,900,afternoon,8,544,-5.018263872314802
600930,900,afternoon,9,395,5.316126348643945
601012,900,morning,0,231,4.795625661974519
601012,900,morning,1,213,4.267677660916488
601012,900,morning,2,211,1.9911903203618206
601012,900,morning,3,203,-2.501670579760391
601012,900,morning,4,235,3.0505266710257715
601012,900,morning,5,243,4.563880924380793
601012,900,morning,6,228,3.9411552319131036
601012,900,morning,7,172,11.824273352591979
601012,900,morning,8,179,9.482687670151671
601012,900,morning,9,185,13.426493235926051
601012,900,afternoon,0,96,-18.04999226547795
601012,900,afternoon,1,130,-10.374478722230586
601012,900,afternoon,2,182,-2.8113662491879294
601012,900,afternoon,3,193,-13.37054793331255
601012,900,afternoon,4,162,-13.51880967270335
601012,900,afternoon,5,329,-6.864187995946731
601012,900,afternoon,6,268,-0.7693883321402042
601012,900,afternoon,7,365,2.594622832968585
601012,900,afternoon,8,190,-2.4715206878509774
601012,900,afternoon,9,125,-4.386041005903891
601088,900,morning,0,181,-10.560608697531089
601088,900,morning,1,166,-11.512998438234753
601088,900,morning,2,173,-8.113782951968322
601088,900,morning,3,157,-10.606838088899162
601088,900,morning,4,155,-8.241443572818195
601088,900,morning,5,188,-8.423432592384808
601088,900,morning,6,195,-10.500726903323345
601088,900,morning,7,230,-5.314821502432327
601088,900,morning,8,294,-7.246469607220846
601088,900,morning,9,358,-11.071294747466125
601088,900,afternoon,0,165,-1.6733467170114127
601088,900,afternoon,1,145,-1.7591441548834683
601088,900,afternoon,2,156,-1.1545641767987382
601088,900,afternoon,3,150,-0.5167007798242935
601088,900,afternoon,4,195,-0.5043054233689068
601088,900,afternoon,5,226,-2.040143359605992
601088,900,afternoon,6,225,-2.4058532462084186
601088,900,afternoon,7,203,-2.3327701665109455
601088,900,afternoon,8,248,-1.612058011108415
601088,900,afternoon,9,322,-0.6917245315940169
601127,900,morning,0,223,-17.01846793324481
601127,900,morning,1,163,-15.913508928334933
601127,900,morning,2,189,-16.51064345666409
601127,900,morning,3,166,-17.04993528419715
601127,900,morning,4,180,-15.395023205842055
601127,900,morning,5,188,-14.947477585566343
601127,900,morning,6,201,-16.353495962987452
601127,900,morning,7,215,-16.02096889144148
601127,900,morning,8,269,-17.56338704697073
601127,900,morning,9,303,-16.6273273412488
601127,900,afternoon,0,193,-1.3999524760872981
601127,900,afternoon,1,200,-3.0361912703582794
601127,900,afternoon,2,204,-5.248735910847893
601127,900,afternoon,3,182,-3.206217801510166
601127,900,afternoon,4,143,-5.247738326003283
601127,900,afternoon,5,177,-1.9107803633416374
601127,900,afternoon,6,174,-2.811132759495322
601127,900,afternoon,7,210,0.89204681447446
601127,900,afternoon,8,259,-0.7207514772934939
601127,900,afternoon,9,293,-1.5085692849277348
601166,900,morning,0,178,-0.6050137590261732
601166,900,morning,1,315,0.4077706067971251
601166,900,morning,2,442,0.7411605792722009
601166,900,morning,3,218,-2.2344596264885612
601166,900,morning,4,248,3.603176634535652
601166,900,morning,5,280,1.4577595600323527
601166,900,morning,6,153,7.754308372301497
601166,900,morning,7,100,7.170247566039556
601166,900,morning,8,83,3.980478209099643
601166,900,morning,9,80,3.922890518866157
601166,900,afternoon,0,189,-3.6806208611115077
601166,900,afternoon,1,201,-3.29468343537866
601166,900,afternoon,2,75,-0.29430746506511346
601166,900,afternoon,3,63,-0.3510400791126784
601166,900,afternoon,4,183,-0.15029726507549965
601166,900,afternoon,5,225,-5.58819338339171
601166,900,afternoon,6,157,-1.5493347646701923
601166,900,afternoon,7,232,0.16955624466728772
601166,900,afternoon,8,239,2.178731867082212
601166,900,afternoon,9,472,4.6735136178332555
601211,900,morning,0,227,-6.101954366225961
601211,900,morning,1,219,-6.6369166977978535
601211,900,morning,2,254,-4.236610704198108
601211,900,morning,3,235,-3.0379221838009896
601211,900,morning,4,233,-3.6311920815679337
601211,900,morning,5,243,2.919064767760676
601211,900,morning,6,197,4.679162273883748
601211,900,morning,7,137,0.3869229802779458
601211,900,morning,8,130,0.2817238296424647
601211,900,morning,9,213,1.1289295784074362
601211,900,afternoon,0,242,-0.375050523073152
601211,900,afternoon,1,191,2.2248116341812842
601211,900,afternoon,2,208,2.1731020150078395
601211,900,afternoon,3,234,3.476517424666532
601211,900,afternoon,4,197,3.08290846927723
601211,900,afternoon,5,198,5.613549073057804
601211,900,afternoon,6,278,7.036856864385682
601211,900,afternoon,7,186,-2.678340615347464
601211,900,afternoon,8,180,-3.651412367985149
601211,900,afternoon,9,119,-9.12996549927661
601288,900,morning,0,102,-33.79689157967075
601288,900,morning,1,44,-56.96681025594081
601288,900,morning,2,34,-42.83280809131203
601288,900,morning,3,52,-57.207371329133906
601288,900,morning,4,96,-40.45269511159033
601288,900,morning,5,138,-22.73079804652092
601288,900,morning,6,211,-16.17869509496785
601288,900,morning,7,373,-15.30279262543204
601288,900,morning,8,498,-14.280991914867943
601288,900,morning,9,552,-0.791165238757601
601288,900,afternoon,0,58,-4.5743504477313
601288,900,afternoon,1,54,2.712103809394211
601288,900,afternoon,2,284,7.446563945319356
601288,900,afternoon,3,312,6.877805898053616
601288,900,afternoon,4,453,4.655060112887728
601288,900,afternoon,5,213,27.34517547572018
601288,900,afternoon,6,166,19.68738750515405
601288,900,afternoon,7,222,8.505471775243736
601288,900,afternoon,8,159,18.643211426700436
601288,900,afternoon,9,119,13.253866370905325
601318,900,morning,0,270,-3.1703893790350417
601318,900,morning,1,223,-2.714624266163211
601318,900,morning,2,210,-2.445210513582855
601318,900,morning,3,193,-0.7198769500142564
601318,900,morning,4,185,-2.9636525840250054
601318,900,morning,5,232,1.5359670228278666
601318,900,morning,6,175,1.9998748293275526
601318,900,morning,7,175,-1.0828334191478302
601318,900,morning,8,207,2.2473979078040855
601318,900,morning,9,230,-0.09212049222487868
601318,900,afternoon,0,227,-6.75431632119681
601318,900,afternoon,1,138,-3.831130691463554
601318,900,afternoon,2,159,-3.526537847741144
601318,900,afternoon,3,161,-2.745574614421105
601318,900,afternoon,4,170,-4.595684028120501
601318,900,afternoon,5,209,-3.5619775266171114
601318,900,afternoon,6,198,-4.121006235479097
601318,900,afternoon,7,208,-5.059466303642923
601318,900,afternoon,8,258,-7.803382593192309
601318,900,afternoon,9,312,-5.632827674847115
601328,900,morning,0,171,-7.675638328106361
601328,900,morning,1,210,-11.461273131224813
601328,900,morning,2,175,-8.430603715701722
601328,900,morning,3,184,-8.762707787552056
601328,900,morning,4,205,-3.377970071747555
601328,900,morning,5,147,0.44993989603954665
601328,900,morning,6,154,2.4768555462198436
601328,900,morning,7,209,4.747881413396111
601328,900,morning,8,337,4.651415498765273
601328,900,morning,9,307,0.12264590691513745
601328,900,afternoon,0,342,-7.251700566896148
601328,900,afternoon,1,154,-0.8559517408126346
601328,900,afternoon,2,194,3.290378696695797
601328,900,afternoon,3,179,0.11190689154399125
601328,900,afternoon,4,80,2.0757051879970456
601328,900,afternoon,5,72,6.735273910663145
601328,900,afternoon,6,115,2.710373105557416
601328,900,afternoon,7,123,7.559418536670775
601328,900,afternoon,8,208,12.882983314637714
601328,900,afternoon,9,567,10.837799849363341
601398,900,morning,0,116,-23.138587825236435
601398,900,morning,1,70,-26.116948398618128
601398,900,morning,2,82,-22.261715363675943
601398,900,morning,3,105,-18.165496043041983
601398,900,morning,4,162,-10.643061113774728
601398,900,morning,5,225,-6.528638486833978
601398,900,morning,6,397,-0.38115270858570777
601398,900,morning,7,297,0.9832684363124731
601398,900,morning,8,252,-1.7973685539089541
601398,900,morning,9,394,7.0033507450042
601398,900,afternoon,0,128,-0.914662270086932
601398,900,afternoon,1,199,1.8088108827673528
601398,900,afternoon,2,198,-1.4002112318589783
601398,900,afternoon,3,214,2.1153970640445086
601398,900,afternoon,4,162,-2.9387312096235063
601398,900,afternoon,5,269,9.475200841228965
601398,900,afternoon,6,44,3.1001458016037917
601398,900,afternoon,7,88,10.557262266317025
601398,900,afternoon,8,194,6.899193157147864
601398,900,afternoon,9,544,8.692391139899625
601600,900,morning,0,118,-53.30139742004642
601600,900,morning,1,34,-55.72945713276636
601600,900,morning,2,44,-46.36827515179518
601600,900,morning,3,67,-35.9301576909404
601600,900,morning,4,92,-22.24450206740346
601600,900,morning,5,120,-20.969867859681464
601600,900,morning,6,288,-18.212359424180587
601600,900,morning,7,281,-22.709437586711335
601600,900,morning,8,353,-16.12304143299236
601600,900,morning,9,703,-12.784670628113153
601600,900,afternoon,0,172,-8.212516119123311
601600,900,afternoon,1,94,-1.3957960356119938
601600,900,afternoon,2,93,-6.591534833063654
601600,900,afternoon,3,176,-3.451130437313378
601600,900,afternoon,4,184,-6.3382558131467475
601600,900,afternoon,5,112,-8.5058201815613
601600,900,afternoon,6,178,-7.626824414833288
601600,900,afternoon,7,231,-4.7903806765873735
601600,900,afternoon,8,98,-12.244726305839663
601600,900,afternoon,9,702,6.6102326889171374
601601,900,morning,0,190,-3.917757177501459
601601,900,morning,1,177,-3.9282070480162563
601601,900,morning,2,182,-2.969021307824331
601601,900,morning,3,201,-3.100906142363735
601601,900,morning,4,200,-2.3129061253395036
601601,900,morning,5,185,-2.3373958807587543
601601,900,morning,6,211,-4.951466488522824
601601,900,morning,7,253,-2.9145693675387423
601601,900,morning,8,238,-0.14158143918541768
601601,900,morning,9,256,0.7584115472319138
601601,900,afternoon,0,127,-6.762173005531116
601601,900,afternoon,1,94,-5.24568762737199
601601,900,afternoon,2,115,-6.8667540669460445
601601,900,afternoon,3,123,-6.484311485294808
601601,900,afternoon,4,187,-5.049052398374142
601601,900,afternoon,5,202,-3.5336220655809023
601601,900,afternoon,6,267,-6.573007930288585
601601,900,afternoon,7,286,-9.642662027972397
601601,900,afternoon,8,277,-6.324593861690486
601601,900,afternoon,9,362,-10.18273865320561
601628,900,morning,0,222,0.2576893309153807
601628,900,morning,1,199,4.544072488590245
601628,900,morning,2,165,1.2112765105368843
601628,900,morning,3,155,2.8059101524636505
601628,900,morning,4,170,1.1949210585059835
601628,900,morning,5,217,2.887003888290216
601628,900,morning,6,195,6.855100386070168
601628,900,morning,7,204,8.223153438277844
601628,900,morning,8,247,6.114380921475147
601628,900,morning,9,321,8.957231985879249
601628,900,afternoon,0,205,-0.9265784195258792
601628,900,afternoon,1,191,-3.9121318465378114
601628,900,afternoon,2,206,-2.3603096169447575
601628,900,afternoon,3,165,-1.295412831227337
601628,900,afternoon,4,175,-1.1703593443201548
601628,900,afternoon,5,142,-2.6398866452108822
601628,900,afternoon,6,178,-2.373323230345363
601628,900,afternoon,7,194,-1.046957032214873
601628,900,afternoon,8,230,-3.178310075235342
601628,900,afternoon,9,347,0.8839632960050167
601658,900,morning,0,262,-0.5419806533252844
601658,900,morning,1,279,-1.9363844686060685
601658,900,morning,2,302,4.018714413747946
601658,900,morning,3,204,-2.3666574907448354
601658,900,morning,4,259,-8.144932411681346
601658,900,morning,5,201,-10.534231814305063
601658,900,morning,6,93,-0.6581670114750199
601658,900,morning,7,184,-6.428891922159983
601658,900,morning,8,149,-6.59314959220682
601658,900,morning,9,161,14.03121339815258
601658,900,afternoon,0,161,-1.6327652942903852
601658,900,afternoon,1,134,0.9833825852242863
601658,900,afternoon,2,454,4.972803696429935
601658,900,afternoon,3,113,6.163967524245218
601658,900,afternoon,4,202,4.435754736231585
601658,900,afternoon,5,153,7.869722452101846
601658,900,afternoon,6,183,2.8652301559090567
601658,900,afternoon,7,156,4.568109116452435
601658,900,afternoon,8,149,10.119212466921514
601658,900,afternoon,9,331,6.931534949380581
601668,900,morning,0,184,-10.339733064218336
601668,900,morning,1,196,-5.325878549049624
601668,900,morning,2,246,19.883751671132643
601668,900,morning,3,182,44.05699605200029
601668,900,morning,4,115,9.379062690640662
601668,900,morning,5,313,25.139114253991995
601668,900,morning,6,557,-4.736827035480493
601668,900,morning,7,67,-2.7014915477344017
601668,900,morning,8,89,22.734028387430293
601668,900,morning,9,151,11.243544326712016
601668,900,afternoon,0,2,-11.641432230061199
601668,900,afternoon,1,10,-20.905903083320187
601668,900,afternoon,2,37,-23.282864460122394
601668,900,afternoon,3,452,-15.60285512810469
601668,900,afternoon,4,295,-14.09475198461135
601668,900,afternoon,5,439,-21.180349532120296
601668,900,afternoon,6,292,-9.692293012079725
601668,900,afternoon,7,350,0.4209226454799812
601668,900,afternoon,8,62,18.778248218049104
601668,900,afternoon,9,98,17.105777970702984
601688,900,morning,0,219,-20.42926498037937
601688,900,morning,1,112,-16.989967524019736
601688,900,morning,2,121,-17.838437676365658
601688,900,morning,3,157,-16.069987143762386
601688,900,morning,4,230,-5.329064702199226
601688,900,morning,5,289,-6.977728067018269
601688,900,morning,6,226,-11.686261182697342
601688,900,morning,7,194,-5.6649514015352365
601688,900,morning,8,293,-5.6502877378446765
601688,900,morning,9,257,-7.7937718406025915
601688,900,afternoon,0,128,-5.404416432382571
601688,900,afternoon,1,173,-5.572590761485917
601688,900,afternoon,2,378,-1.3007198338945862
601688,900,afternoon,3,216,1.175819361936471
601688,900,afternoon,4,267,2.6884704946256193
601688,900,afternoon,5,186,4.681327416341452
601688,900,afternoon,6,337,6.557270187834079
601688,900,afternoon,7,165,-2.864308289490903
601688,900,afternoon,8,71,-7.017401334304357
601688,900,afternoon,9,115,-1.2315132452583721
601728,900,morning,0,147,-1.6560334671354806
601728,900,morning,1,181,-0.5370965128664525
601728,900,morning,2,288,-7.1186888192713695
601728,900,morning,3,269,-3.259684190975835
601728,900,morning,4,205,-3.798190892745381
601728,900,morning,5,221,-3.7123456724190538
601728,900,morning,6,202,-11.370043327392464
601728,900,morning,7,188,-6.7181586929173704
601728,900,morning,8,188,12.007090590106941
601728,900,morning,9,208,21.63745008834351
601728,900,afternoon,0,189,-11.582193504862394
601728,900,afternoon,1,103,-9.68258198859168
601728,900,afternoon,2,127,-0.5106484216609368
601728,900,afternoon,3,68,0.48922219671271683
601728,900,afternoon,4,222,-0.0724604646171766
601728,900,afternoon,5,133,-4.7890802965215675
601728,900,afternoon,6,152,-7.685658174090485
601728,900,afternoon,7,190,0.08606954811431565
601728,900,afternoon,8,215,1.449279187758537
601728,900,afternoon,9,637,0.4419360910753303
601857,900,morning,0,179,-3.06692515977492
601857,900,morning,1,166,-5.562211808375541
601857,900,morning,2,313,-10.103759281497553
601857,900,morning,3,279,-6.292641460679465
601857,900,morning,4,190,-13.524508865584902
601857,900,morning,5,169,-8.047655611649331
601857,900,morning,6,209,1.436320699382656
601857,900,morning,7,179,-3.6472107714500135
601857,900,morning,8,184,-6.334042997986471
601857,900,morning,9,229,-3.652711331434134
601857,900,afternoon,0,214,-1.9467813983200295
601857,900,afternoon,1,156,5.849851583055255
601857,900,afternoon,2,149,-0.8845149739549452
601857,900,afternoon,3,123,-0.2743122250792854
601857,900,afternoon,4,144,-7.027520691520769
601857,900,afternoon,5,207,-0.23424099195280654
601857,900,afternoon,6,238,0.40033580390230705
601857,900,afternoon,7,236,1.0650375902443492
601857,900,afternoon,8,237,2.7071978082477766
601857,900,afternoon,9,336,12.69407268691792
601888,900,morning,0,253,2.381885312889876
601888,900,morning,1,203,-2.2798174636537483
601888,900,morning,2,178,4.8458691901477415
601888,900,morning,3,185,-1.1224187797226859
601888,900,morning,4,182,-1.76203164193373
601888,900,morning,5,215,-0.20940951504808017
601888,900,morning,6,196,-3.1989335702367785
601888,900,morning,7,172,0.2178319674823009
601888,900,morning,8,246,1.2502873378456145
601888,900,morning,9,261,0.44907670994236043
601888,900,afternoon,0,202,-3.4828125834052535
601888,900,afternoon,1,168,-0.3960674462526776
601888,900,afternoon,2,170,-0.6124381634295832
601888,900,afternoon,3,151,1.8310114397432113
601888,900,afternoon,4,164,-2.0646616665398128
601888,900,afternoon,5,233,-4.205886180393136
601888,900,afternoon,6,206,-0.008815787959998296
601888,900,afternoon,7,193,0.6063178142112596
601888,900,afternoon,8,214,-0.3966279610482433
601888,900,afternoon,9,332,-1.246697224369519
601899,900,morning,0,131,-17.739378193656492
601899,900,morning,1,131,-10.001947161902718
601899,900,morning,2,182,-6.979898390607583
601899,900,morning,3,197,-7.769036824303867
601899,900,morning,4,220,-4.941080327760538
601899,900,morning,5,216,-5.699371717042493
601899,900,morning,6,209,-8.594749245142559
601899,900,morning,7,259,-10.12197190103305
601899,900,morning,8,256,-2.754761800629531
601899,900,morning,9,299,-4.77009644482047
601899,900,afternoon,0,96,-8.725303379534395
601899,900,afternoon,1,101,-8.619463636948161
601899,900,afternoon,2,169,-8.08883898847802
601899,900,afternoon,3,204,-6.557038795277946
601899,900,afternoon,4,179,-7.694384632586268
601899,900,afternoon,5,271,-8.24188490063631
601899,900,afternoon,6,245,-8.557234600179948
601899,900,afternoon,7,292,-4.140372273237936
601899,900,afternoon,8,243,-4.269820519965302
601899,900,afternoon,9,240,-0.25987021313822456
601919,900,morning,0,123,-3.5830739341971225
601919,900,morning,1,106,5.431548332544294
601919,900,morning,2,138,0.9200743960428723
601919,900,morning,3,178,5.081473109755693
601919,900,morning,4,244,5.733587806001324
601919,900,morning,5,285,5.962146215304101
601919,900,morning,6,320,6.039393300731902
601919,900,morning,7,233,3.9780972662860976
601919,900,morning,8,205,6.224327284021425
601919,900,morning,9,265,4.708126223477378
601919,900,afternoon,0,207,-5.268603118525064
601919,900,afternoon,1,163,-3.8806289805370726
601919,900,afternoon,2,112,-3.4532655648812245
601919,900,afternoon,3,148,-4.550681162030426
601919,900,afternoon,4,123,-8.305070480334546
601919,900,afternoon,5,245,-8.68732732855828
601919,900,afternoon,6,281,-8.373417850604735
601919,900,afternoon,7,267,-7.036643417266796
601919,900,afternoon,8,284,-1.14268501395526
601919,900,afternoon,9,210,1.1931916543206247
601988,900,morning,0,116,-3.099934274375555
601988,900,morning,1,180,-9.31687223394645
601988,900,morning,2,131,-16.51459103856636
601988,900,morning,3,160,-17.767830566746884
601988,900,morning,4,281,-19.12751138389871
601988,900,morning,5,312,-4.688732075221307
601988,900,morning,6,106,-11.634160582658014
601988,900,morning,7,153,-36.19214070202959
601988,900,morning,8,273,-22.90398393467447
601988,900,morning,9,388,1.3509310734603557
601988,900,afternoon,0,331,-0.4111000304261988
601988,900,afternoon,1,290,7.131034832142801
601988,900,afternoon,2,194,6.586937729881437
601988,900,afternoon,3,251,7.390405218247117
601988,900,afternoon,4,205,9.318665758216337
601988,900,afternoon,5,140,7.2937291533427695
601988,900,afternoon,6,49,-6.500260043302592
601988,900,afternoon,7,102,2.870783263302477
601988,900,afternoon,8,186,12.26298817898851
601988,900,afternoon,9,292,8.537926002687914
603019,900,morning,0,292,-14.762398616972897
603019,900,morning,1,213,-16.07878508610541
603019,900,morning,2,159,-10.911731374192073
603019,900,morning,3,180,-12.369543244242582
603019,900,morning,4,145,-12.456896393361049
603019,900,morning,5,190,-14.287841498291154
603019,900,morning,6,189,-12.51094039877602
603019,900,morning,7,204,-11.225080132804502
603019,900,morning,8,228,-12.056645268521311
603019,900,morning,9,300,-10.861733238199593
603019,900,afternoon,0,221,-3.8906687248009875
603019,900,afternoon,1,208,-7.653340167227876
603019,900,afternoon,2,194,-6.056595430183571
603019,900,afternoon,3,153,-3.7909842625374077
603019,900,afternoon,4,197,-6.739393501174821
603019,900,afternoon,5,199,-6.9318976205975025
603019,900,afternoon,6,198,-4.079690718611345
603019,900,afternoon,7,188,-5.746619016804111
603019,900,afternoon,8,210,-3.2213128001211047
603019,900,afternoon,9,272,-4.567298929070551
603259,900,morning,0,283,-0.9509825888892063
603259,900,morning,1,186,-1.375216983131088
603259,900,morning,2,196,-0.9310425250971084
603259,900,morning,3,173,-4.842540593523026
603259,900,morning,4,104,-11.888772034807157
603259,900,morning,5,236,-4.557466071970869
603259,900,morning,6,214,1.3486112344686032
603259,900,morning,7,181,-2.684526787882045
603259,900,morning,8,255,-5.623405561829379
603259,900,morning,9,272,0.344318172551512
603259,900,afternoon,0,228,4.654100861775334
603259,900,afternoon,1,189,6.448532950884275
603259,900,afternoon,2,225,5.599778457440671
603259,900,afternoon,3,163,5.388833691996128
603259,900,afternoon,4,144,5.289085600927577
603259,900,afternoon,5,255,5.669298787663193
603259,900,afternoon,6,209,4.693694742858903
603259,900,afternoon,7,192,5.886789174425974
603259,900,afternoon,8,234,6.631875171316591
603259,900,afternoon,9,201,5.633427459388385
603501,900,morning,0,176,3.9342964406728003
603501,900,morning,1,166,4.585330832996229
603501,900,morning,2,164,5.267406288001959
603501,900,morning,3,171,5.123948768888519
603501,900,morning,4,163,3.6477259245985816
603501,900,morning,5,232,7.669231117080946
603501,900,morning,6,210,7.920378129983279
603501,900,morning,7,194,3.6227457679062884
603501,900,morning,8,294,7.704334440298322
603501,900,morning,9,330,9.326035411624133
603501,900,afternoon,0,137,-3.0746267703213923
603501,900,afternoon,1,164,0.832821030781634
603501,900,afternoon,2,209,-2.4486214986367956
603501,900,afternoon,3,162,-4.3344312884265985
603501,900,afternoon,4,161,-2.866809455302823
603501,900,afternoon,5,222,-4.01214081783307
603501,900,afternoon,6,193,0.6241739319550291
603501,900,afternoon,7,214,1.033334641760718
603501,900,afternoon,8,281,-4.773600188718278
603501,900,afternoon,9,294,-4.846006412175916
603986,900,morning,0,334,-18.792984257259114
603986,900,morning,1,196,-12.204247300094943
603986,900,morning,2,206,-13.374701421125735
603986,900,morning,3,169,-10.55438016956673
603986,900,morning,4,111,-16.164705891453295
603986,900,morning,5,262,-14.582423721970645
603986,900,morning,6,198,-17.323803072822994
603986,900,morning,7,144,-8.29933393024395
603986,900,morning,8,225,-10.921432844835605
603986,900,morning,9,255,-19.15707679951589
603986,900,afternoon,0,174,-5.581984102420302
603986,900,afternoon,1,159,-4.729180804825203
603986,900,afternoon,2,194,-7.793836715624673
603986,900,afternoon,3,175,-7.279174391856433
603986,900,afternoon,4,126,-8.05621002280065
603986,900,afternoon,5,293,-5.6453542350975265
603986,900,afternoon,6,248,-5.262838451539675
603986,900,afternoon,7,186,-5.561465276329133
603986,900,afternoon,8,254,-6.433745977317396
603986,900,afternoon,9,231,-4.536891685356967
603993,900,morning,0,331,-18.873793124590367
603993,900,morning,1,214,-21.799393139044348
603993,900,morning,2,161,-15.117253122411054
603993,900,morning,3,173,-11.276023443416738
603993,900,morning,4,123,-17.79606656727687
603993,900,morning,5,129,-28.755365823699805
603993,900,morning,6,135,-14.64345268461716
603993,900,morning,7,184,-19.868786694183367
603993,900,morning,8,230,-22.624162526016285
603993,900,morning,9,420,-7.281243582183706
603993,900,afternoon,0,201,-14.006522781291459
603993,900,afternoon,1,290,-12.002475192459041
603993,900,afternoon,2,262,-10.243769352112396
603993,900,afternoon,3,258,-9.099792354291292
603993,900,afternoon,4,211,-8.405383436459216
603993,900,afternoon,5,219,-7.764047639183911
603993,900,afternoon,6,217,-8.530136451257716
603993,900,afternoon,7,125,-7.519760002312658
603993,900,afternoon,8,141,-10.670813727985
603993,900,afternoon,9,116,-8.429042899309248
688008,900,morning,0,246,-3.212581666596418
688008,900,morning,1,215,-9.08304600407565
688008,900,morning,2,229,-11.978164002665903
688008,900,morning,3,195,-15.114102838019583
688008,900,morning,4,176,-16.91522694469032
688008,900,morning,5,207,-17.423756820177402
688008,900,morning,6,189,-1.2041484569189085
688008,900,morning,7,190,-5.360817284347386
688008,900,morning,8,224,-16.310730980534284
688008,900,morning,9,229,-15.919411918588542
688008,900,afternoon,0,254,-7.689789903374243
688008,900,afternoon,1,238,-10.848406860663271
688008,900,afternoon,2,181,-15.108006514842073
688008,900,afternoon,3,203,-9.839165450929354
688008,900,afternoon,4,173,-10.674285000742412
688008,900,afternoon,5,192,-17.20625242176087
688008,900,afternoon,6,176,-14.850457578573486
688008,900,afternoon,7,199,-16.940273439017453
688008,900,afternoon,8,205,-13.313754177738891
688008,900,afternoon,9,219,-16.918369324100365
688012,900,morning,0,205,-5.7851157431356866
688012,900,morning,1,251,-17.359488218766117
688012,900,morning,2,224,-11.333952990663812
688012,900,morning,3,225,-14.653335419216635
688012,900,morning,4,191,-19.40121709822339
688012,900,morning,5,302,-12.74222282968728
688012,900,morning,6,205,-10.922225487159812
688012,900,morning,7,183,-16.477768495115217
688012,900,morning,8,180,-20.47813065192305
688012,900,morning,9,134,-12.452145135026852
688012,900,afternoon,0,227,-1.0415757712783458
688012,900,afternoon,1,234,-4.733992717496107
688012,900,afternoon,2,228,-3.650947979479884
688012,900,afternoon,3,201,-2.8659323068636446
688012,900,afternoon,4,182,-2.4315587266825918
688012,900,afternoon,5,260,-1.928827154524223
688012,900,afternoon,6,193,-2.5104350648396534
688012,900,afternoon,7,213,0.9462625261960292
688012,900,afternoon,8,166,-2.4287352454410778
688012,900,afternoon,9,136,-2.233578886662354
688041,900,morning,0,226,-25.577005804180274
688041,900,morning,1,223,-5.514688417602995
688041,900,morning,2,201,-7.985586086262816
688041,900,morning,3,195,-18.849764166527414
688041,900,morning,4,198,-16.57186036963483
688041,900,morning,5,237,-18.776364866373136
688041,900,morning,6,195,-8.983978375693251
688041,900,morning,7,204,-14.247516591116698
688041,900,morning,8,220,-19.844235961399555
688041,900,morning,9,201,-6.553223017055661
688041,900,afternoon,0,203,-11.707949565018357
688041,900,afternoon,1,172,-9.309336698298312
688041,900,afternoon,2,204,-11.606404712354939
688041,900,afternoon,3,187,-12.244185280718272
688041,900,afternoon,4,205,-11.63946123724273
688041,900,afternoon,5,237,-11.062293009457765
688041,900,afternoon,6,204,-12.87324436287689
688041,900,afternoon,7,216,-9.317636892291173
688041,900,afternoon,8,204,-12.679509112310425
688041,900,afternoon,9,208,-11.572028251364825
688111,900,morning,0,211,-13.29581234267472
688111,900,morning,1,215,-12.870645648938819
688111,900,morning,2,155,-11.804756230066529
688111,900,morning,3,189,-11.602206405389456
688111,900,morning,4,200,-10.186443513485644
688111,900,morning,5,209,-9.202728745903935
688111,900,morning,6,196,-10.448273319365127
688111,900,morning,7,249,-9.864659761188854
688111,900,morning,8,251,-8.312035254711363
688111,900,morning,9,214,-8.338776970328395
688111,900,afternoon,0,163,-4.073387867812879
688111,900,afternoon,1,188,-0.867212486799395
688111,900,afternoon,2,159,-2.8376150252730223
688111,900,afternoon,3,153,0.6174207482704042
688111,900,afternoon,4,167,-1.5054377514176647
688111,900,afternoon,5,188,-0.9215580724779145
688111,900,afternoon,6,200,-2.5023256521972295
688111,900,afternoon,7,242,-3.645896084843893
688111,900,afternoon,8,284,-2.111943012773081
688111,900,afternoon,9,249,-0.8541836426162174
688256,900,morning,0,156,-6.146898046409102
688256,900,morning,1,187,-3.1746689737520333
688256,900,morning,2,197,-5.970959653613098
688256,900,morning,3,230,-7.041562270788665
688256,900,morning,4,212,-11.188260468191801
688256,900,morning,5,321,-8.974684526745166
688256,900,morning,6,222,-16.887897202310967
688256,900,morning,7,210,-9.425159528637924
688256,900,morning,8,196,-6.617865874407485
688256,900,morning,9,169,-6.682182958703293
688256,900,afternoon,0,172,-12.499082045519138
688256,900,afternoon,1,246,-11.555363449915049
688256,900,afternoon,2,232,-11.217459297508263
688256,900,afternoon,3,203,-6.19755369105138
688256,900,afternoon,4,192,-12.280022772723314
688256,900,afternoon,5,226,-7.462276424276568
688256,900,afternoon,6,176,-8.662078422345083
688256,900,afternoon,7,177,-8.760377414038826
688256,900,afternoon,8,194,-3.281343941137925
688256,900,afternoon,9,220,-3.6668339846205624
688981,900,morning,0,323,-4.408100667773528
688981,900,morning,1,234,-1.3851684897301644
688981,900,morning,2,202,-3.805476063757439
688981,900,morning,3,187,-7.72033359183252
688981,900,morning,4,144,0.8086681259198953
688981,900,morning,5,166,-6.996567771336068
688981,900,morning,6,178,-2.849254864374703
688981,900,morning,7,175,-3.7678616475991564
688981,900,morning,8,215,-4.06909281167535
688981,900,morning,9,276,-3.5899834668313155
688981,900,afternoon,0,341,-3.179436381379872
688981,900,afternoon,1,230,-2.825106978530603
688981,900,afternoon,2,188,-3.5887269873028225
688981,900,afternoon,3,185,-1.7682379486973265
688981,900,afternoon,4,198,-1.588571187943351
688981,900,afternoon,5,185,-2.315643136008408
688981,900,afternoon,6,173,-2.187253332818012
688981,900,afternoon,7,172,-0.2619661422000783
688981,900,afternoon,8,182,-3.0147350785114533
688981,900,afternoon,9,185,-1.8419489740173485
